version,curso,id_entrada,glosa_estandar,clase_gramatical,definicion,composicion,secuencia,requiere_definicion,imagen_optima,tipo_sena,cm1,cm2,cm3,cm4,cm5,nombre_video,glosa_limpia,subnivel,red_semantica,nivel
DBLSC,LSC1,1,LICENCIA-CONDUCCIÓN,SUSTANTIVO,Documento oficial que autoriza a una persona a conducir vehículos. (Generada Gemini),NO,1 seña,NO,SI,Asimétrica (tipo III),P,W,Sin especificar,Sin especificar,Sin especificar,00001_licenciaco.mp4,LICENCIA CONDUCCION,test4,83,B2
DBLSC,LSC1,2,CIELO,SUSTANTIVO,Esfera aparente azul y diáfana que rodea la Tierra. (RAE),SI,2 señas,NO,SI,Simétrica (tipo I),Jb,Sin especificar,Sin especificar,Sin especificar,Sin especificar,00002_cielo.mp4,CIELO,test4,44,B2
DBLSC,LSC0,3,INTERPRETE,SUSTANTIVO,"Persona que explica a otras, en lengua que entienden, lo dicho en otra que les es desconocida. (RAE)",NO,1 seña,NO,SI,Asimétrica (tipo III),B,H,Sin especificar,Sin especificar,Sin especificar,00003_interprete.mp4,INTERPRETE,test4,3,A2
DBLSC,LSC0,4,COLOMBIA,SUSTANTIVO,País soberano situado en la región noroccidental de América del Sur. (Generada Gemini),NO,1 seña,NO,SI,Asimétrica (tipo III),C,Bl,Sin especificar,Sin especificar,Sin especificar,00004_colombia.mp4,COLOMBIA,test2,90,A1
DBLSC,LSC0,5,ENSEÑAR,VERBO,"Instruir, doctrinar, amaestrar con reglas o preceptos. (RAE)",NO,1 seña,NO,SI,Semi-simétrica (tipo II),J,Sin especificar,Sin especificar,Sin especificar,Sin especificar,00005_enseñar.mp4,ENSENAR,test3,83,A1
DBLSC,LSC0,6,VIRGEN,SUSTANTIVO,Persona que no ha tenido relaciones sexuales. (RAE),NO,1 seña,SI,SI,Unimanual en contacto (tipo X),R,Sin especificar,Sin especificar,Sin especificar,Sin especificar,00006_virgen.mp4,VIRGEN,test2,79,A2
DBLSC,LSC1,7,PENSION,SUSTANTIVO,"Cantidad periódica, temporal o vitalicia, que la seguridad social paga por razón de jubilación, viudedad, orfandad o incapacidad. (RAE)",NO,1 seña,NO,SI,Unimanual (tipo 0),G,Sin especificar,Sin especificar,Sin especificar,Sin especificar,00007_pension.mp4,PENSION,test4,14,B2
DBLSC,LSC0,8,MANGO,SUSTANTIVO,"Fruto del mango, de forma ovalada, piel amarillenta o rojiza y pulpa muy jugosa y dulce. (RAE)",NO,1 seña,NO,SI,Unimanual en contacto (tipo X),B,Sin especificar,Sin especificar,Sin especificar,Sin especificar,00008_mango.mp4,MANGO,test4,19,A1
DBLSC,LSC0,9,TORTUGA,SUSTANTIVO,Reptil cuyo cuerpo está protegido por un caparazón óseo recubierto de placas córneas. (RAE),NO,2 señas,NO,SI,Asimétrica (tipo III),A,C,Sin especificar,Sin especificar,Sin especificar,00009_tortuga.mp4,TORTUGA,test4,37,A2
DBLSC,LSC0,10,FOTOCOPIA,VERBO,Reproducción fotográfica directa y sobre papel de un documento impreso o manuscrito. (RAE),NO,1 seña,NO,SI,Asimétrica (tipo III),B,Q,Sin especificar,Sin especificar,Sin especificar,00010_fotocopia.mp4,FOTOCOPIA,test2,32,A2
DBLSC,LSC0,11,DEPRONTO,ADVERBIO,"Que puede suceder o es posible. A diferencia del español, no siempre refiere de forma directa a un suceso rápido, con presteza, sin preparación. (AB)",NO,1 seña,SI,SI,Unimanual en contacto (tipo X),Ok,J,Sin especificar,Sin especificar,Sin especificar,00011_depronto.mp4,DEPRONTO,test1,8,A1
DBLSC,LSC0,12,GUSTAR,VERBO,Sentir y percibir el sabor de las cosas. / Sentir afición o inclinación por alguien o algo. (RAE),NO,1 seña,NO,SI,Unimanual en contacto (tipo X),P,Sin especificar,Sin especificar,Sin especificar,Sin especificar,00012_gustar.mp4,GUSTAR,test4,38,A1
DBLSC,LSC0,13,GUSTAR-NO,VERBO,"Desagradar, no causar placer o afición. (Generada Gemini)",NO,1 seña,NO,SI,Unimanual en contacto (tipo X),P,Sin especificar,Sin especificar,Sin especificar,Sin especificar,00013_gustarno.mp4,GUSTAR NO,test4,3,A1
DBLSC,LSC0,14,POLLO,SUSTANTIVO,"Cría de un ave, y particularmente de la gallina. (RAE)",NO,1 seña,NO,SI,Unimanual en contacto (tipo X),Pa,Pc,Sin especificar,Sin especificar,Sin especificar,00014_pollo.mp4,POLLO,test2,35,A2
DBLSC,LSC0,15,MESA,SUSTANTIVO,"Mueble, por lo común de madera, que se compone de una o de varias tablas lisas sostenidas por uno o varios pies. (RAE)",NO,2 señas,NO,SI,Simétrica (tipo I),Be,Be,Sin especificar,Sin especificar,Sin especificar,00015_mesa.mp4,MESA,test2,5,A2
DBLSC,LSC0,16,PRESIDENTE,SUSTANTIVO,Persona que preside. / Jefe del Estado en las repúblicas. (RAE),NO,1 seña,NO,SI,Unimanual en contacto (tipo X),Bl,Sin especificar,Sin especificar,Sin especificar,Sin especificar,00016_presidente.mp4,PRESIDENTE,test2,44,A1
DBLSC,LSC0,17,PREOCUPAR,VERBO,"Ocupar antes o anticipadamente algo. / Causar intranquilidad, inquietud o angustia. (RAE)",SI,1 seña,NO,SI,Simétrica (tipo I),P,S,Sin especificar,Sin especificar,Sin especificar,00017_preocupar.mp4,PREOCUPAR,test2,39,A1
DBLSC,LSC0,18,SOBRINO,SUSTANTIVO,"Respecto de una persona, hijo de su hermano. (RAE)",NO,1 seña,NO,SI,Semi-simétrica (tipo II),H,H,Sin especificar,Sin especificar,Sin especificar,00018_sobrino.mp4,SOBRINO,test2,44,A1
DBLSC,LSC0,19,APAGAR-LA-LUZ,VERBO,Interrumpir el paso de la corriente eléctrica o extinguir una fuente de iluminación. (Generada Gemini),NO,1 seña,NO,SI,Unimanual (tipo 0),Jb,Q,Sin especificar,Sin especificar,Sin especificar,00019_apagaluz.mp4,APAGAR LA LUZ,test3,70,A1
DBLSC,LSC0,20,BONITO,ADJETIVO,"Lindo, agraciado, de cierta proporción y belleza. (RAE)",NO,1 seña,NO,SI,Unimanual en contacto (tipo X),J,Q,Sin especificar,Sin especificar,Sin especificar,00020_bonito.mp4,BONITO,test2,23,A1
DBLSC,LSC0,21,TEMPRANO,ADVERBIO,"Adelantado, anticipado o que es antes del tiempo regular u ordinario. (RAE)",NO,1 seña,NO,SI,Asimétrica (tipo III),Ql,N,Sin especificar,Sin especificar,Sin especificar,00021_temprano.mp4,TEMPRANO,test1,55,A1
DBLSC,LSC0,22,CARRO,SUSTANTIVO,Vehículo automóvil. (RAE),NO,1 seña,NO,SI,Asimétrica (tipo III),S,S,Sin especificar,Sin especificar,Sin especificar,00022_carro.mp4,CARRO,test1,65,A1
DBLSC,LSC0,23,JAMAS,ADVERBIO,Nunca. (RAE),NO,1 seña,NO,SI,Unimanual (tipo 0),Bl,Sin especificar,Sin especificar,Sin especificar,Sin especificar,00023_jamas.mp4,JAMAS,test2,56,A1
DBLSC,LSC0,24,BOGOTA,SUSTANTIVO,Ciudad capital de Colombia y del departamento de Cundinamarca. (Generada Gemini),NO,1 seña,NO,SI,Semi-simétrica (tipo II),S,Sin especificar,Sin especificar,Sin especificar,Sin especificar,00024_bogota.mp4,BOGOTA,test3,61,A2
DBLSC,LSC0,25,SAPO,SUSTANTIVO,"Anfibio anuro de cuerpo rechoncho, ojos saltones, extremidades cortas y piel de aspecto verrugoso. (RAE)",NO,1 seña,NO,SI,Asimétrica (tipo III),B,Sin especificar,Sin especificar,Sin especificar,Sin especificar,00025_sapo.mp4,SAPO,test2,56,A1
DBLSC,LSC0,26,AMBULANCIA,SUSTANTIVO,Vehículo acondicionado para el traslado de enfermos y heridos. (RAE),NO,1 seña,NO,SI,Semi-simétrica (tipo II),G,Sin especificar,Sin especificar,Sin especificar,Sin especificar,00026_ambulancia.mp4,AMBULANCIA,test3,70,A2
DBLSC,LSC0,27,PERSONA,SUSTANTIVO,Individuo de la especie humana. (RAE),NO,1 seña,NO,SI,Unimanual (tipo 0),Cb,Sin especificar,Sin especificar,Sin especificar,Sin especificar,00027_persona.mp4,PERSONA,test1,77,A1
DBLSC,LSC1,28,BIBLIA,SUSTANTIVO,Libro sagrado del cristianismo que comprende el Antiguo y el Nuevo Testamento. (Generada Gemini),SI,2 señas,NO,SI,Simétrica (tipo I),N,Bl,Sin especificar,Sin especificar,Sin especificar,00028_bibliajesu.mp4,BIBLIA,test3,87,B1
DBLSC,LSC0,29,MARZO(1),SUSTANTIVO,"Tercer mes del año, que tiene 31 días. (RAE)",NO,1 seña,NO,SI,Unimanual (tipo 0),U,Sin especificar,Sin especificar,Sin especificar,Sin especificar,00029_marzo.mp4,MARZO 1,test1,88,A1
DBLSC,LSC1,30,OCCIDENTE,SUSTANTIVO,"Oeste (punto cardinal). / Conjunto de países de varios continentes, cuyas lenguas y culturas tienen su origen principal en Europa. (RAE)",NO,1 seña,NO,SI,Unimanual (tipo 0),O,C,Sin especificar,Sin especificar,Sin especificar,00030_occidente.mp4,OCCIDENTE,test2,28,B1
DBLSC,LSC1,31,ABUSO-SEXUAL,SUSTANTIVO,"Cualquier actividad sexual no consentida que involucra la fuerza, amenaza o abuso de poder. (Generada Gemini)",SI,2 señas,NO,SI,Asimétrica (tipo III),A,XX,Sin especificar,Sin especificar,Sin especificar,00031_abusosexua.mp4,ABUSO SEXUAL,test1,80,B2
DBLSC,LSC0,32,PARQUE,SUSTANTIVO,"Terreno situado en el interior de una población, que se destina a prados, jardines y arbolado sirviendo como lugar de esparcimiento y recreación. (RAE)",NO,1 seña,NO,SI,Simétrica (tipo I),XX,Sin especificar,Sin especificar,Sin especificar,Sin especificar,00032_parque.mp4,PARQUE,test4,43,A2
DBLSC,LSC0,33,LO-SIENTO-PORFAVOR,VERBO,Expresión compuesta que une el arrepentimiento por un hecho y la solicitud de disculpas o de un favor. (Generada Gemini),NO,1 seña,SI,SI,Unimanual en contacto (tipo X),A,Sin especificar,Sin especificar,Sin especificar,Sin especificar,00033_losientofa.mp4,LO SIENTO PORFAVOR,test2,39,A1
DBLSC,LSC0,34,CADA-UNO,FUNCION,Pronombre que designa por separado a todas las personas o cosas de que se trata. (Generada Gemini),NO,1 seña,NO,SI,Semi-simétrica (tipo II),A,Sin especificar,Sin especificar,Sin especificar,Sin especificar,00034_cadauno1.mp4,CADA UNO,test4,40,A1
DBLSC,LSC0,35,CONTENTO(1),ADJETIVO,"Alegre, satisfecho. (RAE)",NO,1 seña,NO,SI,Simétrica (tipo I),Bl,Sin especificar,Sin especificar,Sin especificar,Sin especificar,00035_contento.mp4,CONTENTO 1,test2,56,A1
DBLSC,LSC0,36,DECIR,VERBO,Manifestar con palabras el pensamiento. (RAE),NO,1 seña,NO,SI,Unimanual en contacto (tipo X),P,Sin especificar,Sin especificar,Sin especificar,Sin especificar,00036_decir.mp4,DECIR,test2,9,A1
DBLSC,LSC0,37,ORGANIZAR,VERBO,"Establecer o reformar algo para lograr un fin, coordinando las personas y los medios adecuados. (RAE)",NO,1 seña,NO,SI,Semi-simétrica (tipo II),Tb,Sin especificar,Sin especificar,Sin especificar,Sin especificar,00037_organizar.mp4,ORGANIZAR,test1,48,A2
DBLSC,LSC0,38,EXPLICAR,VERBO,"Declarar o exponer cualquier materia, doctrina o texto difícil, con palabras muy claras para hacerlos más perceptibles. (RAE)",NO,1 seña,NO,SI,Semi-simétrica (tipo II),Tb,Sin especificar,Sin especificar,Sin especificar,Sin especificar,00038_explicar.mp4,EXPLICAR,test2,9,A1
DBLSC,LSC1,39,ABUSO,VERBO,"Acción y efecto de abusar (hacer uso excesivo, injusto o indebido de algo o de alguien). (RAE)",NO,1 seña,NO,SI,Unimanual en contacto (tipo X),A,Sin especificar,Sin especificar,Sin especificar,Sin especificar,00039_abuso.mp4,ABUSO,test4,22,B2
DBLSC,LSC1,40,VIOLAR,VERBO,Tener acceso carnal con alguien en contra de su voluntad o cuando se halla privado de sentido o discernimiento. (RAE),NO,1 seña,SI,SI,Unimanual (tipo 0),Y,Sin especificar,Sin especificar,Sin especificar,Sin especificar,00040_violar.mp4,VIOLAR,test1,28,B2
DBLSC,LSC0,41,PEDIR-PERDON,VERBO,Solicitar disculpas por una ofensa o falta cometida. No aplica para dar el perdón a alguien. Ver 1710_PERDON (AB),NO,1 seña,NO,SI,Semi-simétrica (tipo II),B,Sin especificar,Sin especificar,Sin especificar,Sin especificar,00041_pedirperdo.mp4,PEDIR PERDON,test1,37,A1
DBLSC,LSC0,42,OLLA,SUSTANTIVO,"Vasija redonda de barro o metal, que comúnmente forma barriga, con cuello y boca anchos y con una o dos asas, la cual sirve para cocer alimentos, calentar agua, etc. (RAE)",NO,1 seña,NO,SI,Simétrica (tipo I),Ul,U,Sin especificar,Sin especificar,Sin especificar,00042_olla.mp4,OLLA,test4,17,A2
DBLSC,LSC0,43,PORFAVOR,ADVERBIO,Fórmula de cortesía que se emplea al hacer una petición o al solicitar algo. (Generada Gemini),NO,1 seña,SI,SI,Unimanual en contacto (tipo X),Af,Sin especificar,Sin especificar,Sin especificar,Sin especificar,00043_porfavor.mp4,PORFAVOR,test3,75,A1
DBLSC,LSC0,44,TODAVIA,ADVERBIO,Hasta un momento determinado desde tiempo anterior. (RAE),NO,1 seña,NO,SI,Simétrica (tipo I),Y,Sin especificar,Sin especificar,Sin especificar,Sin especificar,00044_todaviay.mp4,TODAVIA,test1,55,A1
DBLSC,LSC0,45,DIEZ-DOS,SUSTANTIVO,Combinación numérica que hace referencia a los números diez y dos. (Generada Gemini),SI,2 señas,NO,SI,Asimétrica (tipo III),A,V,Sin especificar,Sin especificar,Sin especificar,00045_diezdos.mp4,DIEZ DOS,test4,14,A1
DBLSC,LSC0,46,PERDER-CAER,VERBO,Concepto que puede aludir a no obtener lo que se espera o a la acción de precipitarse al suelo. (Generada Gemini),SI,2 señas,SI,SI,Simétrica (tipo I),S,Q,J,Sin especificar,Sin especificar,00046_perdercaer.mp4,PERDER CAER,test4,3,A1
DBLSC,LSC0,47,MOSTRAR,VERBO,"Manifestar o poner a la vista algo, o enseñarlo o señalarlo para que se vea. (RAE)",NO,1 seña,NO,SI,Asimétrica (tipo III),Bl,P,Sin especificar,Sin especificar,Sin especificar,00047_mostrar.mp4,MOSTRAR,test4,20,A1
DBLSC,LSC0,48,MEDICO,SUSTANTIVO,Persona legalmente autorizada para profesar y ejercer la medicina. (RAE),NO,1 seña,NO,SI,Asimétrica (tipo III),Gl,Nc,Sin especificar,Sin especificar,Sin especificar,00048_medico.mp4,MEDICO,test2,19,A2
DBLSC,LSC0,49,AÑO,SUSTANTIVO,"Período de doce meses, a contar desde el día 1 de enero hasta el 31 de diciembre, ambos inclusive. (RAE)",NO,1 seña,NO,SI,Semi-simétrica (tipo II),S,Sin especificar,Sin especificar,Sin especificar,Sin especificar,00049_año.mp4,ANO,test1,88,A1
DBLSC,LSC0,50,ACEPTAR,VERBO,"Recibir voluntariamente o sin oposición lo que se da, ofrece o encarga. (RAE)",NO,1 seña,NO,SI,Simétrica (tipo I),Jc,Q,Sin especificar,Sin especificar,Sin especificar,00050_aceptar.mp4,ACEPTAR,test3,7,A1
DBLSC,LSC0,51,UN_DOS_MINUTOS,SUSTANTIVO,"Expresión de corpus que indica un lapso de tiempo muy breve, de uno a dos minutos. (Generada Gemini)",NO,1 seña,SI,SI,Asimétrica (tipo III),P,V,Sin especificar,Sin especificar,Sin especificar,00051_undosminut.mp4,UN DOS MINUTOS,test3,82,A1
DBLSC,LSC0,52,PRIMARIA,SUSTANTIVO,Perteneciente o relativo a la primera enseñanza o educación. (RAE),NO,1 seña,SI,SI,Unimanual (tipo 0),Vf,Sin especificar,Sin especificar,Sin especificar,Sin especificar,00052_primaria.mp4,PRIMARIA,test3,47,A2
DBLSC,LSC0,53,ALCOBA,SUSTANTIVO,Aposento destinado para dormir. (RAE),SI,2 señas,NO,SI,Simétrica (tipo I),F,B,Sin especificar,Sin especificar,Sin especificar,00053_alcoba.mp4,ALCOBA,test3,77,A2
DBLSC,LSC0,54,MEDIAS-LARGA,SUSTANTIVO,"Prenda de punto, seda, nailon, etc., que cubre el pie y la pierna hasta la rodilla o más arriba. (Generada Gemini)",NO,1 seña,NO,SI,Semi-simétrica (tipo II),B,Bl,Sin especificar,Sin especificar,Sin especificar,00054_mediaslarg.mp4,MEDIAS LARGA,test4,43,A1
DBLSC,LSC0,55,OLER(1),VERBO,Percibir los olores. (RAE),NO,1 seña,NO,SI,Unimanual en contacto (tipo X),P,Sin especificar,Sin especificar,Sin especificar,Sin especificar,00055_oler.mp4,OLER 1,test2,56,A1
DBLSC,LSC0,56,ARBITRO,SUSTANTIVO,Persona que en las competiciones deportivas cuida de la aplicación del reglamento. (RAE),SI,2 señas,NO,SI,Compuestas (tipo C),Xf,B,Sin especificar,Sin especificar,Sin especificar,00056_arbitro.mp4,ARBITRO,test3,65,A2
DBLSC,LSC0,57,ACOMPAÑAR,VERBO,Estar o ir en compañía de otra u otras personas. (RAE),NO,1 seña,NO,SI,Simétrica (tipo I),A,Sin especificar,Sin especificar,Sin especificar,Sin especificar,00057_acompañar.mp4,ACOMPANAR,test3,28,A1
DBLSC,LSC0,58,JEFE(1),SUSTANTIVO,"Persona que manda o dirige a otras, superior o cabeza de una corporación, partido u oficio. (RAE)",NO,1 seña,NO,SI,Semi-simétrica (tipo II),A,Sin especificar,Sin especificar,Sin especificar,Sin especificar,00058_jefe1.mp4,JEFE 1,test3,83,A1
DBLSC,LSC0,59,PINCEL,SUSTANTIVO,"Instrumento, compuesto de un mango largo y delgado, que lleva en uno de sus extremos un manojito de pelos, y que sirve para pintar. (RAE)",SI,2 señas,NO,SI,Asimétrica (tipo III),P,Tc,Sin especificar,Sin especificar,Sin especificar,00059_pincel.mp4,PINCEL,test2,5,A2
DBLSC,LSC0,60,MINUTO,SUSTANTIVO,Unidad de tiempo que equivale a 60 segundos y es la sexagésima parte de una hora. (RAE),NO,1 seña,NO,SI,Asimétrica (tipo III),P,Af,Sin especificar,Sin especificar,Sin especificar,00060_minuto.mp4,MINUTO,test1,8,A1
DBLSC,LSC0,61,BARATO,ADJETIVO,"Que se vende, se compra o se ofrece a bajo precio. (RAE)",NO,1 seña,SI,SI,Semi-simétrica (tipo II),Bl,Be,Sin especificar,Sin especificar,Sin especificar,00061_barato.mp4,BARATO,test2,26,A1
DBLSC,LSC0,62,JUICIOSO,ADJETIVO,Que procede con madurez y cordura. (RAE),NO,1 seña,NO,SI,Simétrica (tipo I),B,Sin especificar,Sin especificar,Sin especificar,Sin especificar,00062_juicioso.mp4,JUICIOSO,test2,56,A1
DBLSC,LSC0,63,MÁS-O-MENOS,ADVERBIO,"Expresión que indica aproximación, cantidad imprecisa o estimación. (Generada Gemini)",NO,1 seña,NO,SI,Unimanual (tipo 0),Bc,Sin especificar,Sin especificar,Sin especificar,Sin especificar,00063_masomenos.mp4,MAS O MENOS,test2,12,A1
DBLSC,LSC0,64,PRENDER-LA-LUZ,VERBO,Acción de encender la iluminación artificial de un espacio o activar un circuito eléctrico. (Generada Gemini),NO,1 seña,NO,NO,Unimanual (tipo 0),Jc,Sin especificar,Sin especificar,Sin especificar,Sin especificar,00064_prendeluz.mp4,PRENDER LA LUZ,test3,70,A1
DBLSC,LSC0,65,¿CUAL?,FUNCION,Pronombre interrogativo que sirve para preguntar por la identidad de una persona o cosa entre varias. (Generada Gemini),NO,1 seña,NO,SI,Simétrica (tipo I),A,Sin especificar,Sin especificar,Sin especificar,Sin especificar,00065_cual.mp4,CUAL?,test3,35,A1
DBLSC,LSC0,66,CENTRO-DE-LA-CIUDAD,ADJETIVO,"Zona principal, más concurrida, histórica o comercial de una población. (Generada Gemini)",NO,1 seña,NO,SI,Simétrica (tipo I),J,Sin especificar,Sin especificar,Sin especificar,Sin especificar,00066_centrociud.mp4,CENTRO DE LA CIUDAD,test3,13,A1
DBLSC,LSC0,67,VESTIDO-DE-BAÑO,SUSTANTIVO,"Prenda de vestir usada para bañarse en el mar, en piscinas, etc. (Generada Gemini)",SI,3 señas,NO,SI,Compuestas (tipo C),Lc,L,V,Sin especificar,Sin especificar,00067_trajedeban.mp4,VESTIDO DE BANO,test1,66,A2
DBLSC,LSC0,68,CARO,ADJETIVO,Que tiene un precio alto o más alto de lo normal. (RAE),NO,1 seña,NO,SI,Asimétrica (tipo III),Q,B,Sin especificar,Sin especificar,Sin especificar,00068_caro.mp4,CARO,test2,56,A1
DBLSC,LSC0,69,TIENDA,SUSTANTIVO,Establecimiento o puesto en el que se venden al público artículos de comercio al por menor. (RAE),NO,1 seña,SI,SI,Simétrica (tipo I),B,Sin especificar,Sin especificar,Sin especificar,Sin especificar,00069_tienda.mp4,TIENDA,test2,19,A2
DBLSC,LSC0,70,AUMENTAR,VERBO,"Dar mayor extensión, número o materia a algo. (RAE)",NO,1 seña,NO,SI,Simétrica (tipo I),H,Sin especificar,Sin especificar,Sin especificar,Sin especificar,00070_aumentar.mp4,AUMENTAR,test3,70,A2
DBLSC,LSC1,71,CABALGAR,VERBO,"Subir a caballo u otra cabalgadura, e ir montado en ella. (RAE)",NO,1 seña,NO,SI,Semi-simétrica (tipo II),H,V,Sin especificar,Sin especificar,Sin especificar,00071_cabalgar.mp4,CABALGAR,test4,51,B2
DBLSC,LSC1,72,ENTIDAD,SUSTANTIVO,"Colectividad considerada como unidad, como una corporación, institución, etc., tomada como persona jurídica. (RAE)",NO,1 seña,SI,SI,Asimétrica (tipo III),G,Be,Sin especificar,Sin especificar,Sin especificar,00072_entidad.mp4,ENTIDAD,test1,97,B2
DBLSC,LSC0,73,CAER,VERBO,Dicho de un cuerpo: Moverse de arriba abajo por la acción de su propio peso. (RAE),NO,1 seña,NO,SI,Asimétrica (tipo III),Bl,V,Sin especificar,Sin especificar,Sin especificar,00073_caer.mp4,CAER,test4,25,A2
DBLSC,LSC1,74,ACUEDUCTO,SUSTANTIVO,Conducto artificial por donde va el agua a un lugar determinado. (RAE),SI,3 señas,NO,SI,Compuestas (tipo C),B,Oke,A,Sin especificar,Sin especificar,00074_acueductoc.mp4,ACUEDUCTO,test1,67,B2
DBLSC,LSC1,75,ASPIRADORA,SUSTANTIVO,"Máquina que sirve para aspirar el polvo y la suciedad del suelo, alfombras, etc. (RAE)",NO,1 seña,NO,SI,Asimétrica (tipo III),C,Qa,Sin especificar,Sin especificar,Sin especificar,00075_aspiradora.mp4,ASPIRADORA,test3,57,B1
DBLSC,LSC0,76,RESPONSABLE,ADJETIVO,"Dicho de una persona: Que pone cuidado y atención en lo que hace o decide, obligada a responder por algo. (RAE)",NO,1 seña,SI,SI,Simétrica (tipo I),R,Sin especificar,Sin especificar,Sin especificar,Sin especificar,00076_responsabl.mp4,RESPONSABLE,test4,20,A1
DBLSC,LSC1,77,CAPITAL,SUSTANTIVO,"Población principal y cabeza de un Estado, de una provincia o de un distrito. (RAE)",NO,1 seña,SI,SI,Asimétrica (tipo III),B,Ok,Sin especificar,Sin especificar,Sin especificar,00077_capital.mp4,CAPITAL,test2,34,B2
DBLSC,LSC0,78,ENCONTRAR-PERSONA,VERBO,"Acción de dar con alguien, toparse o reunirse de manera fortuita o planeada con una persona. (Generada Gemini)",NO,1 seña,NO,SI,Simétrica (tipo I),P,Sin especificar,Sin especificar,Sin especificar,Sin especificar,00078_encontrarp.mp4,ENCONTRAR PERSONA,test2,41,A1
DBLSC,LSC0,79,CHIMENEA,SUSTANTIVO,Conducto para dar salida al humo de la combustión. (RAE),SI,2 señas,NO,SI,Semi-simétrica (tipo II),Bc,Jb,Sin especificar,Sin especificar,Sin especificar,00079_chimenea.mp4,CHIMENEA,test2,51,A2
DBLSC,LSC0,80,ESPERAR,VERBO,"Tener esperanza de conseguir lo que se desea, o permanecer en sitio donde se presume que ha de ocurrir algo. (RAE)",NO,1 seña,NO,SI,Simétrica (tipo I),N,Sin especificar,Sin especificar,Sin especificar,Sin especificar,00080_esperar.mp4,ESPERAR,test2,9,A1
DBLSC,LSC0,81,SEÑAR,VERBO,"Articular signos lingüísticos con las manos y otras partes del cuerpo, propio de las lenguas de señas. (Generada Gemini)",NO,1 seña,NO,SI,Simétrica (tipo I),J,Sin especificar,Sin especificar,Sin especificar,Sin especificar,00081_señar.mp4,SENAR,test4,52,A1
DBLSC,LSC0,82,CURIOSO,ADJETIVO,"Que tiene curiosidad, deseo de saber o averiguar algo. (RAE)",NO,1 seña,SI,SI,Unimanual en contacto (tipo X),P,Sin especificar,Sin especificar,Sin especificar,Sin especificar,00082_curioso.mp4,CURIOSO,test4,38,A1
DBLSC,LSC0,83,TREN,SUSTANTIVO,"Medio de transporte que circula sobre raíles, compuesto por uno o más vagones arrastrados por una locomotora. (RAE)",NO,1 seña,NO,SI,Asimétrica (tipo III),J,V,Sin especificar,Sin especificar,Sin especificar,00083_tren.mp4,TREN,test4,52,A2
DBLSC,LSC0,84,MONTARSELA-ALGUIEN,VERBO,"Expresión coloquial de Colombia que significa hostigar, fastidiar o burlarse constantemente de una persona. (Generada Gemini)",NO,1 seña,SI,SI,Asimétrica (tipo III),S,V,Sin especificar,Sin especificar,Sin especificar,00084_montarsela.mp4,MONTARSELA ALGUIEN,test1,64,A1
DBLSC,LSC0,85,ENGAÑAR,VERBO,"Dar a la mentira apariencia de verdad, induciendo a alguien a tener por cierto lo que no lo es. (RAE)",NO,1 seña,SI,SI,Simétrica (tipo I),Y,Sin especificar,Sin especificar,Sin especificar,Sin especificar,00085_engañar.mp4,ENGANAR,test1,64,A1
DBLSC,LSC0,86,EMBOBAR,VERBO,"Suspender o arrebatar el ánimo a alguien, de modo que se quede como absorto y sin sentido. (RAE)",NO,1 seña,NO,SI,Simétrica (tipo I),O,Sin especificar,Sin especificar,Sin especificar,Sin especificar,00086_embobar.mp4,EMBOBAR,test4,10,A2
DBLSC,LSC0,87,CONFIRMAR,VERBO,"Corroborar la verdad, certeza o la probabilidad de algo. (RAE)",NO,1 seña,NO,SI,Simétrica (tipo I),Okf,Sin especificar,Sin especificar,Sin especificar,Sin especificar,00087_confirmar.mp4,CONFIRMAR,test1,64,A1
DBLSC,LSC1,88,SEGURO-PORCENTAJE,SUSTANTIVO,Condición de certeza o garantía cuantificada en una proporción de porcentaje (e.g. 100% seguro). (Generada Gemini),NO,1 seña,NO,SI,Unimanual (tipo 0),Okf,Sin especificar,Sin especificar,Sin especificar,Sin especificar,00088_seguroporc.mp4,SEGURO PORCENTAJE,test1,69,B2
DBLSC,LSC0,89,CALMA,ADJETIVO,"Paz, tranquilidad, ausencia de agitación. (RAE)",NO,1 seña,NO,SI,Unimanual en contacto (tipo X),Bl,Sin especificar,Sin especificar,Sin especificar,Sin especificar,00089_calma.mp4,CALMA,test2,9,A1
DBLSC,LSC0,90,POR-FIN_QUE-ALIVIO,ADVERBIO,Expresión de exhalación o liberación emocional ante la resolución de un estado de tensión o espera. (Generada Gemini),SI,2 señas,NO,SI,Compuestas (tipo C),Pa,Ok,Sin especificar,Sin especificar,Sin especificar,00090_porfinquea.mp4,POR FIN QUE ALIVIO,test2,39,A1
DBLSC,LSC1,91,CAMPEON,ADJETIVO,Persona o equipo que obtiene la primacía en un campeonato. (RAE),NO,1 seña,NO,SI,Unimanual en contacto (tipo X),Gl,Sin especificar,Sin especificar,Sin especificar,Sin especificar,00091_campeon.mp4,CAMPEON,test3,35,B1
DBLSC,LSC0,92,ABRIR,VERBO,Descubrir o hacer patente lo que está cerrado u oculto. (RAE),NO,1 seña,NO,SI,Simétrica (tipo I),Bl,Sin especificar,Sin especificar,Sin especificar,Sin especificar,00092_abrir.mp4,ABRIR,test3,70,A2
DBLSC,LSC1,93,INSTITUTO,SUSTANTIVO,"Establecimiento de índole oficial en que se da enseñanza, o institución consagrada a la investigación. (RAE)",NO,1 seña,SI,SI,Asimétrica (tipo III),S,I,Sin especificar,Sin especificar,Sin especificar,00093_instituto.mp4,INSTITUTO,test4,26,B2
DBLSC,LSC0,94,YO,SUSTANTIVO,Pronombre personal de primera persona del singular. (RAE),NO,1 seña,NO,SI,Unimanual en contacto (tipo X),P,Sin especificar,Sin especificar,Sin especificar,Sin especificar,00094_yo.mp4,YO,test1,77,A1
DBLSC,LSC0,95,CARTELERA-PARED,SUSTANTIVO,"Tablero adosado a un muro destinado a la fijación de avisos, carteles o anuncios públicos. (Generada Gemini)",NO,1 seña,NO,SI,Simétrica (tipo I),A,Sin especificar,Sin especificar,Sin especificar,Sin especificar,00095_cartelerap.mp4,CARTELERA PARED,test3,13,A1
DBLSC,LSC0,96,PAPEL-MATERIAL,SUSTANTIVO,Sustancia o material en formato de hoja delgada constituida por un entramado de fibras vegetales o celulosa. (Generada Gemini),NO,1 seña,SI,SI,Simétrica (tipo I),J,Sin especificar,Sin especificar,Sin especificar,Sin especificar,00096_papel.mp4,PAPEL MATERIAL,test2,59,A2
DBLSC,LSC1,97,TRASNOCHAR,VERBO,"Pasar la noche, o gran parte de ella, velando o sin dormir. (RAE)",NO,1 seña,NO,SI,Simétrica (tipo I),J,Sin especificar,Sin especificar,Sin especificar,Sin especificar,00097_trasnochar.mp4,TRASNOCHAR,test1,53,B1
DBLSC,LSC1,98,MAREADO,ADJETIVO,"Que padece de mareo, turbación de la cabeza o desvanecimiento. (RAE)",NO,1 seña,NO,SI,Unimanual (tipo 0),J,Sin especificar,Sin especificar,Sin especificar,Sin especificar,00098_mareado.mp4,MAREADO,test2,6,B1
DBLSC,LSC0,99,DESMAYARSE,VERBO,Perder el sentido o el conocimiento. (RAE),NO,1 seña,NO,SI,Unimanual en contacto (tipo X),V,Sin especificar,Sin especificar,Sin especificar,Sin especificar,00099_desmayarse.mp4,DESMAYARSE,test4,3,A2
DBLSC,LSC1,100,TROMPADA,SUSTANTIVO,Golpe fuerte dado con la mano. (RAE),NO,1 seña,NO,SI,Asimétrica (tipo III),S,J,Sin especificar,Sin especificar,Sin especificar,00100_trompada.mp4,TROMPADA,test4,51,B2
DBLSC,LSC0,101,EXTRAÑO,VERBO,"Raro, singular, fuera de lo común. (RAE)",NO,1 seña,SI,SI,Unimanual en contacto (tipo X),P,Sin especificar,Sin especificar,Sin especificar,Sin especificar,00101_extraño.mp4,EXTRANO,test2,56,A1
DBLSC,LSC0,102,NEGRO-COSA,ADJETIVO,Marcador de corpus u ontológico para denotar el color negro aplicado exclusivamente a objetos o cosas inanimadas. (Generada Gemini),NO,1 seña,SI,SI,Unimanual en contacto (tipo X),F,Sin especificar,Sin especificar,Sin especificar,Sin especificar,00102_negrocosa.mp4,NEGRO COSA,test4,62,A1
DBLSC,LSC0,103,NEGRO-PERSONA,ADJETIVO,"Marcador de corpus que denota el rasgo fenotípico de piel oscura, raza o etnia negra aplicado a un ser humano. (Generada Gemini)",NO,1 seña,SI,SI,Unimanual en contacto (tipo X),N,Sin especificar,Sin especificar,Sin especificar,Sin especificar,00103_negroperso.mp4,NEGRO PERSONA,test4,62,A1
DBLSC,LSC0,104,OJOS,SUSTANTIVO,Órganos de la visión (plural de ojo). (RAE),NO,1 seña,NO,SI,Unimanual en contacto (tipo X),F,Sin especificar,Sin especificar,Sin especificar,Sin especificar,00104_ojos.mp4,OJOS,test4,44,A2
DBLSC,LSC0,105,OREJA,SUSTANTIVO,Órgano externo de la audición. (RAE),NO,1 seña,NO,SI,Unimanual en contacto (tipo X),Okp,Sin especificar,Sin especificar,Sin especificar,Sin especificar,00105_oreja.mp4,OREJA,test2,89,A2
DBLSC,LSC0,106,PESTAÑAS,SUSTANTIVO,Pelos de los que nacen en el borde de los párpados. (RAE),NO,1 seña,NO,SI,Unimanual en contacto (tipo X),Je,Sin especificar,Sin especificar,Sin especificar,Sin especificar,00106_pestañas.mp4,PESTANAS,test1,31,A2
DBLSC,LSC0,107,PIES,SUSTANTIVO,Extremidades de los dos miembros inferiores del cuerpo humano que sustentan su peso. (RAE),NO,1 seña,NO,SI,Simétrica (tipo I),J,J,Sin especificar,Sin especificar,Sin especificar,00107_pies.mp4,PIES,test4,25,A2
DBLSC,LSC0,108,UÑAS,SUSTANTIVO,Partes córneas que nacen y crecen en las extremidades de los dedos. (RAE),NO,1 seña,NO,SI,Unimanual (tipo 0),Gl,Sin especificar,Sin especificar,Sin especificar,Sin especificar,00108_uñas.mp4,UNAS,test4,37,A2
DBLSC,LSC0,109,VELLUDO,ADJETIVO,Que tiene mucho vello. (RAE),NO,1 seña,NO,SI,Asimétrica (tipo III),J,Al,Sin especificar,Sin especificar,Sin especificar,00109_velludo.mp4,VELLUDO,test3,1,A2
DBLSC,LSC0,110,ASUSTADO-SORPRESA,VERBO,Estado fisiológico y emocional que combina la reacción de sobresalto (susto) con el asombro (sorpresa). (Generada Gemini),NO,1 seña,NO,SI,Simétrica (tipo I),J,J,Sin especificar,Sin especificar,Sin especificar,00110_asustadoso.mp4,ASUSTADO SORPRESA,test4,47,A1
DBLSC,LSC0,111,ASUSTADO-MIEDO1,VERBO,Estado de temor o espanto ante un peligro percibido. (Generada Gemini),NO,1 seña,NO,SI,Simétrica (tipo I),Gl,Gl,Sin especificar,Sin especificar,Sin especificar,00111_asustadomi.mp4,ASUSTADO MIEDO1,test4,47,A1
DBLSC,LSC0,112,ASUSTADO-MIEDO2,VERBO,Variante de la expresión de temor o espanto en lengua de señas. (Generada Gemini),NO,1 seña,NO,SI,Simétrica (tipo I),Gl,Gl,Sin especificar,Sin especificar,Sin especificar,00112_asutadomie.mp4,ASUSTADO MIEDO2,test4,47,A1
DBLSC,LSC0,113,ASUSTADO-GOLPE,VERBO,Sobresalto o susto repentino causado por un impacto físico o un suceso brusco. (Generada Gemini),NO,1 seña,SI,SI,Unimanual en contacto (tipo X),Af,Sin especificar,Sin especificar,Sin especificar,Sin especificar,00113_asustadogo.mp4,ASUSTADO GOLPE,test4,47,A1
DBLSC,LSC0,114,NERVIOSO,ADJETIVO,"Que tiene los nervios excitados, alterados o es propenso a este estado. (RAE)",NO,1 seña,NO,SI,Unimanual (tipo 0),J,Sin especificar,Sin especificar,Sin especificar,Sin especificar,00114_nervioso.mp4,NERVIOSO,test4,10,A2
DBLSC,LSC0,115,CAMINAR-DESPLAZA,VERBO,"Acción de ir andando de un lugar a otro, con énfasis en el desplazamiento espacial en el corpus. (Generada Gemini)",NO,1 seña,NO,SI,Unimanual (tipo 0),V,Sin especificar,Sin especificar,Sin especificar,Sin especificar,00115_caminardes.mp4,CAMINAR DESPLAZA,test1,27,A2
DBLSC,LSC0,116,CAMINAR-PIERNAS,VERBO,"Acción de ir andando, con énfasis en el movimiento físico de las extremidades inferiores. (Generada Gemini)",NO,1 seña,NO,SI,Unimanual (tipo 0),V,Sin especificar,Sin especificar,Sin especificar,Sin especificar,00116_caminarpie.mp4,CAMINAR PIERNAS,test2,85,A2
DBLSC,LSC0,117,CANSADO,ADJETIVO,"Que padece de cansancio, falta de fuerzas por el trabajo o la fatiga. (RAE)",NO,1 seña,SI,SI,Unimanual en contacto (tipo X),Qf,Sin especificar,Sin especificar,Sin especificar,Sin especificar,00117_cansado.mp4,CANSADO,test4,10,A2
DBLSC,LSC0,118,COMER,VERBO,Masticar y deglutir un alimento sólido. (RAE),NO,1 seña,NO,SI,Unimanual (tipo 0),Q,Sin especificar,Sin especificar,Sin especificar,Sin especificar,00118_comer.mp4,COMER,test2,63,A1
DBLSC,LSC0,119,CORRER-BRAZOS,VERBO,"Desplazarse rápidamente, con énfasis visual o biomecánico en el movimiento oscilatorio de los brazos. (Generada Gemini)",NO,1 seña,SI,SI,Unimanual en contacto (tipo X),Af,Sin especificar,Sin especificar,Sin especificar,Sin especificar,00119_correrbraz.mp4,CORRER BRAZOS,test3,66,A1
DBLSC,LSC0,120,CORRER-PIERNAS,VERBO,"Desplazarse rápidamente, con énfasis visual o biomecánico en el movimiento rápido de las piernas. (Generada Gemini)",NO,1 seña,NO,SI,Unimanual (tipo 0),V,Sin especificar,Sin especificar,Sin especificar,Sin especificar,00120_correrpier.mp4,CORRER PIERNAS,test1,78,A2
DBLSC,LSC0,121,CRECER-PERSONA,VERBO,Aumento de estatura o desarrollo físico y madurativo de un ser humano. (Generada Gemini),NO,1 seña,NO,SI,Unimanual (tipo 0),Bl,Sin especificar,Sin especificar,Sin especificar,Sin especificar,00121_crecerpers.mp4,CRECER PERSONA,test2,41,A2
DBLSC,LSC0,122,CRECER-GRUPO,VERBO,Aumento en el número de individuos o magnitud de un colectivo o agrupación. (Generada Gemini),NO,1 seña,NO,SI,Unimanual (tipo 0),Xc,Sin especificar,Sin especificar,Sin especificar,Sin especificar,00122_crecergrup.mp4,CRECER GRUPO,test1,48,A2
DBLSC,LSC0,123,CRECER-CANTIDAD,VERBO,"Aumento numérico o volumétrico de objetos, sustancias o elementos inanimados. (Generada Gemini)",NO,1 seña,NO,SI,Unimanual (tipo 0),B,Sin especificar,Sin especificar,Sin especificar,Sin especificar,00123_crecercant.mp4,CRECER CANTIDAD,test2,12,A1
DBLSC,LSC0,124,CRECER-ANIMAL,VERBO,"Desarrollo físico, aumento de tamaño o maduración de una especie animal. (Generada Gemini)",NO,1 seña,NO,SI,Unimanual (tipo 0),B,Sin especificar,Sin especificar,Sin especificar,Sin especificar,00124_creceranim.mp4,CRECER ANIMAL,test3,46,A2
DBLSC,LSC0,125,DÉBIL-FISICO,ADJETIVO,"Falto de vigor, fuerza o resistencia en el cuerpo humano. (Generada Gemini)",NO,1 seña,SI,SI,Asimétrica (tipo III),J,J,Sin especificar,Sin especificar,Sin especificar,00125_debilfisic.mp4,DEBIL FISICO,test4,56,A2
DBLSC,LSC0,126,DÉBIL-MANOS,ADJETIVO,"Falta de fuerza, firmeza o tonicidad específicamente en la motricidad de las manos. (Generada Gemini)",NO,1 seña,NO,SI,Simétrica (tipo I),J,J,Sin especificar,Sin especificar,Sin especificar,00126_debilmanos.mp4,DEBIL MANOS,test4,34,A2
DBLSC,LSC0,127,FLOJO,ADJETIVO,"Mal atado, poco tirante o falto de fuerza y vigor. (RAE)",NO,1 seña,NO,SI,Unimanual (tipo 0),X,Sin especificar,Sin especificar,Sin especificar,Sin especificar,00127_flojo.mp4,FLOJO,test4,10,A2
DBLSC,LSC0,128,DESANIMADO,ADJETIVO,"Falto de ánimo, valor o energía. (RAE)",NO,1 seña,NO,SI,Asimétrica (tipo III),Af,E,Sin especificar,Sin especificar,Sin especificar,00128_desanimado.mp4,DESANIMADO,test4,10,A2
DBLSC,LSC0,129,DESCANSAR,VERBO,"Cesar en el trabajo, reparar las fuerzas con la quietud. (RAE)",NO,1 seña,NO,SI,Simétrica (tipo I),V,V,Sin especificar,Sin especificar,Sin especificar,00129_descansar.mp4,DESCANSAR,test3,83,A1
DBLSC,LSC0,130,DESPERTAR-OJOS,VERBO,"Interrumpir el sueño, con énfasis en la acción física de abrir los párpados. (Generada Gemini)",NO,1 seña,NO,SI,Simétrica (tipo I),Pa,Pa,Sin especificar,Sin especificar,Sin especificar,00130_despertaro.mp4,DESPERTAR OJOS,test3,70,A1
DBLSC,LSC0,131,DESPERTAR-LEVANTARSE,VERBO,Interrumpir el sueño y proceder inmediatamente a incorporarse o salir de la cama. (Generada Gemini),SI,2 señas,NO,SI,Simétrica (tipo I),A,A,V,J,Sin especificar,00131_despertarl.mp4,DESPERTAR LEVANTARSE,test3,70,A1
DBLSC,LSC0,132,DORMIR-OJOS,VERBO,"Estar en estado de reposo consistente en la inacción, con énfasis visual en el cierre de los ojos. (Generada Gemini)",NO,1 seña,NO,SI,Simétrica (tipo I),Pa,Pa,Sin especificar,Sin especificar,Sin especificar,00132_dormirojos.mp4,DORMIR OJOS,test4,44,A2
DBLSC,LSC0,133,DORMIR-MANOS,VERBO,"Expresión de dormir indicando reposo, con apoyo o configuración específica de las manos como almohada en lengua de señas. (Generada Gemini)",NO,1 seña,NO,SI,Simétrica (tipo I),B,B,Sin especificar,Sin especificar,Sin especificar,00133_dormirmano.mp4,DORMIR MANOS,test3,77,A2
DBLSC,LSC0,134,DORMIR-PARPADOS,VERBO,Acción de dormir centrada en la pesadez o cierre prolongado de los párpados. (Generada Gemini),NO,1 seña,NO,SI,Semi-simétrica (tipo II),B,B,Sin especificar,Sin especificar,Sin especificar,00134_dormirparp.mp4,DORMIR PARPADOS,test3,77,A2
DBLSC,LSC0,135,EMBARAZO,SUSTANTIVO,"Estado de la mujer encinta, desde la concepción hasta el parto. (RAE)",NO,1 seña,NO,SI,Unimanual en contacto (tipo X),A,Sin especificar,Sin especificar,Sin especificar,Sin especificar,00135_embarazo.mp4,EMBARAZO,test2,34,A1
DBLSC,LSC0,136,EMBARAZO-BARRIGA,SUSTANTIVO,Referencia al estado de gestación con énfasis en el abultamiento del vientre. (Generada Gemini),NO,1 seña,NO,SI,Unimanual en contacto (tipo X),Bl,Sin especificar,Sin especificar,Sin especificar,Sin especificar,00136_embarazoba.mp4,EMBARAZO BARRIGA,test2,34,A1
DBLSC,LSC0,137,HACER-EL-AMOR,VERBO,Realizar el coito. / Tener relaciones sexuales. (RAE),NO,1 seña,NO,SI,Unimanual (tipo 0),Hl,Sin especificar,Sin especificar,Sin especificar,Sin especificar,00137_hacerelamo.mp4,HACER EL AMOR,test4,80,A1
DBLSC,LSC0,138,HAMBRE-PUNZADA,SUSTANTIVO,Sensación aguda o dolorosa en el estómago causada por la necesidad intensa de comer. (Generada Gemini),NO,1 seña,NO,SI,Unimanual en contacto (tipo X),Bc,Sin especificar,Sin especificar,Sin especificar,Sin especificar,00138_hambrepunz.mp4,HAMBRE PUNZADA,test2,63,A1
DBLSC,LSC0,139,HAMBRE,SUSTANTIVO,Gana y necesidad de comer. (RAE),NO,1 seña,NO,SI,Unimanual en contacto (tipo X),M,Sin especificar,Sin especificar,Sin especificar,Sin especificar,00139_hambre.mp4,HAMBRE,test3,73,A1
DBLSC,LSC0,140,LLORAR,VERBO,Derramar lágrimas. (RAE),NO,1 seña,NO,SI,Semi-simétrica (tipo II),P,P,Sin especificar,Sin especificar,Sin especificar,00140_llorar.mp4,LLORAR,test1,0,A1
DBLSC,LSC0,141,LLORAR-MUCHO,VERBO,Derramar lágrimas en gran cantidad o con mucha intensidad emocional (llanto profundo). (Generada Gemini),NO,1 seña,NO,SI,Semi-simétrica (tipo II),P,P,Sin especificar,Sin especificar,Sin especificar,00141_llorarmuch.mp4,LLORAR MUCHO,test1,0,A1
DBLSC,LSC0,142,MORIR,VERBO,Llegar al término de la vida. (RAE),NO,1 seña,NO,SI,Unimanual (tipo 0),Bl,Sin especificar,Sin especificar,Sin especificar,Sin especificar,00142_morir.mp4,MORIR,test1,71,A2
DBLSC,LSC0,143,MORIR-PERDER,VERBO,"Concepto que asocia el fin de la vida con la pérdida de una persona, o figurativamente, perder definitivamente en un contexto competitivo. (Generada Gemini)",NO,1 seña,NO,SI,Unimanual en contacto (tipo X),D,Sin especificar,Sin especificar,Sin especificar,Sin especificar,00143_morirperde.mp4,MORIR PERDER,test1,71,A2
DBLSC,LSC0,144,NACER,VERBO,"Salir del vientre materno, del huevo o de la semilla. (RAE)",NO,1 seña,NO,SI,Unimanual en contacto (tipo X),Bl,Sin especificar,Sin especificar,Sin especificar,Sin especificar,00144_nacer.mp4,NACER,test2,34,A1
DBLSC,LSC0,145,OBSERVAR,VERBO,"Mirar con atención y recato, atisbar. (RAE)",NO,1 seña,NO,SI,Unimanual en contacto (tipo X),V,Sin especificar,Sin especificar,Sin especificar,Sin especificar,00145_observar.mp4,OBSERVAR,test3,31,A1
DBLSC,LSC0,146,SUPERVISAR,VERBO,Ejercer la inspección superior en trabajos realizados por otros. (RAE),NO,1 seña,NO,SI,Asimétrica (tipo III),Ud,Bl,Sin especificar,Sin especificar,Sin especificar,00146_supervisar.mp4,SUPERVISAR,test2,39,A2
DBLSC,LSC0,147,VIGILAR,VERBO,Observar algo o a alguien atenta y cuidadosamente. (RAE),NO,1 seña,NO,SI,Unimanual en contacto (tipo X),V,Bl,Sin especificar,Sin especificar,Sin especificar,00147_vigilar.mp4,VIGILAR,test2,84,A2
DBLSC,LSC0,148,PERCIBIR-OJO,VERBO,Captar imágenes o notar algo de forma visual a través del sentido de la vista. (Generada Gemini),NO,1 seña,NO,SI,Unimanual en contacto (tipo X),XX,Sin especificar,Sin especificar,Sin especificar,Sin especificar,00148_percibiroj.mp4,PERCIBIR OJO,test3,31,A1
DBLSC,LSC0,149,FISCALIZAR,VERBO,"Hacer el oficio de fiscal, criticar y traer a juicio las acciones u obras de alguien. (RAE)",NO,1 seña,NO,SI,Unimanual en contacto (tipo X),Xe,Sin especificar,Sin especificar,Sin especificar,Sin especificar,00149_fiscalizar.mp4,FISCALIZAR,test2,39,A2
DBLSC,LSC0,150,SABER-OIDAS,VERBO,"Tener conocimiento de algo por haberlo escuchado a otros (rumor), sin experiencia directa. (Generada Gemini)",NO,1 seña,NO,SI,Unimanual en contacto (tipo X),C,Sin especificar,Sin especificar,Sin especificar,Sin especificar,00150_saberoidas.mp4,SABER OIDAS,test4,3,A1
DBLSC,LSC0,151,OÍR,VERBO,Percibir con el oído los sonidos. (RAE),NO,1 seña,NO,SI,Unimanual en contacto (tipo X),U,Sin especificar,Sin especificar,Sin especificar,Sin especificar,00151_oir.mp4,OIR,test3,24,A1
DBLSC,LSC0,152,PERCIBIR-OIDO,VERBO,"Captar sonidos, palabras o ruidos específicamente mediante el sentido de la audición. (Generada Gemini)",NO,1 seña,NO,SI,Unimanual en contacto (tipo X),Hl,Sin especificar,Sin especificar,Sin especificar,Sin especificar,00152_percibiroi.mp4,PERCIBIR OIDO,test3,24,A1
DBLSC,LSC0,153,ENTERARSE,VERBO,Tomar conocimiento de un asunto o recibir información sobre algo. (RAE),NO,1 seña,SI,SI,Unimanual en contacto (tipo X),Ud,Sin especificar,Sin especificar,Sin especificar,Sin especificar,00153_enterarse.mp4,ENTERARSE,test4,20,A1
DBLSC,LSC0,154,OLER(2),VERBO,Variante léxica o de seña para la acción de percibir los olores. (Generada Gemini),NO,1 seña,NO,SI,Compuestas (tipo C),J,P,Sin especificar,Sin especificar,Sin especificar,00154_oler2.mp4,OLER 2,test1,66,A2
DBLSC,LSC0,155,PERCIBIR-OLFATO,VERBO,Captar o notar emanaciones o aromas a través del sentido del olfato. (Generada Gemini),NO,1 seña,SI,SI,Unimanual en contacto (tipo X),D,Sin especificar,Sin especificar,Sin especificar,Sin especificar,00155_percibirol.mp4,PERCIBIR OLFATO,test3,61,A1
DBLSC,LSC0,156,PENE,SUSTANTIVO,Órgano copulador y miccionador del hombre y de los animales machos de muchas especies. (RAE),NO,1 seña,NO,SI,Unimanual en contacto (tipo X),L,Sin especificar,Sin especificar,Sin especificar,Sin especificar,00156_pene.mp4,PENE,test2,56,A1
DBLSC,LSC0,157,REÍR,VERBO,Manifestar alegría con movimientos de la cara y sonidos inarticulados. (RAE),NO,1 seña,NO,SI,Unimanual en contacto (tipo X),XX,Sin especificar,Sin especificar,Sin especificar,Sin especificar,00157_reir.mp4,REIR,test3,24,A1
DBLSC,LSC0,158,REÍR-C,VERBO,"Variante de la expresión de risa, indicando una configuración manual específica (""C"") en lengua de señas. (Generada Gemini)",NO,1 seña,NO,SI,Unimanual (tipo 0),Cb,Sin especificar,Sin especificar,Sin especificar,Sin especificar,00158_reirc.mp4,REIR C,test1,15,A1
DBLSC,LSC0,159,REIR-SONRISA,VERBO,"Expresión facial de alegría más contenida y silenciosa que la risa, donde se curvan los labios. (Generada Gemini)",NO,1 seña,NO,SI,Unimanual en contacto (tipo X),D,X,Sin especificar,Sin especificar,Sin especificar,00159_reirsonris.mp4,REIR SONRISA,test2,23,A1
DBLSC,LSC0,160,REIR-CARCAJADA,VERBO,"Risa impetuosa, ruidosa y abierta. (Generada Gemini)",NO,1 seña,NO,SI,Unimanual en contacto (tipo X),J,Sin especificar,Sin especificar,Sin especificar,Sin especificar,00160_reircarcaj.mp4,REIR CARCAJADA,test2,56,A1
DBLSC,LSC0,161,RESPIRAR-NARIZ,VERBO,"Acción de absorber y expulsar el aire, enfatizando el flujo a través de las fosas nasales. (Generada Gemini)",NO,1 seña,NO,SI,Unimanual en contacto (tipo X),U,Sin especificar,Sin especificar,Sin especificar,Sin especificar,00161_respirarna.mp4,RESPIRAR NARIZ,test1,66,A2
DBLSC,LSC0,162,RESPIRAR-PECHO,VERBO,"Acción de respirar, enfatizando el movimiento de expansión y contracción del tórax. (Generada Gemini)",NO,1 seña,NO,SI,Simétrica (tipo I),J,Sin especificar,Sin especificar,Sin especificar,Sin especificar,00162_respirarpe.mp4,RESPIRAR PECHO,test1,66,A2
DBLSC,LSC0,163,SED,SUSTANTIVO,Gana y necesidad de beber. (RAE),NO,1 seña,NO,SI,Unimanual en contacto (tipo X),Pa,Sin especificar,Sin especificar,Sin especificar,Sin especificar,00163_sed.mp4,SED,test2,19,A2
DBLSC,LSC0,164,SENTARSE,VERBO,Ponerse en un asiento u otro lugar de modo que este sostenga la mayor parte del cuerpo. (RAE),NO,1 seña,NO,SI,Semi-simétrica (tipo II),XXe,Sin especificar,Sin especificar,Sin especificar,Sin especificar,00164_sentarse.mp4,SENTARSE,test4,37,A2
DBLSC,LSC0,165,SENTIR,VERBO,Experimentar sensaciones producidas por causas externas o internas. (RAE),NO,1 seña,NO,SI,Unimanual en contacto (tipo X),N,Sin especificar,Sin especificar,Sin especificar,Sin especificar,00165_sentir.mp4,SENTIR,test3,60,A1
DBLSC,LSC0,166,INTUIR,VERBO,"Percibir íntima e instantáneamente una idea o verdad, tal como si se la tuviera a la vista. (RAE)",NO,1 seña,SI,SI,Compuestas (tipo C),U,Sin especificar,Sin especificar,Sin especificar,Sin especificar,00166_intuir.mp4,INTUIR,test2,84,A2
DBLSC,LSC0,167,LAMENTAR,VERBO,"Sentir pena, contrariedad, arrepentimiento, etc., por algo. (RAE)",NO,1 seña,SI,SI,Unimanual en contacto (tipo X),C,S,Sin especificar,Sin especificar,Sin especificar,00167_lamentar.mp4,LAMENTAR,test1,0,A1
DBLSC,LSC0,168,DECEPCION,SUSTANTIVO,Pesar causado por un desengaño. (RAE),NO,1 seña,SI,SI,Unimanual (tipo 0),C,S,Sin especificar,Sin especificar,Sin especificar,00168_decepcion.mp4,DECEPCION,test3,60,A1
DBLSC,LSC0,169,GOZO,SUSTANTIVO,"Alegría del ánimo, sentimiento de complacencia en la posesión, recuerdo o esperanza de bienes o cosas apetecibles. (RAE)",NO,1 seña,NO,SI,Unimanual en contacto (tipo X),Qa,Qe,Sin especificar,Sin especificar,Sin especificar,00169_gozo.mp4,GOZO,test4,10,A2
DBLSC,LSC0,170,SOÑAR-Z,VERBO,"Representar en la fantasía sucesos mientras se duerme, asociado simbólicamente al ícono de la letra ""Z"". (Generada Gemini)",NO,1 seña,NO,SI,Compuestas (tipo C),P,X,Sin especificar,Sin especificar,Sin especificar,00170_soñar.mp4,SONAR Z,test4,76,A1
DBLSC,LSC0,171,SOÑAR-NUBE,VERBO,"Variante de la seña de soñar, representada icónicamente como una nube o pensamiento durante el sueño. (Generada Gemini)",NO,1 seña,NO,SI,Asimétrica (tipo III),S,N,Jc,Sin especificar,Sin especificar,00171_soñarnube.mp4,SONAR NUBE,test4,76,A1
DBLSC,LSC0,172,TOCA-DEBE,VERBO,Obligación o necesidad ineludible de realizar una acción. (Generada Gemini),NO,1 seña,NO,SI,Asimétrica (tipo III),N,S,Sin especificar,Sin especificar,Sin especificar,00172_tocardebe.mp4,TOCA DEBE,test1,51,A1
DBLSC,LSC0,173,TOCAR-INAPROPIADO,VERBO,Acción de tocar el cuerpo de otra persona de manera indebida o abusiva. (Generada Gemini),NO,1 seña,NO,SI,Compuestas (tipo C),N,Sin especificar,Sin especificar,Sin especificar,Sin especificar,00173_tocarinapr.mp4,TOCAR INAPROPIADO,test1,21,A2
DBLSC,LSC0,174,PALPAR-INAPROPIADO,VERBO,Tocar tactilmente de forma indebida o inoportuna a alguien. (Generada Gemini),NO,1 seña,NO,SI,Compuestas (tipo C),Jc,Sin especificar,Sin especificar,Sin especificar,Sin especificar,00174_palmarinap.mp4,PALPAR INAPROPIADO,test1,66,A2
DBLSC,LSC0,175,TOMAR-LIQUIDO,VERBO,Ingerir una bebida o sustancia líquida. (Generada Gemini),NO,1 seña,NO,SI,Unimanual en contacto (tipo X),C,Sin especificar,Sin especificar,Sin especificar,Sin especificar,00175_tomarliqui.mp4,TOMAR LIQUIDO,test4,59,A1
DBLSC,LSC0,176,TOMAR-PERSONA,VERBO,"Asir, agarrar o capturar a un individuo. (Generada Gemini)",NO,1 seña,NO,SI,Unimanual (tipo 0),S,Sin especificar,Sin especificar,Sin especificar,Sin especificar,00176_tomarperso.mp4,TOMAR PERSONA,test2,41,A1
DBLSC,LSC0,177,VIDA-V,SUSTANTIVO,"Trayectoria de la vida personal, ganarse la vida. Ejecutada frecuentemente con configuración manual en ""V"". (AB)",NO,1 seña,NO,SI,Simétrica (tipo I),V,Sin especificar,Sin especificar,Sin especificar,Sin especificar,00177_vida.mp4,VIDA V,test1,15,A1
DBLSC,LSC0,178,VIVO-ESTAR,VERBO,"Condición de tener vida, estar con existencia activa. (Generada Gemini)",NO,1 seña,NO,SI,Simétrica (tipo I),Q,Jc,Sin especificar,Sin especificar,Sin especificar,00178_vivoestar.mp4,VIVO ESTAR,test2,49,A1
DBLSC,LSC0,179,AGUACATE,SUSTANTIVO,"Fruto del aguacatero, comestible, de forma ovalada, piel verde oscura y pulpa cremosa con un hueso grande en el centro. (RAE)",NO,1 seña,NO,SI,Asimétrica (tipo III),Bl,Cl,Sin especificar,Sin especificar,Sin especificar,00179_aguacate.mp4,AGUACATE,test4,8,A2
DBLSC,LSC0,180,AJÍ,SUSTANTIVO,"Fruto de algunas especies de pimiento, picante. (RAE)",SI,2 señas,NO,SI,Compuestas (tipo C),P,J,Sin especificar,Sin especificar,Sin especificar,00180_aji.mp4,AJI,test1,53,A2
DBLSC,LSC0,181,AJO,SUSTANTIVO,"Planta liliácea de bulbos blancos, olor fuerte y sabor picante, muy usada como condimento. (RAE)",NO,1 seña,NO,SI,Semi-simétrica (tipo II),E,Sin especificar,Sin especificar,Sin especificar,Sin especificar,00181_ajo.mp4,AJO,test2,73,A2
DBLSC,LSC1,182,ARVEJA,SUSTANTIVO,"Planta leguminosa herbácea, cuyos frutos son guisantes o chícharos. (RAE)",NO,1 seña,NO,SI,Asimétrica (tipo III),Lc,Al,Sin especificar,Sin especificar,Sin especificar,00182_arveja.mp4,ARVEJA,test2,49,B1
DBLSC,LSC1,183,BANANO,SUSTANTIVO,"Árbol musáceo y su fruto, el banano o plátano. (RAE)",SI,2 señas,NO,SI,Asimétrica (tipo III),S,Al,Sin especificar,Sin especificar,Sin especificar,00183_banano.mp4,BANANO,test2,17,B1
DBLSC,LSC1,184,PELAR-COSA,VERBO,Quitar la cáscara o cubierta a un objeto o alimento. (Generada Gemini),SI,2 señas,SI,SI,Asimétrica (tipo III),Q,Al,Sin especificar,Sin especificar,Sin especificar,00184_pelarcosa.mp4,PELAR COSA,test4,29,B2
DBLSC,LSC1,185,CEBOLLA-CABEZONA,SUSTANTIVO,Variedad de cebolla de forma esférica o bulbosa. (Generada Gemini),NO,1 seña,NO,SI,Asimétrica (tipo III),Q,Bl,Sin especificar,Sin especificar,Sin especificar,00185_cebollacab.mp4,CEBOLLA CABEZONA,test4,40,B1
DBLSC,LSC1,186,CEBOLLA-LARGA,SUSTANTIVO,"Cebolla en rama o junca, de tallos largos y verdes. (Generada Gemini)",NO,1 seña,NO,SI,Semi-simétrica (tipo II),Za,Sin especificar,Sin especificar,Sin especificar,Sin especificar,00186_cebollalar.mp4,CEBOLLA LARGA,test4,40,B1
DBLSC,LSC1,187,COCO,SUSTANTIVO,"Fruto del cocotero, de forma redonda, corteza fibrosa y pulpa blanca comestible con líquido en su interior. (RAE)",NO,1 seña,NO,SI,Simétrica (tipo I),Jc,Sin especificar,Sin especificar,Sin especificar,Sin especificar,00187_coco.mp4,COCO,test2,54,B1
DBLSC,LSC1,188,CURUBA,SUSTANTIVO,"Fruto de la curubita, alargado, de cáscara verdosa o amarillenta y pulpa jugosa con muchas semillas pequeñas. (RAE)",NO,1 seña,SI,SI,Simétrica (tipo I),Jc,Q,Sin especificar,Sin especificar,Sin especificar,00188_curuba.mp4,CURUBA,test2,54,B1
DBLSC,LSC1,189,DURAZNO-TEXTURA,SUSTANTIVO,"Fruto del duraznero, destacando la característica aterciopelada de su piel. (Generada Gemini)",NO,1 seña,NO,SI,Asimétrica (tipo III),S,Gl,Sin especificar,Sin especificar,Sin especificar,00189_duraznotex.mp4,DURAZNO TEXTURA,test4,69,B1
DBLSC,LSC1,190,DURAZNO-RAYA,SUSTANTIVO,Variedad o representación gráfica del durazno con líneas o marcas características en el corpus. (Generada Gemini),NO,1 seña,SI,SI,Asimétrica (tipo III),C,A,Sin especificar,Sin especificar,Sin especificar,00190_duraznoray.mp4,DURAZNO RAYA,test3,70,B2
DBLSC,LSC1,191,FRESA,SUSTANTIVO,"Fruto comestible de la planta del mismo nombre, de color rojo vivo y forma cónica u ovalada. (RAE)",NO,1 seña,NO,SI,Asimétrica (tipo III),Q,Pc,Sin especificar,Sin especificar,Sin especificar,00191_fresa.mp4,FRESA,test2,17,B1
DBLSC,LSC0,192,ADULTO,SUSTANTIVO,Dicho de una persona o animal: que ha llegado a la plenitud de su desarrollo físico y biológico. (RAE),NO,1 seña,NO,SI,Unimanual en contacto (tipo X),Ql,Sin especificar,Sin especificar,Sin especificar,Sin especificar,00192_adulto.mp4,ADULTO,test4,22,A1
DBLSC,LSC0,193,ALGUNOS,FUNCION,Indica una cantidad indefinida de personas o cosas dentro de un conjunto. (RAE),NO,1 seña,NO,SI,Semi-simétrica (tipo II),P,Sin especificar,Sin especificar,Sin especificar,Sin especificar,00193_algunos.mp4,ALGUNOS,test4,52,A1
DBLSC,LSC0,194,ANCIANO,SUSTANTIVO,Dicho de una persona: de edad avanzada. (RAE),NO,1 seña,NO,SI,Unimanual en contacto (tipo X),S,Sin especificar,Sin especificar,Sin especificar,Sin especificar,00194_anciano.mp4,ANCIANO,test1,71,A2
DBLSC,LSC0,195,SALTAR,VERBO,Impulsarse con los pies desde una superficie para elevarse en el aire. (RAE),NO,1 seña,NO,SI,Asimétrica (tipo III),Bl,V,XX,Sin especificar,Sin especificar,00195_saltar.mp4,SALTAR,test4,34,A2
DBLSC,LSC0,196,ÉL-ELLA,SUSTANTIVO,Pronombres personales de tercera persona del singular para referirse a un varón o a una mujer. (RAE),NO,1 seña,NO,SI,Unimanual (tipo 0),P,Sin especificar,Sin especificar,Sin especificar,Sin especificar,00196_elella.mp4,EL ELLA,test1,77,A1
DBLSC,LSC0,197,ELLAS-ELLOS,SUSTANTIVO,Pronombres personales de tercera persona del plural. (RAE),NO,1 seña,NO,SI,Unimanual (tipo 0),P,Sin especificar,Sin especificar,Sin especificar,Sin especificar,00197_ellasellos.mp4,ELLAS ELLOS,test4,30,A1
DBLSC,LSC0,198,ELLOS-DOS/USTEDES-DOS,SUSTANTIVO,Dual pronominal que designa específicamente a un par de personas. (Generada Gemini),NO,1 seña,NO,SI,Unimanual (tipo 0),K,Sin especificar,Sin especificar,Sin especificar,Sin especificar,00198_ellosdosus.mp4,ELLOS DOS/USTEDES DOS,test4,40,A1
DBLSC,LSC0,199,HOMBRE,SUSTANTIVO,"Ser animado racional, varón. (RAE)",NO,1 seña,NO,SI,Unimanual en contacto (tipo X),Ta,Tb,Sin especificar,Sin especificar,Sin especificar,00199_hombre.mp4,HOMBRE,test3,57,A2
DBLSC,LSC1,200,HOMOSEXUAL,ADJETIVO,Dicho de una persona: que siente atracción sexual hacia personas de su mismo sexo. (RAE),NO,1 seña,NO,SI,Unimanual en contacto (tipo X),Tb,Sin especificar,Sin especificar,Sin especificar,Sin especificar,00200_homosexual.mp4,HOMOSEXUAL,test4,37,B2
DBLSC,LSC0,201,JOVEN,SUSTANTIVO,Que está en la juventud. (RAE),NO,1 seña,NO,SI,Unimanual en contacto (tipo X),Y,Sin especificar,Sin especificar,Sin especificar,Sin especificar,00201_joven.mp4,JOVEN,test4,22,A1
DBLSC,LSC0,202,MAYOR,ADJETIVO,"Que supera a otra persona en edad, tamaño o jerarquía. (RAE)",NO,1 seña,NO,SI,Unimanual en contacto (tipo X),Ql,Sin especificar,Sin especificar,Sin especificar,Sin especificar,00202_mayor.mp4,MAYOR,test2,12,A1
DBLSC,LSC0,203,MUJER,SUSTANTIVO,Persona del sexo femenino. (RAE),NO,1 seña,NO,SI,Unimanual en contacto (tipo X),Ql,Sin especificar,Sin especificar,Sin especificar,Sin especificar,00203_mujer.mp4,MUJER,test1,77,A1
DBLSC,LSC0,204,NIÑO,SUSTANTIVO,Muchacho de poca edad. (RAE),NO,1 seña,NO,SI,Compuestas (tipo C),H,O,Sin especificar,Sin especificar,Sin especificar,00204_niño.mp4,NINO,test4,22,A1
DBLSC,LSC0,205,NIÑA,SUSTANTIVO,Muchacha de poca edad. (RAE),NO,1 seña,NO,SI,Compuestas (tipo C),H,A,Sin especificar,Sin especificar,Sin especificar,00205_niña.mp4,NINA,test4,22,A1
DBLSC,LSC0,206,NOSOTROS,SUSTANTIVO,Pronombre personal que designa al grupo que incluye al hablante. (RAE),NO,1 seña,NO,SI,Unimanual en contacto (tipo X),H,Sin especificar,Sin especificar,Sin especificar,Sin especificar,00206_nosotros.mp4,NOSOTROS,test4,30,A1
DBLSC,LSC0,207,NUESTRO,ADJETIVO,Pronombre o determinante posesivo correspondiente a la primera persona del plural. (RAE),NO,1 seña,NO,SI,Unimanual en contacto (tipo X),Q,Sin especificar,Sin especificar,Sin especificar,Sin especificar,00207_nuestro.mp4,NUESTRO,test4,30,A1
DBLSC,LSC0,208,NOSOTROS-DOS,SUSTANTIVO,Dual inclusivo que se refiere exactamente a dos personas incluyéndose el hablante. (Generada Gemini),NO,1 seña,NO,SI,Unimanual en contacto (tipo X),K,Sin especificar,Sin especificar,Sin especificar,Sin especificar,00208_nosotrosdo.mp4,NOSOTROS DOS,test2,18,A1
DBLSC,LSC0,209,PERSONA-OTRO,SUSTANTIVO,Designación de un individuo diferente al hablante o al referente principal. (Generada Gemini),NO,1 seña,NO,SI,Unimanual (tipo 0),Xc,Sin especificar,Sin especificar,Sin especificar,Sin especificar,00209_personaotr.mp4,PERSONA OTRO,test4,40,A1
DBLSC,LSC0,210,PERSONA-INDIVIDUO,SUSTANTIVO,Unidad singular de la especie humana. (Generada Gemini),NO,1 seña,NO,SI,Simétrica (tipo I),K,Sin especificar,Sin especificar,Sin especificar,Sin especificar,00210_personaind.mp4,PERSONA INDIVIDUO,test4,40,A1
DBLSC,LSC0,211,PERSONAS-GENERAL,SUSTANTIVO,Conjunto genérico de seres humanos. (Generada Gemini),NO,1 seña,NO,SI,Simétrica (tipo I),K,Sin especificar,Sin especificar,Sin especificar,Sin especificar,00211_personasge.mp4,PERSONAS GENERAL,test2,41,A2
DBLSC,LSC0,212,PERSONAS-INDIVIDUOS,SUSTANTIVO,Plural enfático de personas consideradas individualmente. (Generada Gemini),NO,1 seña,NO,SI,Unimanual (tipo 0),Xc,Sin especificar,Sin especificar,Sin especificar,Sin especificar,00212_personasin.mp4,PERSONAS INDIVIDUOS,test4,40,A1
DBLSC,LSC0,213,SUYO,ADJETIVO,"Pronombre posesivo que pertenece a él, ella, usted o ustedes. (RAE)",NO,1 seña,NO,SI,Unimanual (tipo 0),B,Sin especificar,Sin especificar,Sin especificar,Sin especificar,00213_suyo.mp4,SUYO,test1,77,A1
DBLSC,LSC0,214,SU,ADJETIVO,Determinante posesivo correspondiente a la tercera persona o de respeto. (RAE),NO,1 seña,NO,SI,Unimanual (tipo 0),B,Sin especificar,Sin especificar,Sin especificar,Sin especificar,00214_su.mp4,SU,test2,44,A1
DBLSC,LSC0,215,ASI-ES,ADVERBIO,Expresión afirmativa que indica conformidad o veracidad con lo dicho. (Generada Gemini),NO,1 seña,SI,SI,Unimanual (tipo 0),J,Sin especificar,Sin especificar,Sin especificar,Sin especificar,00215_asies.mp4,ASI ES,test3,61,A1
DBLSC,LSC0,216,TODO,ADJETIVO,"Entero, total, aplicado a un conjunto sin excepciones. (RAE)",NO,1 seña,SI,SI,Semi-simétrica (tipo II),Ql,Sin especificar,Sin especificar,Sin especificar,Sin especificar,00216_todo.mp4,TODO,test2,56,A1
DBLSC,LSC0,217,TODOS,ADJETIVO,La totalidad de los individuos de un grupo. (RAE),NO,1 seña,SI,SI,Unimanual (tipo 0),J,Q,Sin especificar,Sin especificar,Sin especificar,00217_todos.mp4,TODOS,test4,30,A1
DBLSC,LSC0,218,TODO-ESO,ADJETIVO,Conjunto o totalidad de aquello de lo que se habla. (Generada Gemini),NO,1 seña,SI,SI,Unimanual (tipo 0),P,Sin especificar,Sin especificar,Sin especificar,Sin especificar,00218_todoeso.mp4,TODO ESO,test1,51,A1
DBLSC,LSC0,219,TODO-CAMPO,ADJETIVO,Ámbito o superficie total abarcada en un contexto dado. (Generada Gemini),NO,1 seña,NO,SI,Unimanual (tipo 0),J,Sin especificar,Sin especificar,Sin especificar,Sin especificar,00219_todocampo.mp4,TODO CAMPO,test3,13,A1
DBLSC,LSC0,220,TÚ,SUSTANTIVO,Pronombre personal de segunda persona del singular. (RAE),NO,1 seña,NO,SI,Unimanual (tipo 0),Tf,Sin especificar,Sin especificar,Sin especificar,Sin especificar,00220_tu.mp4,TU,test1,77,A1
DBLSC,LSC0,221,TÚ-MISMO,FUNCION,Pronombre enfático de segunda persona que designa al propio interlocutor. (Generada Gemini),NO,1 seña,SI,SI,Unimanual (tipo 0),A,Sin especificar,Sin especificar,Sin especificar,Sin especificar,00221_tumismo.mp4,TU MISMO,test4,40,A1
DBLSC,LSC0,222,LO-MISMO,FUNCION,Expresión que indica igualdad o identidad entre dos cosas o situaciones. (Generada Gemini),NO,1 seña,SI,SI,Asimétrica (tipo III),Bl,Y,Sin especificar,Sin especificar,Sin especificar,00222_lomismo.mp4,LO MISMO,test4,40,A1
DBLSC,LSC0,223,ESO-MISMO,FUNCION,Afirmación de coincidencia exacta con lo expresado previamente. (Generada Gemini),NO,1 seña,SI,SI,Asimétrica (tipo III),J,Y,Sin especificar,Sin especificar,Sin especificar,00223_esomismo.mp4,ESO MISMO,test3,61,A1
DBLSC,LSC0,224,USTEDES,SUSTANTIVO,Pronombre personal de segunda persona del plural (usado en América y trato familiar en España). (RAE),NO,1 seña,NO,SI,Unimanual (tipo 0),Bl,Sin especificar,Sin especificar,Sin especificar,Sin especificar,00224_ustedes.mp4,USTEDES,test4,30,A1
DBLSC,LSC0,225,YO-MISMO,FUNCION,Pronombre enfático de primera persona que denota autoría o exclusividad propia. (Generada Gemini),NO,1 seña,NO,SI,Unimanual en contacto (tipo X),A,Sin especificar,Sin especificar,Sin especificar,Sin especificar,00225_yomismo.mp4,YO MISMO,test4,40,A1
DBLSC,LSC0,226,MIO,ADJETIVO,Pronombre posesivo de la primera persona del singular. (RAE),NO,1 seña,NO,SI,Unimanual en contacto (tipo X),Bl,Sin especificar,Sin especificar,Sin especificar,Sin especificar,00226_mio.mp4,MIO,test4,30,A1
DBLSC,LSC0,227,BIGOTE,SUSTANTIVO,Pelo que crece sobre el labio superior. (RAE),NO,1 seña,NO,SI,Simétrica (tipo I),Pa,Pc,Sin especificar,Sin especificar,Sin especificar,00227_bigote.mp4,BIGOTE,test1,31,A2
DBLSC,LSC0,228,BLANCO,ADJETIVO,"De color blanco, opuesto al negro. (RAE)",NO,1 seña,NO,SI,Unimanual (tipo 0),L,Sin especificar,Sin especificar,Sin especificar,Sin especificar,00228_blanco.mp4,BLANCO,test1,29,A2
DBLSC,LSC0,229,BOCA,SUSTANTIVO,Abertura corporal por donde se ingieren los alimentos y se emiten sonidos. (RAE),NO,1 seña,NO,SI,Unimanual en contacto (tipo X),L,Sin especificar,Sin especificar,Sin especificar,Sin especificar,00229_boca.mp4,BOCA,test1,53,A2
DBLSC,LSC0,230,BRAZO,SUSTANTIVO,Parte del cuerpo humano que va desde el hombro hasta la mano. (RAE),NO,1 seña,NO,SI,Semi-simétrica (tipo II),Jb,Jb,Sin especificar,Sin especificar,Sin especificar,00230_brazo.mp4,BRAZO,test4,37,A2
DBLSC,LSC0,231,CABELLO,SUSTANTIVO,Conjunto de los cabellos que crecen en la cabeza. (RAE),NO,1 seña,NO,SI,Simétrica (tipo I),Jc,Q,Sin especificar,Sin especificar,Sin especificar,00231_cabello.mp4,CABELLO,test4,37,A2
DBLSC,LSC0,232,CABEZA,SUSTANTIVO,Parte superior del cuerpo humano donde están situados los órganos principales de los sentidos y el cerebro. (RAE),NO,1 seña,NO,SI,Simétrica (tipo I),Jc,Sin especificar,Sin especificar,Sin especificar,Sin especificar,00232_cabeza.mp4,CABEZA,test4,37,A2
DBLSC,LSC0,233,CALVO,ADJETIVO,Dicho de una persona: que ha perdido el cabello de la cabeza. (RAE),NO,1 seña,NO,SI,Asimétrica (tipo III),S,C,Sin especificar,Sin especificar,Sin especificar,00233_calvo.mp4,CALVO,test4,37,A2
DBLSC,LSC1,234,CANOSO,ADJETIVO,Que tiene canas (cabellos blancos o grises). (RAE),NO,1 seña,NO,SI,Semi-simétrica (tipo II),Ta,Tb,Sin especificar,Sin especificar,Sin especificar,00234_canoso.mp4,CANOSO,test2,23,B2
DBLSC,LSC0,235,CARA,SUSTANTIVO,"Parte anterior de la cabeza humana, desde la frente hasta la barbilla. (RAE)",NO,1 seña,NO,SI,Unimanual en contacto (tipo X),P,Sin especificar,Sin especificar,Sin especificar,Sin especificar,00235_cara.mp4,CARA,test1,86,A1
DBLSC,LSC0,236,CEJA,SUSTANTIVO,Parte saliente y arqueada con pelos sobre la cuenca del ojo. (RAE),NO,1 seña,NO,SI,Unimanual en contacto (tipo X),P,Sin especificar,Sin especificar,Sin especificar,Sin especificar,00236_ceja.mp4,CEJA,test4,44,A2
DBLSC,LSC1,237,CORAZÓN,SUSTANTIVO,Órgano muscular que impulsa la circulación de la sangre. (RAE),NO,1 seña,NO,SI,Simétrica (tipo I),P,Sin especificar,Sin especificar,Sin especificar,Sin especificar,00237_corazon.mp4,CORAZON,test1,32,B2
DBLSC,LSC0,238,CUELLO,SUSTANTIVO,Parte del cuerpo que une la cabeza con el tronco. (RAE),NO,1 seña,NO,SI,Unimanual en contacto (tipo X),Bc,Sin especificar,Sin especificar,Sin especificar,Sin especificar,00238_cuello.mp4,CUELLO,test4,37,A2
DBLSC,LSC0,239,DEDOS,SUSTANTIVO,Apéndices articulados en que terminan las manos y los pies. (RAE),SI,2 señas,NO,SI,Asimétrica (tipo III),J,Ok,Sin especificar,Sin especificar,Sin especificar,00239_dedos.mp4,DEDOS,test3,42,A2
DBLSC,LSC0,240,DIENTES,SUSTANTIVO,"Órganos duros, blancos, incrustados en las mandíbulas, que sirven para masticar. (RAE)",NO,1 seña,NO,SI,Unimanual en contacto (tipo X),X,Sin especificar,Sin especificar,Sin especificar,Sin especificar,00240_dientes.mp4,DIENTES,test4,37,A2
DBLSC,LSC0,241,ESPALDA,SUSTANTIVO,"Parte posterior del cuerpo humano, desde los hombros hasta la cintura. (RAE)",NO,1 seña,NO,SI,Unimanual en contacto (tipo X),Jb,Sin especificar,Sin especificar,Sin especificar,Sin especificar,00241_espalda.mp4,ESPALDA,test4,37,A2
DBLSC,LSC1,242,ESTÓMAGO,SUSTANTIVO,"Órgano principal de la digestión, situado entre el esófago y el intestino. (RAE)",NO,1 seña,NO,SI,Unimanual en contacto (tipo X),Bl,Sin especificar,Sin especificar,Sin especificar,Sin especificar,00242_estomago.mp4,ESTOMAGO,test1,58,B2
DBLSC,LSC0,243,FRENTE,SUSTANTIVO,"Parte superior y anterior de la cabeza, desde las cejas hasta la raíz del pelo. (RAE)",NO,1 seña,NO,SI,Unimanual en contacto (tipo X),Bl,Sin especificar,Sin especificar,Sin especificar,Sin especificar,00243_frente.mp4,FRENTE,test1,86,A1
DBLSC,LSC0,244,HOMBROS,SUSTANTIVO,Partes del cuerpo humano que unen los brazos con el tronco. (RAE),NO,1 seña,NO,SI,Semi-simétrica (tipo II),Cf,Sin especificar,Sin especificar,Sin especificar,Sin especificar,00244_hombros.mp4,HOMBROS,test4,37,A2
DBLSC,LSC0,245,MANOS,SUSTANTIVO,Partes del cuerpo humano que van desde la muñeca hasta la punta de los dedos. (RAE),NO,1 seña,NO,SI,Simétrica (tipo I),J,Sin especificar,Sin especificar,Sin especificar,Sin especificar,00245_manos.mp4,MANOS,test4,37,A2
DBLSC,LSC1,246,MENTÓN,SUSTANTIVO,"Saliente de la mandíbula inferior, barba. (RAE)",NO,1 seña,NO,SI,Unimanual en contacto (tipo X),Bl,Sin especificar,Sin especificar,Sin especificar,Sin especificar,00246_menton.mp4,MENTON,test2,50,B2
DBLSC,LSC1,247,MONO,ADJETIVO,"Dicho de una persona o cosa: bonita, graciosa. / Mamífero primate. (RAE)",NO,1 seña,NO,SI,Unimanual en contacto (tipo X),N,No,J,Sin especificar,Sin especificar,00247_mono.mp4,MONO,test1,28,B2
DBLSC,LSC1,248,MORENO,ADJETIVO,Dicho de una persona: que tiene la piel de color obscuro o tostada por el sol. (RAE),NO,1 seña,NO,SI,Unimanual en contacto (tipo X),N,Sin especificar,Sin especificar,Sin especificar,Sin especificar,00248_moreno.mp4,MORENO,test2,62,B1
DBLSC,LSC0,249,ESFERO,SUSTANTIVO,"Bolígrafo, instrumento para escribir con tinta. (RAE / Regionalismo)",NO,1 seña,NO,SI,Unimanual (tipo 0),Al,Af,Sin especificar,Sin especificar,Sin especificar,00249_esfero.mp4,ESFERO,test2,59,A2
DBLSC,LSC0,250,FRUTA,SUSTANTIVO,Fruto comestible de ciertas plantas o árboles. (RAE),NO,1 seña,NO,SI,Unimanual (tipo 0),Gl,Sin especificar,Sin especificar,Sin especificar,Sin especificar,00250_fruta.mp4,FRUTA,test4,19,A1
DBLSC,LSC1,251,GUAYABA,SUSTANTIVO,"Fruto del guayabo, comestible, de pulpa aromática, dulce y con numerosas semillas pequeñas. (RAE)",SI,2 señas,NO,SI,Asimétrica (tipo III),C,Xe,Sin especificar,Sin especificar,Sin especificar,00251_guayaba.mp4,GUAYABA,test2,49,B1
DBLSC,LSC1,252,HABICHUELA,SUSTANTIVO,Judía verde o frijol tierno comestible. (RAE),SI,2 señas,NO,SI,Asimétrica (tipo III),P,Tb,Sin especificar,Sin especificar,Sin especificar,00252_habichuela.mp4,HABICHUELA,test2,49,B1
DBLSC,LSC1,253,LECHUGA,SUSTANTIVO,"Planta hortense anual, de hojas comestibles, anchas y rizadas. (RAE)",NO,1 seña,NO,SI,Semi-simétrica (tipo II),Gl,Sin especificar,Sin especificar,Sin especificar,Sin especificar,00253_lechuga.mp4,LECHUGA,test2,49,B1
DBLSC,LSC1,254,LIMÓN,SUSTANTIVO,"Fruto del limonero, de forma ovoide, color amarillo y zumo muy ácido. (RAE)",NO,1 seña,NO,SI,Unimanual (tipo 0),Xl,Xf,Sin especificar,Sin especificar,Sin especificar,00254_limon.mp4,LIMON,test2,17,B1
DBLSC,LSC1,255,MANDARINA,SUSTANTIVO,"Fruto del mandarino, parecido a la naranja pero más pequeño y de fácil pelado. (RAE)",NO,1 seña,NO,SI,Unimanual (tipo 0),Xt,Xf,Sin especificar,Sin especificar,Sin especificar,00255_mandarina.mp4,MANDARINA,test2,17,B1
DBLSC,LSC1,256,MANGO,SUSTANTIVO,"Fruto del mango, de forma ovalada, piel amarillenta o rojiza y pulpa muy jugosa y dulce. (RAE)",NO,1 seña,NO,SI,Unimanual en contacto (tipo X),Bl,Sin especificar,Sin especificar,Sin especificar,Sin especificar,00256_mango.mp4,MANGO,test2,17,B1
DBLSC,LSC1,257,MANZANA,SUSTANTIVO,"Fruto del manzano, comestible, de forma globosa, piel fina y pulpa blanca y crujiente. (RAE)",SI,2 señas,NO,SI,Unimanual en contacto (tipo X),G,Sin especificar,Sin especificar,Sin especificar,Sin especificar,00257_manzana.mp4,MANZANA,test2,17,B1
DBLSC,LSC1,258,MAZORCA-MANO,SUSTANTIVO,"Espiga de maíz, con énfasis en su manipulación o forma en lengua de señas. (Generada Gemini)",NO,1 seña,NO,SI,Simétrica (tipo I),Gl,Sin especificar,Sin especificar,Sin especificar,Sin especificar,00258_mazorcaman.mp4,MAZORCA MANO,test4,40,B1
DBLSC,LSC1,259,MAZORCA-PALO,SUSTANTIVO,Espiga de maíz en su tallo o soporte vegetal. (Generada Gemini),NO,1 seña,NO,SI,Simétrica (tipo I),P,Sin especificar,Sin especificar,Sin especificar,Sin especificar,00259_mazorcapal.mp4,MAZORCA PALO,test4,40,B1
DBLSC,LSC1,260,MAZORCA-DESGRANO,SUSTANTIVO,Acción de separar los granos de la mazorca de maíz. (Generada Gemini),SI,2 señas,NO,SI,Asimétrica (tipo III),C,Al,Af,Sin especificar,Sin especificar,00260_mazorcades.mp4,MAZORCA DESGRANO,test4,40,B1
DBLSC,LSC1,261,NARANJA,SUSTANTIVO,"Fruto del naranjo, redondo, de corteza rugosa y color anaranjado, jugoso y de sabor agridulce. (RAE)",NO,1 seña,NO,SI,Unimanual en contacto (tipo X),Gl,Sin especificar,Sin especificar,Sin especificar,Sin especificar,00261_naranja.mp4,NARANJA,test2,17,B1
DBLSC,LSC1,262,MORA,SUSTANTIVO,"Fruto de la zarza o de la morera, compuesto de variosグ (pequeños frutos jugosos). (RAE)",NO,1 seña,NO,SI,Asimétrica (tipo III),O,Q,Sin especificar,Sin especificar,Sin especificar,00262_mora.mp4,MORA,test2,54,B1
DBLSC,LSC1,263,PAPAYA,SUSTANTIVO,"Fruto del papayo, grande, comestible, de pulpa dulce y anaranjada con numerosas semillas negras. (RAE)",NO,1 seña,NO,SI,Simétrica (tipo I),Cl,Qa,Sin especificar,Sin especificar,Sin especificar,00263_papaya.mp4,PAPAYA,test2,17,B1
DBLSC,LSC1,264,PERA,SUSTANTIVO,"Fruto del peral, comestible, jugoso, generalmente de forma cónica o abombada. (RAE)",NO,1 seña,NO,SI,Asimétrica (tipo III),Jc,Jc,Qa,Sin especificar,Sin especificar,00264_pera.mp4,PERA,test2,54,B1
DBLSC,LSC1,265,PIÑA,SUSTANTIVO,"Fruto del piñero o ananá, grande, carnoso, de forma ovalada y cónica con hojas duras en la parte superior. (RAE)",SI,2 señas,NO,SI,Asimétrica (tipo III),J,Bl,Sin especificar,Sin especificar,Sin especificar,00265_piña.mp4,PINA,test2,17,B1
DBLSC,LSC1,266,TOMATE,SUSTANTIVO,"Fruto de la tomatera, de forma redonda u ovalada, rojo y jugoso, comestible. (RAE)",SI,2 señas,NO,SI,Asimétrica (tipo III),Cb,Cb,Bl,Sin especificar,Sin especificar,00266_tomate.mp4,TOMATE,test2,54,B1
DBLSC,LSC1,267,UVA,SUSTANTIVO,"Fruto de la vid, que crece en racimos, pequeño, redondo y jugoso. (RAE)",SI,2 señas,NO,SI,Asimétrica (tipo III),Pc,Okp,Ta,Sin especificar,Sin especificar,00267_uva.mp4,UVA,test3,86,B2
DBLSC,LSC1,268,VERDURA,SUSTANTIVO,Hortaliza cuyas hojas o partes verdes son comestibles. (RAE),SI,2 señas,NO,SI,Asimétrica (tipo III),C,S,V,Sin especificar,Sin especificar,00268_verdura.mp4,VERDURA,test2,49,B1
DBLSC,LSC1,269,YUCA,SUSTANTIVO,"Planta arbustiva de raíz gruesa y comestible, rica en almidón. (RAE)",NO,1 seña,NO,SI,Semi-simétrica (tipo II),Bl,Sin especificar,Sin especificar,Sin especificar,Sin especificar,00269_yuca.mp4,YUCA,test2,49,B1
DBLSC,LSC1,270,ZANAHORIA,SUSTANTIVO,"Hortaliza de raíz comestible, alargada, cónica y de color anaranjado. (RAE)",NO,1 seña,NO,SI,Unimanual en contacto (tipo X),Al,S,Sin especificar,Sin especificar,Sin especificar,00270_zanahoria.mp4,ZANAHORIA,test2,49,B1
DBLSC,LSC1,271,ACEITE,SUSTANTIVO,"Líquido graso, combustible y viscoso, de origen vegetal, mineral o animal. (RAE)",NO,1 seña,NO,SI,Asimétrica (tipo III),Bl,Nc,Sin especificar,Sin especificar,Sin especificar,00271_aceite.mp4,ACEITE,test2,54,B1
DBLSC,LSC1,272,ÁCIDO,ADJETIVO,Que tiene sabor agrio o punzante. (RAE),NO,1 seña,SI,SI,Unimanual en contacto (tipo X),N,Sin especificar,Sin especificar,Sin especificar,Sin especificar,00272_acido.mp4,ACIDO,test2,18,B1
DBLSC,LSC0,273,AGUA,SUSTANTIVO,"Sustancia líquida sin olor, color ni sabor, esencial para la vida. (RAE)",NO,1 seña,NO,SI,Unimanual en contacto (tipo X),A,Sin especificar,Sin especificar,Sin especificar,Sin especificar,00273_agua.mp4,AGUA,test2,73,A2
DBLSC,LSC0,274,ALMUERZO-DOS,SUSTANTIVO,Segundo tiempo o comida principal del mediodía en la organización corpus. (Generada Gemini),NO,1 seña,SI,SI,Unimanual en contacto (tipo X),W,Sin especificar,Sin especificar,Sin especificar,Sin especificar,00274_almuerzodo.mp4,ALMUERZO DOS,test3,82,A1
DBLSC,LSC0,275,ALMUERZO-MEDIODIA,SUSTANTIVO,Comida que se toma a mitad del día. (Generada Gemini),SI,2 señas,NO,SI,Compuestas (tipo C),Q,Be,Sin especificar,Sin especificar,Sin especificar,00275_almuerzome.mp4,ALMUERZO MEDIODIA,test2,63,A1
DBLSC,LSC0,276,AREPA,SUSTANTIVO,"Tortilla de maíz desgranado y molido o de harina de maíz, típica de Colombia y Venezuela. (RAE)",NO,1 seña,NO,SI,Asimétrica (tipo III),B,Cl,Sin especificar,Sin especificar,Sin especificar,00276_arepa.mp4,AREPA,test4,19,A1
DBLSC,LSC0,277,AROMÁTICA/TÉ,SUSTANTIVO,Infusión de hierbas aromáticas o té para beber. (RAE),SI,2 señas,NO,SI,Asimétrica (tipo III),C,Tb,Sin especificar,Sin especificar,Sin especificar,00277_aromaticat.mp4,AROMATICA/TE,test4,59,A1
DBLSC,LSC0,278,ARROZ,SUSTANTIVO,"Planta cereal y su grano comestible, base de múltiples preparaciones culinarias. (RAE)",NO,1 seña,SI,SI,Simétrica (tipo I),J,Sin especificar,Sin especificar,Sin especificar,Sin especificar,00278_arroz.mp4,ARROZ,test4,19,A1
DBLSC,LSC0,279,AZÚCAR,SUSTANTIVO,"Sustancia cristalina, generalmente blanca, muy dulce, que se extrae de la caña de azúcar o de la remolacha. (RAE)",SI,2 señas,NO,SI,Compuestas (tipo C),H,Q,Sin especificar,Sin especificar,Sin especificar,00279_azucar.mp4,AZUCAR,test4,19,A1
DBLSC,LSC0,280,CAFÉ,ADJETIVO,Bebida que se obtiene por infusión a partir de los frutos tostados y molidos de la planta del café. (RAE),SI,2 señas,NO,SI,Asimétrica (tipo III),Bl,Tb,Sin especificar,Sin especificar,Sin especificar,00280_cafe.mp4,CAFE,test4,59,A1
DBLSC,LSC1,281,CAMARÓN,SUSTANTIVO,"Crustáceo marino comestible, de cuerpo alargado y pequeño. (RAE)",NO,1 seña,SI,SI,Unimanual (tipo 0),Xe,Sin especificar,Sin especificar,Sin especificar,Sin especificar,00281_camaron.mp4,CAMARON,test1,21,B2
DBLSC,LSC0,282,CARNE,SUSTANTIVO,"Parte muscular del cuerpo de los animales, consumida como alimento. (RAE)",NO,1 seña,NO,SI,Unimanual en contacto (tipo X),XX,Sin especificar,Sin especificar,Sin especificar,Sin especificar,00282_carne.mp4,CARNE,test3,85,A1
DBLSC,LSC1,283,CERVEZA,SUSTANTIVO,Bebida alcohólica obtenida por fermentación de granos de cebada u otros cereales. (RAE),NO,1 seña,SI,SI,Unimanual en contacto (tipo X),S,Sin especificar,Sin especificar,Sin especificar,Sin especificar,00283_cerveza.mp4,CERVEZA,test1,16,B1
DBLSC,LSC1,284,CHOCOLATE,SUSTANTIVO,"Sustancia alimenticia hecha con cacao y azúcar, sólida o disuelta en líquido. (RAE)",NO,1 seña,NO,SI,Simétrica (tipo I),Bl,Sin especificar,Sin especificar,Sin especificar,Sin especificar,00284_chocolate.mp4,CHOCOLATE,test2,18,B1
DBLSC,LSC0,285,COCINAR,VERBO,Preparar los alimentos para que sean comestibles mediante la acción del fuego o calor. (RAE),NO,1 seña,NO,SI,Simétrica (tipo I),Gl,Sin especificar,Sin especificar,Sin especificar,Sin especificar,00285_cocinar.mp4,COCINAR,test2,26,A1
DBLSC,LSC0,286,CENA-TRES,SUSTANTIVO,Comida que se toma por la noche en la estructuración de tiempos del corpus. (Generada Gemini),NO,1 seña,SI,SI,Unimanual en contacto (tipo X),W,Sin especificar,Sin especificar,Sin especificar,Sin especificar,00286_cenatres.mp4,CENA TRES,test3,82,A1
DBLSC,LSC0,287,CENA-NOCHE,SUSTANTIVO,"Última comida del día, ingerida al caer la noche. (Generada Gemini)",SI,2 señas,NO,SI,Compuestas (tipo C),Q,C,S,Sin especificar,Sin especificar,00287_cenanoche.mp4,CENA NOCHE,test3,82,A1
DBLSC,LSC0,288,DESAYUNO-UNO,SUSTANTIVO,Primera comida del día en la secuencia del corpus. (Generada Gemini),NO,1 seña,SI,SI,Unimanual en contacto (tipo X),W,Sin especificar,Sin especificar,Sin especificar,Sin especificar,00288_desayunoun.mp4,DESAYUNO UNO,test3,82,A1
DBLSC,LSC0,289,DESAYUNO-D,SUSTANTIVO,Variante de seña o clasificación para el desayuno en lengua de señas. (Generada Gemini),NO,1 seña,SI,SI,Unimanual en contacto (tipo X),D,Sin especificar,Sin especificar,Sin especificar,Sin especificar,00289_desayunod.mp4,DESAYUNO D,test1,15,A1
DBLSC,LSC0,290,DESAYUNO-F,SUSTANTIVO,Variante de seña o configuración para el desayuno en el corpus. (Generada Gemini),NO,1 seña,SI,SI,Unimanual en contacto (tipo X),Tb,Sin especificar,Sin especificar,Sin especificar,Sin especificar,00290_desayunof.mp4,DESAYUNO F,test1,15,A1
DBLSC,LSC1,291,DULCE-PASTILLA,ADJETIVO,Golosina pequeña o caramelo en forma de pastilla. (Generada Gemini),NO,1 seña,NO,SI,Simétrica (tipo I),Tb,Sin especificar,Sin especificar,Sin especificar,Sin especificar,00291_dulcepasti.mp4,DULCE PASTILLA,test2,18,B1
DBLSC,LSC1,292,EMPANADA,SUSTANTIVO,"Masa rellena de carne, pescado, verdura u otros ingredientes, cocida al horno o frita. (RAE)",NO,1 seña,NO,SI,Simétrica (tipo I),Lc,Sin especificar,Sin especificar,Sin especificar,Sin especificar,00292_empanada.mp4,EMPANADA,test1,16,B1
DBLSC,LSC0,293,ENSALADA,SUSTANTIVO,"Plato de hortalizas mezcladas, cortadas y aderezadas con sal, aceite y vinagre u otros condimentos. (RAE)",NO,1 seña,NO,SI,Simétrica (tipo I),Gl,Sin especificar,Sin especificar,Sin especificar,Sin especificar,00293_ensalada.mp4,ENSALADA,test4,59,A1
DBLSC,LSC0,294,GALLETA,SUSTANTIVO,"Pasta de harina, azúcar y grasa, cocida al horno, generalmente pequeña y seca. (RAE)",NO,1 seña,NO,SI,Unimanual (tipo 0),Xc,Sin especificar,Sin especificar,Sin especificar,Sin especificar,00294_galleta.mp4,GALLETA,test1,53,A2
DBLSC,LSC0,295,GASEOSA,SUSTANTIVO,"Bebida carbonatada y azucarada, sin alcohol. (RAE)",NO,1 seña,NO,SI,Unimanual (tipo 0),Y,Sin especificar,Sin especificar,Sin especificar,Sin especificar,00295_gaseosa.mp4,GASEOSA,test2,73,A2
DBLSC,LSC0,296,HAMBURGUESA,SUSTANTIVO,"Carne picada prensada y cocinada, servida típicamente dentro de un pan redondo. (RAE)",NO,1 seña,NO,SI,Simétrica (tipo I),C,Sin especificar,Sin especificar,Sin especificar,Sin especificar,00296_hamburgues.mp4,HAMBURGUESA,test2,26,A1
DBLSC,LSC0,297,HELADO,SUSTANTIVO,"Alimento congelado hecho con leche, crema, frutas o saborizantes y azúcar. (RAE)",NO,1 seña,NO,SI,Unimanual (tipo 0),S,Sin especificar,Sin especificar,Sin especificar,Sin especificar,00297_helado.mp4,HELADO,test2,26,A1
DBLSC,LSC0,298,HUEVO,SUSTANTIVO,"Cuerpo redondo u ovalado puesto por las aves, con una clara y una yema comestibles. (RAE)",NO,1 seña,NO,SI,Simétrica (tipo I),Gl,Sin especificar,Sin especificar,Sin especificar,Sin especificar,00298_huevo.mp4,HUEVO,test2,56,A1
DBLSC,LSC1,299,JAMÓN,SUSTANTIVO,Carne curada o cocida procedente de las patas traseras del cerdo. (RAE),SI,2 señas,SI,SI,Compuestas (tipo C),Xe,Xc,Bl,Sin especificar,Sin especificar,00299_jamon.mp4,JAMON,test1,95,B2
DBLSC,LSC0,300,JUGO,SUSTANTIVO,Líquido que se extrae de los vegetales o frutas. (RAE),NO,1 seña,NO,SI,Unimanual (tipo 0),P,Sin especificar,Sin especificar,Sin especificar,Sin especificar,00300_jugo.mp4,JUGO,test4,19,A1
DBLSC,LSC0,301,JUGO-J,SUSTANTIVO,"Variante corpus para jugo, incorporando configuración manual en letra ""J"". (Generada Gemini)",NO,1 seña,SI,SI,Unimanual (tipo 0),I,Sin especificar,Sin especificar,Sin especificar,Sin especificar,00301_jugoj.mp4,JUGO J,test1,15,A1
DBLSC,LSC0,302,LECHE,SUSTANTIVO,Líquido blanco y nutritivo secretado por las glándulas mamarias de las hembras de los mamíferos. (RAE),NO,1 seña,NO,SI,Simétrica (tipo I),Gl,Sin especificar,Sin especificar,Sin especificar,Sin especificar,00302_leche.mp4,LECHE,test3,64,A2
DBLSC,LSC1,303,MERCADO-CANASTO,SUSTANTIVO,Actividad de abastecimiento o compra de víveres utilizando un canasto. (Generada Gemini),NO,1 seña,NO,SI,Unimanual (tipo 0),S,Sin especificar,Sin especificar,Sin especificar,Sin especificar,00303_mercadocan.mp4,MERCADO CANASTO,test4,14,B2
DBLSC,LSC1,304,ESPESO,ADJETIVO,"Que tiene una densidad superior a la normal o deseada, denso. (RAE)",SI,2 señas,SI,SI,Compuestas (tipo C),S,Qe,Sin especificar,Sin especificar,Sin especificar,00304_espeso.mp4,ESPESO,test1,94,B2
DBLSC,LSC0,305,PAN,SUSTANTIVO,"Alimento hecho con masa de harina, agua y levadura, cocido al horno. (RAE)",NO,1 seña,NO,SI,Simétrica (tipo I),Qa,Sin especificar,Sin especificar,Sin especificar,Sin especificar,00305_pan.mp4,PAN,test2,26,A1
DBLSC,LSC0,306,PANELA,SUSTANTIVO,"Bloque de azúcar de caña sin purificar, compacto y sólido, típico de Colombia. (RAE)",NO,1 seña,NO,SI,Simétrica (tipo I),Bl,Sin especificar,Sin especificar,Sin especificar,Sin especificar,00306_panela.mp4,PANELA,test1,53,A2
DBLSC,LSC1,307,PAPA-TUBERCULO,SUSTANTIVO,Tubérculo comestible de la planta de la papa. (Generada Gemini),NO,1 seña,SI,SI,Asimétrica (tipo III),S,XX,Sin especificar,Sin especificar,Sin especificar,00307_papatuberc.mp4,PAPA TUBERCULO,test3,87,B1
DBLSC,LSC0,308,PASTA-SPAGUETTI,SUSTANTIVO,Alimento elaborado con pasta de harina en forma de hilos largos. (Generada Gemini),NO,1 seña,NO,SI,Simétrica (tipo I),I,Sin especificar,Sin especificar,Sin especificar,Sin especificar,00308_pastaspagu.mp4,PASTA SPAGUETTI,test2,63,A1
DBLSC,LSC0,309,PERRO-CALIENTE,SUSTANTIVO,Comida rápida compuesta por una salchicha cocida servida en el interior de un pan alargado. (RAE),SI,2 señas,NO,SI,Asimétrica (tipo III),P,Gl,Sin especificar,Sin especificar,Sin especificar,00309_perrocalie.mp4,PERRO CALIENTE,test1,53,A2
DBLSC,LSC0,310,PESCADO,SUSTANTIVO,"Pez extraído del agua, comestible. (RAE)",NO,1 seña,NO,SI,Unimanual (tipo 0),B,Sin especificar,Sin especificar,Sin especificar,Sin especificar,00310_pescado.mp4,PESCADO,test4,59,A1
DBLSC,LSC0,311,PIZZA,SUSTANTIVO,"Masa de harina estirada, cubierta de salsa de tomate, queso y otros ingredientes, horneada. (RAE)",NO,1 seña,NO,SI,Simétrica (tipo I),Xc,Sin especificar,Sin especificar,Sin especificar,Sin especificar,00311_pizza.mp4,PIZZA,test2,26,A1
DBLSC,LSC0,312,POLLO,SUSTANTIVO,"Cría de la gallina, utilizada como alimento. (RAE)",SI,2 señas,NO,SI,Compuestas (tipo C),Tc,S,Sin especificar,Sin especificar,Sin especificar,00312_pollo.mp4,POLLO,test2,35,A2
DBLSC,LSC0,313,PONQUÉ,SUSTANTIVO,Bizcocho o pastel esponjoso dulce. (RAE),NO,1 seña,NO,SI,Simétrica (tipo I),Lc,Sin especificar,Sin especificar,Sin especificar,Sin especificar,00313_ponque.mp4,PONQUE,test4,8,A2
DBLSC,LSC1,314,QUESO-ESTIRA,SUSTANTIVO,Variante de la seña de queso que representa icónicamente la elasticidad al estirarlo. (Generada Gemini),NO,1 seña,NO,SI,Unimanual (tipo 0),Ta,Tb,Sin especificar,Sin especificar,Sin especificar,00314_quesoestir.mp4,QUESO ESTIRA,test4,74,B1
DBLSC,LSC1,315,QUESO-LINEA,SUSTANTIVO,Variante de seña para queso con trazado lineal en el corpus. (Generada Gemini),NO,1 seña,SI,SI,Asimétrica (tipo III),Bl,Y,Sin especificar,Sin especificar,Sin especificar,00315_quesolinea.mp4,QUESO LINEA,test4,74,B1
DBLSC,LSC1,316,QUESO-H,SUSTANTIVO,"Variante de seña para queso utilizando la configuración manual de la letra ""H"". (Generada Gemini)",NO,1 seña,SI,SI,Simétrica (tipo I),H,Sin especificar,Sin especificar,Sin especificar,Sin especificar,00316_quesoh.mp4,QUESO H,test4,74,B1
DBLSC,LSC0,317,RICO-SABOR,ADJETIVO,Que tiene un sabor muy agradable o exquisito. (Generada Gemini),NO,1 seña,NO,SI,Unimanual en contacto (tipo X),Tb,Sin especificar,Sin especificar,Sin especificar,Sin especificar,00317_ricosabor.mp4,RICO SABOR,test2,23,A1
DBLSC,LSC0,318,SAL,SUSTANTIVO,"Cloruro de sodio, sustancia cristalina usada para condimentar los alimentos. (RAE)",NO,1 seña,NO,SI,Unimanual (tipo 0),Nb,Sin especificar,Sin especificar,Sin especificar,Sin especificar,00318_sal.mp4,SAL,test1,53,A2
DBLSC,LSC1,319,SALSA-DE-TOMATE,SUSTANTIVO,Salsa condimentada elaborada a base de puré de tomate. (RAE),SI,2 señas,NO,SI,Compuestas (tipo C),Xc,Bl,A,Sin especificar,Sin especificar,00319_salsadetom.mp4,SALSA DE TOMATE,test2,54,B1
DBLSC,LSC1,320,SÁNDUCHE,SUSTANTIVO,"Emparedado hecho con dos rebanadas de pan entre las cuales se coloca jamón, queso u otros ingredientes. (RAE)",NO,1 seña,NO,SI,Simétrica (tipo I),Qa,Sin especificar,Sin especificar,Sin especificar,Sin especificar,00320_sanduche.mp4,SANDUCHE,test2,18,B1
DBLSC,LSC0,321,SOPA,SUSTANTIVO,Plato de comida líquida que se obtiene hirviendo alimentos en agua o caldo. (RAE),NO,1 seña,NO,SI,Simétrica (tipo I),Bl,Sin especificar,Sin especificar,Sin especificar,Sin especificar,00321_sopa.mp4,SOPA,test4,59,A1
DBLSC,LSC1,322,TAMAL,SUSTANTIVO,"Masa de maíz rellena de carne, pollo u otros ingredientes, envuelta en hojas y cocida al vapor o hervida. (RAE)",NO,1 seña,NO,SI,Asimétrica (tipo III),S,Jc,Sin especificar,Sin especificar,Sin especificar,00322_tamal.mp4,TAMAL,test1,16,B1
DBLSC,LSC1,323,VINO,SUSTANTIVO,Bebida alcohólica fermentada que se obtiene del zumo de las uvas. (RAE),NO,1 seña,NO,SI,Unimanual en contacto (tipo X),V,Sin especificar,Sin especificar,Sin especificar,Sin especificar,00323_vino.mp4,VINO,test1,16,B1
DBLSC,LSC0,324,YOGUR,SUSTANTIVO,"Producto lácteo fermentado, de consistencia cremosa. (RAE)",NO,1 seña,NO,SI,Unimanual (tipo 0),C,Sin especificar,Sin especificar,Sin especificar,Sin especificar,00324_yogur.mp4,YOGUR,test2,26,A1
DBLSC,LSC0,325,YOGUR-TAPA,SUSTANTIVO,Variante o referencia a la tapa o porción superior del envase de yogur en el corpus. (Generada Gemini),SI,2 señas,NO,SI,Asimétrica (tipo III),C,Bl,Tb,Sin especificar,Sin especificar,00325_yogurtapa.mp4,YOGUR TAPA,test1,15,A1
DBLSC,LSC1,326,ABRIGO,SUSTANTIVO,Prenda de vestir de manga larga que se pone sobre las demás para protegerse del frío. (RAE),NO,1 seña,NO,SI,Simétrica (tipo I),S,Sin especificar,Sin especificar,Sin especificar,Sin especificar,00326_abrigo.mp4,ABRIGO,test1,49,B2
DBLSC,LSC1,327,BILLETERA,SUSTANTIVO,"Cartera pequeña de bolsillo para guardar billetes, tarjetas y documentos. (RAE)",NO,1 seña,NO,SI,Simétrica (tipo I),B,Sin especificar,Sin especificar,Sin especificar,Sin especificar,00327_billetera.mp4,BILLETERA,test4,87,B2
DBLSC,LSC1,328,BLUSA,SUSTANTIVO,"Prenda de vestir holgada semejante a una camisa, que usan las mujeres y los niños. (RAE)",NO,1 seña,SI,SI,Unimanual en contacto (tipo X),O,Jc,Sin especificar,Sin especificar,Sin especificar,00328_blusa.mp4,BLUSA,test2,25,B1
DBLSC,LSC1,329,BOLSO,SUSTANTIVO,Accesorio o bolsa de mano con asas para llevar objetos personales. (RAE),NO,1 seña,NO,SI,Unimanual en contacto (tipo X),A,Sin especificar,Sin especificar,Sin especificar,Sin especificar,00329_bolso.mp4,BOLSO,test2,72,B2
DBLSC,LSC1,330,BRASIER,SUSTANTIVO,Prenda interior femenina que sostiene y cubre los senos. (RAE),NO,1 seña,NO,SI,Simétrica (tipo I),Xc,Sin especificar,Sin especificar,Sin especificar,Sin especificar,00330_brasier.mp4,BRASIER,test2,25,B1
DBLSC,LSC1,331,CACHUCHA,SUSTANTIVO,Gorra con visera. (RAE),NO,1 seña,NO,SI,Unimanual (tipo 0),Xf,Sin especificar,Sin especificar,Sin especificar,Sin especificar,00331_cachucha.mp4,CACHUCHA,test4,1,B1
DBLSC,LSC1,332,CADENA-ESLABON,SUSTANTIVO,"Conjunto de eslabones enlazados entre sí, con énfasis en su estructura eslabonada. (Generada Gemini)",NO,1 seña,SI,SI,Semi-simétrica (tipo II),Ta,Tb,Sin especificar,Sin especificar,Sin especificar,00332_cadenaesla.mp4,CADENA ESLABON,test4,74,B1
DBLSC,LSC1,333,CADENA-CUELLO,SUSTANTIVO,Cadena o joya ornamental llevada alrededor del cuello. (Generada Gemini),SI,2 señas,SI,SI,Asimétrica (tipo III),N,Nb,Ta,Tb,Sin especificar,00333_cadenacuel.mp4,CADENA CUELLO,test4,74,B1
DBLSC,LSC1,334,CAMISA,SUSTANTIVO,"Prenda de vestir de tela que cubre el tronco, generalmente con cuello, abotonada por delante y con mangas. (RAE)",NO,1 seña,SI,SI,Unimanual en contacto (tipo X),Lc,Ob,Sin especificar,Sin especificar,Sin especificar,00334_camisa.mp4,CAMISA,test2,25,B1
DBLSC,LSC1,335,CAMISETA,SUSTANTIVO,"Prenda de vestir de punto, ajustada al tronco, por lo general sin cuello y de manga corta o sisa. (RAE)",NO,1 seña,SI,SI,Unimanual en contacto (tipo X),Bl,Sin especificar,Sin especificar,Sin especificar,Sin especificar,00335_camiseta.mp4,CAMISETA,test2,25,B1
DBLSC,LSC1,336,CHAQUETA,SUSTANTIVO,Prenda de vestir exterior con mangas que cubre el torso hasta la cadera. (RAE),NO,1 seña,NO,SI,Simétrica (tipo I),S,Sin especificar,Sin especificar,Sin especificar,Sin especificar,00336_chaqueta.mp4,CHAQUETA,test2,25,B1
DBLSC,LSC1,337,CINTURÓN,SUSTANTIVO,Cinta o correa flexible que se ciñe a la cintura para sujetar los pantalones o como adorno. (RAE),NO,1 seña,NO,SI,Simétrica (tipo I),Xc,Sin especificar,Sin especificar,Sin especificar,Sin especificar,00337_cinturon.mp4,CINTURON,test2,25,B1
DBLSC,LSC1,338,CORBATA,SUSTANTIVO,"Tira de tela u otro material que se coloca alrededor del cuello de la camisa, pasando por debajo del cuello y atada con un nudo. (RAE)",NO,1 seña,NO,SI,Semi-simétrica (tipo II),Xc,Sin especificar,Sin especificar,Sin especificar,Sin especificar,00338_corbata.mp4,CORBATA,test2,25,B1
DBLSC,LSC1,339,CUERO,SUSTANTIVO,Pellejo de los animales curtido y preparado para su uso. (RAE),SI,2 señas,NO,SI,Compuestas (tipo C),Xc,Xf,Sin especificar,Sin especificar,Sin especificar,00339_cuero.mp4,CUERO,test1,21,B2
DBLSC,LSC1,340,DESVESTIRSE,VERBO,Quitarse la ropa o vestimenta del cuerpo. (RAE),NO,1 seña,NO,SI,Semi-simétrica (tipo II),Gl,S,J,Sin especificar,Sin especificar,00340_desvestirs.mp4,DESVESTIRSE,test4,29,B2
DBLSC,LSC1,341,FALDA,SUSTANTIVO,"Prenda de vestir que cuelga de la cintura hacia abajo, cubriendo las piernas total o parcialmente. (RAE)",NO,1 seña,NO,SI,Simétrica (tipo I),Lc,Sin especificar,Sin especificar,Sin especificar,Sin especificar,00341_falda.mp4,FALDA,test1,49,B2
DBLSC,LSC1,342,CALZONES,SUSTANTIVO,Prenda de ropa interior masculina o calzón antiguo. (RAE),NO,1 seña,NO,SI,Simétrica (tipo I),Lc,Pc,Sin especificar,Sin especificar,Sin especificar,00342_calzones.mp4,CALZONES,test2,25,B1
DBLSC,LSC1,343,LANA,SUSTANTIVO,Fibra textil natural que se obtiene del pelo de las ovejas y otros animales. (RAE),NO,1 seña,SI,SI,Simétrica (tipo I),P,Sin especificar,Sin especificar,Sin especificar,Sin especificar,00343_lana.mp4,LANA,test2,25,B1
DBLSC,LSC1,344,MEDIAS-CORTA,SUSTANTIVO,Prendas cortas de punto que cubren el pie y parte del tobillo. (Generada Gemini),NO,1 seña,NO,SI,Semi-simétrica (tipo II),J,Sin especificar,Sin especificar,Sin especificar,Sin especificar,00344_mediascort.mp4,MEDIAS CORTA,test3,23,B1
DBLSC,LSC1,345,MODA,SUSTANTIVO,"Uso, modo o costumbre que está en boga durante algún tiempo, especialmente en los trajes y telas. (RAE)",NO,1 seña,SI,SI,Semi-simétrica (tipo II),Ql,Sin especificar,Sin especificar,Sin especificar,Sin especificar,00345_moda.mp4,MODA,test1,49,B2
DBLSC,LSC1,346,PANTALÓN,SUSTANTIVO,Prenda de vestir que sujeta la cintura y cubre cada pierna por separado. (RAE),NO,1 seña,NO,SI,Unimanual en contacto (tipo X),Bl,Sin especificar,Sin especificar,Sin especificar,Sin especificar,00346_pantalon.mp4,PANTALON,test2,25,B1
DBLSC,LSC1,347,PANTALONCILLOS,SUSTANTIVO,Calzoncillos o pantalones cortos de ropa interior. (RAE),NO,1 seña,NO,SI,Simétrica (tipo I),Lc,Sin especificar,Sin especificar,Sin especificar,Sin especificar,00347_pantalonci.mp4,PANTALONCILLOS,test4,71,B1
DBLSC,LSC1,348,PIJAMA,SUSTANTIVO,Traje holgado para dormir o estar en la cama. (RAE),SI,2 señas,NO,SI,Simétrica (tipo I),J,Jc,Bl,Sin especificar,Sin especificar,00348_pijama.mp4,PIJAMA,test1,53,B1
DBLSC,LSC1,349,RELOJ,SUSTANTIVO,Instrumento para medir el tiempo o indicar la hora. (RAE),NO,1 seña,NO,SI,Asimétrica (tipo III),S,Ta,Sin especificar,Sin especificar,Sin especificar,00349_reloj.mp4,RELOJ,test4,32,B1
DBLSC,LSC1,350,ROPA,SUSTANTIVO,Conjunto de prendas de vestir. (RAE),NO,1 seña,NO,SI,Unimanual en contacto (tipo X),Tb,Sin especificar,Sin especificar,Sin especificar,Sin especificar,00350_ropa.mp4,ROPA,test1,49,B2
DBLSC,LSC1,351,SACO,SUSTANTIVO,Prenda de vestir exterior de abrigo o americana. (RAE),NO,1 seña,NO,SI,Simétrica (tipo I),Af,Sin especificar,Sin especificar,Sin especificar,Sin especificar,00351_saco.mp4,SACO,test1,49,B2
DBLSC,LSC1,352,SOMBRERO,SUSTANTIVO,"Prenda de vestir que sirve para cubrir la cabeza, provista de ala. (RAE)",NO,1 seña,NO,SI,Unimanual en contacto (tipo X),Gl,Sin especificar,Sin especificar,Sin especificar,Sin especificar,00352_sombrero.mp4,SOMBRERO,test2,25,B1
DBLSC,LSC1,353,SUDADERA,SUSTANTIVO,"Prenda deportiva de punto, de manga larga, holgada y generalmente con capucha. (RAE)",NO,1 seña,NO,SI,Simétrica (tipo I),V,Sin especificar,Sin especificar,Sin especificar,Sin especificar,00353_sudadera.mp4,SUDADERA,test4,51,B2
DBLSC,LSC1,354,TELA,SUSTANTIVO,Armadura de hilos cruzados que forman un tejido. (RAE),NO,1 seña,NO,SI,Semi-simétrica (tipo II),Be,Sin especificar,Sin especificar,Sin especificar,Sin especificar,00354_tela.mp4,TELA,test1,74,B2
DBLSC,LSC1,355,TENIS,SUSTANTIVO,"Zapato cómodo y flexible, de suela de goma, empleado para hacer deporte o uso casual. (RAE)",NO,1 seña,SI,SI,Simétrica (tipo I),XXe,Sin especificar,Sin especificar,Sin especificar,Sin especificar,00355_tenis.mp4,TENIS,test4,71,B1
DBLSC,LSC1,356,UNIFORME,SUSTANTIVO,"Conjunto de ropa reglamentaria que distingue a los miembros de un colectivo, escuela o profesión. (RAE)",NO,1 seña,NO,SI,Simétrica (tipo I),Nb,N,Sin especificar,Sin especificar,Sin especificar,00356_uniforme.mp4,UNIFORME,test2,25,B1
DBLSC,LSC1,357,ZAPATO,SUSTANTIVO,Calzado que cubre el pie sin rebasar el tobillo. (RAE),NO,1 seña,NO,SI,Simétrica (tipo I),S,Sin especificar,Sin especificar,Sin especificar,Sin especificar,00357_zapato.mp4,ZAPATO,test4,71,B1
DBLSC,LSC1,358,AFEITAR-MAQUINA,VERBO,Acción de rasurar el vello o barba utilizando una máquina eléctrica o mecánica. (Generada Gemini),NO,1 seña,NO,SI,Unimanual en contacto (tipo X),S,Sin especificar,Sin especificar,Sin especificar,Sin especificar,00358_afeitarmaq.mp4,AFEITAR MAQUINA,test3,57,B1
DBLSC,LSC1,359,AFEITAR-PRESTOBARBA,VERBO,Acción de rasurar el vello utilizando una máquina de afeitar desechable o tipo rastrillo. (Generada Gemini),NO,1 seña,NO,SI,Unimanual en contacto (tipo X),Xe,Sin especificar,Sin especificar,Sin especificar,Sin especificar,00359_afeitarpre.mp4,AFEITAR PRESTOBARBA,test1,56,B1
DBLSC,LSC1,360,BAÑAR,VERBO,Lavar el cuerpo o sumergirlo en agua. (RAE),NO,1 seña,NO,SI,Simétrica (tipo I),J,Sin especificar,Sin especificar,Sin especificar,Sin especificar,00360_bañar.mp4,BANAR,test1,77,B1
DBLSC,LSC1,361,CEPILLO-DE-DIENTES,SUSTANTIVO,"Instrumento pequeño con cerdas en un extremo, utilizado para limpiar la dentadura. (RAE)",NO,1 seña,NO,SI,Unimanual (tipo 0),P,Sin especificar,Sin especificar,Sin especificar,Sin especificar,00361_cepilloded.mp4,CEPILLO DE DIENTES,test3,86,B1
DBLSC,LSC0,362,PEINARSE,VERBO,Arreglar o desenredar el cabello con un peine o cepillo. (RAE),NO,1 seña,NO,SI,Unimanual en contacto (tipo X),Xf,Sin especificar,Sin especificar,Sin especificar,Sin especificar,00362_peinarse.mp4,PEINARSE,test4,37,A2
DBLSC,LSC1,363,CHAMPÚ,SUSTANTIVO,Jabón líquido que se emplea para lavar el cabello y el cuero cabelludo. (RAE),SI,2 señas,NO,SI,Compuestas (tipo C),Bl,Q,Jb,Sin especificar,Sin especificar,00363_champu.mp4,CHAMPU,test1,95,B2
DBLSC,LSC1,364,COLORETE,SUSTANTIVO,Cosmético de color rojizo que se aplica en las mejillas para darles color. (RAE),SI,2 señas,NO,SI,Compuestas (tipo C),C,Qf,Bl,Sin especificar,Sin especificar,00364_colorete.mp4,COLORETE,test2,62,B1
DBLSC,LSC1,365,CREMA-DE-DIENTES,SUSTANTIVO,Pasta dentífrica usada para la limpieza de los dientes. (RAE),NO,1 seña,NO,SI,Asimétrica (tipo III),P,A,Af,Sin especificar,Sin especificar,00365_cremadedie.mp4,CREMA DE DIENTES,test3,86,B1
DBLSC,LSC1,366,CREMA-DE-MANOS,SUSTANTIVO,Loción cosmética para hidratar y cuidar la piel de las manos. (Generada Gemini),SI,2 señas,NO,SI,Asimétrica (tipo III),Cl,X,Bl,S,Gl,00366_cremademan.mp4,CREMA DE MANOS,test4,69,B1
DBLSC,LSC1,367,DESODORANTE,SUSTANTIVO,Sustancia que se aplica en el cuerpo para suprimir o neutralizar el mal olor corporal. (RAE),SI,2 señas,NO,SI,Asimétrica (tipo III),C,Gl,S,Sin especificar,Sin especificar,00367_desodorant.mp4,DESODORANTE,test3,29,B1
DBLSC,LSC1,368,EMBETUNAR,VERBO,Aplicar betún o pomada para limpiar y dar brillo al calzado o cuero. (RAE),SI,3 señas,NO,SI,Asimétrica (tipo III),C,Qf,B,Af,Sin especificar,00368_embetunar.mp4,EMBETUNAR,test2,23,B2
DBLSC,LSC1,369,ENJABONARSE,VERBO,Aplicar jabón sobre el cuerpo durante el lavado. (RAE),NO,1 seña,NO,SI,Semi-simétrica (tipo II),A,Al,Sin especificar,Sin especificar,Sin especificar,00369_enjabonars.mp4,ENJABONARSE,test2,59,B1
DBLSC,LSC1,370,PAÑAL,SUSTANTIVO,Pieza de tela o celulosa absorbente que se usa para los bebés o personas incontinentes. (RAE),NO,1 seña,NO,SI,Semi-simétrica (tipo II),Bl,Sin especificar,Sin especificar,Sin especificar,Sin especificar,00370_pañal.mp4,PANAL,test4,9,B2
DBLSC,LSC1,371,PAPEL-HIGIÉNICO,SUSTANTIVO,Papel suave y absorbente destinado a la higiene íntima. (RAE),NO,1 seña,NO,SI,Semi-simétrica (tipo II),B,Sin especificar,Sin especificar,Sin especificar,Sin especificar,00371_papelhigie.mp4,PAPEL HIGIENICO,test3,86,B1
DBLSC,LSC1,372,PERFUME,SUSTANTIVO,Sustancia aromática líquida que se usa para desprender buen olor. (RAE),NO,1 seña,NO,SI,Unimanual (tipo 0),X,Xe,Sin especificar,Sin especificar,Sin especificar,00372_perfume.mp4,PERFUME,test3,29,B1
DBLSC,LSC1,373,TALCO,SUSTANTIVO,Polvo mineral fino utilizado para absorber la humedad y suavizar la piel. (RAE),NO,1 seña,NO,SI,Asimétrica (tipo III),B,C,Sin especificar,Sin especificar,Sin especificar,00373_talco.mp4,TALCO,test3,29,B1
DBLSC,LSC1,374,TOALLA,SUSTANTIVO,Pieza de tela absorbente para secar el cuerpo o la cara. (RAE),NO,1 seña,NO,SI,Simétrica (tipo I),S,Sin especificar,Sin especificar,Sin especificar,Sin especificar,00374_toalla.mp4,TOALLA,test4,29,B2
DBLSC,LSC1,375,TOALLA-HIGIÉNICA,SUSTANTIVO,Compresa absorbente utilizada durante el periodo menstrual. (RAE),NO,1 seña,NO,SI,Unimanual en contacto (tipo X),Cb,Sin especificar,Sin especificar,Sin especificar,Sin especificar,00375_toallahigi.mp4,TOALLA HIGIENICA,test3,89,B1
DBLSC,LSC1,376,ACNÉ,SUSTANTIVO,"Enfermedad cutánea caracterizada por la inflamación de las glándulas sebáceas, con aparición de espinillas. (RAE)",NO,1 seña,NO,SI,Simétrica (tipo I),P,Sin especificar,Sin especificar,Sin especificar,Sin especificar,00376_acne.mp4,ACNE,test1,58,B2
DBLSC,LSC1,377,ALGODÓN,SUSTANTIVO,Fibra textil suave y blanca que se usa en medicina y cosmética para limpieza o absorción. (RAE),NO,1 seña,NO,SI,Simétrica (tipo I),Jc,Q,Sin especificar,Sin especificar,Sin especificar,00377_algodon.mp4,ALGODON,test2,25,B1
DBLSC,LSC1,378,CÁNCER,SUSTANTIVO,Enfermedad caracterizada por la multiplicación rápida y descontrolada de células anormales en el cuerpo. (RAE),SI,1 seña,SI,SI,Unimanual (tipo 0),Gl,Sin especificar,Sin especificar,Sin especificar,Sin especificar,00378_cancer.mp4,CANCER,test1,58,B2
DBLSC,LSC1,379,CIRUGÍA,SUSTANTIVO,Especialidad médica y práctica de intervenir quirúrgicamente en el cuerpo humano. (RAE),NO,1 seña,NO,SI,Asimétrica (tipo III),A,Af,Sin especificar,Sin especificar,Sin especificar,00379_cirugia.mp4,CIRUGIA,test2,77,B2
DBLSC,LSC0,380,SUERTE,SUSTANTIVO,Circunstancia o evento favorable o desfavorable atribuido al azar. (RAE),NO,1 seña,NO,SI,Simétrica (tipo I),No,No,Sin especificar,Sin especificar,Sin especificar,00380_suerte.mp4,SUERTE,test3,60,A1
DBLSC,LSC1,381,DIARREA,SUSTANTIVO,Alteración del intestino que se caracteriza por evacuaciones frecuentes y líquidas. (RAE),SI,2 señas,NO,SI,Semi-simétrica (tipo II),Af,A,C,Q,Sin especificar,00381_diarrea.mp4,DIARREA,test1,58,B2
DBLSC,LSC0,382,DOLER,VERBO,Sentir dolor o molestia física en una parte del cuerpo. (RAE),NO,1 seña,NO,SI,Unimanual (tipo 0),Ne,Sin especificar,Sin especificar,Sin especificar,Sin especificar,00382_doler.mp4,DOLER,test1,0,A1
DBLSC,LSC1,383,ENFERMO,ADJETIVO,Dicho de una persona: que padece una enfermedad. (RAE),NO,1 seña,NO,SI,Unimanual en contacto (tipo X),Qa,Sin especificar,Sin especificar,Sin especificar,Sin especificar,00383_enfermo.mp4,ENFERMO,test2,5,B2
DBLSC,LSC1,384,EXÁMEN-MÉDICO,SUSTANTIVO,Prueba o exploración clínica realizada por personal sanitario para evaluar el estado de salud. (Generada Gemini),SI,2 señas,NO,SI,Asimétrica (tipo III),No,Af,Gl,Gl,Sin especificar,00384_examenmedi.mp4,EXAMEN MEDICO,test2,77,B2
DBLSC,LSC1,385,FIEBRE,SUSTANTIVO,"Aumento de la temperatura corporal por encima de los valores normales, generalmente debido a infección. (RAE)",NO,1 seña,NO,SI,Simétrica (tipo I),J,J,Sin especificar,Sin especificar,Sin especificar,00385_fiebre.mp4,FIEBRE,test2,5,B2
DBLSC,LSC1,386,FRACTURA,SUSTANTIVO,Rotura de un hueso. (RAE),NO,1 seña,NO,SI,Simétrica (tipo I),S,S,Sin especificar,Sin especificar,Sin especificar,00386_fractura.mp4,FRACTURA,test3,23,B1
DBLSC,LSC1,387,GRIPA,SUSTANTIVO,"Enfermedad infecciosa aguda, viral y contagiosa, que afecta las vías respiratorias (gripe). (RAE)",NO,1 seña,NO,SI,Unimanual (tipo 0),Tl,A,Sin especificar,Sin especificar,Sin especificar,00387_gripa.mp4,GRIPA,test2,5,B2
DBLSC,LSC1,388,HOSPITAL-CASA,SUSTANTIVO,Atención médica domiciliaria o concepto de atención clínica en entorno doméstico en el corpus. (Generada Gemini),SI,2 señas,SI,SI,Unimanual en contacto (tipo X),Te,Sin especificar,Sin especificar,Sin especificar,Sin especificar,00388_hospitalca.mp4,HOSPITAL CASA,test2,77,B2
DBLSC,LSC1,389,INFARTO,SUSTANTIVO,"Necrosis de un órgano o parte de él por falta de riego sanguíneo, comúnmente en el corazón. (RAE)",SI,2 señas,NO,SI,Unimanual (tipo 0),Bl,Sin especificar,Af,Sin especificar,Sin especificar,00389_infarto.mp4,INFARTO,test1,58,B2
DBLSC,LSC1,390,HOSPITAL,SUSTANTIVO,"Establecimiento destinado al diagnóstico, tratamiento y hospitalización de enfermos. (RAE)",NO,1 seña,SI,SI,Unimanual (tipo 0),Te,Sin especificar,Sin especificar,Sin especificar,Sin especificar,00390_hospital.mp4,HOSPITAL,test2,77,B2
DBLSC,LSC1,391,INFECCIÓN,SUSTANTIVO,Invasión y multiplicación de gérmenes patógenos en el cuerpo. (RAE),NO,1 seña,NO,SI,Unimanual (tipo 0),O,J,Sin especificar,Sin especificar,Sin especificar,00391_infeccion.mp4,INFECCION,test2,31,B2
DBLSC,LSC1,392,INYECCIÓN,SUSTANTIVO,Introducción de un líquido medicamentoso en el organismo mediante una jeringa y aguja. (RAE),NO,1 seña,NO,SI,Unimanual (tipo 0),Vl,Sin especificar,Sin especificar,Sin especificar,Sin especificar,00392_inyeccion.mp4,INYECCION,test3,7,B2
DBLSC,LSC1,393,JERINGA,SUSTANTIVO,Instrumento para introducir líquidos en conductos o cavidades del cuerpo mediante un émbolo. (RAE),NO,1 seña,NO,SI,Unimanual en contacto (tipo X),Vl,Sin especificar,Sin especificar,Sin especificar,Sin especificar,00393_jeringa.mp4,JERINGA,test2,10,B1
DBLSC,LSC1,394,MAREO,SUSTANTIVO,"Sensación de desvanecimiento o inestabilidad, con turbación de la cabeza. (RAE)",NO,1 seña,NO,SI,Semi-simétrica (tipo II),P,P,Sin especificar,Sin especificar,Sin especificar,00394_mareo.mp4,MAREO,test2,6,B1
DBLSC,LSC1,395,MEDICAMENTO,SUSTANTIVO,Sustancia o preparado que tiene propiedades curativas o preventivas. (RAE),NO,1 seña,NO,SI,Unimanual (tipo 0),Tb,Sin especificar,Sin especificar,Sin especificar,Sin especificar,00395_medicament.mp4,MEDICAMENTO,test1,56,B1
DBLSC,LSC1,396,RADIOGRAFÍA,SUSTANTIVO,Fotografía interna del cuerpo obtenida mediante rayos X. (RAE),NO,1 seña,NO,SI,Simétrica (tipo I),L,L,Sin especificar,Sin especificar,Sin especificar,00396_radiografi.mp4,RADIOGRAFIA,test2,73,B1
DBLSC,LSC0,397,SALUD-BIEN,SUSTANTIVO,"Estado general de bienestar físico, mental y social. (Generada Gemini)",NO,1 seña,NO,SI,Simétrica (tipo I),Ql,Ql,S,S,Sin especificar,00397_saludbien.mp4,SALUD BIEN,test3,60,A1
DBLSC,LSC1,398,SALUD(1),SUSTANTIVO,Estado en que el ser orgánico ejerce normalmente todas sus funciones. (RAE),NO,1 seña,NO,SI,Semi-simétrica (tipo II),N,N,Sin especificar,Sin especificar,Sin especificar,00398_saludtocar.mp4,SALUD 1,test2,52,B2
DBLSC,LSC1,399,SANGRE,SUSTANTIVO,Líquido rojo que circula por las arterias y venas del cuerpo. (RAE),SI,2 señas,SI,SI,Unimanual en contacto (tipo X),S,Sin especificar,S,J,Sin especificar,00399_sangre.mp4,SANGRE,test2,60,B2
DBLSC,LSC0,400,SANO,ADJETIVO,"Que goza de salud perfecta, libre de enfermedad. (RAE)",NO,1 seña,NO,SI,Simétrica (tipo I),Be,A,Sin especificar,Sin especificar,Sin especificar,00400_sano.mp4,SANO,test2,56,A1
DBLSC,LSC1,401,SIDA,SUSTANTIVO,"Síndrome de inmunodeficiencia adquirida, enfermedad vírica grave. (RAE)",NO,1 seña,NO,SI,Semi-simétrica (tipo II),I,I,Sin especificar,Sin especificar,Sin especificar,00401_sida.mp4,SIDA,test2,5,B2
DBLSC,LSC1,402,TERMÓMETRO,SUSTANTIVO,Instrumento que sirve para medir la temperatura. (RAE),SI,2 señas,NO,SI,Unimanual en contacto (tipo X),P,Sin especificar,Sin especificar,Sin especificar,Sin especificar,00402_termometro.mp4,TERMOMETRO,test4,50,B1
DBLSC,LSC1,403,TOS,SUSTANTIVO,"Expulsión brusca, violenta y ruidosa del aire contenido en los pulmones. (RAE)",NO,1 seña,NO,SI,Unimanual (tipo 0),S,Sin especificar,Sin especificar,Sin especificar,Sin especificar,00403_tos.mp4,TOS,test1,32,B2
DBLSC,LSC0,404,APRENDER,VERBO,Adquirir el conocimiento de algo por medio del estudio o de la experiencia. (RAE),NO,1 seña,NO,SI,Asimétrica (tipo III),J,B,Sin especificar,Sin especificar,Sin especificar,00404_aprender.mp4,APRENDER,test4,38,A1
DBLSC,LSC0,405,ATENCIÓN,SUSTANTIVO,Acción de atender o fijar la mente en algo. (RAE),NO,1 seña,NO,SI,Asimétrica (tipo III),B,B,Sin especificar,Sin especificar,Sin especificar,00405_atencion.mp4,ATENCION,test4,20,A1
DBLSC,LSC0,406,CONOCER,VERBO,"Tener noción, idea o sabiduría de algo o alguien. (RAE)",NO,1 seña,NO,SI,Semi-simétrica (tipo II),V,V,Sin especificar,Sin especificar,Sin especificar,00406_conocer.mp4,CONOCER,test4,38,A1
DBLSC,LSC0,407,CREER,VERBO,Tener algo por cierto o verdadero sin tener certeza absoluta. (RAE),NO,1 seña,NO,SI,Unimanual en contacto (tipo X),P,Sin especificar,Y,Bl,Sin especificar,00407_creer.mp4,CREER,test4,38,A1
DBLSC,LSC0,408,DECIDIR,VERBO,Tomar una determinación o resolución fija. (RAE),NO,1 seña,NO,SI,Unimanual (tipo 0),Sin especificar,Sin especificar,Sin especificar,Sin especificar,Sin especificar,00408_decidir.mp4,DECIDIR,test3,83,A1
DBLSC,LSC0,409,DULCE,ADJETIVO,Que tiene sabor suave y agradable como el del azúcar. (RAE),NO,1 seña,NO,SI,Unimanual en contacto (tipo X),Hl,Sin especificar,Sin especificar,Sin especificar,Sin especificar,00409_dulce.mp4,DULCE,test2,26,A1
DBLSC,LSC0,410,GELATINA,SUSTANTIVO,"Sustancia sólida, blanda, transparente y temblorosa que se obtiene por ebullición de huesos, pieles y cartílagos. (RAE)",NO,1 seña,NO,SI,Asimétrica (tipo III),Sin especificar,B,Sin especificar,Sin especificar,Sin especificar,00410_gelatina.mp4,GELATINA,test4,8,A2
DBLSC,LSC0,411,DESEO,SUSTANTIVO,Movimiento afectivo hacia algo que se apetece o se quiere. (RAE),NO,1 seña,NO,SI,Unimanual en contacto (tipo X),J,Sin especificar,Sin especificar,Sin especificar,Sin especificar,00411_deseo.mp4,DESEO,test1,0,A1
DBLSC,LSC0,412,TUYO-DEDO,FUNCION,Pronombre posesivo de segunda persona indicado de forma deíctica mediante el dedo. (Generada Gemini),NO,1 seña,NO,SI,Unimanual (tipo 0),P,Sin especificar,Sin especificar,Sin especificar,Sin especificar,00412_tuyodedo.mp4,TUYO DEDO,test4,40,A1
DBLSC,LSC0,413,CUERPO,SUSTANTIVO,Conjunto de los sistemas orgánicos que constituyen un ser vivo. (RAE),NO,1 seña,NO,SI,Simétrica (tipo I),Cl,C,Sin especificar,Sin especificar,Sin especificar,00413_cuerpo.mp4,CUERPO,test1,53,A2
DBLSC,LSC0,414,ECUADOR,SUSTANTIVO,País de América del Sur. / Círculo máximo que divide la Tierra en dos hemisferios. (RAE),NO,1 seña,SI,SI,Asimétrica (tipo III),E,Bl,Sin especificar,Sin especificar,Sin especificar,00414_ecuador.mp4,ECUADOR,test2,2,A2
DBLSC,LSC0,415,MI,FUNCION,Determinante posesivo de primera persona del singular. (RAE),NO,1 seña,SI,SI,Unimanual en contacto (tipo X),B,Sin especificar,Sin especificar,Sin especificar,Sin especificar,00415_mi.mp4,MI,test4,30,A1
DBLSC,LSC0,416,YO-FORMAL,FUNCION,Registro deíctico o pronominal formal para la primera persona del singular. (Generada Gemini),NO,1 seña,NO,SI,Unimanual en contacto (tipo X),Qf,Sin especificar,Sin especificar,Sin especificar,Sin especificar,00416_yoformal.mp4,YO FORMAL,test4,40,A1
DBLSC,LSC0,417,IX-FORMAL,FUNCION,Seña deíctica (indexical) formal de señalamiento en espacio neutro o pronominal. (Generada Gemini),NO,1 seña,NO,SI,Unimanual (tipo 0),Bl,Sin especificar,Sin especificar,Sin especificar,Sin especificar,00417_ixformal.mp4,AQUELLO FORMAL,test3,13,A1
DBLSC,LSC0,418,USTEDES-FORMAL,FUNCION,Pronombre de segunda persona del plural con registro de respeto o formalidad. (Generada Gemini),NO,1 seña,NO,SI,Unimanual (tipo 0),Bl,Sin especificar,Sin especificar,Sin especificar,Sin especificar,00418_ustedesfor.mp4,USTEDES FORMAL,test4,40,A1
DBLSC,LSC0,419,A-MI,FUNCION,Marcador de dirección u objeto indirecto dirigido hacia la primera persona. (Generada Gemini),NO,1 seña,NO,SI,Unimanual en contacto (tipo X),P,Sin especificar,Sin especificar,Sin especificar,Sin especificar,00419_ami.mp4,A MI,test3,13,A1
DBLSC,LSC0,420,A-TI,FUNCION,Marcador de dirección u objeto indirecto dirigido hacia la segunda persona. (Generada Gemini),NO,1 seña,NO,SI,Unimanual en contacto (tipo X),P,Sin especificar,Sin especificar,Sin especificar,Sin especificar,00420_ati.mp4,A TI,test3,13,A1
DBLSC,LSC0,421,IXA-A-IXB,FUNCION,Relación o transferencia deíctica desde el punto de referencia A hacia el punto B. (Generada Gemini),NO,1 seña,NO,SI,Unimanual (tipo 0),P,Sin especificar,Sin especificar,Sin especificar,Sin especificar,00421_ixaaixb.mp4,ESO A ESE,test3,13,A1
DBLSC,LSC0,422,IXB-A-IXA,FUNCION,Relación o transferencia deíctica recíproca desde el punto B hacia el punto A. (Generada Gemini),NO,1 seña,NO,SI,Unimanual (tipo 0),P,Sin especificar,Sin especificar,Sin especificar,Sin especificar,00422_ixbaixa.mp4,ESE A ESO,test3,13,A1
DBLSC,LSC0,423,USTEDES-TRES,FUNCION,Pronombre o forma numeral plural que designa específicamente a un grupo de tres interlocutores. (Generada Gemini),NO,1 seña,NO,SI,Unimanual (tipo 0),Sin especificar,Sin especificar,Sin especificar,Sin especificar,Sin especificar,00423_ustedestre.mp4,USTEDES TRES,test2,18,A1
DBLSC,LSC0,424,USTEDES-CUATRO,FUNCION,Pronombre o forma numeral plural que designa a un grupo de cuatro interlocutores. (Generada Gemini),NO,1 seña,NO,SI,Unimanual (tipo 0),Sin especificar,Sin especificar,Sin especificar,Sin especificar,Sin especificar,00424_ustedescua.mp4,USTEDES CUATRO,test2,18,A1
DBLSC,LSC0,425,NOSOTROS-TRES,FUNCION,Pronombre plural inclusivo que abarca exactamente a tres personas incluyéndose el hablante. (Generada Gemini),NO,1 seña,NO,SI,Unimanual (tipo 0),Sin especificar,Sin especificar,Sin especificar,Sin especificar,Sin especificar,00425_nosotrostr.mp4,NOSOTROS TRES,test2,18,A1
DBLSC,LSC0,426,NOSOTROS-CUATRO,FUNCION,Pronombre plural inclusivo que abarca exactamente a cuatro personas incluyéndose el hablante. (Generada Gemini),NO,1 seña,NO,SI,Unimanual (tipo 0),Je,Sin especificar,Sin especificar,Sin especificar,Sin especificar,00426_nosotroscu.mp4,NOSOTROS CUATRO,test2,18,A1
DBLSC,LSC0,427,DEFENDER,VERBO,"Amparar, librar o proteger de un daño o peligro. (RAE)",NO,1 seña,NO,SI,Semi-simétrica (tipo II),Al,Al,Sin especificar,Sin especificar,Sin especificar,00427_defender.mp4,DEFENDER,test2,58,A1
DBLSC,LSC0,428,DESCUBRIR,VERBO,Hallar o ignorar lo que estaba oculto o no se conocía. (RAE),SI,2 señas,NO,SI,Unimanual en contacto (tipo X),S,Sin especificar,Sin especificar,Sin especificar,Sin especificar,00428_descubrir.mp4,DESCUBRIR,test1,64,A1
DBLSC,LSC0,429,DUDAR-CUERPO,VERBO,"Expresión corporal de incertidumbre, vacilación o duda. (Generada Gemini)",NO,1 seña,NO,SI,Unimanual en contacto (tipo X),Be,Sin especificar,Sin especificar,Sin especificar,Sin especificar,00429_dudarcuerp.mp4,DUDAR CUERPO,test3,61,A1
DBLSC,LSC0,430,DUDAR-MANO,VERBO,Expresión manual de oscilación que denota duda o indecisión. (Generada Gemini),NO,1 seña,NO,SI,Unimanual en contacto (tipo X),Be,Sin especificar,Sin especificar,Sin especificar,Sin especificar,00430_dudarmano.mp4,DUDAR MANO,test3,61,A1
DBLSC,LSC0,431,ENTENDER,VERBO,Tener noción clara o comprender el sentido de algo. (RAE),NO,1 seña,NO,SI,Unimanual (tipo 0),Xt,P,Sin especificar,Sin especificar,Sin especificar,00431_enteder.mp4,ENTENDER,test4,38,A1
DBLSC,LSC0,432,IDEA,SUSTANTIVO,Representación mental de una cosa o concepto. (RAE),NO,1 seña,NO,SI,Unimanual en contacto (tipo X),I,Sin especificar,Sin especificar,Sin especificar,Sin especificar,00432_idea.mp4,IDEA,test1,36,A1
DBLSC,LSC0,433,NO-CREER,VERBO,Negación o falta de fe respecto a una afirmación o hecho. (Generada Gemini),NO,1 seña,NO,SI,Asimétrica (tipo III),U,Y,Bl,Sin especificar,Sin especificar,00433_nocreer.mp4,NO CREER,test4,3,A1
DBLSC,LSC0,434,NO-ENTENDER,VERBO,Incapacidad o falta de comprensión sobre un asunto. (Generada Gemini),NO,1 seña,NO,SI,Unimanual (tipo 0),Xt,P,Sin especificar,Sin especificar,Sin especificar,00434_noentender.mp4,NO ENTENDER,test4,3,A1
DBLSC,LSC0,435,SABER,VERBO,Conocer algo o tener noticia o conocimiento de ello. (RAE),NO,1 seña,NO,SI,Unimanual en contacto (tipo X),Bl,Sin especificar,Sin especificar,Sin especificar,Sin especificar,00435_saber.mp4,SABER,test4,20,A1
DBLSC,LSC0,436,SABER-NO,VERBO,Negación del conocimiento sobre un hecho o tema determinado. (Generada Gemini),NO,1 seña,NO,SI,Unimanual en contacto (tipo X),P,Sin especificar,Sin especificar,Sin especificar,Sin especificar,00436_saberno.mp4,SABER NO,test4,3,A1
DBLSC,LSC0,437,SABER-NO-SABIA,ADVERBIO,Expresión de sorpresa al percatarse de que se ignoraba cierta información. (Generada Gemini),NO,1 seña,NO,SI,Semi-simétrica (tipo II),Bl,J,Sin especificar,Sin especificar,Sin especificar,00437_sabernosab.mp4,SABER NO SABIA,test4,3,A1
DBLSC,LSC0,438,SABER-CERO,VERBO,Total ausencia de conocimiento o información sobre un tema. (Generada Gemini),NO,1 seña,SI,SI,Unimanual en contacto (tipo X),Ok,Sin especificar,Sin especificar,Sin especificar,Sin especificar,00438_sabercero.mp4,SABER CERO,test4,3,A1
DBLSC,LSC0,439,SABER-VACIO,VERBO,Sensación de ignorancia absoluta o vacuidad de información. (Generada Gemini),NO,1 seña,NO,SI,Unimanual (tipo 0),Bl,Sin especificar,Sin especificar,Sin especificar,Sin especificar,00439_sabervacio.mp4,SABER VACIO,test4,3,A1
DBLSC,LSC0,440,SABER-MANIATADO,VERBO,Imposibilidad o restricción para aplicar un conocimiento. (Generada Gemini),NO,1 seña,NO,SI,Simétrica (tipo I),Gl,Sin especificar,Sin especificar,Sin especificar,Sin especificar,00440_sabermania.mp4,SABER MANIATADO,test4,3,A1
DBLSC,LSC0,441,SABER-MANOS,VERBO,"Habilidad, destreza o conocimiento práctico manual. (Generada Gemini)",NO,1 seña,SI,SI,Semi-simétrica (tipo II),L,J,Sin especificar,Sin especificar,Sin especificar,00441_sabermanos.mp4,SABER MANOS,test1,51,A1
DBLSC,LSC0,442,SABER-NOSE,VERBO,Expresión espontánea de desconocimiento sobre algo. (Generada Gemini),NO,1 seña,NO,SI,Unimanual en contacto (tipo X),Bl,Sin especificar,Sin especificar,Sin especificar,Sin especificar,00442_sabernose.mp4,SABER NOSE,test4,3,A1
DBLSC,LSC0,443,SABER-TODO,VERBO,Conocimiento omnisciente o abarcarlo todo. (Generada Gemini),SI,2 señas,NO,SI,Semi-simétrica (tipo II),P,O,J,Sin especificar,Sin especificar,00443_sabertodo.mp4,SABER TODO,test4,3,A1
DBLSC,LSC0,444,SABER-MUCHO,VERBO,Poseer un amplio volumen de conocimientos sobre una materia. (Generada Gemini),NO,1 seña,NO,SI,Unimanual en contacto (tipo X),O,C,Bl,Sin especificar,Sin especificar,00444_sabermucho.mp4,SABER MUCHO,test1,51,A1
DBLSC,LSC0,445,SABER-POCO,VERBO,Poseer un conocimiento limitado o insuficiente sobre un asunto. (Generada Gemini),NO,1 seña,SI,SI,Unimanual en contacto (tipo X),L,Tc,Sin especificar,Sin especificar,Sin especificar,00445_saberpoco.mp4,SABER POCO,test4,3,A1
DBLSC,LSC0,446,OLVIDAR,VERBO,Dejar de tener en la memoria o no recordar algo. (RAE),NO,1 seña,NO,SI,Unimanual en contacto (tipo X),Bl,A,Sin especificar,Sin especificar,Sin especificar,00446_olvidar.mp4,OLVIDAR,test4,89,A1
DBLSC,LSC0,447,PENSAR,VERBO,Formar o combinar ideas en la mente. (RAE),NO,1 seña,NO,SI,Unimanual en contacto (tipo X),P,Sin especificar,Sin especificar,Sin especificar,Sin especificar,00447_pensar.mp4,PENSAR,test1,36,A1
DBLSC,LSC0,448,SALIR(1),VERBO,Pasar de dentro afuera. (RAE),NO,1 seña,NO,SI,Semi-simétrica (tipo II),Jc,Q,Sin especificar,Sin especificar,Sin especificar,00448_salir1.mp4,SALIR 1,test1,71,A1
DBLSC,LSC0,449,PROBLEMA-NUDILLO,SUSTANTIVO,Expresión de dificultad o conflicto representada icónicamente con choque de nudillos en la seña. (Generada Gemini),NO,1 seña,NO,SI,Simétrica (tipo I),XXe,Sin especificar,Sin especificar,Sin especificar,Sin especificar,00449_problemanu.mp4,PROBLEMA NUDILLO,test2,39,A1
DBLSC,LSC0,450,PROBLEMA-PALMA,SUSTANTIVO,Expresión de problema o contratiempo representada sobre la palma de la mano. (Generada Gemini),NO,1 seña,NO,SI,Semi-simétrica (tipo II),B,Be,Sin especificar,Sin especificar,Sin especificar,00450_problemapa.mp4,PROBLEMA PALMA,test2,85,A2
DBLSC,LSC0,451,RAZÓN-TIENE,SUSTANTIVO,Reconocimiento de que la postura o argumento de otra persona es correcto. (Generada Gemini),NO,1 seña,NO,SI,Unimanual en contacto (tipo X),R,Sin especificar,Sin especificar,Sin especificar,Sin especificar,00451_razontiene.mp4,RAZON TIENE,test4,20,A1
DBLSC,LSC0,452,RAZÓN-MENTE,SUSTANTIVO,Neologismo. Relacionado al pensamiento racional y su proceso. Uso cotiano banalizado como sustitución a la expresión 'tiene razón'.(AB),NO,1 seña,NO,SI,Unimanual en contacto (tipo X),XX,Sin especificar,Sin especificar,Sin especificar,Sin especificar,00452_razonmente.mp4,RAZON MENTE,test1,36,A1
DBLSC,LSC0,453,RECORDAR,VERBO,"Traer a la memoria algo percibido, aprendido o conocido. (RAE)",NO,1 seña,NO,SI,Unimanual en contacto (tipo X),A,Sin especificar,Sin especificar,Sin especificar,Sin especificar,00453_recordar.mp4,RECORDAR,test4,89,A1
DBLSC,LSC0,454,VERDAD,SUSTANTIVO,"Conformidad de las cosas con el concepto que de ellas forma la mente, o de lo que se dice con lo que se siente. (RAE)",NO,1 seña,NO,SI,Unimanual (tipo 0),Okf,Sin especificar,Sin especificar,Sin especificar,Sin especificar,00454_verdad.mp4,VERDAD,test4,38,A1
DBLSC,LSC0,455,ABAJO,ADVERBIO,En lugar o parte inferior. (RAE),NO,1 seña,NO,SI,Unimanual (tipo 0),P,Sin especificar,Sin especificar,Sin especificar,Sin especificar,00455_abajo.mp4,ABAJO,test1,50,A1
DBLSC,LSC0,456,ADELANTE,ADVERBIO,En la parte delantera o hacia un punto posterior en el espacio o tiempo. (RAE),NO,1 seña,NO,SI,Semi-simétrica (tipo II),Bl,Sin especificar,Sin especificar,Sin especificar,Sin especificar,00456_adelante.mp4,ADELANTE,test1,71,A1
DBLSC,LSC0,457,ADENTRO,ADVERBIO,En la parte interior de un espacio o superficie. (RAE),NO,1 seña,NO,SI,Asimétrica (tipo III),O,J,Q,Sin especificar,Sin especificar,00457_adentro.mp4,ADENTRO,test1,71,A1
DBLSC,LSC0,458,AFUERA,ADVERBIO,En la parte exterior de un espacio o recinto. (RAE),NO,1 seña,NO,SI,Asimétrica (tipo III),O,J,Q,Sin especificar,Sin especificar,00458_afuera.mp4,AFUERA,test1,71,A1
DBLSC,LSC0,459,ALLÁ,ADVERBIO,"En aquel lugar, lejano del hablante y del oyente. (RAE)",NO,1 seña,NO,SI,Unimanual (tipo 0),P,Sin especificar,Sin especificar,Sin especificar,Sin especificar,00459_alla.mp4,ALLA,test1,57,A1
DBLSC,LSC0,460,AQUÍ,ADVERBIO,"En este lugar, cerca de la persona que habla. (RAE)",NO,1 seña,NO,SI,Unimanual (tipo 0),F,Sin especificar,Sin especificar,Sin especificar,Sin especificar,00460_aqui.mp4,AQUI,test1,57,A1
DBLSC,LSC0,461,ARRIBA,ADVERBIO,En lugar o parte superior. (RAE),NO,1 seña,NO,SI,Unimanual (tipo 0),P,Sin especificar,Sin especificar,Sin especificar,Sin especificar,00461_arriba.mp4,ARRIBA,test2,56,A1
DBLSC,LSC0,462,CERCA,ADVERBIO,A corta distancia en el espacio o en el tiempo. (RAE),NO,1 seña,NO,SI,Simétrica (tipo I),Pc,Sin especificar,Sin especificar,Sin especificar,Sin especificar,00462_cerca.mp4,CERCA,test1,8,A1
DBLSC,LSC0,463,DETRÁS,ADVERBIO,En la parte posterior o posterior de alguien o algo. (RAE),NO,1 seña,NO,SI,Semi-simétrica (tipo II),Bl,Sin especificar,Sin especificar,Sin especificar,Sin especificar,00463_detras.mp4,DETRAS,test1,57,A1
DBLSC,LSC0,464,LEJOS,ADVERBIO,A gran distancia en el espacio o en el tiempo. (RAE),NO,1 seña,NO,SI,Simétrica (tipo I),L,Pc,Sin especificar,Sin especificar,Sin especificar,00464_lejos.mp4,LEJOS,test1,8,A1
DBLSC,LSC0,465,NORTE,SUSTANTIVO,Punto cardinal que cae a la izquierda de quien mira al oriente. (RAE),NO,1 seña,NO,SI,Unimanual (tipo 0),XX,Sin especificar,Sin especificar,Sin especificar,Sin especificar,00465_norte.mp4,NORTE,test3,7,A2
DBLSC,LSC0,466,ORIENTE,SUSTANTIVO,Punto cardinal por donde sale el sol. (RAE),NO,1 seña,NO,SI,Unimanual (tipo 0),O,R,Sin especificar,Sin especificar,Sin especificar,00466_oriente.mp4,ORIENTE,test3,7,A2
DBLSC,LSC0,467,SUR,SUSTANTIVO,Punto cardinal situado diametralmente opuesto al norte. (RAE),NO,1 seña,NO,SI,Unimanual (tipo 0),A,R,Sin especificar,Sin especificar,Sin especificar,00467_sur.mp4,SUR,test3,7,A2
DBLSC,LSC0,468,LUNES,SUSTANTIVO,Primer día de la semana. (RAE),NO,1 seña,NO,SI,Unimanual (tipo 0),L,Sin especificar,Sin especificar,Sin especificar,Sin especificar,00468_lunes.mp4,LUNES,test2,17,A1
DBLSC,LSC0,469,MARTES,SUSTANTIVO,Segundo día de la semana. (RAE),NO,1 seña,NO,SI,Unimanual (tipo 0),M,Sin especificar,Sin especificar,Sin especificar,Sin especificar,00469_martes.mp4,MARTES,test2,17,A1
DBLSC,LSC0,470,MIÉRCOLES,SUSTANTIVO,Tercer día de la semana. (RAE),NO,1 seña,NO,SI,Unimanual (tipo 0),M,Sin especificar,Sin especificar,Sin especificar,Sin especificar,00470_miercoles.mp4,MIERCOLES,test2,17,A1
DBLSC,LSC0,471,JUEVES,SUSTANTIVO,Cuarto día de la semana. (RAE),NO,1 seña,NO,SI,Unimanual (tipo 0),I,Sin especificar,Sin especificar,Sin especificar,Sin especificar,00471_jueves.mp4,JUEVES,test2,17,A1
DBLSC,LSC0,472,VIERNES,SUSTANTIVO,Quinto día de la semana. (RAE),NO,1 seña,NO,SI,Unimanual (tipo 0),V,Sin especificar,Sin especificar,Sin especificar,Sin especificar,00472_viernes.mp4,VIERNES,test2,17,A1
DBLSC,LSC0,473,SÁBADO,SUSTANTIVO,Sexto día de la semana. (RAE),NO,1 seña,NO,SI,Unimanual en contacto (tipo X),Okf,Sin especificar,Sin especificar,Sin especificar,Sin especificar,00473_sabado.mp4,SABADO,test2,17,A1
DBLSC,LSC0,474,DOMINGO,SUSTANTIVO,"Séptimo y último día de la semana, festivo para el cristianismo. (RAE)",NO,1 seña,NO,SI,Unimanual en contacto (tipo X),A,Sin especificar,Sin especificar,Sin especificar,Sin especificar,00474_domingo.mp4,DOMINGO,test2,17,A1
DBLSC,LSC0,475,ENERO,SUSTANTIVO,"Primer mes del año, que tiene 31 días. (RAE)",NO,1 seña,NO,SI,Unimanual (tipo 0),E,Sin especificar,Sin especificar,Sin especificar,Sin especificar,00475_enero.mp4,ENERO,test4,11,A1
DBLSC,LSC0,476,FEBRERO,SUSTANTIVO,"Segundo mes del año, que tiene 28 días y en los años bisiestos 29. (RAE)",NO,1 seña,NO,SI,Unimanual (tipo 0),F,Sin especificar,Sin especificar,Sin especificar,Sin especificar,00476_febrero.mp4,FEBRERO,test4,11,A1
DBLSC,LSC0,477,MARZO(2),SUSTANTIVO,"Tercer mes del año, variante morfológica o de seña en el corpus. (Generada Gemini)",NO,1 seña,NO,SI,Unimanual (tipo 0),Ma,Sin especificar,Sin especificar,Sin especificar,Sin especificar,00477_marzo.mp4,MARZO 2,test1,15,A1
DBLSC,LSC0,478,ABRIL,SUSTANTIVO,"Cuarto mes del año, que tiene 30 días. (RAE)",NO,1 seña,NO,SI,Simétrica (tipo I),J,N,Sin especificar,Sin especificar,Sin especificar,00478_abril.mp4,ABRIL,test4,11,A1
DBLSC,LSC0,479,MAYO,SUSTANTIVO,"Quinto mes del año, que tiene 31 días. (RAE)",NO,1 seña,NO,SI,Simétrica (tipo I),E,Sin especificar,Sin especificar,Sin especificar,Sin especificar,00479_mayo.mp4,MAYO,test4,11,A1
DBLSC,LSC0,480,JUNIO,SUSTANTIVO,"Sexto mes del año, que tiene 30 días. (RAE)",NO,1 seña,NO,SI,Unimanual en contacto (tipo X),H,Sin especificar,Sin especificar,Sin especificar,Sin especificar,00480_junio.mp4,JUNIO,test4,11,A1
DBLSC,LSC0,481,JULIO,SUSTANTIVO,"Séptimo mes del año, que tiene 31 días. (RAE)",NO,1 seña,NO,SI,Unimanual en contacto (tipo X),L,Sin especificar,Sin especificar,Sin especificar,Sin especificar,00481_julio.mp4,JULIO,test4,11,A1
DBLSC,LSC0,482,AGOSTO,SUSTANTIVO,"Octavo mes del año, que tiene 31 días. (RAE)",NO,1 seña,NO,SI,Unimanual (tipo 0),A,Sin especificar,Sin especificar,Sin especificar,Sin especificar,00482_agosto.mp4,AGOSTO,test1,88,A1
DBLSC,LSC0,483,SEPTIEMBRE,SUSTANTIVO,"Noveno mes del año, que tiene 30 días. (RAE)",NO,1 seña,NO,SI,Unimanual (tipo 0),P,Sin especificar,Sin especificar,Sin especificar,Sin especificar,00483_septiembre.mp4,SEPTIEMBRE,test1,88,A1
DBLSC,LSC0,484,OCTUBRE,SUSTANTIVO,"Décimo mes del año, que tiene 31 días. (RAE)",NO,1 seña,NO,SI,Unimanual (tipo 0),O,Sin especificar,Sin especificar,Sin especificar,Sin especificar,00484_octubre.mp4,OCTUBRE,test1,88,A1
DBLSC,LSC0,485,NOVIEMBRE,SUSTANTIVO,"Undécimo mes del año, que tiene 30 días. (RAE)",NO,1 seña,NO,SI,Unimanual en contacto (tipo X),Za,Sin especificar,Sin especificar,Sin especificar,Sin especificar,00485_noviembre.mp4,NOVIEMBRE,test1,88,A1
DBLSC,LSC0,486,DICIEMBRE,SUSTANTIVO,"Duodécimo y último mes del año, que tiene 31 días. (RAE)",NO,1 seña,NO,SI,Simétrica (tipo I),B,Sin especificar,Sin especificar,Sin especificar,Sin especificar,00486_diciembre.mp4,DICIEMBRE,test1,88,A1
DBLSC,LSC0,487,AHORA,ADVERBIO,En este momento o tiempo presente. (RAE),NO,1 seña,NO,SI,Simétrica (tipo I),Y,Sin especificar,Sin especificar,Sin especificar,Sin especificar,00487_ahora.mp4,AHORA,test2,45,A1
DBLSC,LSC0,488,ANTES-BRAZO,ADVERBIO,Marcación temporal hacia el pasado ejecutada sobre el antebrazo en lengua de señas. (Generada Gemini),NO,1 seña,NO,SI,Semi-simétrica (tipo II),B,Bc,Sin especificar,Sin especificar,Sin especificar,00488_antesbrazo.mp4,ANTES BRAZO,test3,82,A1
DBLSC,LSC0,489,ANTES-PASADO,ADVERBIO,Referencia temporal remota a un período anterior o pasado. (Generada Gemini),NO,1 seña,NO,SI,Unimanual (tipo 0),Bl,Sin especificar,Sin especificar,Sin especificar,Sin especificar,00489_antespasad.mp4,ANTES PASADO,test3,82,A1
DBLSC,LSC0,490,ESTE-AÑO,ADVERBIO,Período correspondiente al año en curso. (Generada Gemini),NO,1 seña,NO,SI,Simétrica (tipo I),S,Sin especificar,Sin especificar,Sin especificar,Sin especificar,00490_año.mp4,ESTE ANO,test3,13,A2
DBLSC,LSC0,491,AÑO-PASADO,ADVERBIO,Período correspondiente al año inmediatamente anterior al actual. (Generada Gemini),SI,2 señas,NO,SI,Compuestas (tipo C),Bl,S,S,Sin especificar,Sin especificar,00491_añopasado.mp4,ANO PASADO,test2,4,A1
DBLSC,LSC0,492,HACE-UN-AÑO,ADVERBIO,Expresión de tiempo que indica la transgresión o distancia de un año atrás. (Generada Gemini),NO,1 seña,SI,SI,Unimanual (tipo 0),D,Sin especificar,Sin especificar,Sin especificar,Sin especificar,00492_haceunaño.mp4,HACE UN ANO,test2,4,A1
DBLSC,LSC0,493,HACE-DOS-AÑO,ADVERBIO,Expresión de tiempo que indica una distancia de dos años atrás. (Generada Gemini),NO,1 seña,SI,SI,Compuestas (tipo C),V,XX,Sin especificar,Sin especificar,Sin especificar,00493_hacedosañ.mp4,HACE DOS ANO,test2,4,A1
DBLSC,LSC0,494,HACE-TRES-AÑO,ADVERBIO,Expresión de tiempo que indica una distancia de tres años atrás. (Generada Gemini),NO,1 seña,SI,SI,Compuestas (tipo C),W,XXX,Sin especificar,Sin especificar,Sin especificar,00494_hacetresan.mp4,HACE TRES ANO,test2,4,A1
DBLSC,LSC0,495,HACE-CUATRO-AÑO,ADVERBIO,Expresión de tiempo que indica una distancia de cuatro años atrás. (Generada Gemini),NO,1 seña,SI,SI,Compuestas (tipo C),Je,Gl,Sin especificar,Sin especificar,Sin especificar,00495_hacecuatro.mp4,HACE CUATRO ANO,test2,4,A1
DBLSC,LSC0,496,HACE-CINCO-AÑO,ADVERBIO,Expresión de tiempo que indica una distancia de cinco años atrás. (Generada Gemini),NO,1 seña,SI,SI,Compuestas (tipo C),J,G,Sin especificar,Sin especificar,Sin especificar,00496_hacecincoa.mp4,HACE CINCO ANO,test2,4,A1
DBLSC,LSC0,497,HACE-SEIS-AÑO,ADVERBIO,Expresión de tiempo que indica una distancia de seis años atrás. (Generada Gemini),SI,3 señas,NO,SI,Compuestas (tipo C),P,J,S,Bl,Sin especificar,00497_haceseisan.mp4,HACE SEIS ANO,test2,4,A1
DBLSC,LSC0,498,HACE-SIETE-AÑO,ADVERBIO,Expresión de tiempo que indica una distancia de siete años atrás. (Generada Gemini),SI,3 señas,NO,SI,Compuestas (tipo C),J,V,S,Bl,Sin especificar,00498_hacesietea.mp4,HACE SIETE ANO,test2,4,A1
DBLSC,LSC0,499,HACE-OCHO-AÑO,ADVERBIO,Expresión de tiempo que indica una distancia de ocho años atrás. (Generada Gemini),SI,3 señas,NO,SI,Compuestas (tipo C),J,W,S,Bl,Sin especificar,00499_haceochoan.mp4,HACE OCHO ANO,test2,4,A1
DBLSC,LSC0,500,HACE-NUEVE-AÑO,ADVERBIO,Expresión de tiempo que indica una distancia de nueve años atrás. (Generada Gemini),SI,3 señas,NO,SI,Compuestas (tipo C),J,Jc,S,Bl,Sin especificar,00500_hacenuevea.mp4,HACE NUEVE ANO,test2,4,A1
DBLSC,LSC0,501,AYER(1),ADVERBIO,En el día inmediatamente anterior al de hoy. (RAE),NO,1 seña,NO,SI,Unimanual (tipo 0),Xe,Sin especificar,Sin especificar,Sin especificar,Sin especificar,00501_ayerdedo.mp4,AYER 1,test2,45,A1
DBLSC,LSC0,502,AYER(2) PULGAR,ADVERBIO,Variante de la seña de ayer utilizando la configuración manual con el dedo pulgar. (Generada Gemini),NO,1 seña,NO,SI,Unimanual (tipo 0),A,Sin especificar,Sin especificar,Sin especificar,Sin especificar,00502_ayerpulgar.mp4,AYER 2 PULGAR,test1,15,A1
DBLSC,LSC0,503,AYER(3) MANO,ADVERBIO,Variante de la seña de ayer utilizando la palma o dorso de la mano. (Generada Gemini),NO,1 seña,NO,SI,Unimanual (tipo 0),Bl,Sin especificar,Sin especificar,Sin especificar,Sin especificar,00503_ayermano.mp4,AYER 3 MANO,test1,15,A1
DBLSC,LSC0,504,DESPUÉS,ADVERBIO,En un tiempo o lugar posterior respecto de otro. (RAE),NO,1 seña,NO,SI,Unimanual (tipo 0),Bl,Sin especificar,Sin especificar,Sin especificar,Sin especificar,00504_despues.mp4,DESPUES,test1,55,A1
DBLSC,LSC0,505,DÍA,ADVERBIO,"Tiempo que la Tierra emplea en dar una vuelta completa sobre su eje, equivalente a 24 horas. (RAE)",NO,1 seña,NO,SI,Unimanual en contacto (tipo X),P,Sin especificar,Sin especificar,Sin especificar,Sin especificar,00505_dia.mp4,DIA,test4,78,A1
DBLSC,LSC0,506,FECHA(1),ADVERBIO,"Data o indicación del tiempo (día, mes, año) en que se hace u ocurre algo. (RAE)",NO,1 seña,NO,SI,Semi-simétrica (tipo II),No,Sin especificar,Sin especificar,Sin especificar,Sin especificar,00506_fecha1.mp4,FECHA 1,test1,55,A1
DBLSC,LSC0,507,FUTURO,ADVERBIO,Tiempo que ha de venir o suceder. (RAE),NO,1 seña,NO,SI,Unimanual (tipo 0),Be,Sin especificar,Sin especificar,Sin especificar,Sin especificar,00507_futuro.mp4,FUTURO,test2,45,A1
DBLSC,LSC0,508,HACE-MUCHO-TIEMPO,ADVERBIO,Expresión que indica una lejanía temporal o época muy distante en el pasado. (Generada Gemini),NO,1 seña,NO,SI,Unimanual (tipo 0),Jc,Sin especificar,Sin especificar,Sin especificar,Sin especificar,00508_hacemuchot.mp4,HACE MUCHO TIEMPO,test3,82,A1
DBLSC,LSC0,509,HORA,ADVERBIO,Unidad de tiempo equivalente a 60 minutos o a la vigesimocuarta parte de un día solar. (RAE),NO,1 seña,NO,SI,Semi-simétrica (tipo II),C,Pl,Sin especificar,Sin especificar,Sin especificar,00509_hora.mp4,HORA,test4,78,A1
DBLSC,LSC0,510,HOY,ADVERBIO,En el día presente en que se está. (RAE),NO,1 seña,NO,SI,Unimanual (tipo 0),Y,Sin especificar,Sin especificar,Sin especificar,Sin especificar,00510_hoy.mp4,HOY,test2,45,A1
DBLSC,LSC0,511,MAÑANA,ADVERBIO,En el día inmediatamente posterior al de hoy. / Parte del día desde el amanecer hasta el mediodía. (RAE),NO,1 seña,NO,SI,Unimanual (tipo 0),A,Sin especificar,Sin especificar,Sin especificar,Sin especificar,00511_mañana.mp4,MANANA,test1,42,A1
DBLSC,LSC0,512,MÁS-TARDE,ADVERBIO,En un momento posterior en el tiempo dentro del mismo día o período. (Generada Gemini),NO,1 seña,NO,SI,Semi-simétrica (tipo II),Bl,Bc,Sin especificar,Sin especificar,Sin especificar,00512_mastarde.mp4,MAS TARDE,test3,82,A1
DBLSC,LSC0,513,MES,ADVERBIO,Cada una de las doce partes en que se divide el año. (RAE),NO,1 seña,NO,SI,Semi-simétrica (tipo II),P,Sin especificar,Sin especificar,Sin especificar,Sin especificar,00513_mes.mp4,MES,test2,56,A1
DBLSC,LSC0,514,NOCHE,ADVERBIO,Tiempo transcurrido desde que el sol se pone hasta que vuelve a salir. (RAE),SI,2 señas,NO,SI,Compuestas (tipo C),Jc,S,Sin especificar,Sin especificar,Sin especificar,00514_noche.mp4,NOCHE,test3,13,A2
DBLSC,LSC0,515,NUNCA,ADVERBIO,"En ningún tiempo, jamás. (RAE)",NO,1 seña,NO,SI,Unimanual en contacto (tipo X),Ok,Sin especificar,Sin especificar,Sin especificar,Sin especificar,00515_nunca.mp4,NUNCA,test1,55,A1
DBLSC,LSC0,516,OTRAVEZ,ADVERBIO,"Una vez más, de nuevo. (RAE)",NO,1 seña,NO,SI,Asimétrica (tipo III),Bl,Ql,Sin especificar,Sin especificar,Sin especificar,00516_otravez.mp4,OTRAVEZ,test2,9,A1
DBLSC,LSC0,517,POR-LA-MAÑANA,ADVERBIO,"Durante las primeras horas del día, transcurridas antes del mediodía. (Generada Gemini)",NO,1 seña,NO,SI,Simétrica (tipo I),S,Sin especificar,Sin especificar,Sin especificar,Sin especificar,00517_porlamaña.mp4,POR LA MANANA,test1,42,A1
DBLSC,LSC0,518,PRONTO,ADVERBIO,"Con rapidez, presteza o en un breve espacio de tiempo. (RAE)",NO,1 seña,NO,SI,Semi-simétrica (tipo II),H,Hl,Sin especificar,Sin especificar,Sin especificar,00518_pronto.mp4,PRONTO,test1,8,A1
DBLSC,LSC0,519,PRÓXIMO,ADVERBIO,Cercano en el espacio o en el tiempo que está por venir. (RAE),NO,1 seña,NO,SI,Unimanual (tipo 0),Xt,Sin especificar,Sin especificar,Sin especificar,Sin especificar,00519_proximo.mp4,PROXIMO,test1,55,A1
DBLSC,LSC0,520,SEMANA,ADVERBIO,Período de siete días consecutivos. (RAE),NO,1 seña,NO,SI,Semi-simétrica (tipo II),P,Sin especificar,Sin especificar,Sin especificar,Sin especificar,00520_semana.mp4,SEMANA,test2,17,A1
DBLSC,LSC0,521,SIEMPRE,ADVERBIO,En todo o en cualquier tiempo. (RAE),NO,1 seña,NO,SI,Unimanual (tipo 0),Ok,Sin especificar,Sin especificar,Sin especificar,Sin especificar,00521_siempre.mp4,SIEMPRE,test1,55,A1
DBLSC,LSC0,522,TARDE,ADVERBIO,Parte del día comprendida entre el mediodía y el anochecer. (RAE),NO,1 seña,NO,SI,Asimétrica (tipo III),Jc,N,Sin especificar,Sin especificar,Sin especificar,00522_tarde.mp4,TARDE,test1,42,A1
DBLSC,LSC0,523,TEMPRANO-MUY,ADVERBIO,En las primeras horas de la mañana o muy por delante del tiempo habitual. (Generada Gemini),NO,1 seña,NO,SI,Asimétrica (tipo III),Jc,N,Sin especificar,Sin especificar,Sin especificar,00523_tempranomu.mp4,TEMPRANO MUY,test1,42,A1
DBLSC,LSC0,524,TIEMPO,ADVERBIO,"Magnitud física que permite ordenar la secuencia de los sucesos, estableciendo un pasado, un presente y un futuro. (RAE)",NO,1 seña,NO,SI,Asimétrica (tipo III),Jc,P,Sin especificar,Sin especificar,Sin especificar,00524_tiempo.mp4,TIEMPO,test1,55,A1
DBLSC,LSC0,525,TODO-EL-DÍA,ADVERBIO,Durante la totalidad de las horas correspondientes a una jornada. (Generada Gemini),NO,1 seña,NO,SI,Semi-simétrica (tipo II),Bc,B,Sin especificar,Sin especificar,Sin especificar,00525_todoeldia.mp4,TODO EL DIA,test4,78,A1
DBLSC,LSC0,526,UN-MOMENTO,ADVERBIO,Espacio de tiempo muy breve o transitorio. (Generada Gemini),NO,1 seña,NO,SI,Unimanual (tipo 0),Bl,Sin especificar,Sin especificar,Sin especificar,Sin especificar,00526_unmomento.mp4,UN MOMENTO,test3,82,A1
DBLSC,LSC0,527,YA,ADVERBIO,En este momento o inmediatamente. (RAE),NO,1 seña,NO,SI,Unimanual (tipo 0),Y,Sin especificar,Sin especificar,Sin especificar,Sin especificar,00527_ya.mp4,YA,test2,45,A1
DBLSC,LSC0,528,UNO,ADJETIVO,Número cardinal que expresa la unidad. (RAE),NO,1 seña,NO,SI,Unimanual (tipo 0),P,Sin especificar,Sin especificar,Sin especificar,Sin especificar,00528_uno.mp4,UNO,test4,10,A1
DBLSC,LSC0,529,DOS,ADJETIVO,Número cardinal equivalente a uno más uno. (RAE),NO,1 seña,NO,SI,Unimanual (tipo 0),V,Sin especificar,Sin especificar,Sin especificar,Sin especificar,00529_dos.mp4,DOS,test4,14,A1
DBLSC,LSC0,530,TRES,ADJETIVO,Número cardinal equivalente a dos más uno. (RAE),NO,1 seña,NO,SI,Unimanual (tipo 0),W,Sin especificar,Sin especificar,Sin especificar,Sin especificar,00530_tres.mp4,TRES,test4,14,A1
DBLSC,LSC0,531,CUATRO,ADJETIVO,Número cardinal equivalente a tres más uno. (RAE),NO,1 seña,NO,SI,Unimanual (tipo 0),Je,Sin especificar,Sin especificar,Sin especificar,Sin especificar,00531_cuatro.mp4,CUATRO,test4,14,A1
DBLSC,LSC0,532,CINCO,ADJETIVO,Número cardinal equivalente a cuatro más uno. (RAE),NO,1 seña,NO,SI,Unimanual (tipo 0),J,Sin especificar,Sin especificar,Sin especificar,Sin especificar,00532_cinco.mp4,CINCO,test4,14,A1
DBLSC,LSC0,533,SEIS,ADJETIVO,Número cardinal equivalente a cinco más uno. (RAE),NO,1 seña,NO,SI,Unimanual (tipo 0),X,Sin especificar,Sin especificar,Sin especificar,Sin especificar,00533_seis.mp4,SEIS,test4,14,A1
DBLSC,LSC0,534,SIETE,ADJETIVO,Número cardinal equivalente a seis más uno. (RAE),NO,1 seña,NO,SI,Unimanual (tipo 0),XX,Sin especificar,Sin especificar,Sin especificar,Sin especificar,00534_siete.mp4,SIETE,test4,14,A1
DBLSC,LSC0,535,OCHO,ADJETIVO,Número cardinal equivalente a siete más uno. (RAE),NO,1 seña,NO,SI,Unimanual (tipo 0),XXX,Sin especificar,Sin especificar,Sin especificar,Sin especificar,00535_ocho.mp4,OCHO,test4,14,A1
DBLSC,LSC0,536,NUEVE,ADJETIVO,Número cardinal equivalente a ocho más uno. (RAE),NO,1 seña,NO,SI,Unimanual (tipo 0),Ea,Sin especificar,Sin especificar,Sin especificar,Sin especificar,00536_nueve.mp4,NUEVE,test4,14,A1
DBLSC,LSC0,537,DIEZ,ADJETIVO,Número cardinal equivalente a nueve más uno. (RAE),NO,1 seña,NO,SI,Unimanual (tipo 0),A,Sin especificar,Sin especificar,Sin especificar,Sin especificar,00537_diez.mp4,DIEZ,test4,14,A1
DBLSC,LSC0,538,ONCE,ADJETIVO,Número cardinal equivalente a diez más uno. (RAE),NO,1 seña,NO,SI,Unimanual (tipo 0),Ob,Sin especificar,Sin especificar,Sin especificar,Sin especificar,00538_once.mp4,ONCE,test4,14,A1
DBLSC,LSC0,539,DOCE,ADJETIVO,Número cardinal equivalente a once más uno. (RAE),SI,2 señas,NO,SI,Compuestas (tipo C),Af,V,Sin especificar,Sin especificar,Sin especificar,00539_doce.mp4,DOCE,test4,14,A1
DBLSC,LSC0,540,TRECE,ADJETIVO,Número cardinal equivalente a doce más uno. (RAE),SI,2 señas,NO,SI,Compuestas (tipo C),Af,W,Sin especificar,Sin especificar,Sin especificar,00540_trece.mp4,TRECE,test4,14,A1
DBLSC,LSC0,541,CATORCE,ADJETIVO,Número cardinal equivalente a trece más uno. (RAE),SI,2 señas,NO,SI,Compuestas (tipo C),Af,Je,Sin especificar,Sin especificar,Sin especificar,00541_catorce.mp4,CATORCE,test4,14,A1
DBLSC,LSC0,542,QUINCE,ADJETIVO,Número cardinal equivalente a catorce más uno. (RAE),SI,2 señas,NO,SI,Unimanual (tipo 0),No,Sin especificar,Sin especificar,Sin especificar,Sin especificar,00542_quince.mp4,QUINCE,test4,14,A1
DBLSC,LSC0,543,DIECISÉIS,ADJETIVO,Número cardinal equivalente a quince más uno. (RAE),SI,2 señas,NO,SI,Unimanual (tipo 0),Af,X,Sin especificar,Sin especificar,Sin especificar,00543_dieciseis.mp4,DIECISEIS,test4,14,A1
DBLSC,LSC0,544,DIECISIETE,ADJETIVO,Número cardinal equivalente a dieciséis más uno. (RAE),SI,2 señas,NO,SI,Compuestas (tipo C),Af,XX,Sin especificar,Sin especificar,Sin especificar,00544_diecisiete.mp4,DIECISIETE,test4,14,A1
DBLSC,LSC0,545,DIECIOCHO,ADJETIVO,Número cardinal equivalente a diecisiete más uno. (RAE),SI,2 señas,NO,SI,Compuestas (tipo C),Af,XXX,Sin especificar,Sin especificar,Sin especificar,00545_dieciocho.mp4,DIECIOCHO,test4,14,A1
DBLSC,LSC0,546,DIECINUEVE,ADJETIVO,Número cardinal equivalente a dieciocho más uno. (RAE),SI,2 señas,NO,SI,Compuestas (tipo C),Af,Ea,Sin especificar,Sin especificar,Sin especificar,00546_diecinueve.mp4,DIECINUEVE,test4,14,A1
DBLSC,LSC0,547,VEINTE,ADJETIVO,Número cardinal equivalente a diecinueve más uno. (RAE),SI,2 señas,NO,SI,Compuestas (tipo C),V,XXc,Sin especificar,Sin especificar,Sin especificar,00547_veinte.mp4,VEINTE,test4,14,A1
DBLSC,LSC0,548,VENTIUNO,ADJETIVO,Número cardinal equivalente a veinte más uno (veintiuno). (RAE),SI,2 señas,NO,SI,Compuestas (tipo C),V,P,Sin especificar,Sin especificar,Sin especificar,00548_ventiuno.mp4,VENTIUNO,test4,14,A1
DBLSC,LSC0,549,VEINTIDOS,ADJETIVO,Número cardinal equivalente a veintiuno más uno (veintidós). (RAE),SI,2 señas,NO,SI,Unimanual (tipo 0),V,Sin especificar,Sin especificar,Sin especificar,Sin especificar,00549_veintidos.mp4,VEINTIDOS,test4,14,A1
DBLSC,LSC0,550,TREINTA,ADJETIVO,Número cardinal equivalente a diez veces tres. (RAE),SI,2 señas,NO,SI,Compuestas (tipo C),W,O,Sin especificar,Sin especificar,Sin especificar,00550_treinta.mp4,TREINTA,test4,14,A1
DBLSC,LSC0,551,CUARENTA,ADJETIVO,Número cardinal equivalente a diez veces cuatro. (RAE),SI,2 señas,NO,SI,Compuestas (tipo C),Je,O,Sin especificar,Sin especificar,Sin especificar,00551_cuarenta.mp4,CUARENTA,test3,90,A2
DBLSC,LSC0,552,CINCUENTA,ADJETIVO,Número cardinal equivalente a diez veces cinco. (RAE),SI,2 señas,NO,SI,Compuestas (tipo C),J,O,Sin especificar,Sin especificar,Sin especificar,00552_cincuenta.mp4,CINCUENTA,test3,90,A2
DBLSC,LSC0,553,CIEN-CIFRA,ADJETIVO,Expresión numérica de la centena (100) en formato de cifra o dígito. (Generada Gemini),SI,3 señas,NO,SI,Unimanual (tipo 0),X,Sin especificar,Sin especificar,Sin especificar,Sin especificar,00553_cien.mp4,CIEN CIFRA,test2,4,A2
DBLSC,LSC0,554,CIEN-DINERO,ADJETIVO,Expresión monetaria de la suma o billete equivalente a cien unidades en el corpus. (Generada Gemini),SI,3 señas,NO,SI,Compuestas (tipo C),D,O,Sin especificar,Sin especificar,Sin especificar,00554_cien.mp4,CIEN DINERO,test3,49,A2
DBLSC,LSC0,555,CIENTO-SESENTA,ADJETIVO,Número cardinal equivalente a cien más sesenta (160). (RAE),SI,3 señas,NO,SI,Compuestas (tipo C),D,X,O,Sin especificar,Sin especificar,00555_cientosese.mp4,CIENTO SESENTA,test3,90,A2
DBLSC,LSC0,556,DOSCIENTOS.,ADJETIVO,Número cardinal equivalente a dos veces cien (200). (RAE),NO,1 seña,NO,SI,Unimanual (tipo 0),XX,Sin especificar,Sin especificar,Sin especificar,Sin especificar,00556_doscientos.mp4,DOSCIENTOS.,test3,90,A2
DBLSC,LSC0,557,TRESCIENTOS,ADJETIVO,Número cardinal equivalente a tres veces cien (300). (RAE),NO,1 seña,NO,SI,Unimanual (tipo 0),XXX,Sin especificar,Sin especificar,Sin especificar,Sin especificar,00557_tresciento.mp4,TRESCIENTOS,test3,90,A2
DBLSC,LSC0,558,CUATROCIENTOS,ADJETIVO,Número cardinal equivalente a cuatro veces cien (400). (RAE),NO,1 seña,NO,SI,Compuestas (tipo C),Je,Ea,Sin especificar,Sin especificar,Sin especificar,00558_cuatrocien.mp4,CUATROCIENTOS,test3,90,A2
DBLSC,LSC0,559,QUINIENTOS,ADJETIVO,Número cardinal equivalente a cinco veces cien (500). (RAE),SI,2 señas,NO,SI,Compuestas (tipo C),J,O,Sin especificar,Sin especificar,Sin especificar,00559_quinientos.mp4,QUINIENTOS,test3,90,A2
DBLSC,LSC0,560,SEISCIENTOS-CIFRA,ADJETIVO,Expresión numérica de seiscientos (600) en formato de cifra o dígito. (Generada Gemini),SI,2 señas,NO,SI,Compuestas (tipo C),J,D,X,Sin especificar,Sin especificar,00560_seisciento.mp4,SEISCIENTOS CIFRA,test2,4,A2
DBLSC,LSC0,561,SEISCIENTOS-DINERO,ADJETIVO,Expresión monetaria equivalente a la suma de seiscientos pesos o unidades en el corpus. (Generada Gemini),SI,3 señas,NO,SI,Compuestas (tipo C),X,O,Sin especificar,Sin especificar,Sin especificar,00561_seisciento.mp4,SEISCIENTOS DINERO,test3,49,A2
DBLSC,LSC0,562,SETECIENTOS,ADJETIVO,Número cardinal equivalente a siete veces cien (700). (RAE),SI,2 señas,NO,SI,Compuestas (tipo C),J,V,XX,Sin especificar,Sin especificar,00562_setecietno.mp4,SETECIENTOS,test3,90,A2
DBLSC,LSC0,563,OCHOCIENTOS,ADJETIVO,Número cardinal equivalente a ocho veces cien (800). (RAE),SI,2 señas,NO,SI,Compuestas (tipo C),J,W,XXX,Sin especificar,Sin especificar,00563_ochociento.mp4,OCHOCIENTOS,test3,90,A2
DBLSC,LSC0,564,NOVECIENTOS,ADJETIVO,Número cardinal equivalente a nueve veces cien (900). (RAE),SI,2 señas,NO,SI,Compuestas (tipo C),J,Je,Ea,Sin especificar,Sin especificar,00564_noveciento.mp4,NOVECIENTOS,test3,90,A2
DBLSC,LSC0,565,MIL-CIFRA,ADJETIVO,Expresión numérica de mil (1000) en formato de cifra o dígito. (Generada Gemini),NO,1 seña,NO,SI,Asimétrica (tipo III),P,Bl,Sin especificar,Sin especificar,Sin especificar,00565_mil.mp4,MIL CIFRA,test2,4,A2
DBLSC,LSC0,566,MIL-DINERO,ADJETIVO,Expresión monetaria de la suma o billete equivalente a mil unidades en el corpus. (Generada Gemini),SI,2 señas,NO,SI,Compuestas (tipo C),P,Ql,Bl,Sin especificar,Sin especificar,00566_mil.mp4,MIL DINERO,test3,49,A2
DBLSC,LSC0,567,SEIS-MIL,ADJETIVO,Número cardinal equivalente a seis veces mil (6000). (RAE),SI,2 señas,NO,SI,Compuestas (tipo C),X,Ql,Bl,Sin especificar,Sin especificar,00567_seismil.mp4,SEIS MIL,test4,26,A2
DBLSC,LSC0,568,DIEZ-MIL,ADJETIVO,Número cardinal equivalente a diez veces mil (10000). (RAE),SI,2 señas,NO,SI,Compuestas (tipo C),A,Ql,Bl,Sin especificar,Sin especificar,00568_diezmil.mp4,DIEZ MIL,test3,90,A2
DBLSC,LSC0,569,CINCUENTA-MIL,ADJETIVO,Número cardinal equivalente a cincuenta veces mil (50000). (RAE),SI,3 señas,NO,SI,Compuestas (tipo C),J,O,Ql,Bl,Sin especificar,00569_cincuentam.mp4,CINCUENTA MIL,test4,26,A2
DBLSC,LSC0,570,CIEN-MIL,ADJETIVO,Número cardinal equivalente a cien veces mil (100000). (RAE),SI,2 señas,NO,SI,Compuestas (tipo C),P,X,Ql,Bl,Sin especificar,00570_cienmil.mp4,CIEN MIL,test4,26,A2
DBLSC,LSC0,571,QUINIENTOS-MIL,ADJETIVO,Número cardinal equivalente a quinientas veces mil (500000). (RAE),SI,2 señas,NO,SI,Compuestas (tipo C),J,O,Ql,Bl,Sin especificar,00571_quinientos.mp4,QUINIENTOS MIL,test4,26,A2
DBLSC,LSC0,572,DOS-MIL-QUINIENTOS-SESENTA-Y-UNO-CIFRA,ADJETIVO,Expresión de la cifra numérica 2561 en formato digital o matemático. (Generada Gemini),SI,4 señas o más,NO,SI,Compuestas (tipo C),V,J,X,P,Sin especificar,00572_dosmilquin.mp4,DOS MIL QUINIENTOS SESENTA Y UNO CIFRA,test2,4,A2
DBLSC,LSC0,573,DOS-MIL-QUINIENTOS-SESENTA-Y-UNO-DINERO,ADJETIVO,Expresión de la suma de dinero equivalente a 2561 unidades monetarias. (Generada Gemini),SI,4 señas o más,NO,SI,Compuestas (tipo C),V,Bl,J,X,P,00573_dosmilquin.mp4,DOS MIL QUINIENTOS SESENTA Y UNO DINERO,test3,49,A2
DBLSC,LSC0,574,UN-MILLÓN-CIFRA,ADJETIVO,Expresión numérica de un millón (1000000) en formato de cifra. (Generada Gemini),SI,2 señas,NO,SI,Compuestas (tipo C),P,Bl,Jc,Sin especificar,Sin especificar,00574_unmillon.mp4,UN MILLON CIFRA,test2,4,A2
DBLSC,LSC0,575,UN-MILLÓN-DINERO,ADJETIVO,Expresión de la suma o cantidad de dinero equivalente a un millón de unidades. (Generada Gemini),SI,2 señas,NO,SI,Compuestas (tipo C),P,Jc,S,Sin especificar,Sin especificar,00575_unmillondi.mp4,UN MILLON DINERO,test3,49,A2
DBLSC,LSC0,576,NÚMEROS,ADVERBIO,Signos o conjuntos de signos con que se representan los números o cantidades. (RAE),NO,1 seña,NO,SI,Unimanual (tipo 0),O,G,Sin especificar,Sin especificar,Sin especificar,00576_numeros.mp4,NUMEROS,test4,52,A1
DBLSC,LSC0,577,MÁS-SUMA,ADVERBIO,Operación matemática de adición o incremento. (Generada Gemini),NO,1 seña,NO,SI,Simétrica (tipo I),Q,Sin especificar,Sin especificar,Sin especificar,Sin especificar,00577_massuma.mp4,MAS SUMA,test1,15,A1
DBLSC,LSC0,578,MÁS-GANANCIA,ADVERBIO,"Incremento de beneficio, provecho o utilidad económica. (Generada Gemini)",NO,1 seña,NO,SI,Unimanual (tipo 0),S,Sin especificar,Sin especificar,Sin especificar,Sin especificar,00578_masgananci.mp4,MAS GANANCIA,test1,72,A2
DBLSC,LSC0,579,MÁS-DAR,VERBO,Acción de conceder o entregar una cantidad superior o adicional. (Generada Gemini),NO,1 seña,NO,SI,Unimanual (tipo 0),Bl,A,Sin especificar,Sin especificar,Sin especificar,00579_masdar.mp4,MAS DAR,test3,7,A1
DBLSC,LSC0,580,MÁS-MUCHO-MÁS,ADVERBIO,Expresión intensificadora de abundancia o incremento cuantitativo superior. (Generada Gemini),NO,1 seña,NO,SI,Unimanual (tipo 0),Bl,Sin especificar,Sin especificar,Sin especificar,Sin especificar,00580_masmuchoma.mp4,MAS MUCHO MAS,test2,12,A1
DBLSC,LSC0,581,MÁS-SÍMBOLO,VERBO,Signo matemático (+) que indica adición o valor positivo. (Generada Gemini),NO,1 seña,NO,SI,Semi-simétrica (tipo II),P,Sin especificar,Sin especificar,Sin especificar,Sin especificar,00581_massimbolo.mp4,MAS SIMBOLO,test3,61,A1
DBLSC,LSC0,582,MENOS,FUNCION,Indica menor cantidad o resta en comparación. (RAE),NO,1 seña,SI,SI,Asimétrica (tipo III),Bl,Gl,Sin especificar,Sin especificar,Sin especificar,00582_menos.mp4,MENOS,test1,50,A1
DBLSC,LSC0,583,MENOS-RESTA,ADVERBIO,Operación matemática de sustracción o reducción. (Generada Gemini),NO,1 seña,NO,SI,Unimanual (tipo 0),P,Sin especificar,Sin especificar,Sin especificar,Sin especificar,00583_menosresta.mp4,MENOS RESTA,test2,49,A1
DBLSC,LSC0,584,MUCHO,ADVERBIO,Que se presenta en gran cantidad o número. (RAE),NO,1 seña,NO,SI,Simétrica (tipo I),Q,Sin especificar,Sin especificar,Sin especificar,Sin especificar,00584_mucho1.mp4,MUCHO,test2,56,A1
DBLSC,LSC0,585,MUCHISIMO,ADVERBIO,Grado superlativo de mucho; en cantidad o grado sumamente elevado. (Generada Gemini),SI,2 señas,SI,SI,Simétrica (tipo I),Q,J,Sin especificar,Sin especificar,Sin especificar,00585_muchisimo1.mp4,MUCHISIMO,test2,85,A2
DBLSC,LSC0,586,MUCHO-OJO,ADVERBIO,Expresión de advertencia o atención especial sobre un asunto. (Generada Gemini),SI,2 señas,SI,SI,Compuestas (tipo C),P,Q,Sin especificar,Sin especificar,Sin especificar,00586_muchoojo1.mp4,MUCHO OJO,test3,61,A1
DBLSC,LSC0,587,NADA,ADVERBIO,Ninguna cosa; inexistencia absoluta. (RAE),NO,1 seña,SI,SI,Asimétrica (tipo III),J,Ok,Sin especificar,Sin especificar,Sin especificar,00587_nada1.mp4,NADA,test4,3,A1
DBLSC,LSC0,588,NO-HAY-NADA,ADVERBIO,Expresión que denota ausencia completa de elementos u objetos. (Generada Gemini),NO,1 seña,SI,SI,Unimanual en contacto (tipo X),J,A,Sin especificar,Sin especificar,Sin especificar,00588_nadanohay1.mp4,NO HAY NADA,test4,3,A1
DBLSC,LSC0,589,NO-HICE-NADA,FUNCION,Expresión que indica inacción o falta de intervención personal. (Generada Gemini),NO,1 seña,SI,SI,Simétrica (tipo I),J,Sin especificar,Sin especificar,Sin especificar,Sin especificar,00589_nadahice1.mp4,NO HICE NADA,test4,3,A1
DBLSC,LSC0,590,NO-ESTÁ,ADVERBIO,Indica la ausencia o falta de presencia de alguien o algo en un lugar. (Generada Gemini),NO,1 seña,NO,SI,Simétrica (tipo I),Jb,Sin especificar,Sin especificar,Sin especificar,Sin especificar,00590_nadavacio2.mp4,NO ESTA,test4,3,A1
DBLSC,LSC0,591,POCO-CANTIDAD,ADVERBIO,Escasa o limitada porción cuantitativa de un elemento. (Generada Gemini),NO,1 seña,SI,SI,Unimanual (tipo 0),Pc,Sin especificar,Sin especificar,Sin especificar,Sin especificar,00591_pococantid.mp4,POCO CANTIDAD,test2,12,A1
DBLSC,LSC0,592,POCO-TAMAÑO,ADJETIVO,Dimensión reducida o pequeña de un objeto o ser. (Generada Gemini),NO,1 seña,SI,SI,Unimanual (tipo 0),Tc,Sin especificar,Sin especificar,Sin especificar,Sin especificar,00592_pocotamañ.mp4,POCO TAMANO,test2,12,A1
DBLSC,LSC0,593,POQUITO,ADJETIVO,Diminutivo de poco; cantidad sumamente reducida. (RAE),NO,1 seña,SI,SI,Unimanual (tipo 0),Pc,Sin especificar,Sin especificar,Sin especificar,Sin especificar,00593_poquito1.mp4,POQUITO,test2,12,A1
DBLSC,LSC0,594,ABRAZOS,SUSTANTIVO,Muestras de afecto consistentes en ceñir con los brazos a alguien. (RAE),NO,1 seña,NO,SI,Simétrica (tipo I),Jb,Sin especificar,Sin especificar,Sin especificar,Sin especificar,00594_abrazos1.mp4,ABRAZOS,test2,33,A1
DBLSC,LSC0,595,ABURRIDO,ADJETIVO,Que padece aburrimiento o falta de interés. (RAE),NO,1 seña,NO,SI,Unimanual en contacto (tipo X),P,Sin especificar,Sin especificar,Sin especificar,Sin especificar,00595_aburrido1.mp4,ABURRIDO,test4,89,A1
DBLSC,LSC0,596,ABURRIDÍSIMO,ADVERBIO,Grado superlativo de aburrido; extremadamente tedioso. (Generada Gemini),NO,1 seña,SI,SI,Unimanual en contacto (tipo X),P,Sin especificar,Sin especificar,Sin especificar,Sin especificar,00596_aburridisi.mp4,ABURRIDISIMO,test3,45,A2
DBLSC,LSC0,597,RÁPIDO,ADVERBIO,"Que se mueve, hace o sucede a gran velocidad. (RAE)",NO,1 seña,NO,SI,Simétrica (tipo I),K,Sin especificar,Sin especificar,Sin especificar,Sin especificar,00597_rapido1.mp4,RAPIDO,test3,66,A1
DBLSC,LSC0,598,AMABLE,ADJETIVO,"Digno de ser amado; afable, complaciente y afectuoso. (RAE)",NO,1 seña,NO,SI,Compuestas (tipo C),Bl,Sin especificar,Sin especificar,Sin especificar,Sin especificar,00598_amable1.mp4,AMABLE,test4,80,A1
DBLSC,LSC0,599,AMAR-AMOR,VERBO,Sentir amor por alguien o algo; afecto profundo. (RAE),NO,1 seña,NO,SI,Simétrica (tipo I),S,Sin especificar,Sin especificar,Sin especificar,Sin especificar,00599_amaramor1.mp4,AMAR AMOR,test4,80,A1
DBLSC,LSC0,600,AUTORITARIO,ADJETIVO,Que se apoya exclusivamente en la autoridad o la ejerce con exceso. (RAE),NO,1 seña,NO,SI,Semi-simétrica (tipo II),P,Sin especificar,Sin especificar,Sin especificar,Sin especificar,00600_autoritari.mp4,AUTORITARIO,test3,83,A1
DBLSC,LSC0,601,BESAR,VERBO,"Tocar a alguien o algo con los labios en señal de afecto, deseo o saludo. (RAE)",NO,1 seña,NO,SI,Semi-simétrica (tipo II),Q,Sin especificar,Sin especificar,Sin especificar,Sin especificar,00601_besar1.mp4,BESAR,test2,33,A1
DBLSC,LSC0,602,BESOS-SALUDO,VERBO,Beso dado tradicionalmente como norma social de cortesía o saludo. (Generada Gemini),NO,1 seña,NO,SI,Unimanual en contacto (tipo X),Q,Sin especificar,Sin especificar,Sin especificar,Sin especificar,00602_besossalud.mp4,BESOS SALUDO,test3,57,A2
DBLSC,LSC0,603,BESITOS,VERBO,Diminutivo de besos; muestras afectuosas y breves de cariño. (Generada Gemini),NO,1 seña,NO,SI,Unimanual en contacto (tipo X),Q,Sin especificar,Sin especificar,Sin especificar,Sin especificar,00603_besitos1.mp4,BESITOS,test3,54,A2
DBLSC,LSC0,604,BESARNOS-PICOS,VERBO,Acción recíproca de darse besos breves en los labios. (Generada Gemini),NO,1 seña,NO,SI,Unimanual en contacto (tipo X),Q,Sin especificar,Sin especificar,Sin especificar,Sin especificar,00604_besarnospi.mp4,BESARNOS PICOS,test2,33,A1
DBLSC,LSC0,605,SALIR(2),VERBO,Variante de la seña de salir en el corpus. (Generada Gemini),NO,1 seña,NO,SI,Asimétrica (tipo III),Bl,Q,Sin especificar,Sin especificar,Sin especificar,00605_salir2.mp4,SALIR 2,test1,69,A2
DBLSC,LSC0,606,BRAVO,ADJETIVO,"Valiente, enojado o de carácter fuerte y fiero. (RAE)",NO,1 seña,NO,SI,Unimanual en contacto (tipo X),H,Sin especificar,Sin especificar,Sin especificar,Sin especificar,00606_bravo1.mp4,BRAVO,test1,64,A1
DBLSC,LSC0,607,CAPAZ,ADJETIVO,"Que tiene talento, disposición o aptitud para hacer algo. (RAE)",NO,1 seña,SI,SI,Asimétrica (tipo III),S,P,Sin especificar,Sin especificar,Sin especificar,00607_capazindic.mp4,CAPAZ,test3,83,A1
DBLSC,LSC0,608,SI-ES-CAPAZ,ADJETIVO,Confirmación de la idoneidad o aptitud de una persona para realizar una tarea. (Generada Gemini),NO,1 seña,SI,SI,Asimétrica (tipo III),S,Be,Sin especificar,Sin especificar,Sin especificar,00608_capazpalma.mp4,SI ES CAPAZ,test1,51,A1
DBLSC,LSC0,609,CELOSO,ADJETIVO,Que siente celos o temor de que la persona amada prefiera a otra. (RAE),NO,1 seña,NO,SI,Unimanual en contacto (tipo X),I,Sin especificar,Sin especificar,Sin especificar,Sin especificar,00609_celoso2.mp4,CELOSO,test3,57,A2
DBLSC,LSC0,610,CHISTOSO,ADJETIVO,"Que tiene chiste, gracia o resulta divertido. (RAE)",NO,1 seña,NO,SI,Unimanual en contacto (tipo X),Pa,Pc,Sin especificar,Sin especificar,Sin especificar,00610_chistoso1.mp4,CHISTOSO,test3,54,A2
DBLSC,LSC0,611,QUITAR-ROBAR,VERBO,Despojar o apoderarse indebidamente de lo ajeno. (Generada Gemini),NO,1 seña,NO,SI,Unimanual (tipo 0),Jc,A,Sin especificar,Sin especificar,Sin especificar,00611_quitarroba.mp4,QUITAR ROBAR,test1,22,A2
DBLSC,LSC0,612,CONFIANZA,SUSTANTIVO,Esperanza firme que se tiene de alguien o algo. (RAE),NO,1 seña,NO,SI,Semi-simétrica (tipo II),Bl,Sin especificar,Sin especificar,Sin especificar,Sin especificar,00612_confianza1.mp4,CONFIANZA,test4,38,A1
DBLSC,LSC0,613,CONFUNDIDO,ADJETIVO,"Que siente confusión, perplejidad o falta de claridad mental. (RAE)",NO,1 seña,NO,SI,Semi-simétrica (tipo II),Bl,Sin especificar,Sin especificar,Sin especificar,Sin especificar,00613_confundido.mp4,CONFUNDIDO,test3,50,A2
DBLSC,LSC0,614,CONTENTO-MUY,ADJETIVO,"Grado elevado de alegría, satisfacción o complacencia. (Generada Gemini)",NO,1 seña,NO,SI,Simétrica (tipo I),Bl,Sin especificar,Sin especificar,Sin especificar,Sin especificar,00614_contentomu.mp4,CONTENTO MUY,test2,39,A1
DBLSC,LSC0,615,COQUETO,ADJETIVO,Que coquetea o procura agradar con vanidad o afectación. (RAE),NO,1 seña,SI,SI,Asimétrica (tipo III),J,X,Sin especificar,Sin especificar,Sin especificar,00615_coqueto1.mp4,COQUETO,test2,12,A2
DBLSC,LSC0,616,COQUETO-DESPECTIVO,ADJETIVO,Actitud de coqueteo percibida de manera despectiva o frívola. (Generada Gemini),NO,1 seña,SI,SI,Asimétrica (tipo III),S,X,Sin especificar,Sin especificar,Sin especificar,00616_coquetodes.mp4,COQUETO DESPECTIVO,test3,61,A1
DBLSC,LSC0,617,COQUETEO,SUSTANTIVO,Acción de coquetear o flirtear. (RAE),NO,1 seña,SI,SI,Simétrica (tipo I),J,Sin especificar,Sin especificar,Sin especificar,Sin especificar,00617_coqueteo1.mp4,COQUETEO,test3,70,A2
DBLSC,LSC0,618,CUMPLIDO,ADJETIVO,Que cumple con sus deberes o compromisos. / Muestra de cortesía. (RAE),NO,1 seña,SI,SI,Simétrica (tipo I),Ok,Sin especificar,Sin especificar,Sin especificar,Sin especificar,00618_cumplido1.mp4,CUMPLIDO,test3,83,A1
DBLSC,LSC0,619,MUY-CUMPLIDO,SUSTANTIVO,Persona caracterizada por una estricta puntualidad o responsabilidad. (Generada Gemini),NO,1 seña,SI,SI,Unimanual (tipo 0),Ok,Sin especificar,Sin especificar,Sin especificar,Sin especificar,00619_muycumplid.mp4,MUY CUMPLIDO,test1,51,A1
DBLSC,LSC0,620,DEPRESIÓN,SUSTANTIVO,Enfermedad caracterizada por una tristeza profunda y abatimiento. (RAE),NO,1 seña,NO,SI,Simétrica (tipo I),J,Gl,Sin especificar,Sin especificar,Sin especificar,00620_depresion.mp4,DEPRESION,test1,0,A1
DBLSC,LSC0,621,DEPRIMIDO,ADJETIVO,Que sufre depresión o desánimo intenso. (RAE),NO,1 seña,NO,SI,Simétrica (tipo I),N,Sin especificar,Sin especificar,Sin especificar,Sin especificar,00621_deprimido1.mp4,DEPRIMIDO,test1,0,A1
DBLSC,LSC0,622,DESCONCERTADO,ADJETIVO,"Sorprendido, desorientado o perplejo ante un suceso imprevisto. (RAE)",NO,1 seña,NO,SI,Unimanual (tipo 0),Af,Sin especificar,Sin especificar,Sin especificar,Sin especificar,00622_desconcent.mp4,DESCONCERTADO,test4,10,A2
DBLSC,LSC0,623,DESOBEDIENTE,ADJETIVO,Que no obedece las órdenes o normas. (RAE),NO,1 seña,NO,SI,Unimanual en contacto (tipo X),S,Sin especificar,Sin especificar,Sin especificar,Sin especificar,00623_desobedien.mp4,DESOBEDIENTE,test3,83,A1
DBLSC,LSC0,624,PERSONA-DESOCUPADA,ADJETIVO,"Individuo que carece de empleo, trabajo o ocupación habitual. (Generada Gemini)",NO,1 seña,SI,SI,Unimanual (tipo 0),Ul,Sin especificar,Sin especificar,Sin especificar,Sin especificar,00624_personades.mp4,PERSONA DESOCUPADA,test4,3,A2
DBLSC,LSC0,625,PERSONA-MUY-DESOCUPADA,ADJETIVO,Individuo con total inactividad laboral o falta persistente de ocupación. (Generada Gemini),NO,1 seña,SI,SI,Simétrica (tipo I),Ul,Sin especificar,Sin especificar,Sin especificar,Sin especificar,00625_personamuy.mp4,PERSONA MUY DESOCUPADA,test3,60,A1
DBLSC,LSC0,626,DESORDEN,SUSTANTIVO,"Falta de orden, concierto o estructura. (RAE)",NO,1 seña,NO,SI,Semi-simétrica (tipo II),Gl,Sin especificar,Sin especificar,Sin especificar,Sin especificar,00626_desorden.mp4,DESORDEN,test3,70,A2
DBLSC,LSC0,627,DIGNIDAD,SUSTANTIVO,"Cualidad de digno, decoro, excelencia o respeto a uno mismo. (RAE)",NO,1 seña,NO,SI,Semi-simétrica (tipo II),Ok,Sin especificar,Sin especificar,Sin especificar,Sin especificar,00627_dignidad.mp4,DIGNIDAD,test3,74,A1
DBLSC,LSC0,628,DIGNO,ADJETIVO,Que merece algo o que se comporta con decoro y propiedad. (RAE),NO,1 seña,NO,SI,Asimétrica (tipo III),Bl,P,Sin especificar,Sin especificar,Sin especificar,00628_digno.mp4,DIGNO,test2,12,A2
DBLSC,LSC0,629,EGOÍSTA,ADJETIVO,Que antepone el interés propio al de los demás. (RAE),NO,1 seña,NO,SI,Asimétrica (tipo III),J,G,Sin especificar,Sin especificar,Sin especificar,00629_egoista.mp4,EGOISTA,test3,28,A1
DBLSC,LSC0,630,ELEGANTE,ADJETIVO,"Dotado de gracia, nobleza o buen gusto en el vestir o actuar. (RAE)",NO,1 seña,NO,SI,Unimanual en contacto (tipo X),J,Sin especificar,Sin especificar,Sin especificar,Sin especificar,00630_elegante.mp4,ELEGANTE,test3,54,A2
DBLSC,LSC0,631,ELEGANTE-IRONÍA,ADJETIVO,Uso irónico del concepto de elegancia para señalar lo contrario. (Generada Gemini),NO,1 seña,SI,SI,Unimanual en contacto (tipo X),J,Sin especificar,Sin especificar,Sin especificar,Sin especificar,00631_eleganteir.mp4,ELEGANTE IRONIA,test2,23,A1
DBLSC,LSC0,632,MUY-ELEGANTE,ADJETIVO,"Grado elevado de distinción, buen gusto o finura en la apariencia. (Generada Gemini)",NO,1 seña,SI,SI,Unimanual en contacto (tipo X),J,Sin especificar,Sin especificar,Sin especificar,Sin especificar,00632_muyelegant.mp4,MUY ELEGANTE,test2,23,A1
DBLSC,LSC0,633,EMOCIONADO,ADJETIVO,"Que siente emoción, entusiasmo o conmoción del ánimo. (RAE)",NO,1 seña,SI,SI,Simétrica (tipo I),S,J,Sin especificar,Sin especificar,Sin especificar,00633_emociontor.mp4,EMOCIONADO,test1,0,A1
DBLSC,LSC0,634,EMOCIÓN,SUSTANTIVO,"Alteración del ánimo intensa y pasajera, agradable o penosa. (RAE)",NO,1 seña,SI,SI,Asimétrica (tipo III),S,S,J,Sin especificar,Sin especificar,00634_emocionbra.mp4,EMOCION,test1,0,A1
DBLSC,LSC0,635,ENAMORADO-X,ADJETIVO,"Variante morfológica en ""X"" para la seña de enamorado en el corpus. (Generada Gemini)",NO,1 seña,NO,SI,Simétrica (tipo I),Xe,Sin especificar,Sin especificar,Sin especificar,Sin especificar,00635_enamoradox.mp4,ENAMORADO X,test1,15,A1
DBLSC,LSC0,636,ENAMORADO-PALMA,ADJETIVO,Variante de la seña de enamorado articulada de la palma de la mano hacia el índice. (Generada Gemini),NO,1 seña,NO,SI,Asimétrica (tipo III),Bl,P,Sin especificar,Sin especificar,Sin especificar,00636_enamoradop.mp4,ENAMORADO PALMA,test1,15,A1
DBLSC,LSC0,637,ENFURECER,VERBO,Poner furioso a alguien o ponerse furioso. (RAE),NO,1 seña,SI,SI,Unimanual en contacto (tipo X),J,Sin especificar,Sin especificar,Sin especificar,Sin especificar,00637_enfurecer.mp4,ENFURECER,test1,64,A1
DBLSC,LSC0,638,ENFURECER-DOBLE,VERBO,Expresión intensificada de rabia o furia en la articulación de la seña. (Generada Gemini),NO,1 seña,SI,SI,Simétrica (tipo I),J,Sin especificar,Sin especificar,Sin especificar,Sin especificar,00638_enfurecerd.mp4,ENFURECER DOBLE,test4,10,A2
DBLSC,LSC0,639,ENVIDIA,SUSTANTIVO,"Tristeza o pesar del bien ajeno, o deseo de algo que otra persona posee. (RAE)",NO,1 seña,NO,SI,Unimanual en contacto (tipo X),G,Sin especificar,Sin especificar,Sin especificar,Sin especificar,00639_envidia.mp4,ENVIDIA,test1,0,A1
DBLSC,LSC0,640,EXPRESAR,VERBO,"Manifestar con palabras, signos u otros medios lo que se piensa o siente. (RAE)",NO,1 seña,NO,SI,Semi-simétrica (tipo II),S,Jc,Sin especificar,Sin especificar,Sin especificar,00640_expresar.mp4,EXPRESAR,test2,84,A2
DBLSC,LSC0,641,FAMOSO,ADJETIVO,Que tiene fama o es muy conocido de la gente. (RAE),NO,1 seña,NO,SI,Simétrica (tipo I),L,J,Sin especificar,Sin especificar,Sin especificar,00641_famoso.mp4,FAMOSO,test3,54,A2
DBLSC,LSC0,642,FAMOSO(2),ADJETIVO,Variante de la seña de famoso en el corpus. (Generada Gemini),NO,1 seña,SI,SI,Unimanual en contacto (tipo X),L,J,Sin especificar,Sin especificar,Sin especificar,00642_famoso2.mp4,FAMOSO 2,test1,69,A2
DBLSC,LSC0,643,FAMOSO(3),ADJETIVO,Variante léxica o de enfatización para la seña de famoso. (Generada Gemini),NO,1 seña,SI,SI,Simétrica (tipo I),P,Sin especificar,Sin especificar,Sin especificar,Sin especificar,00643_famoso3.mp4,FAMOSO 3,test1,15,A1
DBLSC,LSC0,644,FELIZ,ADJETIVO,"Que siente felicidad, alegría o satisfacción. (RAE)",NO,1 seña,NO,SI,Asimétrica (tipo III),J,Y,Sin especificar,Sin especificar,Sin especificar,00644_feliz.mp4,FELIZ,test3,27,A1
DBLSC,LSC0,645,FEO,ADJETIVO,Desprovisto de belleza y hermosura. (RAE),NO,1 seña,NO,SI,Asimétrica (tipo III),P,S,Sin especificar,Sin especificar,Sin especificar,00645_feo.mp4,FEO,test2,23,A1
DBLSC,LSC0,646,FEO(2),ADJETIVO,Variante de seña para calificar algo o a alguien como feo. (Generada Gemini),NO,1 seña,SI,SI,Unimanual (tipo 0),P,Sin especificar,Sin especificar,Sin especificar,Sin especificar,00646_feo2.mp4,FEO 2,test4,11,A2
DBLSC,LSC0,647,FIEL,ADJETIVO,"Que guarda fe, lealtad o constancia en sus afectos o compromisos. (RAE)",NO,1 seña,NO,SI,Compuestas (tipo C),Bl,V,Sin especificar,Sin especificar,Sin especificar,00647_fiel.mp4,FIEL,test3,57,A2
DBLSC,LSC0,648,FLACO,ADJETIVO,"Falto de carnes, delgado. (RAE)",NO,1 seña,NO,SI,Unimanual en contacto (tipo X),I,Sin especificar,Sin especificar,Sin especificar,Sin especificar,00648_flaco.mp4,FLACO,test4,8,A2
DBLSC,LSC0,649,FLACO(2),ADJETIVO,Variante morfológica o de seña para delgado o flaco. (Generada Gemini),NO,1 seña,SI,SI,Compuestas (tipo C),J,I,Sin especificar,Sin especificar,Sin especificar,00649_flaco2.mp4,FLACO 2,test4,11,A2
DBLSC,LSC0,650,FUERTE,ADJETIVO,Que tiene gran fuerza física o moral. (RAE),NO,1 seña,NO,SI,Asimétrica (tipo III),S,Be,Sin especificar,Sin especificar,Sin especificar,00650_fuerte.mp4,FUERTE,test1,21,A2
DBLSC,LSC0,651,GENEROSO,ADJETIVO,Inclinado a dar o compartir de forma desinteresada. (RAE),NO,1 seña,NO,SI,Unimanual en contacto (tipo X),N,Sin especificar,Sin especificar,Sin especificar,Sin especificar,00651_generoso.mp4,GENEROSO,test3,7,A1
DBLSC,LSC0,652,GORDO,ADJETIVO,De abundantes carnes o mucha grasa. (RAE),NO,1 seña,NO,SI,Simétrica (tipo I),S,Sin especificar,Sin especificar,Sin especificar,Sin especificar,00652_gordo.mp4,GORDO,test4,8,A2
DBLSC,LSC0,653,GRANDE,ADJETIVO,"Que supera en tamaño, importancia o intensidad a lo común. (RAE)",NO,1 seña,SI,SI,Simétrica (tipo I),J,Sin especificar,Sin especificar,Sin especificar,Sin especificar,00653_grande.mp4,GRANDE,test2,12,A1
DBLSC,LSC0,654,GRANDE(2),ADJETIVO,Variante de seña para expresar dimensión o tamaño elevado. (Generada Gemini),NO,1 seña,SI,SI,Unimanual (tipo 0),Ql,Sin especificar,Sin especificar,Sin especificar,Sin especificar,00654_grande2.mp4,GRANDE 2,test2,85,A2
DBLSC,LSC0,655,GROSERO,ADJETIVO,"Carecedo de educación, cortesía o delicadeza. (RAE)",NO,1 seña,NO,SI,Unimanual en contacto (tipo X),Jc,Sin especificar,Sin especificar,Sin especificar,Sin especificar,00655_grosero.mp4,GROSERO,test3,47,A2
DBLSC,LSC0,656,HONESTO,ADJETIVO,"Decente, decoroso, honrado y recto en su conducta. (RAE)",NO,1 seña,NO,SI,Unimanual (tipo 0),Ok,Sin especificar,Sin especificar,Sin especificar,Sin especificar,00656_honesto.mp4,HONESTO,test3,74,A1
DBLSC,LSC0,657,IGNORAR,VERBO,No saber o desconocer algo. / No hacer caso de alguien o algo. (RAE),NO,1 seña,NO,SI,Asimétrica (tipo III),P,Af,Sin especificar,Sin especificar,Sin especificar,00657_ignorar.mp4,IGNORAR,test4,3,A2
DBLSC,LSC0,658,INCUMPLIDO,ADJETIVO,Que no cumple con sus obligaciones o compromisos. (RAE),NO,1 seña,SI,SI,Simétrica (tipo I),Ok,Sin especificar,Sin especificar,Sin especificar,Sin especificar,00658_incumplido.mp4,INCUMPLIDO,test3,70,A2
DBLSC,LSC0,659,INCUMPLIDO(2),ADJETIVO,Variante de seña para denotar falta de cumplimiento o puntualidad. (Generada Gemini),NO,2 señas,SI,SI,Unimanual (tipo 0),Ok,J,Sin especificar,Sin especificar,Sin especificar,00659_imcumplido.mp4,INCUMPLIDO 2,test3,13,A2
DBLSC,LSC0,660,INFIEL,ADJETIVO,Que falta a la fidelidad o lealtad debida. (RAE),NO,1 seña,NO,SI,Asimétrica (tipo III),Bl,V,Sin especificar,Sin especificar,Sin especificar,00660_infiel.mp4,INFIEL,test3,57,A2
DBLSC,LSC0,661,INOCENTE,ADJETIVO,Libre de culpa o de mala intención. (RAE),NO,1 seña,SI,SI,Unimanual en contacto (tipo X),Okf,Sin especificar,Sin especificar,Sin especificar,Sin especificar,00661_inocente.mp4,INOCENTE,test1,64,A1
DBLSC,LSC0,662,INOCENTE(2),ADJETIVO,Variante de seña para expresar la condición de no culpabilidad. (Generada Gemini),NO,1 seña,SI,SI,Unimanual en contacto (tipo X),Okf,Sin especificar,Sin especificar,Sin especificar,Sin especificar,00662_inocente2.mp4,INOCENTE 2,test2,6,A2
DBLSC,LSC0,663,INTELIGENTE,ADJETIVO,"Dotado de capacidad de entender, comprender o resolver problemas. (RAE)",NO,1 seña,NO,SI,Unimanual en contacto (tipo X),X,Sin especificar,Sin especificar,Sin especificar,Sin especificar,00663_inteligent.mp4,INTELIGENTE,test4,30,A2
DBLSC,LSC0,664,INTERESAR/INTERÉS,VERBO,"Causar o sentir interés, inclinación o provecho por algo. (RAE)",NO,1 seña,SI,SI,Unimanual (tipo 0),U,Sin especificar,Sin especificar,Sin especificar,Sin especificar,00664_interesari.mp4,INTERESAR/INTERES,test2,84,A2
DBLSC,LSC0,665,INTERESAR/INTERÉS(2),VERBO,Variante léxica para la expresión de interés o atracción por un asunto. (Generada Gemini),NO,1 seña,SI,SI,Unimanual en contacto (tipo X),U,Sin especificar,Sin especificar,Sin especificar,Sin especificar,00665_interesari.mp4,INTERESAR/INTERES 2,test3,45,A2
DBLSC,LSC0,666,INTERESAR/INTERÉS(3),VERBO,Variante de seña para interponer o mostrar interés. (Generada Gemini),NO,1 seña,SI,SI,Unimanual en contacto (tipo X),U,Sin especificar,Sin especificar,Sin especificar,Sin especificar,00666_interesari.mp4,INTERESAR/INTERES 3,test1,51,A1
DBLSC,LSC0,667,PROGRESAR(2),VERBO,"Variante de seña para la acción de avanzar, mejorar o prosperar. (Generada Gemini)",NO,1 seña,NO,SI,Asimétrica (tipo III),Bl,Be,Sin especificar,Sin especificar,Sin especificar,00667_progresar2.mp4,PROGRESAR 2,test2,6,A2
DBLSC,LSC1,668,LÍDER,SUSTANTIVO,"Persona que dirige o encabeza un grupo, partido o movimiento. (RAE)",NO,1 seña,NO,SI,Unimanual en contacto (tipo X),L,Sin especificar,Sin especificar,Sin especificar,Sin especificar,00668_lider.mp4,LIDER,test4,84,B1
DBLSC,LSC0,669,LOCO,ADJETIVO,Que tiene perturbadas sus facultades mentales. / Que muestra poco juicio. (RAE),NO,1 seña,NO,SI,Unimanual (tipo 0),P,Sin especificar,Sin especificar,Sin especificar,Sin especificar,00669_loco.mp4,LOCO,test4,10,A2
DBLSC,LSC0,670,MALO,ADJETIVO,"De mala calidad o que carece de la virtud, bondad o utilidad debidas. (RAE)",NO,1 seña,SI,SI,Unimanual en contacto (tipo X),Jc,Q,Sin especificar,Sin especificar,Sin especificar,00670_malo.mp4,MALO,test3,74,A1
DBLSC,LSC0,671,MENTIROSO,ADJETIVO,Que dice mentiras o tiene costumbre de mentir. (RAE),NO,1 seña,NO,SI,Unimanual en contacto (tipo X),P,Sin especificar,Sin especificar,Sin especificar,Sin especificar,00671_mentiroso.mp4,MENTIROSO,test4,3,A2
DBLSC,LSC0,672,MIEDO,SUSTANTIVO,Angustia por un riesgo o daño real o imaginario. (RAE),NO,1 seña,SI,SI,Simétrica (tipo I),S,Sin especificar,Sin especificar,Sin especificar,Sin especificar,00672_miedo.mp4,MIEDO,test3,60,A1
DBLSC,LSC0,673,MIEDO(2),SUSTANTIVO,Variante morfológica o gestual para expresar temor o miedo. (Generada Gemini),NO,1 seña,SI,SI,Simétrica (tipo I),J,Sin especificar,Sin especificar,Sin especificar,Sin especificar,00673_miedo2.mp4,MIEDO 2,test4,47,A1
DBLSC,LSC0,674,MIEDO(3),SUSTANTIVO,Variante de seña intensificada de temor en el corpus. (Generada Gemini),NO,1 seña,SI,SI,Asimétrica (tipo III),Jc,Q,Sin especificar,Sin especificar,Sin especificar,00674_miedo3.mp4,MIEDO 3,test3,61,A1
DBLSC,LSC0,675,OBEDIENTE,ADJETIVO,Que obedece o cumple con la voluntad de quien manda. (RAE),NO,1 seña,NO,SI,Simétrica (tipo I),Q,J,Sin especificar,Sin especificar,Sin especificar,00675_obdecer.mp4,OBEDIENTE,test2,44,A1
DBLSC,LSC0,676,OCUPADO,ADJETIVO,Que tiene el tiempo o la atención dedicados a una labor. (RAE),NO,1 seña,NO,SI,Asimétrica (tipo III),S,Bl,Sin especificar,Sin especificar,Sin especificar,00676_ocupado.mp4,OCUPADO,test3,83,A1
DBLSC,LSC0,677,OCUPADO(2),ADJETIVO,Variante de la seña para denotar falta de tiempo o estar en una actividad. (Generada Gemini),NO,1 seña,NO,SI,Unimanual en contacto (tipo X),H,Sin especificar,Sin especificar,Sin especificar,Sin especificar,00677_ocupado2.mp4,OCUPADO 2,test3,13,A2
DBLSC,LSC0,678,ANGUSTIADO,ADJETIVO,"Que siente angustia, intranquilidad o aflicción intensa. (RAE)",NO,1 seña,NO,SI,Semi-simétrica (tipo II),Jc,Sin especificar,Sin especificar,Sin especificar,Sin especificar,00678_angustiado.mp4,ANGUSTIADO,test1,0,A1
DBLSC,LSC0,679,ODIO,SUSTANTIVO,Antipatía y aversión hacia algo o alguien cuyo mal se desea. (RAE),NO,1 seña,SI,SI,Unimanual en contacto (tipo X),Xe,Sin especificar,Sin especificar,Sin especificar,Sin especificar,00679_odio.mp4,ODIO,test2,5,A1
DBLSC,LSC0,680,ODIO(2),SUSTANTIVO,Variante de la seña para manifestar aborrecimiento o aversión. (Generada Gemini),NO,1 seña,SI,SI,Simétrica (tipo I),No,J,Sin especificar,Sin especificar,Sin especificar,00680_odio2.mp4,ODIO 2,test3,61,A1
DBLSC,LSC0,681,OPTIMISTA,ADJETIVO,Que propende a ver y juzgar las cosas en su aspecto más favorable. (RAE),NO,1 seña,NO,SI,Semi-simétrica (tipo II),P,P,Sin especificar,Sin especificar,Sin especificar,00681_optimista.mp4,OPTIMISTA,test4,20,A1
DBLSC,LSC0,682,ORGULLOSO,ADJETIVO,"Que tiene orgullo, soberbia o satisfacción personal. (RAE)",NO,1 seña,SI,SI,Unimanual en contacto (tipo X),A,Sin especificar,Sin especificar,Sin especificar,Sin especificar,00682_orgulloso.mp4,ORGULLOSO,test4,38,A1
DBLSC,LSC0,683,ORGULLOSO(2),ADJETIVO,Variante de la seña para denotar satisfacción propia u orgullo. (Generada Gemini),NO,1 seña,NO,SI,Unimanual en contacto (tipo X),J,Sin especificar,Sin especificar,Sin especificar,Sin especificar,00683_orgulloso2.mp4,ORGULLOSO 2,test2,6,A2
DBLSC,LSC0,684,PACIENCIA,SUSTANTIVO,Capacidad de padecer o soportar algo sin alterarse. (RAE),NO,1 seña,SI,SI,Unimanual en contacto (tipo X),A,Sin especificar,Sin especificar,Sin especificar,Sin especificar,00684_paciencia.mp4,PACIENCIA,test3,60,A1
DBLSC,LSC0,685,PACIENCIA(3),SUSTANTIVO,Variante de seña para expresar tolerancia o aguante prolongado. (Generada Gemini),NO,1 seña,SI,SI,Unimanual en contacto (tipo X),A,Sin especificar,Sin especificar,Sin especificar,Sin especificar,00685_paciencia2.mp4,PACIENCIA 3,test3,61,A1
DBLSC,LSC0,686,PENA,SUSTANTIVO,"Congoja, tristeza o sentimiento de vergüenza. (RAE)",NO,1 seña,NO,SI,Unimanual en contacto (tipo X),J,Sin especificar,Sin especificar,Sin especificar,Sin especificar,00686_pena.mp4,PENA,test2,68,A1
DBLSC,LSC0,687,PEQUEÑO,ADJETIVO,"De escaso tamaño, dimensión o cantidad. (RAE)",NO,1 seña,NO,SI,Unimanual (tipo 0),B,Sin especificar,Sin especificar,Sin especificar,Sin especificar,00687_pequeño.mp4,PEQUENO,test2,12,A1
DBLSC,LSC0,688,PEQUEÑO(2),ADJETIVO,Variante morfológica de seña para indicar dimensión reducida. (Generada Gemini),NO,1 seña,NO,SI,Semi-simétrica (tipo II),Ql,Ql,Sin especificar,Sin especificar,Sin especificar,00688_pequeño2.mp4,PEQUENO 2,test4,11,A2
DBLSC,LSC0,689,PEQUEÑO(3),ADJETIVO,Variante de seña diminutiva en el corpus. (Generada Gemini),NO,1 seña,NO,SI,Simétrica (tipo I),B,B,Sin especificar,Sin especificar,Sin especificar,00689_pequeño3.mp4,PEQUENO 3,test1,15,A1
DBLSC,LSC0,690,PEREZOSO,ADJETIVO,Nulo o lento para las acciones o el trabajo; amedrentado por el esfuerzo. (RAE),NO,1 seña,NO,SI,Unimanual en contacto (tipo X),Q,Sin especificar,Sin especificar,Sin especificar,Sin especificar,00690_perezoso.mp4,PEREZOSO,test4,68,A2
DBLSC,LSC0,691,PEREZOSO(2),ADJETIVO,Variante de seña para denotar pereza o flojera. (Generada Gemini),NO,1 seña,NO,SI,Unimanual en contacto (tipo X),Xe,Sin especificar,Sin especificar,Sin especificar,Sin especificar,00691_perezoso2.mp4,PEREZOSO 2,test4,11,A2
DBLSC,LSC0,692,PESIMISTA,ADJETIVO,Que propende a ver y juzgar las cosas en su aspecto más desfavorable. (RAE),NO,1 seña,SI,SI,Unimanual (tipo 0),P,Sin especificar,Sin especificar,Sin especificar,Sin especificar,00692_pesimista.mp4,PESIMISTA,test4,20,A1
DBLSC,LSC0,693,PESIMISTA(2),ADJETIVO,Variante de seña para manifestar una actitud pesimista. (Generada Gemini),NO,1 seña,NO,SI,Unimanual en contacto (tipo X),P,Sin especificar,Sin especificar,Sin especificar,Sin especificar,00693_pesimista2.mp4,PESIMISTA 2,test2,6,A2
DBLSC,LSC0,694,POBRE,ADJETIVO,Que no tiene lo necesario para vivir o que es escaso de recursos. (RAE),NO,1 seña,SI,SI,Asimétrica (tipo III),B,Jc,Sin especificar,Sin especificar,Sin especificar,00694_pobre.mp4,POBRE,test4,3,A2
DBLSC,LSC0,695,POBRE(2),ADJETIVO,Variante de seña para referir escasez económica o desamparo. (Generada Gemini),NO,1 seña,SI,SI,Asimétrica (tipo III),A,Jc,Sin especificar,Sin especificar,Sin especificar,00695_pobre2.mp4,POBRE 2,test1,72,A2
DBLSC,LSC0,696,PROHIBIDO,ADJETIVO,Que no está permitido por norma o ley. (RAE),NO,1 seña,NO,SI,Unimanual (tipo 0),H,Sin especificar,Sin especificar,Sin especificar,Sin especificar,00696_prohibido.mp4,PROHIBIDO,test3,70,A2
DBLSC,LSC0,697,RICO-DINERO,ADJETIVO,Que posee abundante dinero o bienes materiales. (Generada Gemini),NO,1 seña,NO,SI,Asimétrica (tipo III),J,J,Sin especificar,Sin especificar,Sin especificar,00697_ricodinero.mp4,RICO DINERO,test2,48,A1
DBLSC,LSC1,698,RICO-DINERO(2),ADJETIVO,Variante de la seña para acaudalado o poseedor de riqueza. (Generada Gemini),NO,1 seña,SI,SI,Unimanual (tipo 0),J,Sin especificar,Sin especificar,Sin especificar,Sin especificar,00698_ricodinero.mp4,RICO DINERO 2,test2,47,B2
DBLSC,LSC0,699,RICO-DINERO(3),ADJETIVO,Variante de seña de opulencia económica. (Generada Gemini),NO,1 seña,NO,SI,Unimanual (tipo 0),Xf,J,Sin especificar,Sin especificar,Sin especificar,00699_ricodinero.mp4,RICO DINERO 3,test2,48,A1
DBLSC,LSC0,700,SEGURO,ADJETIVO,"Libre y exento de todo peligro, daño o riesgo. / Cierto y firme. (RAE)",NO,1 seña,NO,SI,Simétrica (tipo I),Tb,Tb,J,J,Sin especificar,00700_seguro.mp4,SEGURO,test2,58,A1
DBLSC,LSC0,701,SEGURO(2),ADJETIVO,Variante de seña para indicar certidumbre o garantía. (Generada Gemini),NO,1 seña,SI,SI,Unimanual (tipo 0),Tb,Sin especificar,Sin especificar,Sin especificar,Sin especificar,00701_seguro2.mp4,SEGURO 2,test1,69,A2
DBLSC,LSC0,702,SERIO,ADJETIVO,"Severo, poco dado a la risa o la broma. (RAE)",NO,1 seña,NO,SI,Unimanual (tipo 0),Cb,Sin especificar,Sin especificar,Sin especificar,Sin especificar,00702_serio.mp4,SERIO,test1,64,A1
DBLSC,LSC0,703,SOLO,ADJETIVO,Sin compañía de otra persona o cosa. (RAE),NO,1 seña,NO,SI,Unimanual (tipo 0),P,Sin especificar,Sin especificar,Sin especificar,Sin especificar,00703_solo.mp4,SOLO,test4,3,A2
DBLSC,LSC0,704,SOLO(2),ADJETIVO,Variante de seña para estar en soledad o aislamiento. (Generada Gemini),NO,1 seña,NO,SI,Unimanual (tipo 0),P,Sin especificar,Sin especificar,Sin especificar,Sin especificar,00704_solo2.mp4,SOLO 2,test2,6,A2
DBLSC,LSC0,705,TACAÑO,ADJETIVO,"Miserable, escaso o que escatima en el gasto. (RAE)",NO,1 seña,SI,SI,Asimétrica (tipo III),S,J,Sin especificar,Sin especificar,Sin especificar,00705_tacaño.mp4,TACANO,test4,10,A2
DBLSC,LSC0,706,TACAÑO(2),ADJETIVO,Variante de la seña para calificar la mezquindad o amarradez. (Generada Gemini),NO,1 seña,NO,SI,Unimanual en contacto (tipo X),P,X,Sin especificar,Sin especificar,Sin especificar,00706_tacaño2.mp4,TACANO 2,test1,69,A2
DBLSC,LSC0,707,TERCO,ADJETIVO,"Pertinaz, obstinado o firme en su opinión o decisión. (RAE)",NO,1 seña,NO,SI,Unimanual en contacto (tipo X),A,Sin especificar,Sin especificar,Sin especificar,Sin especificar,00707_terco.mp4,TERCO,test2,84,A2
DBLSC,LSC0,708,TIERNO,ADJETIVO,"Afectuoso, cariñoso, o suave y fácil de deformar. (RAE)",NO,1 seña,NO,SI,Simétrica (tipo I),Je,Je,Sin especificar,Sin especificar,Sin especificar,00708_tierno.mp4,TIERNO,test3,54,A2
DBLSC,LSC0,709,TÍMIDO,ADJETIVO,"Temeroso, encogido o corto de ánimo. (RAE)",NO,1 seña,NO,SI,Semi-simétrica (tipo II),J,J,Sin especificar,Sin especificar,Sin especificar,00709_timido.mp4,TIMIDO,test4,10,A2
DBLSC,LSC0,710,TRANQUILO,ADJETIVO,"Sosegado, sereno, que no siente turbación. (RAE)",NO,1 seña,NO,SI,Semi-simétrica (tipo II),J,J,Sin especificar,Sin especificar,Sin especificar,00710_tranquilo.mp4,TRANQUILO,test2,56,A1
DBLSC,LSC0,711,TRISTE,ADJETIVO,"Afligido, apenado, que siente tristeza. (RAE)",NO,1 seña,NO,SI,Unimanual en contacto (tipo X),L,Sin especificar,Sin especificar,Sin especificar,Sin especificar,00711_triste.mp4,TRISTE,test1,0,A1
DBLSC,LSC0,712,TRISTE(2),ADJETIVO,Variante de seña para denotar aflicción o estado apenado. (Generada Gemini),NO,1 seña,NO,SI,Unimanual en contacto (tipo X),Al,Sin especificar,Sin especificar,Sin especificar,Sin especificar,00712_triste.mp4,TRISTE 2,test1,69,A2
DBLSC,LSC0,713,ABUELO,SUSTANTIVO,"Respecto de una persona, el padre de su padre o de su madre. (RAE)",SI,2 señas,SI,SI,Unimanual en contacto (tipo X),Q,O,Sin especificar,Sin especificar,Sin especificar,00713_abuelo.mp4,ABUELO,test2,44,A1
DBLSC,LSC0,714,MOFA,ADJETIVO,Burla o desprecio con que se hace chanza de alguien. (RAE),NO,1 seña,SI,SI,Unimanual en contacto (tipo X),Cl,Sin especificar,Sin especificar,Sin especificar,Sin especificar,00714_mofa.mp4,MOFA,test4,10,A2
DBLSC,LSC0,715,AMIGO,SUSTANTIVO,Que tiene amistad o afecto recíproco con otra persona. (RAE),NO,1 seña,NO,SI,Semi-simétrica (tipo II),Cl,Cl,Sin especificar,Sin especificar,Sin especificar,00715_amigo.mp4,AMIGO,test2,9,A2
DBLSC,LSC0,716,AMIGO(2),SUSTANTIVO,Variante de seña para referirse a un compañero o amigo. (Generada Gemini),NO,1 seña,NO,SI,Semi-simétrica (tipo II),P,P,Sin especificar,Sin especificar,Sin especificar,00716_amigo2.mp4,AMIGO 2,test1,69,A2
DBLSC,LSC0,717,CASADO,ADJETIVO,Que ha contraído matrimonio. (RAE),NO,1 seña,NO,SI,Asimétrica (tipo III),Ta,J,Sin especificar,Sin especificar,Sin especificar,00717_casado.mp4,CASADO,test1,53,A1
DBLSC,LSC0,718,CUÑADO,SUSTANTIVO,"Hermano del cónyuge, o cónyuge del hermano. (RAE)",NO,1 seña,SI,SI,Semi-simétrica (tipo II),Cb,Cb,Sin especificar,Sin especificar,Sin especificar,00718_cuñado.mp4,CUNADO,test4,30,A1
DBLSC,LSC0,719,CUÑADO(2),SUSTANTIVO,Variante de la seña para la relación de parentesco de cuñado. (Generada Gemini),NO,1 seña,SI,SI,Unimanual (tipo 0),Cb,Sin especificar,Sin especificar,Sin especificar,Sin especificar,00719_cuñado2.mp4,CUNADO 2,test1,69,A2
DBLSC,LSC0,720,ESPOSO,SUSTANTIVO,Persona unida a otra en matrimonio. (RAE),NO,1 seña,NO,SI,Unimanual (tipo 0),Ne,Sin especificar,Sin especificar,Sin especificar,Sin especificar,00720_esposo.mp4,ESPOSO,test1,53,A1
DBLSC,LSC0,721,ESPOSO(2),SUSTANTIVO,Variante de seña para cónyuge o marido. (Generada Gemini),NO,1 seña,NO,SI,Asimétrica (tipo III),Ta,J,Sin especificar,Sin especificar,Sin especificar,00721_esposo2.mp4,ESPOSO 2,test1,69,A2
DBLSC,LSC0,722,FAMILIA,SUSTANTIVO,Grupo de personas emparentadas entre sí que viven juntas o bajo un mismo vínculo. (RAE),NO,1 seña,NO,SI,Simétrica (tipo I),Ok,Ok,Sin especificar,Sin especificar,Sin especificar,00722_familia.mp4,FAMILIA,test4,80,A1
DBLSC,LSC0,723,HERMANO,SUSTANTIVO,Persona nacida de los mismos padres o de uno de ellos. (RAE),NO,1 seña,NO,SI,Simétrica (tipo I),P,P,Sin especificar,Sin especificar,Sin especificar,00723_hermano.mp4,HERMANO,test4,30,A1
DBLSC,LSC0,724,HERMANO(2),SUSTANTIVO,Variante de la seña para el vínculo de hermano. (Generada Gemini),NO,1 seña,NO,SI,Unimanual (tipo 0),V,H,Sin especificar,Sin especificar,Sin especificar,00724_hermano2.mp4,HERMANO 2,test1,69,A2
DBLSC,LSC0,725,HIJO,SUSTANTIVO,Persona respecto de sus padres. (RAE),NO,1 seña,NO,SI,Unimanual en contacto (tipo X),V,Sin especificar,Sin especificar,Sin especificar,Sin especificar,00725_hijo.mp4,HIJO,test4,22,A1
DBLSC,LSC0,726,HOGAR,SUSTANTIVO,Casa o domicilio donde vive la familia. (RAE),NO,1 seña,SI,SI,Unimanual en contacto (tipo X),Q,Sin especificar,Sin especificar,Sin especificar,Sin especificar,00726_hogar.mp4,HOGAR,test2,75,A2
DBLSC,LSC0,727,LUNA-DE-MIEL,SUSTANTIVO,Período posterior al matrimonio que disfrutan los recién casados. (RAE),NO,1 seña,SI,SI,Unimanual en contacto (tipo X),Bl,Sin especificar,Sin especificar,Sin especificar,Sin especificar,00727_lunademiel.mp4,LUNA DE MIEL,test1,53,A1
DBLSC,LSC0,728,MACHISMO,SUSTANTIVO,Actitud o prepotencia de los varones respecto de las mujeres. (RAE),NO,1 seña,NO,SI,Unimanual (tipo 0),Af,Sin especificar,Sin especificar,Sin especificar,Sin especificar,00728_machismo.mp4,MACHISMO,test1,77,A1
DBLSC,LSC0,729,MAMÁ,SUSTANTIVO,"Madre, mujer respecto de sus hijos. (RAE)",NO,1 seña,NO,SI,Unimanual en contacto (tipo X),Bl,Sin especificar,Sin especificar,Sin especificar,Sin especificar,00729_mama.mp4,MAMA,test4,22,A1
DBLSC,LSC0,730,MATRIMONIO-CIVIL,SUSTANTIVO,Unión conyugal regulada y celebrada ante las autoridades civiles. (Generada Gemini),SI,2 señas,NO,SI,Asimétrica (tipo III),Tc,J,Cl,Sin especificar,Sin especificar,00730_matrimonio.mp4,MATRIMONIO CIVIL,test3,84,A1
DBLSC,LSC0,731,MATRIMONIO-CATÓLICO,SUSTANTIVO,Unión conyugal celebrada bajo el rito y normas de la Iglesia católica. (Generada Gemini),SI,2 señas,NO,SI,Asimétrica (tipo III),Tc,J,H,Sin especificar,Sin especificar,00731_matrimonio.mp4,MATRIMONIO CATOLICO,test1,2,A1
DBLSC,LSC0,732,NIETO,SUSTANTIVO,Hijo de un hijo o de una hija. (RAE),NO,1 seña,NO,SI,Unimanual en contacto (tipo X),H,Sin especificar,Sin especificar,Sin especificar,Sin especificar,00732_nieto.mp4,NIETO,test4,22,A1
DBLSC,LSC0,733,NOVIO,SUSTANTIVO,Persona que mantiene con otra una relación amorosa con vistas al matrimonio. (RAE),NO,1 seña,NO,SI,Simétrica (tipo I),A,A,Sin especificar,Sin especificar,Sin especificar,00733_novio.mp4,NOVIO,test2,9,A2
DBLSC,LSC0,734,NUERA,SUSTANTIVO,"Respecto de una persona, mujer de su hijo. (RAE)",NO,1 seña,SI,SI,Unimanual en contacto (tipo X),H,Sin especificar,Sin especificar,Sin especificar,Sin especificar,00734_nuera.mp4,NUERA,test3,57,A2
DBLSC,LSC0,735,PADRES,SUSTANTIVO,El padre y la madre. (RAE),NO,1 seña,NO,SI,Unimanual en contacto (tipo X),Xe,Bl,Sin especificar,Sin especificar,Sin especificar,00735_padres.mp4,PADRES,test4,22,A1
DBLSC,LSC0,736,PAPA,SUSTANTIVO,"Padre, progenitor masculino. (RAE)",NO,1 seña,NO,SI,Unimanual en contacto (tipo X),Xe,Sin especificar,Sin especificar,Sin especificar,Sin especificar,00736_papa.mp4,PAPA,test4,22,A1
DBLSC,LSC0,737,PRIMO,SUSTANTIVO,Hijo del tío o de la tía de una persona. (RAE),NO,1 seña,SI,SI,Asimétrica (tipo III),Tc,P,Sin especificar,Sin especificar,Sin especificar,00737_primo.mp4,PRIMO,test3,57,A2
DBLSC,LSC0,738,PRIVADO,ADJETIVO,"Particular y personal de cada uno, que no es público. (RAE)",NO,1 seña,NO,SI,Unimanual en contacto (tipo X),A,A,Sin especificar,Sin especificar,Sin especificar,00738_privado.mp4,PRIVADO,test2,19,A2
DBLSC,LSC0,739,PRIVADO2,ADJETIVO,Variante de seña para indicar reserva o ámbito privado. (Generada Gemini),NO,1 seña,NO,SI,Unimanual en contacto (tipo X),A,Qf,A,Sin especificar,Sin especificar,00739_privado2.mp4,PRIVADO2,test1,69,A2
DBLSC,LSC0,740,SEPARADO,ADJETIVO,Persona que ha interrumpido la convivencia con su cónyuge sin la disolución del vínculo matrimonial. (RAE),NO,1 seña,NO,SI,Semi-simétrica (tipo II),A,A,Sin especificar,Sin especificar,Sin especificar,00740_separado.mp4,SEPARADO,test2,9,A2
DBLSC,LSC0,741,SEPARADO(2),ADJETIVO,Variante de seña para la condición de separación conyugal. (Generada Gemini),NO,1 seña,NO,SI,Simétrica (tipo I),Bl,Bl,Sin especificar,Sin especificar,Sin especificar,00741_separado2.mp4,SEPARADO 2,test1,69,A2
DBLSC,LSC0,742,QUERER,VERBO,"Tener el deseo o la intención de poseer, hacer o lograr algo. / Amar o tener afecto. (RAE)",NO,1 seña,NO,SI,Simétrica (tipo I),Gl,Gl,Sin especificar,Sin especificar,Sin especificar,00742_querer.mp4,QUERER,test4,38,A1
DBLSC,LSC0,743,SOLTERO,SUSTANTIVO,Que no está casado. (RAE),NO,1 seña,SI,SI,Simétrica (tipo I),Ok,Ok,Sin especificar,Sin especificar,Sin especificar,00743_soltero.mp4,SOLTERO,test2,9,A2
DBLSC,LSC0,744,SOLTERO(2),SUSTANTIVO,Variante de seña para denotar estado civil soltero. (Generada Gemini),NO,1 seña,SI,SI,Unimanual en contacto (tipo X),P,A,A,Sin especificar,Sin especificar,00744_soltero2.mp4,SOLTERO 2,test1,69,A2
DBLSC,LSC0,745,SUEGRO,SUSTANTIVO,Padre del cónyuge de una persona. (RAE),NO,1 seña,NO,SI,Unimanual en contacto (tipo X),Bl,A,Sin especificar,Sin especificar,Sin especificar,00745_suegro.mp4,SUEGRO,test2,9,A2
DBLSC,LSC0,746,TÍO,SUSTANTIVO,Hermano o hermana del padre o de la madre. (RAE),NO,1 seña,SI,SI,Asimétrica (tipo III),P,P,Sin especificar,Sin especificar,Sin especificar,00746_tio.mp4,TIO,test4,22,A1
DBLSC,LSC0,747,TÍO(2),SUSTANTIVO,Variante de seña para el parentesco de tío. (Generada Gemini),NO,1 seña,SI,SI,Unimanual en contacto (tipo X),T,Sin especificar,Sin especificar,Sin especificar,Sin especificar,00747_tio2.mp4,TIO 2,test1,69,A2
DBLSC,LSC0,748,UNIÓN-LIBRE,SUSTANTIVO,Convivencia de una pareja sin haber contraído matrimonio formal. (Generada Gemini),NO,1 seña,SI,SI,Simétrica (tipo I),P,P,Sin especificar,Sin especificar,Sin especificar,00748_unionlibre.mp4,UNION LIBRE,test1,53,A1
DBLSC,LSC0,749,YERNO,SUSTANTIVO,"Respecto de una persona, marido de su hija. (RAE)",NO,1 seña,SI,SI,Unimanual en contacto (tipo X),R,Sin especificar,Sin especificar,Sin especificar,Sin especificar,00749_yerno.mp4,YERNO,test3,57,A2
DBLSC,LSC1,750,ABOGADO,SUSTANTIVO,Persona legalmente autorizada para defender en juicio los derechos o intereses de los litigantes. (RAE),NO,1 seña,NO,SI,Unimanual (tipo 0),Ob,Sin especificar,Sin especificar,Sin especificar,Sin especificar,00750_abogado.mp4,ABOGADO,test4,22,B2
DBLSC,LSC0,751,ACTIVIDAD,SUSTANTIVO,Conjunto de tareas o acciones propias de una persona o entidad. (RAE),NO,1 seña,NO,SI,Simétrica (tipo I),Cl,Cl,Sin especificar,Sin especificar,Sin especificar,00751_actividad.mp4,ACTIVIDAD,test2,39,A2
DBLSC,LSC1,752,ACTOR,SUSTANTIVO,"Persona que interpreta un papel en una obra teatral, cinematográfica, televisiva o radiofónica. (RAE)",SI,2 señas,NO,SI,Semi-simétrica (tipo II),J,J,Xc,Sin especificar,Sin especificar,00752_actor.mp4,ACTOR,test4,84,B1
DBLSC,LSC1,753,ACTOR(2),SUSTANTIVO,Variante de la seña para la profesión u oficio de actor. (Generada Gemini),NO,1 seña,NO,SI,Semi-simétrica (tipo II),V,V,Sin especificar,Sin especificar,Sin especificar,00753_actor2.mp4,ACTOR 2,test2,33,B2
DBLSC,LSC1,754,ARQUITECTO,SUSTANTIVO,Persona profesionalmente capacitada para proyectar y dirigir la construcción de edificios. (RAE),NO,1 seña,SI,SI,Asimétrica (tipo III),Bl,Ok,Sin especificar,Sin especificar,Sin especificar,00754_arquitecto.mp4,ARQUITECTO,test3,67,B1
DBLSC,LSC1,755,ARTE,SUSTANTIVO,Manifestación de la actividad humana mediante la cual se interpreta lo real o se plasma lo imaginado. (RAE),NO,1 seña,SI,SI,Asimétrica (tipo III),Q,J,Sin especificar,Sin especificar,Sin especificar,00755_arte.mp4,ARTE,test1,5,B1
DBLSC,LSC1,756,CAJERO,SUSTANTIVO,Persona encargada de la caja y del cobro o pago en un comercio o banco. (RAE),SI,2 señas,NO,SI,Unimanual (tipo 0),Af,Gl,Sin especificar,Sin especificar,Sin especificar,00756_cajero.mp4,CAJERO,test4,14,B2
DBLSC,LSC1,757,CANTANTE,SUSTANTIVO,"Persona que canta, en especial si lo hace profesionalmente. (RAE)",NO,1 seña,NO,SI,Unimanual (tipo 0),Af,Sin especificar,Sin especificar,Sin especificar,Sin especificar,00757_cantante.mp4,CANTANTE,test1,28,B2
DBLSC,LSC1,758,CARPINTERO,SUSTANTIVO,Persona que tiene por oficio labrar la madera y realizar objetos con ella. (RAE),NO,1 seña,NO,SI,Simétrica (tipo I),S,S,Sin especificar,Sin especificar,Sin especificar,00758_carpintero.mp4,CARPINTERO,test4,88,B1
DBLSC,LSC1,759,CELADOR,SUSTANTIVO,Persona encargada de tareas de vigilancia y custodia en un establecimiento. (RAE),SI,2 señas,NO,SI,Unimanual en contacto (tipo X),U,Sin especificar,Sin especificar,Sin especificar,Sin especificar,00759_celador.mp4,CELADOR,test3,22,B1
DBLSC,LSC1,760,CHEF,SUSTANTIVO,Jefe de cocina de un restaurante u otro establecimiento gastronómico. (RAE),SI,2 señas,NO,SI,Simétrica (tipo I),Cl,Cl,B,B,Sin especificar,00760_chef.mp4,CHEF,test1,55,B1
DBLSC,LSC1,761,CHEF(2),SUSTANTIVO,Variante de seña para la profesión de cocinero o chef. (Generada Gemini),SI,2 señas,NO,SI,Simétrica (tipo I),Cl,Cl,Gl,Gl,Sin especificar,00761_chef2.mp4,CHEF 2,test4,61,B1
DBLSC,LSC1,762,CIENTÍFICO,SUSTANTIVO,Persona que se dedica a la investigación y estudio de una ciencia. (RAE),NO,1 seña,NO,SI,Asimétrica (tipo III),XX,Bl,Sin especificar,Sin especificar,Sin especificar,00762_cientifico.mp4,CIENTIFICO,test3,67,B1
DBLSC,LSC1,763,DIBUJANTE,SUSTANTIVO,Persona que tiene por oficio o afición dibujar. (RAE),NO,1 seña,NO,SI,Unimanual en contacto (tipo X),Ye,Ql,Sin especificar,Sin especificar,Sin especificar,00763_dibujante.mp4,DIBUJANTE,test1,28,B2
DBLSC,LSC1,764,CHOFER,SUSTANTIVO,Persona encargada de conducir un automóvil o vehículo de transporte. (RAE),NO,1 seña,NO,SI,Semi-simétrica (tipo II),Af,Af,Sin especificar,Sin especificar,Sin especificar,00764_chofeer.mp4,CHOFER,test1,44,B1
DBLSC,LSC1,765,COMERCIANTE,SUSTANTIVO,Persona que se dedica a comerciar o a actividades de compraventa. (RAE),NO,1 seña,NO,SI,Simétrica (tipo I),Af,Af,Sin especificar,Sin especificar,Sin especificar,00765_comerciant.mp4,COMERCIANTE,test1,28,B2
DBLSC,LSC1,766,CONTADOR,SUSTANTIVO,Persona profesionalmente capacitada para llevar las cuentas y registros financieros. (RAE),NO,1 seña,NO,SI,Semi-simétrica (tipo II),Tc,Tc,Sin especificar,Sin especificar,Sin especificar,00766_contador.mp4,CONTADOR,test4,14,B2
DBLSC,LSC1,767,DIRECTOR,SUSTANTIVO,"Persona que dirige una empresa, negocio, obra u organización. (RAE)",NO,1 seña,NO,SI,Asimétrica (tipo III),Af,Sin especificar,Sin especificar,Sin especificar,Sin especificar,00767_director.mp4,DIRECTOR,test3,22,B1
DBLSC,LSC1,768,ELECTRICISTA,SUSTANTIVO,Persona especializada en instalaciones y reparaciones eléctricas. (RAE),SI,2 señas,NO,SI,Semi-simétrica (tipo II),Ta,Ta,XXc,XXc,Sin especificar,00768_electricis.mp4,ELECTRICISTA,test3,67,B1
DBLSC,LSC1,769,EMPLEADA-DOMÉSTICA,SUSTANTIVO,Persona contratada para realizar las labores propias de un hogar. (Generada Gemini),SI,2 señas,NO,SI,Unimanual en contacto (tipo X),P,Af,Af,Sin especificar,Sin especificar,00769_empleadado.mp4,EMPLEADA DOMESTICA,test2,31,B1
DBLSC,LSC1,770,ENFERMERA,SUSTANTIVO,Persona dedicada a la asistencia y cuidado de enfermos y heridos bajo prescripción médica. (RAE),NO,1 seña,NO,SI,Unimanual en contacto (tipo X),Bl,Sin especificar,Sin especificar,Sin especificar,Sin especificar,00770_enfermera.mp4,ENFERMERA,test2,77,B2
DBLSC,LSC1,771,ESCULTOR,SUSTANTIVO,Persona que cultiva el arte de la escultura. (RAE),NO,1 seña,NO,SI,Asimétrica (tipo III),A,Af,Sin especificar,Sin especificar,Sin especificar,00771_escultor.mp4,ESCULTOR,test3,67,B1
DBLSC,LSC1,772,ESCRITOR,SUSTANTIVO,Persona que escribe o produce obras literarias. (RAE),NO,1 seña,NO,SI,Asimétrica (tipo III),Ob,Bl,Sin especificar,Sin especificar,Sin especificar,00772_escritor.mp4,ESCRITOR,test4,73,B2
DBLSC,LSC0,773,EXPERIENCIA,SUSTANTIVO,Práctica prolongada que proporciona conocimiento o habilidad para hacer algo. (RAE),NO,1 seña,SI,SI,Unimanual en contacto (tipo X),Je,Sin especificar,Sin especificar,Sin especificar,Sin especificar,00773_experienci.mp4,EXPERIENCIA,test4,30,A2
DBLSC,LSC1,774,FILÓSOFO,SUSTANTIVO,Persona dedicada a los estudios de la filosofía. (RAE),NO,1 seña,NO,SI,Unimanual en contacto (tipo X),J,Sin especificar,Sin especificar,Sin especificar,Sin especificar,00774_filosofo.mp4,FILOSOFO,test3,82,B2
DBLSC,LSC1,775,FOTÓGRAFO,SUSTANTIVO,"Persona que hace fotografías, especialmente de manera profesional. (RAE)",NO,1 seña,NO,SI,Semi-simétrica (tipo II),Xc,Xc,Sin especificar,Sin especificar,Sin especificar,00775_fotografo.mp4,FOTOGRAFO,test2,0,B1
DBLSC,LSC1,776,INGENIERO,SUSTANTIVO,"Persona con titulación en ingeniería, capacitada para aplicar métodos científicos a la tecnología. (RAE)",NO,1 seña,SI,SI,Simétrica (tipo I),Y,Y,Sin especificar,Sin especificar,Sin especificar,00776_ingeniero.mp4,INGENIERO,test3,67,B1
DBLSC,LSC1,777,JEFE(2),SUSTANTIVO,Variante de seña para la noción de superior jerárquico o jefe. (Generada Gemini),NO,1 seña,SI,SI,Unimanual (tipo 0),A,Sin especificar,Sin especificar,Sin especificar,Sin especificar,00777_jefe2.mp4,JEFE 2,test2,33,B2
DBLSC,LSC1,778,LINGÚISTA,SUSTANTIVO,Persona especialista en lingüística o estudio científico del lenguaje. (RAE),NO,1 seña,NO,SI,Simétrica (tipo I),L,L,Sin especificar,Sin especificar,Sin especificar,00778_linguista.mp4,LINGUISTA,test4,73,B2
DBLSC,LSC1,779,LOTERO,SUSTANTIVO,Persona que vende billetes de lotería. (RAE),NO,1 seña,NO,SI,Asimétrica (tipo III),B,Bl,Sin especificar,Sin especificar,Sin especificar,00779_lotero.mp4,LOTERO,test4,84,B1
DBLSC,LSC1,780,MECÁNICO,SUSTANTIVO,"Persona capacitada en la construcción, montaje o reparación de máquinas y motores. (RAE)",NO,1 seña,NO,SI,Semi-simétrica (tipo II),V,V,Sin especificar,Sin especificar,Sin especificar,00780_mecanico.mp4,MECANICO,test3,67,B1
DBLSC,LSC1,781,MÉDICO,SUSTANTIVO,Persona legalmente autorizada para profesar y ejercer la medicina. (RAE),NO,1 seña,NO,SI,Asimétrica (tipo III),Okb,Sin especificar,Sin especificar,Sin especificar,Sin especificar,00781_medico.mp4,MEDICO,test2,77,B2
DBLSC,LSC1,782,MENSAJERO,SUSTANTIVO,"Persona que lleva un recado, carta o paquete de una parte a otra. (RAE)",SI,2 señas,NO,SI,Unimanual en contacto (tipo X),H,B,Be,Sin especificar,Sin especificar,00782_mensajero.mp4,MENSAJERO,test1,28,B2
DBLSC,LSC1,783,MODISTA,SUSTANTIVO,Persona que se dedica a hacer prendas de vestir o a diseñar moda. (RAE),SI,2 señas,NO,SI,Semi-simétrica (tipo II),Okf,O,Sin especificar,Sin especificar,Sin especificar,00783_modista.mp4,MODISTA,test1,28,B2
DBLSC,LSC1,784,MÚSICO,SUSTANTIVO,Persona que conoce el arte de la música o la ejerce tocando un instrumento o cantando. (RAE),NO,1 seña,NO,SI,Semi-simétrica (tipo II),Bl,Sin especificar,Sin especificar,Sin especificar,Sin especificar,00784_musica.mp4,MUSICO,test1,28,B2
DBLSC,LSC1,785,ODONTÓLOGO,SUSTANTIVO,"Especialista en la prevención, diagnóstico y tratamiento de las enfermedades de la boca. (RAE)",NO,1 seña,NO,SI,Unimanual (tipo 0),Ob,Sin especificar,Sin especificar,Sin especificar,Sin especificar,00785_odontologo.mp4,ODONTOLOGO,test2,5,B2
DBLSC,LSC1,786,PEDIATRA,SUSTANTIVO,Médico especialista en la medicina infantil y las enfermedades de los niños. (RAE),SI,2 señas,NO,SI,Semi-simétrica (tipo II),Nc,S,Bl,Sin especificar,Sin especificar,00786_pediatra.mp4,PEDIATRA,test2,77,B2
DBLSC,LSC1,787,PELUQUERO,SUSTANTIVO,"Persona que tiene por oficio peinar, cortar, acondicionar o teñir el cabello. (RAE)",NO,1 seña,NO,SI,Simétrica (tipo I),V,Sin especificar,Sin especificar,Sin especificar,Sin especificar,00787_peluquero.mp4,PELUQUERO,test2,31,B1
DBLSC,LSC1,788,PERIODISTA,SUSTANTIVO,Persona que se dedica al periodismo o a la emisión de noticias en medios. (RAE),NO,1 seña,NO,SI,Unimanual (tipo 0),S,Sin especificar,Sin especificar,Sin especificar,Sin especificar,00788_periodista.mp4,PERIODISTA,test1,28,B2
DBLSC,LSC1,789,PILOTO,SUSTANTIVO,"Persona capacitada para guiar y dirigir un vehículo aéreo, marítimo o espacial. (RAE)",SI,2 señas,NO,SI,Compuestas (tipo C),Af,Y,Sin especificar,Sin especificar,Sin especificar,00789_piloto.mp4,PILOTO,test1,44,B1
DBLSC,LSC1,790,PINTOR,SUSTANTIVO,Persona que ejercita el arte de la pintura o se dedica a pintar superficies. (RAE),NO,1 seña,NO,SI,Unimanual (tipo 0),Bl,Sin especificar,Sin especificar,Sin especificar,Sin especificar,00790_pintor.mp4,PINTOR,test4,88,B1
DBLSC,LSC1,791,PLOMERO,SUSTANTIVO,Fontanero; persona que instala o repara conducciones de agua y tuberías. (RAE),SI,2 señas,NO,SI,Compuestas (tipo C),A,P,V,Sin especificar,Sin especificar,00791_plomero.mp4,PLOMERO,test2,10,B1
DBLSC,LSC1,792,POLICÍA,SUSTANTIVO,Cuerpo encargado del mantenimiento del orden público y seguridad ciudadana. (RAE),NO,1 seña,NO,SI,Unimanual en contacto (tipo X),B,Sin especificar,Sin especificar,Sin especificar,Sin especificar,00792_policia.mp4,POLICIA,test3,56,B2
DBLSC,LSC1,793,PROFESIÓN/PROFESIONAL,SUSTANTIVO,"Empleo, facultad u oficio que alguien ejerce. / Que ejerce una profesión. (RAE)",SI,2 señas,NO,SI,Compuestas (tipo C),S,Sin especificar,Sin especificar,Sin especificar,Sin especificar,00793_profesionp.mp4,PROFESION/PROFESIONAL,test2,31,B1
DBLSC,LSC1,794,PROFESIÓN/PROFESIONAL(2),SUSTANTIVO,Variante de la seña para titulación o ejercicio profesional. (Generada Gemini),NO,1 seña,NO,SI,Unimanual (tipo 0),Sin especificar,Sin especificar,Sin especificar,Sin especificar,Sin especificar,00794_profesionp.mp4,PROFESION/PROFESIONAL 2,test2,31,B1
DBLSC,LSC1,795,PSICÓLOGO,SUSTANTIVO,Especialista en psicología o estudio de los procesos mentales y la conducta. (RAE),NO,1 seña,NO,SI,Asimétrica (tipo III),S,Okf,Sin especificar,Sin especificar,Sin especificar,00795_psicolog0.mp4,PSICOLOGO,test3,41,B2
DBLSC,LSC1,796,REINA,SUSTANTIVO,Soberana de un reino o mujer galardonada en un certamen de belleza. (RAE),NO,1 seña,NO,SI,Unimanual (tipo 0),Xc,Sin especificar,Sin especificar,Sin especificar,Sin especificar,00796_reina.mp4,REINA,test3,53,B2
DBLSC,LSC1,797,SECRETARIA,SUSTANTIVO,"Persona encargada de la correspondencia, archivo y tareas de oficina. (RAE)",NO,1 seña,NO,SI,Simétrica (tipo I),Gl,Sin especificar,Sin especificar,Sin especificar,Sin especificar,00797_secretaria.mp4,SECRETARIA,test3,22,B1
DBLSC,LSC1,798,VENDEDOR,SUSTANTIVO,Persona que vende o tiene por oficio vender mercancías. (RAE),NO,1 seña,NO,SI,Simétrica (tipo I),Q,Sin especificar,Sin especificar,Sin especificar,Sin especificar,00798_vendedor.mp4,VENDEDOR,test4,14,B2
DBLSC,LSC1,799,ZAPATERO,SUSTANTIVO,"Persona que fabrica, vende o repara calzado. (RAE)",NO,1 seña,NO,SI,Semi-simétrica (tipo II),S,Xf,Sin especificar,Sin especificar,Sin especificar,00799_zapatero.mp4,ZAPATERO,test4,71,B1
DBLSC,LSC0,800,ABANDONAR,VERBO,Dejar o desamparar a alguien o algo. (RAE),NO,1 seña,SI,SI,Unimanual (tipo 0),J,Ne,Sin especificar,Sin especificar,Sin especificar,00800_abandonar.mp4,ABANDONAR,test1,18,A2
DBLSC,LSC0,801,ABANDONAR (2),VERBO,Variante de seña para renunciar o dejar de atender una responsabilidad. (Generada Gemini),NO,1 seña,NO,SI,Simétrica (tipo I),S,J,Sin especificar,Sin especificar,Sin especificar,00801_abandonar2.mp4,ABANDONAR 2,test1,22,A2
DBLSC,LSC0,802,ABRIR(1),VERBO,Descubrir o hacer patente lo que está cerrado. (RAE),NO,1 seña,NO,SI,Simétrica (tipo I),Be,Sin especificar,Sin especificar,Sin especificar,Sin especificar,00802_abrir.mp4,ABRIR 1,test3,83,A1
DBLSC,LSC0,803,ABRIR(2),VERBO,"Variante de seña para la acción de desabrir, destapar o desplegar algo. (Generada Gemini)",NO,1 seña,NO,SI,Simétrica (tipo I),Bl,Sin especificar,Sin especificar,Sin especificar,Sin especificar,00803_abrir2.mp4,ABRIR 2,test1,22,A2
DBLSC,LSC0,804,RESPETAR,VERBO,"Tener respeto, acatamiento o consideración a alguien o algo. (RAE)",NO,1 seña,NO,SI,Unimanual en contacto (tipo X),R,Sin especificar,Sin especificar,Sin especificar,Sin especificar,00804_respetar.mp4,RESPETAR,test4,20,A1
DBLSC,LSC0,805,HONRAR,VERBO,Enaltecer o premiar el mérito de alguien. / Respetar y acatar. (RAE),NO,1 seña,NO,SI,Unimanual en contacto (tipo X),V,Sin especificar,Sin especificar,Sin especificar,Sin especificar,00805_honrar.mp4,HONRAR,test3,83,A1
DBLSC,LSC0,806,ACOSTUMBRAR,VERBO,Adquirir o hacer adquirir una costumbre o hábito. (RAE),NO,1 seña,NO,SI,Unimanual en contacto (tipo X),Be,Sin especificar,Sin especificar,Sin especificar,Sin especificar,00806_acostumbra.mp4,ACOSTUMBRAR,test2,41,A1
DBLSC,LSC0,807,AGREGAR,VERBO,"Unir, añadir o anexar cosas de la misma naturaleza o distintas. (RAE)",NO,1 seña,NO,SI,Semi-simétrica (tipo II),Q,Sin especificar,Sin especificar,Sin especificar,Sin especificar,00807_agregar.mp4,AGREGAR,test1,48,A2
DBLSC,LSC0,808,APLAZAR,VERBO,Posponer o diferir la ejecución de una acción para un tiempo posterior. (RAE),NO,1 seña,NO,SI,Simétrica (tipo I),Ok,Sin especificar,Sin especificar,Sin especificar,Sin especificar,00808_aplazar.mp4,APLAZAR,test2,9,A1
DBLSC,LSC0,809,PROGRESAR,VERBO,"Avanzar, realizar adelantos o mejorar en determinado ámbito. (RAE)",NO,1 seña,NO,SI,Asimétrica (tipo III),B,P,Sin especificar,Sin especificar,Sin especificar,00809_progresar.mp4,PROGRESAR,test4,30,A2
DBLSC,LSC0,810,APOYAR,VERBO,"Basar, asentar o sostener algo sobre una base. / Favorecer o ayudar. (RAE)",NO,1 seña,NO,SI,Semi-simétrica (tipo II),S,Sin especificar,Sin especificar,Sin especificar,Sin especificar,00810_apoyar.mp4,APOYAR,test2,41,A1
DBLSC,LSC0,811,APOYAR(2),VERBO,Variante de seña para brindar respaldo o sostén. (Generada Gemini),NO,1 seña,NO,SI,Semi-simétrica (tipo II),S,Sin especificar,Sin especificar,Sin especificar,Sin especificar,00811_apoyar2.mp4,APOYAR 2,test1,15,A1
DBLSC,LSC0,812,APROVECHAR,VERBO,Emplear útilmente alguna cosa o sacar beneficio de ella. (RAE),NO,1 seña,NO,SI,Unimanual en contacto (tipo X),A,Sin especificar,Sin especificar,Sin especificar,Sin especificar,00812_aprovechar.mp4,APROVECHAR,test4,30,A2
DBLSC,LSC0,813,ARREGLAR,VERBO,"Componer, ordenar o reparar algo. (RAE)",NO,1 seña,NO,SI,Semi-simétrica (tipo II),Bl,Sin especificar,Sin especificar,Sin especificar,Sin especificar,00813_arreglar.mp4,ARREGLAR,test3,83,A1
DBLSC,LSC0,814,ASISTIR,VERBO,Estar presente en un lugar o acto. / Socorrer o prestar ayuda. (RAE),NO,1 seña,NO,SI,Asimétrica (tipo III),Bl,N,Sin especificar,Sin especificar,Sin especificar,00814_asistir.mp4,ASISTIR,test4,68,A2
DBLSC,LSC0,815,AYUDAR/AYUDA,VERBO,"Prestar cooperación, auxilio o esfuerzo para el logro de un fin. (RAE)",NO,1 seña,NO,SI,Asimétrica (tipo III),Bl,A,Sin especificar,Sin especificar,Sin especificar,00815_ayudarayud.mp4,AYUDAR/AYUDA,test4,68,A2
DBLSC,LSC0,816,BAILAR,VERBO,Mover el cuerpo al ritmo de la música. (RAE),NO,1 seña,NO,SI,Asimétrica (tipo III),Bl,V,Sin especificar,Sin especificar,Sin especificar,00816_bailar.mp4,BAILAR,test3,66,A1
DBLSC,LSC0,817,BUSCAR,VERBO,Hacer lo necesario para hallar o encontrar algo o a alguien. (RAE),NO,1 seña,NO,SI,Unimanual en contacto (tipo X),X,Sin especificar,Sin especificar,Sin especificar,Sin especificar,00817_buscar.mp4,BUSCAR,test1,57,A1
DBLSC,LSC0,818,CAMBIAR(1),VERBO,Dejar una cosa o situación por otra; transformar. (RAE),NO,1 seña,NO,SI,Simétrica (tipo I),P,Sin especificar,Sin especificar,Sin especificar,Sin especificar,00818_cambiargen.mp4,CAMBIAR 1,test2,9,A1
DBLSC,LSC0,819,CAMBIAR(2),VERBO,"Variante de seña para intercambio, mutación o modificación. (Generada Gemini)",NO,1 seña,NO,SI,Semi-simétrica (tipo II),P,Sin especificar,Sin especificar,Sin especificar,Sin especificar,00819_cambiarrop.mp4,CAMBIAR 2,test1,69,A2
DBLSC,LSC0,820,CAMBIAR(3),VERBO,Variante de seña para mudanza o alteración. (Generada Gemini),NO,1 seña,NO,SI,Semi-simétrica (tipo II),Bl,Sin especificar,Sin especificar,Sin especificar,Sin especificar,00820_cambiardoc.mp4,CAMBIAR 3,test1,15,A1
DBLSC,LSC0,821,CAMBIAR(4),VERBO,Variante de seña para conversión o reemplazo. (Generada Gemini),NO,1 seña,NO,SI,Semi-simétrica (tipo II),P,Sin especificar,Sin especificar,Sin especificar,Sin especificar,00821_cambiarmom.mp4,CAMBIAR 4,test1,15,A1
DBLSC,LSC0,822,CAMBIAR(5),VERBO,Variante de seña para permuta o transformación. (Generada Gemini),NO,1 seña,NO,SI,Semi-simétrica (tipo II),B,Sin especificar,Sin especificar,Sin especificar,Sin especificar,00822_cambiarint.mp4,CAMBIAR 5,test1,15,A1
DBLSC,LSC0,823,CANTAR,VERBO,Formar con la voz sonidos melodiosos y modulados. (RAE),NO,1 seña,NO,SI,Semi-simétrica (tipo II),Bl,Sin especificar,Sin especificar,Sin especificar,Sin especificar,00823_cantar.mp4,CANTAR,test3,24,A1
DBLSC,LSC1,824,CARNAVAL,SUSTANTIVO,Fiesta popular que se celebra en los días previos a la Cuaresma con disfraces y comparsas. (RAE),NO,1 seña,SI,SI,Semi-simétrica (tipo II),S,Sin especificar,Sin especificar,Sin especificar,Sin especificar,00824_carnaval.mp4,CARNAVAL,test1,91,B1
DBLSC,LSC0,825,CERRAR,VERBO,"Asegurar con cerrojo, llave u otro instrumento el paso a un espacio o recipiente. (RAE)",NO,1 seña,NO,SI,Simétrica (tipo I),Be,Sin especificar,Sin especificar,Sin especificar,Sin especificar,00825_cerrar.mp4,CERRAR,test3,70,A2
DBLSC,LSC0,826,CERRAR(2),VERBO,Variante de seña para la acción de clausurar o dar por concluido algo. (Generada Gemini),NO,1 seña,NO,SI,Semi-simétrica (tipo II),Bl,Sin especificar,Sin especificar,Sin especificar,Sin especificar,00826_cerrar2.mp4,CERRAR 2,test1,22,A2
DBLSC,LSC1,827,CINE,SUSTANTIVO,Local o arte de la cinematografía. (RAE),NO,1 seña,NO,SI,Simétrica (tipo I),B,Sin especificar,Sin especificar,Sin especificar,Sin especificar,00827_cine.mp4,CINE,test3,82,B2
DBLSC,LSC0,828,COGER,VERBO,"Asir, tomar o agarrar algo con la mano o con un instrumento. (RAE)",NO,1 seña,NO,SI,Unimanual (tipo 0),G,S,Sin especificar,Sin especificar,Sin especificar,00828_coger.mp4,COGER,test2,39,A2
DBLSC,LSC0,829,COLGAR,VERBO,Suspender algo sin que llegue al suelo. (RAE),NO,1 seña,NO,SI,Unimanual (tipo 0),Y,Sin especificar,Sin especificar,Sin especificar,Sin especificar,00829_colgar.mp4,COLGAR,test1,18,A2
DBLSC,LSC1,830,CONCIERTO,SUSTANTIVO,Función pública en la que se ejecutan composiciones musicales. (RAE),SI,2 señas,NO,SI,Compuestas (tipo C),J,Gl,Bl,Sin especificar,Sin especificar,00830_concierto.mp4,CONCIERTO,test1,5,B1
DBLSC,LSC0,831,CONTINUAR,VERBO,Proseguir o mantener una acción o estado iniciado. (RAE),NO,1 seña,NO,SI,Semi-simétrica (tipo II),Be,Sin especificar,Sin especificar,Sin especificar,Sin especificar,00831_continuar.mp4,CONTINUAR,test2,9,A1
DBLSC,LSC0,832,CUIDAR,VERBO,"Poner diligencia, atención y solicitud en la atención de alguien o algo. (RAE)",NO,1 seña,NO,SI,Semi-simétrica (tipo II),V,Sin especificar,Sin especificar,Sin especificar,Sin especificar,00832_cuidar.mp4,CUIDAR,test4,20,A1
DBLSC,LSC0,833,CUIDAR(2),VERBO,Variante de seña para la acción de custodiar o preservar. (Generada Gemini),NO,1 seña,NO,SI,Semi-simétrica (tipo II),Ok,Sin especificar,Sin especificar,Sin especificar,Sin especificar,00833_cuidar2.mp4,CUIDAR 2,test1,69,A2
DBLSC,LSC1,834,CUMPLEAÑOS,SUSTANTIVO,Aniversario del nacimiento de una persona. (RAE),SI,2 señas,NO,SI,Simétrica (tipo I),Xc,J,Sin especificar,Sin especificar,Sin especificar,00834_cumpleaño.mp4,CUMPLEANOS,test1,72,B1
DBLSC,LSC0,835,DAR,VERBO,Traspasar a otro algo o prestarle un servicio. (RAE),NO,1 seña,NO,SI,Unimanual (tipo 0),Q,J,Sin especificar,Sin especificar,Sin especificar,00835_dar.mp4,DAR,test3,7,A1
DBLSC,LSC0,836,DEPENDER,VERBO,"Estar subordinado, estar condicionado por algo o alguien. (RAE)",NO,1 seña,NO,SI,Semi-simétrica (tipo II),S,Sin especificar,Sin especificar,Sin especificar,Sin especificar,00836_depender.mp4,DEPENDER,test2,39,A2
DBLSC,LSC0,837,DISCOTECA,SUSTANTIVO,Local público donde se sirve bebida y se baila con música grabada. (RAE),NO,1 seña,NO,SI,Semi-simétrica (tipo II),O,Gl,Sin especificar,Sin especificar,Sin especificar,00837_discoteca.mp4,DISCOTECA,test2,19,A2
DBLSC,LSC0,838,EMPEZAR,VERBO,Dar principio a algo o iniciar una acción. (RAE),NO,1 seña,NO,SI,Semi-simétrica (tipo II),Bl,Sin especificar,Sin especificar,Sin especificar,Sin especificar,00838_empezar.mp4,EMPEZAR,test2,9,A1
DBLSC,LSC0,839,ENCONTRAR,VERBO,Dar con alguien o algo que se busca o se investiga. (RAE),NO,1 seña,NO,SI,Asimétrica (tipo III),P,J,S,Sin especificar,Sin especificar,00839_encontrar.mp4,ENCONTRAR,test2,41,A1
DBLSC,LSC0,840,ENCONTRAR(2),VERBO,Variante de seña para toparse o hallar a alguien. (Generada Gemini),NO,1 seña,NO,SI,Simétrica (tipo I),P,Sin especificar,Sin especificar,Sin especificar,Sin especificar,00840_encontrar2.mp4,ENCONTRAR 2,test3,45,A2
DBLSC,LSC0,841,ENTRAR,VERBO,Pasar de fuera a dentro de un lugar. (RAE),NO,1 seña,SI,SI,Semi-simétrica (tipo II),B,Sin especificar,Sin especificar,Sin especificar,Sin especificar,00841_entrar.mp4,ENTRAR,test1,71,A1
DBLSC,LSC0,842,ENVIAR,VERBO,Hacer que algo se dirija o sea llevado a alguna parte. (RAE),NO,1 seña,SI,SI,Asimétrica (tipo III),Bl,Jc,Q,J,Sin especificar,00842_enviar.mp4,ENVIAR,test1,57,A1
DBLSC,LSC0,843,ENVIAR(2),VERBO,Variante de seña para remitir o despachar un objeto o mensaje. (Generada Gemini),NO,1 seña,SI,SI,Asimétrica (tipo III),Bl,Jc,No,N,Sin especificar,00843_enviar2.mp4,ENVIAR 2,test3,45,A2
DBLSC,LSC0,844,ENVIAR(3),VERBO,Variante de seña direccional para la acción de enviar. (Generada Gemini),NO,1 seña,SI,SI,Asimétrica (tipo III),Tc,P,Sin especificar,Sin especificar,Sin especificar,00844_enviar3.mp4,ENVIAR 3,test3,13,A1
DBLSC,LSC0,845,ENVIAR(4),VERBO,Variante de seña para envío masivo o múltiple. (Generada Gemini),NO,1 seña,SI,SI,Compuestas (tipo C),Ql,Bl,J,Sin especificar,Sin especificar,00845_enviar4.mp4,ENVIAR 4,test1,15,A1
DBLSC,LSC0,846,ENVIAR(5),VERBO,Variante de seña para transmisión o despacho. (Generada Gemini),NO,1 seña,SI,SI,Asimétrica (tipo III),O,Jc,Sin especificar,Sin especificar,Sin especificar,00846_enviar5.mp4,ENVIAR 5,test1,15,A1
DBLSC,LSC0,847,EQUIVOCARSE,VERBO,Cometer un error o juicio acertado incorrecto. (RAE),NO,1 seña,SI,SI,Unimanual en contacto (tipo X),Y,Sin especificar,Sin especificar,Sin especificar,Sin especificar,00847_equivocars.mp4,EQUIVOCARSE,test2,9,A1
DBLSC,LSC0,848,EQUIVOCARSE(2),VERBO,Variante de seña para denotar desacierto o error. (Generada Gemini),NO,1 seña,SI,SI,Unimanual en contacto (tipo X),V,Sin especificar,Sin especificar,Sin especificar,Sin especificar,00848_equivocars.mp4,EQUIVOCARSE 2,test3,61,A1
DBLSC,LSC0,849,ESCOGER,VERBO,Tomar una o más cosas entre varias por preferencia. (RAE),NO,1 seña,NO,SI,Unimanual (tipo 0),Ta,Tb,Sin especificar,Sin especificar,Sin especificar,00849_escoger.mp4,ESCOGER,test3,83,A1
DBLSC,LSC0,850,ESPARCIR,VERBO,Extender o dispersar lo que estaba junto. (RAE),NO,1 seña,NO,SI,Simétrica (tipo I),O,J,Sin especificar,Sin especificar,Sin especificar,00850_esparcir.mp4,ESPARCIR,test3,70,A2
DBLSC,LSC0,851,DERRAMAR,VERBO,Verter o vaciar un líquido o sustancia fuera de su recipiente. (RAE),NO,1 seña,NO,SI,Simétrica (tipo I),S,J,Sin especificar,Sin especificar,Sin especificar,00851_derramar.mp4,DERRAMAR,test1,20,A2
DBLSC,LSC0,852,ESTRENAR,VERBO,Usar o exhibir por primera vez algo. (RAE),NO,1 seña,NO,SI,Simétrica (tipo I),V,XX,Sin especificar,Sin especificar,Sin especificar,00852_estrenar.mp4,ESTRENAR,test2,56,A1
DBLSC,LSC0,853,EXTRAÑAR,VERBO,Echar de menos a alguien o algo. / Causar extrañeza. (RAE),NO,1 seña,NO,SI,Unimanual en contacto (tipo X),P,X,Sin especificar,Sin especificar,Sin especificar,00853_extrañar.mp4,EXTRANAR,test4,3,A2
DBLSC,LSC0,854,EXTRAÑAR(2),VERBO,Variante de seña para la sensación de nostalgia o echar de menos. (Generada Gemini),SI,2 señas,SI,SI,Compuestas (tipo C),P,Jc,Q,Sin especificar,Sin especificar,00854_extrañar2.mp4,EXTRANAR 2,test3,13,A2
DBLSC,LSC0,855,FALTAR,VERBO,Carecer o estar privado de algo. / No estar presente. (RAE),NO,1 seña,SI,SI,Unimanual (tipo 0),P,Xe,Sin especificar,Sin especificar,Sin especificar,00855_faltar.mp4,FALTAR,test4,3,A2
DBLSC,LSC0,856,FALTAR(2),VERBO,Variante de seña para ausentarse o denotar carencia. (Generada Gemini),NO,1 seña,SI,SI,Unimanual (tipo 0),Jc,Q,Sin especificar,Sin especificar,Sin especificar,00856_faltar2.mp4,FALTAR 2,test1,69,A2
DBLSC,LSC0,857,FALTAR(3),VERBO,Variante de seña para escasez o incumplimiento. (Generada Gemini),NO,1 seña,SI,SI,Unimanual (tipo 0),Bl,A,Sin especificar,Sin especificar,Sin especificar,00857_faltar3.mp4,FALTAR 3,test1,15,A1
DBLSC,LSC0,858,FALTAR(4),VERBO,Variante de seña para resta o faltante cuantitativo. (Generada Gemini),NO,1 seña,SI,SI,Unimanual (tipo 0),Q,Sin especificar,Sin especificar,Sin especificar,Sin especificar,00858_faltar4.mp4,FALTAR 4,test1,15,A1
DBLSC,LSC0,859,FIESTA,SUSTANTIVO,Reunión de gente para celebrar algo o divertirse. (RAE),NO,1 seña,NO,SI,Simétrica (tipo I),J,Sin especificar,Sin especificar,Sin especificar,Sin especificar,00859_fiesta.mp4,FIESTA,test3,27,A1
DBLSC,LSC0,860,FLAUTA,SUSTANTIVO,Instrumento musical de viento en forma de tubo con agujeros. (RAE),NO,1 seña,NO,SI,Simétrica (tipo I),Sin especificar,Sin especificar,Sin especificar,Sin especificar,Sin especificar,00860_flauta.mp4,FLAUTA,test3,24,A2
DBLSC,LSC0,861,GUARDAR,VERBO,Tener el cuidado de conservar o custodiar algo en un lugar seguro. (RAE),NO,1 seña,SI,SI,Asimétrica (tipo III),B,Bc,Sin especificar,Sin especificar,Sin especificar,00861_guardar.mp4,GUARDAR,test2,58,A1
DBLSC,LSC0,862,GUARDAR(2),VERBO,Variante de seña para almacenar o reservar algo. (Generada Gemini),NO,1 seña,SI,SI,Asimétrica (tipo III),Bl,S,Sin especificar,Sin especificar,Sin especificar,00862_guardar2.mp4,GUARDAR 2,test1,69,A2
DBLSC,LSC0,863,GUITARRA,SUSTANTIVO,Instrumento musical de cuerda pulsada con caja de resonancia de madera. (RAE),NO,1 seña,NO,SI,Asimétrica (tipo III),Gl,Sin especificar,Sin especificar,Sin especificar,Sin especificar,00863_guitarra.mp4,GUITARRA,test3,24,A2
DBLSC,LSC0,864,HABER,VERBO,Existir o ser real algo. / Verbo auxiliar. (RAE),NO,1 seña,SI,SI,Unimanual (tipo 0),Y,Sin especificar,Sin especificar,Sin especificar,Sin especificar,00864_haber.mp4,HABER,test2,9,A1
DBLSC,LSC0,865,HABER(2),VERBO,Variante de seña para indicar existencia o presencia. (Generada Gemini),NO,1 seña,SI,SI,Unimanual (tipo 0),P,Sin especificar,Sin especificar,Sin especificar,Sin especificar,00865_haber2.mp4,HABER 2,test3,61,A1
DBLSC,LSC0,866,HACER,VERBO,"Realizar una actividad, producir o elaborar algo. (RAE)",NO,1 seña,NO,SI,Semi-simétrica (tipo II),Q,Sin especificar,Sin especificar,Sin especificar,Sin especificar,00866_hacer.mp4,HACER,test3,83,A1
DBLSC,LSC0,867,INVITAR,VERBO,"Convidar a alguien para que asista a un banquete, reunión o acto. (RAE)",NO,1 seña,NO,SI,Semi-simétrica (tipo II),B,Qf,Sin especificar,Sin especificar,Sin especificar,00867_invitar.mp4,INVITAR,test1,57,A1
DBLSC,LSC0,868,JUGAR/JUEGO,VERBO,Hacer algo con el fin de entretenerse o divertirse. / Actividad recreativa. (RAE),NO,1 seña,NO,SI,Semi-simétrica (tipo II),Y,Sin especificar,Sin especificar,Sin especificar,Sin especificar,00868_jugarjuego.mp4,JUGAR/JUEGO,test4,38,A2
DBLSC,LSC0,869,LLENAR,VERBO,Ocupar completamente un espacio con alguna cosa. (RAE),NO,1 seña,SI,SI,Semi-simétrica (tipo II),S,Bl,Sin especificar,Sin especificar,Sin especificar,00869_llenar.mp4,LLENAR,test3,70,A2
DBLSC,LSC0,870,LLENAR(2),VERBO,Variante de seña para colmar o saturar un recipiente o espacio. (Generada Gemini),NO,1 seña,SI,SI,Asimétrica (tipo III),Bl,Af,Sin especificar,Sin especificar,Sin especificar,00870_llenar2.mp4,LLENAR 2,test1,66,A2
DBLSC,LSC0,871,LLENAR(3),VERBO,Variante de seña para hartazgo o saciedad. (Generada Gemini),NO,1 seña,SI,SI,Unimanual en contacto (tipo X),Bc,Sin especificar,Sin especificar,Sin especificar,Sin especificar,00871_llenar3.mp4,LLENAR 3,test1,15,A1
DBLSC,LSC0,872,LLENAR(4),VERBO,Variante de seña para completar un formulario o registro. (Generada Gemini),NO,1 seña,SI,SI,Unimanual en contacto (tipo X),Af,Sin especificar,Sin especificar,Sin especificar,Sin especificar,00872_llenar4.mp4,LLENAR 4,test1,15,A1
DBLSC,LSC0,873,LLEVAR,VERBO,Conducir o trasladar algo de un lugar a otro. (RAE),NO,1 seña,SI,SI,Simétrica (tipo I),Xf,Sin especificar,Sin especificar,Sin especificar,Sin especificar,00873_llevar.mp4,LLEVAR,test1,71,A1
DBLSC,LSC0,874,LLEVAR(2),VERBO,Variante de seña direccional para portar o transportar. (Generada Gemini),NO,1 seña,SI,SI,Unimanual (tipo 0),Xf,Sin especificar,Sin especificar,Sin especificar,Sin especificar,00874_llevar2.mp4,LLEVAR 2,test1,69,A2
DBLSC,LSC0,875,METER,VERBO,Introducir algo en el interior de un espacio o recipiente. (RAE),NO,1 seña,NO,SI,Asimétrica (tipo III),O,Q,Sin especificar,Sin especificar,Sin especificar,00875_meter.mp4,METER,test3,70,A2
DBLSC,LSC0,876,MOLESTAR,VERBO,"Causar fastidio, perturbación o incomodidad a alguien. (RAE)",NO,1 seña,NO,SI,Asimétrica (tipo III),Gl,Be,Sin especificar,Sin especificar,Sin especificar,00876_molestar.mp4,MOLESTAR,test3,60,A1
DBLSC,LSC0,877,MOLESTAR(2),VERBO,Variante de seña para la acción de incomodar o importar. (Generada Gemini),NO,1 seña,SI,SI,Semi-simétrica (tipo II),Qa,Bl,Sin especificar,Sin especificar,Sin especificar,00877_molestar2.mp4,MOLESTAR 2,test3,45,A2
DBLSC,LSC0,878,MÚSICA,SUSTANTIVO,"Arte de combinar los sonidos en una secuencia temporal atendiendo a las leyes de la armonía, melodía y ritmo. (RAE)",NO,1 seña,NO,SI,Semi-simétrica (tipo II),Bl,Sin especificar,Sin especificar,Sin especificar,Sin especificar,00878_musica.mp4,MUSICA,test3,24,A2
DBLSC,LSC0,879,NECESITAR,VERBO,Tener necesidad de alguien o algo. (RAE),NO,1 seña,NO,SI,Unimanual (tipo 0),X,Sin especificar,Sin especificar,Sin especificar,Sin especificar,00879_necesitar.mp4,NECESITAR,test2,41,A1
DBLSC,LSC0,880,NO-PODER,VERBO,"Incapacidad, imposibilidad o falta de facultad para realizar una acción. (Generada Gemini)",NO,1 seña,NO,SI,Semi-simétrica (tipo II),P,Sin especificar,Sin especificar,Sin especificar,Sin especificar,00880_nopoder.mp4,NO PODER,test4,56,A2
DBLSC,LSC0,881,PARECER,VERBO,Tener semejanza o apariencia de algo o alguien. (RAE),NO,1 seña,SI,SI,Compuestas (tipo C),L,J,Sin especificar,Sin especificar,Sin especificar,00881_parecer.mp4,PARECER,test4,38,A1
DBLSC,LSC0,882,PARECER(2),VERBO,Variante de seña para expresar opinión o semejanza visual. (Generada Gemini),NO,1 seña,SI,SI,Unimanual (tipo 0),V,Sin especificar,Sin especificar,Sin especificar,Sin especificar,00882_parecer2.mp4,PARECER 2,test3,61,A1
DBLSC,LSC0,883,CANTAR-MICROFONO,VERBO,Acción de cantar utilizando un micrófono como amplificador de voz. (Generada Gemini),NO,1 seña,NO,SI,Unimanual (tipo 0),S,Sin especificar,Sin especificar,Sin especificar,Sin especificar,00883_cantarmicr.mp4,CANTAR MICROFONO,test3,24,A2
DBLSC,LSC0,884,PARTICIPAR,VERBO,Tomar parte en algo o intervenir en una actividad colectiva. (RAE),NO,1 seña,SI,SI,Asimétrica (tipo III),J,N,Sin especificar,Sin especificar,Sin especificar,00884_participar.mp4,PARTICIPAR,test1,48,A2
DBLSC,LSC0,885,PARTICIPAR(2),VERBO,Variante de seña para sumarse o colaborar en una labor. (Generada Gemini),SI,2 señas,SI,SI,Asimétrica (tipo III),J,N,B,Sin especificar,Sin especificar,00885_participar.mp4,PARTICIPAR 2,test1,69,A2
DBLSC,LSC0,886,PASEAR,VERBO,Dar un paseo o caminar por distracción o ejercicio. (RAE),NO,1 seña,SI,SI,Asimétrica (tipo III),S,Y,Sin especificar,Sin especificar,Sin especificar,00886_pasear.mp4,PASEAR,test4,38,A2
DBLSC,LSC0,887,PASEAR(2),VERBO,Variante de seña para salir a pasear o ir de recorrido. (Generada Gemini),NO,1 seña,SI,SI,Unimanual en contacto (tipo X),A,Sin especificar,Sin especificar,Sin especificar,Sin especificar,00887_pasear2.mp4,PASEAR 2,test1,69,A2
DBLSC,LSC0,888,PASEAR(3),VERBO,Variante de seña para deambular o turisquear. (Generada Gemini),NO,1 seña,SI,SI,Simétrica (tipo I),P,Sin especificar,Sin especificar,Sin especificar,Sin especificar,00888_pasear3.mp4,PASEAR 3,test1,15,A1
DBLSC,LSC0,889,PEDIR,VERBO,Manifestar a alguien el deseo de que dé o haga algo. (RAE),NO,1 seña,SI,SI,Semi-simétrica (tipo II),Bc,Sin especificar,Sin especificar,Sin especificar,Sin especificar,00889_pedir.mp4,PEDIR,test4,38,A1
DBLSC,LSC0,890,PEDIR(2),VERBO,Variante de seña para solicitar o requerir. (Generada Gemini),NO,1 seña,SI,SI,Asimétrica (tipo III),Bc,Jc,G,Sin especificar,Sin especificar,00890_pedir2.mp4,PEDIR 2,test1,69,A2
DBLSC,LSC0,891,PEDIR(3),VERBO,Variante de seña para solicitar o rogar. (Generada Gemini),NO,1 seña,SI,SI,Unimanual en contacto (tipo X),Bl,Sin especificar,Sin especificar,Sin especificar,Sin especificar,00891_pedir3.mp4,PEDIR 3,test1,15,A1
DBLSC,LSC0,892,PELÍCULA,SUSTANTIVO,Cinta de material plástico que contiene una secuencia de imágenes fotográficas proyectables. / Obra cinematográfica. (RAE),NO,1 seña,SI,SI,Asimétrica (tipo III),C,Xf,Sin especificar,Sin especificar,Sin especificar,00892_pelicula.mp4,PELICULA,test2,32,A2
DBLSC,LSC0,893,PELÍCULA(2),SUSTANTIVO,Variante de seña para obra de cine o filmación. (Generada Gemini),NO,1 seña,SI,SI,Unimanual (tipo 0),Bl,Sin especificar,Sin especificar,Sin especificar,Sin especificar,00893_pelicula2.mp4,PELICULA 2,test4,11,A2
DBLSC,LSC0,894,PELÍCULA(3),SUSTANTIVO,Variante léxica para película o film. (Generada Gemini),NO,1 seña,SI,SI,Asimétrica (tipo III),Bc,J,Sin especificar,Sin especificar,Sin especificar,00894_pelicula3.mp4,PELICULA 3,test1,15,A1
DBLSC,LSC0,895,PIANO,SUSTANTIVO,Instrumento musical de cuerda percutida por martillos accionados desde un teclado. (RAE),NO,1 seña,NO,SI,Simétrica (tipo I),Gl,Sin especificar,Sin especificar,Sin especificar,Sin especificar,00895_piano.mp4,PIANO,test3,24,A2
DBLSC,LSC0,896,PODER(2),VERBO,"Variante de seña para capacidad, permiso o facultad de hacer algo. (Generada Gemini)",NO,1 seña,SI,SI,Asimétrica (tipo III),S,Bl,Sin especificar,Sin especificar,Sin especificar,00896_poder2.mp4,PODER 2,test1,22,A2
DBLSC,LSC0,897,PODER,VERBO,Tener expedita la facultad o potencia de hacer algo. (RAE),NO,1 seña,SI,SI,Simétrica (tipo I),S,Sin especificar,Sin especificar,Sin especificar,Sin especificar,00897_poder.mp4,PODER,test3,83,A1
DBLSC,LSC0,898,PODER(3),VERBO,Variante de seña para autoridad o potestad. (Generada Gemini),NO,1 seña,SI,SI,Asimétrica (tipo III),S,Be,Sin especificar,Sin especificar,Sin especificar,00898_poder3.mp4,PODER 3,test1,15,A1
DBLSC,LSC0,899,PODER(4),VERBO,Variante de seña para fuerza o habilidad. (Generada Gemini),NO,1 seña,SI,SI,Simétrica (tipo I),Gl,S,Sin especificar,Sin especificar,Sin especificar,00899_poder4.mp4,PODER 4,test1,15,A1
DBLSC,LSC0,900,PRACTICAR,VERBO,Ejercitar continuadamente algo que se ha aprendido o estudiado. (RAE),NO,1 seña,NO,SI,Asimétrica (tipo III),P,Af,Sin especificar,Sin especificar,Sin especificar,00900_practicar.mp4,PRACTICAR,test4,30,A2
DBLSC,LSC0,901,PRESTAR,VERBO,Entregar algo a alguien para que lo use y lo devuelva después. (RAE),NO,1 seña,NO,SI,Simétrica (tipo I),Za,Sin especificar,Sin especificar,Sin especificar,Sin especificar,00901_prestar.mp4,PRESTAR,test1,18,A2
DBLSC,LSC0,902,TENER,VERBO,"Poseer, sostener o gozar de algo. (RAE)",NO,1 seña,NO,SI,Unimanual en contacto (tipo X),A,Sin especificar,Sin especificar,Sin especificar,Sin especificar,00902_tener.mp4,TENER,test2,41,A1
DBLSC,LSC0,903,TERMINAR,VERBO,"Dar fin, conclusión o término a algo. (RAE)",NO,1 seña,NO,SI,Simétrica (tipo I),Y,Sin especificar,Sin especificar,Sin especificar,Sin especificar,00903_terminar.mp4,TERMINAR,test1,55,A1
DBLSC,LSC0,904,TERMINAR(2),VERBO,Variante de seña para finalizar o culminar una acción. (Generada Gemini),NO,1 seña,NO,SI,Simétrica (tipo I),J,Sin especificar,Sin especificar,Sin especificar,Sin especificar,00904_terminar2.mp4,TERMINAR 2,test3,13,A2
DBLSC,LSC0,905,TRAER,VERBO,Trasladar o conducir algo hacia el lugar donde se encuentra quien habla. (RAE),NO,1 seña,NO,SI,Unimanual (tipo 0),Bl,Sin especificar,Sin especificar,Sin especificar,Sin especificar,00905_traer.mp4,TRAER,test1,57,A1
DBLSC,LSC0,906,VACACIONES,SUSTANTIVO,"Descanso temporal de una actividad habitual, especialmente del trabajo o los estudios. (RAE)",NO,1 seña,NO,SI,Simétrica (tipo I),Jc,Sin especificar,Sin especificar,Sin especificar,Sin especificar,00906_vacaciones.mp4,VACACIONES,test1,55,A1
DBLSC,LSC0,907,VENIR(1),VERBO,Trasladarse hacia el lugar donde está la persona que habla. (RAE),NO,1 seña,NO,SI,Asimétrica (tipo III),Bl,Ql,Sin especificar,Sin especificar,Sin especificar,00907_venir.mp4,VENIR 1,test1,57,A1
DBLSC,LSC0,908,VISITAR,VERBO,"Ir a ver a alguien por cortesía, atención o afecto. (RAE)",NO,1 seña,NO,SI,Semi-simétrica (tipo II),V,Sin especificar,Sin especificar,Sin especificar,Sin especificar,00908_visitar.mp4,VISITAR,test4,80,A1
DBLSC,LSC0,909,AJEDREZ,SUSTANTIVO,Juego de estrategia que se disputa sobre un tablero de 64 casillas entre dos personas con 16 piezas cada una. (RAE),NO,1 seña,NO,SI,Asimétrica (tipo III),B,Qe,Sin especificar,Sin especificar,Sin especificar,00909_ajedrez.mp4,AJEDREZ,test4,40,A2
DBLSC,LSC0,910,ÁRBITRO,SUSTANTIVO,Persona que en las competiciones deportivas cuida de la aplicación del reglamento. (RAE),NO,1 seña,NO,SI,Unimanual en contacto (tipo X),Tc,Sin especificar,Sin especificar,Sin especificar,Sin especificar,00910_arbitro.mp4,ARBITRO,test3,65,A2
DBLSC,LSC1,911,ATLETISMO,VERBO,"Conjunto de prácticas deportivas que comprenden carreras, saltos y lanzamientos. (RAE)",NO,1 seña,NO,SI,Semi-simétrica (tipo II),B,Sin especificar,Sin especificar,Sin especificar,Sin especificar,00911_atletismo.mp4,ATLETISMO,test4,64,B1
DBLSC,LSC0,912,BALÓN,SUSTANTIVO,Pelota grande de cuero u otro material inflado para juegos deportivos. (RAE),NO,1 seña,NO,SI,Simétrica (tipo I),Jc,Sin especificar,Sin especificar,Sin especificar,Sin especificar,00912_balon.mp4,BALON,test3,42,A2
DBLSC,LSC1,913,BALONCESTO,SUSTANTIVO,Juego entre dos equipos de cinco jugadores que intentan introducir un balón en un aro elevado. (RAE),NO,1 seña,NO,SI,Simétrica (tipo I),Jc,Sin especificar,Sin especificar,Sin especificar,Sin especificar,00913_baloncesto.mp4,BALONCESTO,test3,48,B1
DBLSC,LSC1,914,BILLAR,SUSTANTIVO,Juego que se ejecuta impulsando con un taco bolas sobre una mesa forrada de paño. (RAE),NO,1 seña,NO,SI,Asimétrica (tipo III),Tb,Ta,Sin especificar,Sin especificar,Sin especificar,00914_billar.mp4,BILLAR,test4,51,B2
DBLSC,LSC1,915,BOXEO,SUSTANTIVO,Deporte de combate en el que dos luchadores se enfrentan golpeándose con los puños enfundados en guantes. (RAE),NO,1 seña,NO,SI,Semi-simétrica (tipo II),Af,Sin especificar,Sin especificar,Sin especificar,Sin especificar,00915_boxeo.mp4,BOXEO,test4,64,B1
DBLSC,LSC1,916,BUCEO,SUSTANTIVO,Acción de nadar con todo el cuerpo sumergido bajo el agua. (RAE),NO,1 seña,NO,SI,Asimétrica (tipo III),C,V,Sin especificar,Sin especificar,Sin especificar,00916_buceo.mp4,BUCEO,test1,77,B1
DBLSC,LSC1,917,CAMPEÓN,SUSTANTIVO,Persona o equipo que obtiene el primer puesto en una competición deportiva o campeonato. (RAE),NO,1 seña,NO,SI,Unimanual en contacto (tipo X),G,Sin especificar,Sin especificar,Sin especificar,Sin especificar,00917_campeon.mp4,CAMPEON,test3,35,B1
DBLSC,LSC1,918,TROFEO,SUSTANTIVO,Objeto que se otorga como premio o señal de victoria en una competición. (RAE),NO,1 seña,NO,SI,Asimétrica (tipo III),Bl,Y,Sin especificar,Sin especificar,Sin especificar,00918_trofeo.mp4,TROFEO,test4,64,B1
DBLSC,LSC0,919,ENFRENTAMIENTO,SUSTANTIVO,"Acción de enfrentarse o rivalizar dos personas, equipos o facciones. (RAE)",NO,1 seña,NO,SI,Simétrica (tipo I),P,Sin especificar,Sin especificar,Sin especificar,Sin especificar,00919_enfrentami.mp4,ENFRENTAMIENTO,test2,41,A1
DBLSC,LSC0,920,CANCHA,SUSTANTIVO,Espacio delimitado y acondicionado para la práctica de ciertos deportes. (RAE),NO,1 seña,NO,SI,Simétrica (tipo I),C,Sin especificar,Sin especificar,Sin especificar,Sin especificar,00920_cancha.mp4,CANCHA,test4,38,A2
DBLSC,LSC0,921,DEPORTE,SUSTANTIVO,"Actividad física, ejercitada como juego o competición, cuya práctica supone entrenamiento y sujeción a normas. (RAE)",NO,1 seña,NO,SI,Semi-simétrica (tipo II),A,Sin especificar,Sin especificar,Sin especificar,Sin especificar,00921_deporte.mp4,DEPORTE,test4,38,A2
DBLSC,LSC0,922,EMPATAR,VERBO,Obtener igual número de puntos o goles en una competición o juego. (RAE),NO,1 seña,NO,SI,Simétrica (tipo I),Ql,Sin especificar,Sin especificar,Sin especificar,Sin especificar,00922_empatar.mp4,EMPATAR,test4,40,A2
DBLSC,LSC0,923,GIMNASIO,SUSTANTIVO,Lugar equipado para la práctica de la gimnasia y ejercicios físicos. (RAE),SI,2 señas,NO,SI,Simétrica (tipo I),S,P,Sin especificar,Sin especificar,Sin especificar,00923_gimnasio.mp4,GIMNASIO,test4,38,A2
DBLSC,LSC0,924,FÚTBOL,SUSTANTIVO,Deporte entre dos equipos de once jugadores que tratan de introducir un balón en la portería contraria usando los pies y el cuerpo salvo los brazos. (RAE),NO,1 seña,NO,SI,Simétrica (tipo I),Af,Sin especificar,Sin especificar,Sin especificar,Sin especificar,00924_futbol.mp4,FUTBOL,test4,40,A2
DBLSC,LSC0,925,GANAR,VERBO,"Obtener la victoria o ventaja en un juego, disputa o competición. (RAE)",NO,1 seña,NO,SI,Asimétrica (tipo III),J,S,Sin especificar,Sin especificar,Sin especificar,00925_ganar.mp4,GANAR,test4,1,A1
DBLSC,LSC0,926,GOL,SUSTANTIVO,"Entrada del balón en la portería, que otorga un punto en fútbol y otros deportes. (RAE)",NO,1 seña,NO,SI,Asimétrica (tipo III),C,L,Sin especificar,Sin especificar,Sin especificar,00926_gol.mp4,GOL,test4,1,A1
DBLSC,LSC0,927,NADAR,VERBO,Avanzar en el agua desplazándose mediante movimientos corporales. (RAE),NO,1 seña,NO,SI,Semi-simétrica (tipo II),B,Sin especificar,Sin especificar,Sin especificar,Sin especificar,00927_nadar.mp4,NADAR,test1,20,A2
DBLSC,LSC0,928,PARTIDO,SUSTANTIVO,Competición deportiva entre dos personas o equipos. (RAE),NO,1 seña,NO,SI,Compuestas (tipo C),A,P,Sin especificar,Sin especificar,Sin especificar,00928_partido.mp4,PARTIDO,test4,40,A2
DBLSC,LSC0,929,PATINAJE,SUSTANTIVO,Deporte o recreación consistente en deslizarse sobre una superficie lisa usando patines. (RAE),NO,1 seña,NO,SI,Simétrica (tipo I),B,Sin especificar,Sin especificar,Sin especificar,Sin especificar,00929_patinaje.mp4,PATINAJE,test4,38,A2
DBLSC,LSC0,930,PERDER,VERBO,Dejar de ganar o sufrir una derrota en un juego o competición. (RAE),NO,1 seña,NO,NO,Unimanual en contacto (tipo X),P,Sin especificar,Sin especificar,Sin especificar,Sin especificar,00930_perder.mp4,PERDER,test4,38,A2
DBLSC,LSC0,931,PERDER(2),VERBO,Variante de seña para sufrir derrota o extravío de algo. (Generada Gemini),NO,1 seña,SI,SI,Simétrica (tipo I),Q,J,Sin especificar,Sin especificar,Sin especificar,00931_perder2.mp4,PERDER 2,test2,6,A2
DBLSC,LSC0,932,PERDER (3),VERBO,Variante de seña para quedar privado o desposeído de algo. (Generada Gemini),NO,1 seña,SI,SI,Asimétrica (tipo III),O,J,Sin especificar,Sin especificar,Sin especificar,00932_perder3.mp4,PERDER 3,test3,61,A1
DBLSC,LSC0,933,DERROTAR,VERBO,Vencer y romper de todo punto al enemigo o contrincante en una contienda o juego. (RAE),NO,1 seña,NO,SI,Asimétrica (tipo III),Bc,No,J,Sin especificar,Sin especificar,00933_derrotar.mp4,DERROTAR,test2,39,A2
DBLSC,LSC0,934,REGLAMENTO,SUSTANTIVO,Colección ordenada de reglas o preceptos dictados para la ejecución de una ley o régimen de una corporación o deporte. (RAE),NO,1 seña,NO,SI,Asimétrica (tipo III),B,R,Sin especificar,Sin especificar,Sin especificar,00934_reglamneto.mp4,REGLAMENTO,test3,65,A2
DBLSC,LSC0,935,TEJO,SUSTANTIVO,Deporte tradicional colombiano que consiste en lanzar un disco metálico hacia bocines con mechas de pólvora. (RAE),NO,1 seña,NO,SI,Unimanual (tipo 0),L,Sin especificar,Sin especificar,Sin especificar,Sin especificar,00935_tejo.mp4,TEJO,test1,53,A2
DBLSC,LSC0,936,VOLEIBOL,SUSTANTIVO,Deporte que se juega con un balón que dos equipos se envían por encima de una red elevada sin que toque el suelo. (RAE),NO,1 seña,NO,SI,Simétrica (tipo I),Q,Q,Sin especificar,Sin especificar,Sin especificar,00936_voleibol.mp4,VOLEIBOL,test4,40,A2
DBLSC,LSC0,937,AEROPUERTO,SUSTANTIVO,"Área destinada a la salida, llegada y movimiento de aeronaves en superficie, con sus instalaciones. (RAE)",NO,1 seña,NO,SI,Asimétrica (tipo III),B,Y,Sin especificar,Sin especificar,Sin especificar,00937_aeropuerto.mp4,AEROPUERTO,test1,23,A2
DBLSC,LSC0,938,AVENIDA,SUSTANTIVO,"Vía pública ancha, por lo general con árboles a los lados. (RAE)",NO,1 seña,NO,SI,Semi-simétrica (tipo II),Qa,Qa,Sin especificar,Sin especificar,Sin especificar,00938_avenida.mp4,AVENIDA,test4,43,A2
DBLSC,LSC0,939,BANCO,SUSTANTIVO,Empresa dedicada a realizar operaciones financieras con el dinero de sus clientes. (RAE),NO,1 seña,SI,SI,Unimanual en contacto (tipo X),O,Bc,Sin especificar,Sin especificar,Sin especificar,00939_banco.mp4,BANCO,test4,36,A2
DBLSC,LSC0,940,BARRIO,SUSTANTIVO,Cada una de las partes en que se dividen los pueblos y grandes ciudades. (RAE),NO,1 seña,SI,SI,Asimétrica (tipo III),J,S,Sin especificar,Sin especificar,Sin especificar,00940_barrio.mp4,BARRIO,test4,43,A2
DBLSC,LSC0,941,BASURA,SUSTANTIVO,"Conjunto de desperdicios, barreduras o deshechos. (RAE)",SI,2 señas,NO,SI,Semi-simétrica (tipo II),J,O,J,Sin especificar,Sin especificar,00941_basura.mp4,BASURA,test3,42,A2
DBLSC,LSC0,942,BOMBA DE GASOLINA,SUSTANTIVO,Estación de servicio equipada para el suministro de combustible a vehículos. (Generada Gemini),SI,2 señas,NO,SI,Unimanual en contacto (tipo X),H,Hl,Sin especificar,Sin especificar,Sin especificar,00942_bombadegas.mp4,BOMBA DE GASOLINA,test1,62,A2
DBLSC,LSC0,943,CAFETERÍA,SUSTANTIVO,Establecimiento donde se sirve café y otras bebidas e infusiones. (RAE),SI,2 señas,NO,SI,Simétrica (tipo I),P,P,Tb,Sin especificar,Sin especificar,00943_cafeteria.mp4,CAFETERIA,test4,59,A1
DBLSC,LSC0,944,CAJERO-AUTOMÁTICO,SUSTANTIVO,Máquina que permite realizar operaciones bancarias de forma directa con tarjeta. (Generada Gemini),SI,2 señas,NO,SI,Asimétrica (tipo III),Xt,B,Xf,Sin especificar,Sin especificar,00944_cajeroauto.mp4,CAJERO AUTOMATICO,test4,36,A2
DBLSC,LSC0,945,CARRERA,SUSTANTIVO,Competición de velocidad entre deportistas o vehículos. / Vía pública urbana en Colombia. (RAE),NO,1 seña,NO,SI,Asimétrica (tipo III),A,B,Sin especificar,Sin especificar,Sin especificar,00945_carrera.mp4,CARRERA,test1,78,A2
DBLSC,LSC0,946,CÁRCEL,SUSTANTIVO,Edificio o local destinado a la custodia y reclusión de los presos. (RAE),NO,1 seña,NO,SI,Semi-simétrica (tipo II),Jc,J,Sin especificar,Sin especificar,Sin especificar,00946_carcel.mp4,CARCEL,test2,58,A1
DBLSC,LSC0,947,CARNICERIA,SUSTANTIVO,Establecimiento donde se vende carne al por menor. (RAE),SI,2 señas,NO,SI,Simétrica (tipo I),P,P,XX,Sin especificar,Sin especificar,00947_carniceria.mp4,CARNICERIA,test1,53,A2
DBLSC,LSC0,948,CALLE,SUSTANTIVO,Vía pública en una población que permite el tránsito de personas y vehículos. (RAE),NO,1 seña,NO,SI,Asimétrica (tipo III),A,B,Sin especificar,Sin especificar,Sin especificar,00948_calle.mp4,CALLE,test4,43,A2
DBLSC,LSC0,949,CASA,SUSTANTIVO,Edificio para habitar. (RAE),NO,1 seña,NO,SI,Simétrica (tipo I),B,B,Sin especificar,Sin especificar,Sin especificar,00949_casa.mp4,CASA,test1,25,A1
DBLSC,LSC0,950,CEMENTERIO,SUSTANTIVO,Lugar destinado a enterrar cadáveres. (RAE),SI,2 señas,NO,SI,Simétrica (tipo I),P,P,Bl,Bl,Sin especificar,00950_cementerio.mp4,CEMENTERIO,test2,56,A1
DBLSC,LSC0,951,CENTRO-COMERCIAL,SUSTANTIVO,Complejo de edificios que reúne establecimientos comerciales y de ocio. (Generada Gemini),NO,1 seña,NO,SI,Asimétrica (tipo III),Jc,B,Sin especificar,Sin especificar,Sin especificar,00951_centrocome.mp4,CENTRO COMERCIAL,test3,13,A1
DBLSC,LSC0,952,DIRECCIÓN,SUSTANTIVO,Indicación del lugar donde vive una persona o se ubica un establecimiento. (RAE),NO,1 seña,NO,SI,Semi-simétrica (tipo II),Bl,Bl,Sin especificar,Sin especificar,Sin especificar,00952_direccion.mp4,DIRECCION,test4,43,A2
DBLSC,LSC0,953,DROGUERÍA,SUSTANTIVO,Establecimiento comercial donde se venden medicamentos y productos farmacéuticos o de aseo. (RAE),SI,2 señas,NO,SI,Simétrica (tipo I),P,P,Ob,Sin especificar,Sin especificar,00953_drogueria.mp4,DROGUERIA,test2,19,A2
DBLSC,LSC0,954,EDIFICIO,SUSTANTIVO,"Construcción fija, hecha con materiales resistentes, para albergar personas o actividades. (RAE)",NO,1 seña,NO,SI,Simétrica (tipo I),Bl,Bl,Sin especificar,Sin especificar,Sin especificar,00954_edificio.mp4,EDIFICIO,test3,42,A2
DBLSC,LSC0,955,ENERGÍA-ELÉCTRICA,SUSTANTIVO,Forma de energía resultante de una diferencia de potencial entre dos puntos. (Generada Gemini),NO,1 seña,NO,SI,Semi-simétrica (tipo II),XX,XX,Sin especificar,Sin especificar,Sin especificar,00955_energiaele.mp4,ENERGIA ELECTRICA,test2,85,A2
DBLSC,LSC0,956,ESQUINA,SUSTANTIVO,"Ángulo que se forma en el encuentro de dos superficies, paredes o calles. (RAE)",NO,1 seña,NO,SI,Asimétrica (tipo III),A,P,Sin especificar,Sin especificar,Sin especificar,00956_esquina.mp4,ESQUINA,test1,71,A1
DBLSC,LSC0,957,ESTACIÓN-DE-POLICÍA,SUSTANTIVO,Dependencia u oficina policial encargada de la seguridad de una zona urbana. (Generada Gemini),SI,2 señas,NO,SI,Simétrica (tipo I),P,P,Bl,Sin especificar,Sin especificar,00957_estacionde.mp4,ESTACION DE POLICIA,test4,43,A2
DBLSC,LSC0,958,ESTADIO,SUSTANTIVO,"Recinto de grandes dimensiones con graderías para espectadores, destinado a competiciones deportivas. (RAE)",NO,1 seña,NO,SI,Simétrica (tipo I),Bc,Cb,Sin especificar,Sin especificar,Sin especificar,00958_estadio.mp4,ESTADIO,test1,78,A2
DBLSC,LSC0,959,FÁBRICAR,VERBO,Producir objetos en serie mediante transformación industrial. (RAE),NO,1 seña,NO,SI,Simétrica (tipo I),Gl,Gl,Sin especificar,Sin especificar,Sin especificar,00959_fabricar.mp4,FABRICAR,test3,46,A2
DBLSC,LSC0,960,FERRETERÍA,SUSTANTIVO,Tienda donde se venden artículos de hierro y otras herramientas o materiales de construcción. (RAE),SI,2 señas,NO,SI,Simétrica (tipo I),P,P,V,V,Sin especificar,00960_ferreteria.mp4,FERRETERIA,test3,42,A2
DBLSC,LSC0,961,FUNERARIA,SUSTANTIVO,Empresa encargada de gestionar y proveer servicios en los sepelios. (RAE),SI,2 señas,NO,SI,Simétrica (tipo I),P,P,B,B,Sin especificar,00961_funenaria.mp4,FUNERARIA,test2,19,A2
DBLSC,LSC0,962,GARAJE,SUSTANTIVO,Local destinado a guardar automóviles y otros vehículos. (RAE),SI,2 señas,NO,SI,Asimétrica (tipo III),A,B,Bl,B,Sin especificar,00962_garaje.mp4,GARAJE,test1,63,A2
DBLSC,LSC0,963,HOTEL,SUSTANTIVO,Establecimiento de hostelería en el que se proporciona alojamiento a los viajeros. (RAE),NO,1 seña,SI,SI,Asimétrica (tipo III),Vl,Bl,Sin especificar,Sin especificar,Sin especificar,00963_hotel.mp4,HOTEL,test3,14,A2
DBLSC,LSC0,964,HOTEL(2),SUSTANTIVO,Variante de la seña para la instalación o establecimiento hotelero. (Generada Gemini),NO,1 seña,SI,SI,Unimanual en contacto (tipo X),V,Sin especificar,Sin especificar,Sin especificar,Sin especificar,00964_hotel2.mp4,HOTEL 2,test3,14,A2
DBLSC,LSC0,965,LIBRERÍA,SUSTANTIVO,Establecimiento comercial donde se venden libros. (RAE),SI,2 señas,NO,SI,Simétrica (tipo I),P,P,L,Bl,Sin especificar,00965_libreria.mp4,LIBRERIA,test2,19,A2
DBLSC,LSC0,966,MUSEO,SUSTANTIVO,"Institución que conserva y exhibe colecciones de objetos de valor artístico, científico o cultural. (RAE)",NO,1 seña,NO,SI,Semi-simétrica (tipo II),V,V,Sin especificar,Sin especificar,Sin especificar,00966_museo.mp4,MUSEO,test2,12,A2
DBLSC,LSC0,967,OFICINA,SUSTANTIVO,"Local destinado al trabajo administrativo, profesional o de gestión. (RAE)",SI,2 señas,NO,SI,Simétrica (tipo I),P,P,G,G,Sin especificar,00967_oficina.mp4,OFICINA,test4,30,A2
DBLSC,LSC0,968,PANADERÍA,SUSTANTIVO,Establecimiento donde se elabora o vende pan y productos de repostería. (RAE),SI,2 señas,NO,SI,Simétrica (tipo I),P,P,Cl,Qe,Sin especificar,00968_panaderia.mp4,PANADERIA,test2,26,A1
DBLSC,LSC0,969,PAPELERÍA,SUSTANTIVO,"Tienda en que se vende papel, útiles de escritorio y material escolar. (RAE)",SI,2 señas,NO,SI,Simétrica (tipo I),P,P,J,J,Sin especificar,00969_papeleria.mp4,PAPELERIA,test2,59,A2
DBLSC,LSC0,970,PARQUEADERO,SUSTANTIVO,Lugar destinado a estacionar o aparcar vehículos. (RAE),SI,2 señas,NO,SI,Simétrica (tipo I),B,B,Sin especificar,Sin especificar,Sin especificar,00970_parqueader.mp4,PARQUEADERO,test1,63,A2
DBLSC,LSC0,971,PLAZA-DE-MERCADO,SUSTANTIVO,Lugar público cubierto o al aire libre donde se comercializan alimentos y otros víveres. (RAE),SI,2 señas,NO,SI,Simétrica (tipo I),P,P,A,Sin especificar,Sin especificar,00971_plazademer.mp4,PLAZA DE MERCADO,test4,43,A2
DBLSC,LSC0,972,PORTERÍA/PORTERO,SUSTANTIVO,Puesto o persona encargada de la vigilancia y control de acceso a un edificio. (RAE),SI,2 señas,NO,SI,Unimanual en contacto (tipo X),B,V,Bl,Sin especificar,Sin especificar,00972_porteriapo.mp4,PORTERIA/PORTERO,test2,39,A2
DBLSC,LSC0,973,PUENTE,SUSTANTIVO,"Construcción que permite salvar un río, foso u otro obstáculo. (RAE)",NO,1 seña,NO,SI,Simétrica (tipo I),V,V,Sin especificar,Sin especificar,Sin especificar,00973_puente.mp4,PUENTE,test3,70,A2
DBLSC,LSC0,974,REGISTRADORA,SUSTANTIVO,Caja o máquina utilizada en comercios para registrar cobros y guardar dinero. (RAE),NO,1 seña,NO,SI,Unimanual (tipo 0),Jb,Sin especificar,Sin especificar,Sin especificar,Sin especificar,00974_registrado.mp4,REGISTRADORA,test4,36,A2
DBLSC,LSC0,975,RESTAURANTE,SUSTANTIVO,Establecimiento público donde se sirven comidas y bebidas mediante pago. (RAE),NO,1 seña,NO,SI,Unimanual en contacto (tipo X),R,Sin especificar,Sin especificar,Sin especificar,Sin especificar,00975_restaurant.mp4,RESTAURANTE,test2,26,A1
DBLSC,LSC0,976,SEMÁFORO,SUSTANTIVO,Dispositivo eléctrico de señales luminosas para regular el tránsito de vehículos y peatones. (RAE),NO,1 seña,NO,SI,Unimanual (tipo 0),O,J,Sin especificar,Sin especificar,Sin especificar,00976_semaforo.mp4,SEMAFORO,test3,91,A2
DBLSC,LSC0,977,SUPERMERCADO,SUSTANTIVO,Establecimiento comercial de venta al por menor en autoservicio de alimentos y artículos de hogar. (RAE),SI,2 señas,NO,SI,Simétrica (tipo I),A,A,G,Sin especificar,Sin especificar,00977_supermerca.mp4,SUPERMERCADO,test2,26,A1
DBLSC,LSC0,978,TERMINAL-DE-TRANSPORTE,SUSTANTIVO,Instalación donde convergen diferentes líneas de transporte para el ascenso y descenso de pasajeros. (Generada Gemini),NO,1 seña,SI,SI,Asimétrica (tipo III),P,B,Sin especificar,Sin especificar,Sin especificar,00978_terminalde.mp4,TERMINAL DE TRANSPORTE,test2,33,A2
DBLSC,LSC0,979,ACELERAR,VERBO,Aumentar la velocidad de un vehículo u operación. (RAE),NO,1 seña,NO,SI,Simétrica (tipo I),Vc,Vc,Sin especificar,Sin especificar,Sin especificar,00979_acelerar.mp4,ACELERAR,test1,78,A2
DBLSC,LSC0,980,AVIÓN,SUSTANTIVO,"Aeronave más pesada que el aire, provista de alas y movida por uno o varios motores. (RAE)",NO,1 seña,NO,SI,Unimanual (tipo 0),Y,Sin especificar,Sin especificar,Sin especificar,Sin especificar,00980_avion.mp4,AVION,test1,23,A2
DBLSC,LSC0,981,BARCO,SUSTANTIVO,Embarcación de estructura cóncava y gran tamaño para navegar por el agua. (RAE),NO,1 seña,NO,SI,Simétrica (tipo I),B,B,Sin especificar,Sin especificar,Sin especificar,00981_barco.mp4,BARCO,test1,27,A2
DBLSC,LSC0,982,BICICLETA,SUSTANTIVO,Vehículo de dos ruedas movido por pedales y dirigido por un manubrio. (RAE),NO,1 seña,NO,SI,Semi-simétrica (tipo II),Af,Af,Sin especificar,Sin especificar,Sin especificar,00982_bicicleta.mp4,BICICLETA,test1,31,A2
DBLSC,LSC0,983,BUS,SUSTANTIVO,Autobús; vehículo automotor de gran capacidad para el transporte público de pasajeros. (RAE),NO,1 seña,SI,SI,Asimétrica (tipo III),XX,O,Sin especificar,Sin especificar,Sin especificar,00983_bus.mp4,BUS,test2,33,A2
DBLSC,LSC0,984,BUS(2),SUSTANTIVO,Variante de seña para vehículo de transporte público o autobús. (Generada Gemini),NO,1 seña,SI,SI,Semi-simétrica (tipo II),A,A,Sin especificar,Sin especificar,Sin especificar,00984_bus2.mp4,BUS 2,test2,33,A2
DBLSC,LSC0,985,BUS(3),SUSTANTIVO,Variante léxica para autobús o transporte colectivo. (Generada Gemini),NO,1 seña,NO,SI,Asimétrica (tipo III),O,X,P,Sin especificar,Sin especificar,00985_bus3.mp4,BUS 3,test2,33,A2
DBLSC,LSC0,986,CAMIÓN,SUSTANTIVO,Vehículo automotor grande y potente destinado al transporte de mercancías pesadas. (RAE),NO,1 seña,SI,SI,Semi-simétrica (tipo II),Ye,Ye,Sin especificar,Sin especificar,Sin especificar,00986_camion.mp4,CAMION,test4,52,A2
DBLSC,LSC0,987,CARRETERA,SUSTANTIVO,Vía pública pavimentada para la circulación de vehículos. (RAE),NO,1 seña,NO,SI,Simétrica (tipo I),B,B,Sin especificar,Sin especificar,Sin especificar,00987_carretera.mp4,CARRETERA,test1,63,A2
DBLSC,LSC0,988,CHOCAR,VERBO,Colisionar o impactar violentamente un cuerpo contra otro. (RAE),NO,1 seña,NO,SI,Asimétrica (tipo III),B,Bl,G,Sin especificar,Sin especificar,00988_chocar.mp4,CHOCAR,test1,21,A2
DBLSC,LSC0,989,COLECTIVO,SUSTANTIVO,Vehículo de transporte público de capacidad media. (RAE),NO,1 seña,NO,SI,Semi-simétrica (tipo II),C,C,B,B,Sin especificar,00989_colectivo.mp4,COLECTIVO,test4,52,A2
DBLSC,LSC0,990,FLOTA,SUSTANTIVO,Conjunto de vehículos o embarcaciones pertenecientes a una misma empresa o servicio. (RAE),NO,1 seña,NO,SI,Semi-simétrica (tipo II),V,V,Sin especificar,Sin especificar,Sin especificar,00990_flota.mp4,FLOTA,test4,52,A2
DBLSC,LSC0,991,FECHA(2),SUSTANTIVO,"Variante de seña para la indicación del día, mes o año de un suceso. (Generada Gemini)",NO,1 seña,NO,SI,Unimanual (tipo 0),G,Sin especificar,Sin especificar,Sin especificar,Sin especificar,00991_fecha2.mp4,FECHA 2,test3,13,A2
DBLSC,LSC0,992,FRENAR/FRENO,VERBO,Disminuir la marcha o detener un vehículo mediante el freno. (RAE),NO,1 seña,NO,SI,Asimétrica (tipo III),Af,B,Sin especificar,Sin especificar,Sin especificar,00992_frenrafren.mp4,FRENAR/FRENO,test3,66,A1
DBLSC,LSC0,993,GATO-HIDRAULICO,SUSTANTIVO,Dispositivo mecánico de elevación alimentado por presión hidráulica para levantar vehículos. (Generada Gemini),NO,1 seña,SI,SI,Asimétrica (tipo III),O,X,Sin especificar,Sin especificar,Sin especificar,00993_gatohidrau.mp4,GATO HIDRAULICO,test2,15,A2
DBLSC,LSC0,994,INSCRIPCIONES,SUSTANTIVO,Acción y efecto de inscribir o registrarse en una institución o curso. (RAE),NO,1 seña,NO,SI,Simétrica (tipo I),XX,XX,Sin especificar,Sin especificar,Sin especificar,00994_inscripcio.mp4,INSCRIPCIONES,test2,39,A2
DBLSC,LSC0,995,INVESTIGACION,SUSTANTIVO,Proceso sistemático de indagación para la búsqueda o ampliación de conocimientos. (RAE),NO,1 seña,NO,SI,Unimanual en contacto (tipo X),Al,J,Sin especificar,Sin especificar,Sin especificar,00995_investigac.mp4,INVESTIGACION,test3,50,A2
DBLSC,LSC0,996,PROGRAMAS-ACADEMICOS,SUSTANTIVO,Planes de estudio organizados por instituciones educativas para impartir formación. (Generada Gemini),SI,2 señas,NO,SI,Semi-simétrica (tipo II),Xc,Xc,Bl,Sin especificar,Sin especificar,00996_programasa.mp4,PROGRAMAS ACADEMICOS,test3,67,A2
DBLSC,LSC0,997,NUESTRO-BOSQUE,SUSTANTIVO,Expresión institucional referida a la comunidad o entorno de Universidad El Bosque. (Generada Gemini),SI,2 señas,NO,SI,Semi-simétrica (tipo II),Xc,Xc,B,Sin especificar,Sin especificar,00997_nuestrobos.mp4,NUESTRO BOSQUE,test3,67,A2
DBLSC,LSC0,998,FACULTADES,SUSTANTIVO,Divisiones académicas y administrativas de una universidad correspondientes a una rama del saber. (RAE),SI,2 señas,NO,SI,Asimétrica (tipo III),F,Af,Gl,Sin especificar,Sin especificar,00998_facultades.mp4,FACULTADES,test3,67,A2
DBLSC,LSC0,999,VIDA-UNIVERSITARIA,SUSTANTIVO,"Conjunto de actividades académicas, culturales y sociales en el ámbito universitario. (Generada Gemini)",SI,3 señas,NO,NO,Unimanual en contacto (tipo X),U,S,Q,Sin especificar,Sin especificar,00999_vidauniver.mp4,VIDA UNIVERSITARIA,test3,67,A2
DBLSC,LSC0,1000,HELICÓPTERO(1),SUSTANTIVO,Aeronave sustentada y propulsada por uno o varios rotores horizontales. (RAE),NO,1 seña,NO,SI,Asimétrica (tipo III),J,P,Sin especificar,Sin especificar,Sin especificar,01000_helicopter.mp4,HELICOPTERO 1,test1,23,A2
DBLSC,LSC0,1001,HELICOPTERO(2),SUSTANTIVO,Variante de seña para la aeronave de rotor de palas. (Generada Gemini),NO,1 seña,NO,SI,Asimétrica (tipo III),P,Q,Sin especificar,Sin especificar,Sin especificar,01001_helicopter.mp4,HELICOPTERO 2,test1,23,A2
DBLSC,LSC0,1002,MANEJAR-CARRO,VERBO,Acción de conducir o guiar un automóvil. (Generada Gemini),NO,1 seña,NO,SI,Simétrica (tipo I),S,S,Sin especificar,Sin especificar,Sin especificar,01002_manejarcar.mp4,MANEJAR CARRO,test3,66,A1
DBLSC,LSC0,1003,CONTROLAR,VERBO,"Ejercer el dominio, mando o fiscalización sobre algo o alguien. (RAE)",NO,1 seña,NO,SI,Semi-simétrica (tipo II),Xf,Xf,Sin especificar,Sin especificar,Sin especificar,01003_controlar.mp4,CONTROLAR,test2,39,A2
DBLSC,LSC0,1004,MOTO,SUSTANTIVO,Motocicleta; vehículo automóvil de dos ruedas. (RAE),NO,1 seña,NO,SI,Simétrica (tipo I),A,A,Sin especificar,Sin especificar,Sin especificar,01004_moto.mp4,MOTO,test2,83,A2
DBLSC,LSC0,1005,PARAR,VERBO,"Detener la marcha, interrumpiendo el movimiento o acción. (RAE)",NO,1 seña,NO,SI,Simétrica (tipo I),J,J,Sin especificar,Sin especificar,Sin especificar,01005_parar.mp4,PARAR,test1,18,A2
DBLSC,LSC0,1006,PINCHAR,VERBO,Perforar o causar una fuga de aire en la neumático de un vehículo. (RAE),NO,1 seña,NO,SI,Compuestas (tipo C),C,Qa,Sin especificar,Sin especificar,Sin especificar,01006_pinchar.mp4,PINCHAR,test3,91,A2
DBLSC,LSC0,1007,PITAR,VERBO,Hacer sonar el claxon o pito de un vehículo como señal de advertencia. (RAE),NO,1 seña,NO,SI,Asimétrica (tipo III),E,B,Sin especificar,Sin especificar,Sin especificar,01007_pitar.mp4,PITAR,test3,91,A2
DBLSC,LSC0,1008,TAXI,SUSTANTIVO,Automóvil de alquiler con conductor provisto de taxímetro para el transporte de pasajeros. (RAE),NO,1 seña,SI,SI,Semi-simétrica (tipo II),J,J,Sin especificar,Sin especificar,Sin especificar,01008_taxi.mp4,TAXI,test4,52,A2
DBLSC,LSC1,1009,TRANCÓN,SUSTANTIVO,Congestión o embotellamiento de vehículos en una vía pública. (RAE / Regionalismo),NO,1 seña,NO,SI,Simétrica (tipo I),B,B,Sin especificar,Sin especificar,Sin especificar,01009_trancon.mp4,TRANCON,test2,34,B2
DBLSC,LSC1,1010,TRANSMILENIO,SUSTANTIVO,Sistema masivo de transporte masivo tipo BRT articulado de Bogotá. (Generada Gemini),NO,1 seña,SI,SI,Semi-simétrica (tipo II),P,P,Sin especificar,Sin especificar,Sin especificar,01010_transmilen.mp4,TRANSMILENIO,test2,72,B2
DBLSC,LSC1,1011,TRANSPORTAR,VERBO,Llevar a personas o cosas de un lugar a otro. (RAE),NO,1 seña,NO,SI,Asimétrica (tipo III),XX,S,Sin especificar,Sin especificar,Sin especificar,01011_transporta.mp4,TRANSPORTAR,test2,72,B2
DBLSC,LSC0,1012,VELOZ(1),ADJETIVO,Que se mueve o desplaza con gran rapidez. (RAE),NO,1 seña,SI,SI,Unimanual (tipo 0),B,Sin especificar,Sin especificar,Sin especificar,Sin especificar,01012_veloz1.mp4,VELOZ 1,test3,66,A1
DBLSC,LSC1,1013,VELOZ(2),ADJETIVO,Variante de seña para rapidez o aceleración extrema. (Generada Gemini),NO,1 seña,SI,SI,Semi-simétrica (tipo II),J,J,Sin especificar,Sin especificar,Sin especificar,01013_veloz2.mp4,VELOZ 2,test1,10,B2
DBLSC,LSC0,1014,VIAJAR-POR-TIERRA,VERBO,Desplazarse o realizar un viaje mediante transporte terrestre. (Generada Gemini),NO,1 seña,Sin especificar,SI,Unimanual (tipo 0),Sin especificar,Sin especificar,Sin especificar,Sin especificar,Sin especificar,01014_viajarport.mp4,VIAJAR POR TIERRA,test1,27,A2
DBLSC,LSC0,1015,VIAJAR-POR-AVION,VERBO,Desplazarse o realizar un viaje por vía aérea en aeronave. (Generada Gemini),NO,1 seña,NO,SI,Unimanual (tipo 0),Y,Sin especificar,Sin especificar,Sin especificar,Sin especificar,01015_viajarenav.mp4,VIAJAR POR AVION,test1,27,A2
DBLSC,LSC0,1016,VIAJAR-POR-BARCO,VERBO,Desplazarse o navegar a través de vías marítimas o fluviales. (Generada Gemini),NO,1 seña,NO,SI,Simétrica (tipo I),Bl,Bl,Sin especificar,Sin especificar,Sin especificar,01016_viajarporb.mp4,VIAJAR POR BARCO,test1,27,A2
DBLSC,LSC0,1017,VIAJAR-LUGARES,VERBO,Recorrer o visitar distintos destinos geográficos. (Generada Gemini),NO,1 seña,NO,SI,Unimanual (tipo 0),P,Sin especificar,Sin especificar,Sin especificar,Sin especificar,01017_viajarluga.mp4,VIAJAR LUGARES,test1,27,A2
DBLSC,LSC0,1018,ANTENA-PARABÓLICA,SUSTANTIVO,Dispositivo reflector en forma de parábola para la recepción de señales de telecomunicación. (RAE),SI,2 señas,NO,SI,Unimanual (tipo 0),U,P,Sin especificar,Sin especificar,Sin especificar,01018_antenapara.mp4,ANTENA PARABOLICA,test1,0,A2
DBLSC,LSC0,1019,CALCULADORA,SUSTANTIVO,Dispositivo electrónico pequeño que realiza operaciones matemáticas. (RAE),NO,1 seña,NO,SI,Asimétrica (tipo III),B,G,Sin especificar,Sin especificar,Sin especificar,01019_calculador.mp4,CALCULADORA,test3,70,A2
DBLSC,LSC1,1020,CÁMARA-FOTOGRÁFICA,SUSTANTIVO,Aparato utilizado para registrar imágenes estáticas o fotografías. (RAE),NO,1 seña,NO,SI,Simétrica (tipo I),Bc,Bc,Sin especificar,Sin especificar,Sin especificar,01020_camarafoto.mp4,CAMARA FOTOGRAFICA,test2,0,B1
DBLSC,LSC1,1021,CÁMARA-FOTOGRÁFICA(2),SUSTANTIVO,Variante de seña para dispositivo de captura fotográfica. (Generada Gemini),SI,2 señas,NO,SI,Simétrica (tipo I),Bc,Bc,O,Sin especificar,Sin especificar,01021_camarafoto.mp4,CAMARA FOTOGRAFICA 2,test2,0,B1
DBLSC,LSC1,1022,CASETE-VHS,SUSTANTIVO,Formato analógico de cinta magnética de video para grabación y reproducción doméstica. (Generada Gemini),SI,2 señas,NO,SI,Asimétrica (tipo III),Qa,Be,B,B,Sin especificar,01022_casetevhs.mp4,CASETE VHS,test3,43,B1
DBLSC,LSC0,1023,CELULAR,SUSTANTIVO,Teléfono móvil portátil para telecomunicaciones inalámbricas. (RAE),NO,1 seña,NO,SI,Unimanual en contacto (tipo X),Be,Sin especificar,Sin especificar,Sin especificar,Sin especificar,01023_celular.mp4,CELULAR,test1,0,A2
DBLSC,LSC0,1024,COMPUTADOR,SUSTANTIVO,Ordenador o máquina electrónica de procesamiento de datos. (RAE),NO,1 seña,SI,SI,Asimétrica (tipo III),B,Cl,Sin especificar,Sin especificar,Sin especificar,01024_computador.mp4,COMPUTADOR,test4,36,A2
DBLSC,LSC0,1025,LAPTOP,SUSTANTIVO,Computadora portátil personal. (RAE),SI,2 señas,NO,SI,Semi-simétrica (tipo II),B,B,Gl,Sin especificar,Sin especificar,01025_laptop.mp4,LAPTOP,test4,74,A2
DBLSC,LSC0,1026,TABLET,SUSTANTIVO,Dispositivo informático móvil provisto de pantalla táctil e integrado sin teclado físico. (RAE),NO,1 seña,NO,SI,Asimétrica (tipo III),B,N,Sin especificar,Sin especificar,Sin especificar,01026_tablet.mp4,TABLET,test1,0,A2
DBLSC,LSC1,1027,DISCO-COMPACTO,SUSTANTIVO,Disco óptico de almacenamiento digital de audio o datos (CD). (RAE),SI,2 señas,NO,SI,Simétrica (tipo I),Cb,Cb,Sin especificar,Sin especificar,Sin especificar,01027_discocompa.mp4,DISCO COMPACTO,test2,11,B1
DBLSC,LSC1,1028,EQUIPO-DE-SONIDO,SUSTANTIVO,Conjunto de aparatos electrónicos para la reproducción o amplificación de audio. (Generada Gemini),SI,2 señas,NO,SI,Simétrica (tipo I),Bl,Bl,P,A,Sin especificar,01028_equipodeso.mp4,EQUIPO DE SONIDO,test2,11,B1
DBLSC,LSC1,1029,FAX,SUSTANTIVO,Sistema de transmisión telefónica de documentos impresos. (RAE),NO,1 seña,NO,SI,Asimétrica (tipo III),B,Bc,Sin especificar,Sin especificar,Sin especificar,01029_fax.mp4,FAX,test2,48,B2
DBLSC,LSC1,1030,FILMADORA,SUSTANTIVO,Cámara de video portátil para la grabación de imágenes en movimiento. (RAE),NO,1 seña,NO,SI,Unimanual en contacto (tipo X),Y,Sin especificar,Sin especificar,Sin especificar,Sin especificar,01030_filmadora.mp4,FILMADORA,test4,90,B1
DBLSC,LSC0,1031,FOTOCOPIAR(1),VERBO,Obtener copias fotográficas impresas de un documento. (RAE),NO,1 seña,NO,SI,Semi-simétrica (tipo II),Bl,Bl,Sin especificar,Sin especificar,Sin especificar,01031_fotocopiar.mp4,FOTOCOPIAR 1,test2,32,A2
DBLSC,LSC0,1032,FOTOCOPIAR(2),VERBO,Variante de seña para la reproducción mecánica de documentos. (Generada Gemini),NO,1 seña,NO,SI,Asimétrica (tipo III),B,Q,Sin especificar,Sin especificar,Sin especificar,01032_fotocopiar.mp4,FOTOCOPIAR 2,test4,11,A2
DBLSC,LSC0,1033,IMPRESORA,SUSTANTIVO,Máquina periférica que imprime texto o gráficos en papel. (RAE),NO,1 seña,NO,SI,Asimétrica (tipo III),B,XX,Sin especificar,Sin especificar,Sin especificar,01033_impresora.mp4,IMPRESORA,test2,59,A2
DBLSC,LSC0,1034,INTERNET,SUSTANTIVO,Red informática mundial descentralizada formada por la conexión directa entre computadoras. (RAE),NO,1 seña,SI,SI,Semi-simétrica (tipo II),H,H,Sin especificar,Sin especificar,Sin especificar,01034_internet.mp4,INTERNET,test4,74,A2
DBLSC,LSC0,1035,TELÉFONO,SUSTANTIVO,Dispositivo de telecomunicación para transmitir y recibir sonido a distancia. (RAE),NO,1 seña,NO,SI,Unimanual en contacto (tipo X),Y,Sin especificar,Sin especificar,Sin especificar,Sin especificar,01035_telefono.mp4,TELEFONO,test1,0,A2
DBLSC,LSC1,1036,TELEVISIÓN,SUSTANTIVO,Sistema de transmisión de imágenes en movimiento y sonidos a distancia. (RAE),NO,1 seña,NO,SI,Simétrica (tipo I),XXc,Sin especificar,Sin especificar,Sin especificar,Sin especificar,01036_television.mp4,TELEVISION,test4,90,B1
DBLSC,LSC0,1037,TELEVISOR,SUSTANTIVO,Aparato receptor de televisión. (RAE),NO,1 seña,NO,SI,Simétrica (tipo I),L,Sin especificar,Sin especificar,Sin especificar,Sin especificar,01037_televisor.mp4,TELEVISOR,test1,50,A1
DBLSC,LSC0,1038,VIDEO,SUSTANTIVO,"Grabación, procesamiento o reproducción de imágenes en movimiento y sonido. (RAE)",NO,1 seña,NO,SI,Asimétrica (tipo III),L,J,Sin especificar,Sin especificar,Sin especificar,01038_video.mp4,VIDEO,test1,46,A1
DBLSC,LSC1,1039,ALICATE,SUSTANTIVO,Tenaza pequeña de acero con brazos encorvados para sujetar o cortar. (RAE),NO,1 seña,NO,SI,Compuestas (tipo C),Bc,S,Sin especificar,Sin especificar,Sin especificar,01039_alicate.mp4,ALICATE,test1,74,B2
DBLSC,LSC0,1040,ALMOHADA,SUSTANTIVO,Funda o colchoncillo que sirve para reclinarse o apoyar la cabeza en la cama. (RAE),NO,1 seña,NO,SI,Simétrica (tipo I),Qa,Sin especificar,Sin especificar,Sin especificar,Sin especificar,01040_almohada.mp4,ALMOHADA,test4,37,A2
DBLSC,LSC0,1041,APARTAMENTO,SUSTANTIVO,Vivienda independiente dentro de un edificio de varios pisos. (RAE),NO,1 seña,NO,SI,Unimanual (tipo 0),Ql,Sin especificar,Sin especificar,Sin especificar,Sin especificar,01041_alpartamen.mp4,APARTAMENTO,test2,75,A2
DBLSC,LSC0,1042,ARMARIO,SUSTANTIVO,Mueble con puertas y estantes para guardar ropa u objetos. (RAE),SI,2 señas,NO,SI,Compuestas (tipo C),Bl,S,Sin especificar,Sin especificar,Sin especificar,01042_armario.mp4,ARMARIO,test3,42,A2
DBLSC,LSC0,1043,ASCENSOR,SUSTANTIVO,Aparato elevador para transportar personas o cosas entre los pisos de un edificio. (RAE),NO,1 seña,NO,SI,Asimétrica (tipo III),Bl,Za,Sin especificar,Sin especificar,Sin especificar,01043_ascensor.mp4,ASCENSOR,test3,87,A2
DBLSC,LSC0,1044,BALDE,SUSTANTIVO,Cubo o recipiente de forma cilíndrica usado para transportar agua u otros líquidos. (RAE),SI,2 señas,NO,SI,Compuestas (tipo C),Bc,Af,Sin especificar,Sin especificar,Sin especificar,01044_balde.mp4,BALDE,test4,17,A2
DBLSC,LSC0,1045,BANDEJA,SUSTANTIVO,Pieza plana con borde elevado que sirve para servir o transportar objetos y alimentos. (RAE),NO,1 seña,NO,SI,Simétrica (tipo I),Tf,Sin especificar,Sin especificar,Sin especificar,Sin especificar,01045_bandeja.mp4,BANDEJA,test3,42,A2
DBLSC,LSC0,1046,BAÑO,SUSTANTIVO,Cuarto o estancia destinada a la higiene personal. (RAE),NO,1 seña,SI,SI,Unimanual (tipo 0),Be,Sin especificar,Sin especificar,Sin especificar,Sin especificar,01046_baño.mp4,BANO,test3,42,A2
DBLSC,LSC0,1047,BARRER,VERBO,Limpiar el suelo usando una escoba. (RAE),NO,1 seña,NO,SI,Simétrica (tipo I),Af,Sin especificar,Sin especificar,Sin especificar,Sin especificar,01047_barrer.mp4,BARRER,test1,58,A2
DBLSC,LSC1,1048,BATIDORA,SUSTANTIVO,"Aparato electrodoméstico para batir, mezclar o triturar alimentos. (RAE)",NO,1 seña,NO,SI,Asimétrica (tipo III),Cl,Tl,Sin especificar,Sin especificar,Sin especificar,01048_batidora.mp4,BATIDORA,test3,62,B2
DBLSC,LSC0,1049,BOTELLA,SUSTANTIVO,"Recipiente de cuello estrecho, generalmente de vidrio o plástico, usado para contener líquidos. (RAE)",NO,1 seña,NO,SI,Asimétrica (tipo III),Y,Bl,Sin especificar,Sin especificar,Sin especificar,01049_botella.mp4,BOTELLA,test4,17,A2
DBLSC,LSC1,1050,BRILLADORA,SUSTANTIVO,"Máquina electrodoméstica utilizada para fregar, lustrar o dar brillo a los pisos. (RAE)",NO,1 seña,NO,SI,Simétrica (tipo I),Af,Sin especificar,Sin especificar,Sin especificar,Sin especificar,01050_brilladora.mp4,BRILLADORA,test3,57,B1
DBLSC,LSC0,1051,CAJA,SUSTANTIVO,"Recipiente de madera, cartón u otro material que sirve para guardar o transportar objetos. (RAE)",NO,1 seña,NO,SI,Simétrica (tipo I),Bl,Sin especificar,Sin especificar,Sin especificar,Sin especificar,01051_caja.mp4,CAJA,test3,42,A2
DBLSC,LSC0,1052,CAMA,SUSTANTIVO,"Mueble para dormir o descansar, compuesto por un armazón y un colchón. (RAE)",NO,1 seña,NO,SI,Simétrica (tipo I),Ud,Sin especificar,Sin especificar,Sin especificar,Sin especificar,01052_cama.mp4,CAMA,test3,77,A2
DBLSC,LSC0,1053,CANECA,SUSTANTIVO,Recipiente metálico o de plástico destinado a contener basura o líquidos. (RAE),SI,2 señas,NO,SI,Compuestas (tipo C),Bc,O,Jc,Sin especificar,Sin especificar,01053_caneca.mp4,CANECA,test4,17,A2
DBLSC,LSC1,1054,CEMENTO,SUSTANTIVO,Mezcla de arcilla y calcinada usada como aglomerante en la construcción. (RAE),SI,2 señas,NO,SI,Compuestas (tipo C),Cl,Qe,Sin especificar,Sin especificar,Sin especificar,01054_cemento.mp4,CEMENTO,test4,88,B1
DBLSC,LSC0,1055,COBIJA,SUSTANTIVO,Prenda de ropa de cama tupida para abrigarse. (RAE),NO,1 seña,NO,SI,Simétrica (tipo I),Qe,Sin especificar,Sin especificar,Sin especificar,Sin especificar,01055_cobija.mp4,COBIJA,test3,42,A2
DBLSC,LSC0,1056,COCINA,SUSTANTIVO,Sitio de la casa donde se preparan los alimentos. (RAE),SI,2 señas,NO,SI,Compuestas (tipo C),P,Jc,Sin especificar,Sin especificar,Sin especificar,01056_cocina.mp4,COCINA,test1,25,A1
DBLSC,LSC0,1057,COMEDOR,SUSTANTIVO,Pieza o sitio destinado para comer en las casas u organizaciones. (RAE),SI,2 señas,NO,SI,Compuestas (tipo C),P,Q,Sin especificar,Sin especificar,Sin especificar,01057_comedor.mp4,COMEDOR,test1,53,A2
DBLSC,LSC0,1058,COPA,SUSTANTIVO,"Vaso con pie para beber líquidos, especialmente vino o licores. (RAE)",NO,1 seña,NO,SI,Asimétrica (tipo III),Bl,Vc,Sin especificar,Sin especificar,Sin especificar,01058_copa.mp4,COPA,test1,20,A2
DBLSC,LSC0,1059,CORTINA,SUSTANTIVO,Tela u otro material que cuelga de puertas y ventanas para cubrir o adornar. (RAE),NO,1 seña,NO,SI,Simétrica (tipo I),J,Sin especificar,Sin especificar,Sin especificar,Sin especificar,01059_cortina.mp4,CORTINA,test3,42,A2
DBLSC,LSC0,1060,CUADRO(1),SUSTANTIVO,"Lienzo, lámina o papel grabado o pintado encuadrado para adorno. (RAE)",NO,1 seña,NO,SI,Simétrica (tipo I),Be,Sin especificar,Sin especificar,Sin especificar,Sin especificar,01060_cuadro1.mp4,CUADRO 1,test4,52,A1
DBLSC,LSC0,1061,CUADRO(2),SUSTANTIVO,"Variante de seña para pintura, marco o lienzo ornamental. (Generada Gemini)",NO,1 seña,NO,SI,Simétrica (tipo I),V,Sin especificar,Sin especificar,Sin especificar,Sin especificar,01061_cuadro2.mp4,CUADRO 2,test4,11,A2
DBLSC,LSC0,1062,CUADRO(3),SUSTANTIVO,Variante de seña para representación pictórica o cuadro. (Generada Gemini),NO,1 seña,NO,SI,Simétrica (tipo I),P,Sin especificar,Sin especificar,Sin especificar,Sin especificar,01062_cuadro3.mp4,CUADRO 3,test1,15,A1
DBLSC,LSC0,1063,CUCHARA,SUSTANTIVO,Utensilio de mesa que consta de una concavidad con mango para llevar líquidos a la boca. (RAE),NO,1 seña,NO,SI,Unimanual (tipo 0),Xt,Sin especificar,Sin especificar,Sin especificar,Sin especificar,01063_cuchara.mp4,CUCHARA,test4,59,A1
DBLSC,LSC0,1064,CUCHILLO,SUSTANTIVO,Instrumento cortante compuesto de una hoja de acero con un solo filo y de un mango. (RAE),NO,1 seña,NO,SI,Semi-simétrica (tipo II),B,Sin especificar,Sin especificar,Sin especificar,Sin especificar,01064_cuchillo.mp4,CUCHILLO,test2,5,A2
DBLSC,LSC1,1065,DESTORNILLADOR,SUSTANTIVO,Herramienta que sirve para destornillar o atornillar. (RAE),NO,1 seña,NO,SI,Asimétrica (tipo III),P,Bl,Sin especificar,Sin especificar,Sin especificar,01065_destornill.mp4,DESTORNILLADOR,test3,7,B1
DBLSC,LSC0,1066,DETERGENTE,SUSTANTIVO,Sustancia que limpia y remueve la suciedad en superficies y ropa. (RAE),NO,1 seña,NO,SI,Unimanual (tipo 0),Cl,Sin especificar,Sin especificar,Sin especificar,Sin especificar,01066_detergente.mp4,DETERGENTE,test3,42,A2
DBLSC,LSC0,1067,DUCHA,SUSTANTIVO,Instalación para lavarse el cuerpo cayendo el agua en lluvia desde lo alto. (RAE),SI,2 señas,NO,SI,Compuestas (tipo C),Q,Jc,J,Sin especificar,Sin especificar,01067_ducha.mp4,DUCHA,test1,20,A2
DBLSC,LSC0,1068,ESCALERA,SUSTANTIVO,Serie de escalones que sirven para subir y bajar de un nivel a otro. (RAE),NO,1 seña,NO,SI,Unimanual (tipo 0),XX,Sin especificar,Sin especificar,Sin especificar,Sin especificar,01068_escalera.mp4,ESCALERA,test1,31,A2
DBLSC,LSC0,1069,ESCOBA,SUSTANTIVO,"Utensilio compuesto por un haz de ramas u hilos sujetos al extremo de un palo, que sirve para barrer. (RAE)",NO,1 seña,NO,SI,Simétrica (tipo I),Y,Sin especificar,Sin especificar,Sin especificar,Sin especificar,01069_escoba.mp4,ESCOBA,test1,58,A2
DBLSC,LSC0,1070,ESPEJO,SUSTANTIVO,Tabla de cristal o metal pulida que refleja las imágenes de los objetos. (RAE),NO,1 seña,NO,SI,Unimanual (tipo 0),Bl,Sin especificar,Sin especificar,Sin especificar,Sin especificar,01070_espejo.mp4,ESPEJO,test2,59,A2
DBLSC,LSC0,1071,ESPONJA-BAÑO,SUSTANTIVO,Utensilio poroso y absorbente empleado en el aseo corporal durante el baño. (Generada Gemini),NO,1 seña,NO,SI,Simétrica (tipo I),Gl,Sin especificar,Sin especificar,Sin especificar,Sin especificar,01071_esponjaban.mp4,ESPONJA BANO,test1,66,A2
DBLSC,LSC1,1072,ESTUFA,SUSTANTIVO,Aparato para calentar o cocinar alimentos mediante gas o electricidad. (RAE),SI,2 señas,NO,SI,Compuestas (tipo C),Qa,Jc,Sin especificar,Sin especificar,Sin especificar,01072_estufa.mp4,ESTUFA,test3,62,B2
DBLSC,LSC1,1073,EXTINGUIDOR,SUSTANTIVO,Aparato portátil para apagar incendios mediante la descarga de una sustancia extintora. (RAE),NO,1 seña,NO,SI,Asimétrica (tipo III),Bc,Xe,Sin especificar,Sin especificar,Sin especificar,01073_extinguido.mp4,EXTINGUIDOR,test4,27,B1
DBLSC,LSC0,1074,FLORERO,SUSTANTIVO,Vasija que sirve para poner flores de adorno. (RAE),SI,2 señas,NO,SI,Compuestas (tipo C),Bc,J,Sin especificar,Sin especificar,Sin especificar,01074_florero.mp4,FLORERO,test4,17,A2
DBLSC,LSC0,1075,FÓSFORO,SUSTANTIVO,Varilla de madera o cartón con cabeza de sustancia inflamable para hacer fuego. (RAE),NO,1 seña,NO,SI,Asimétrica (tipo III),S,Pc,Sin especificar,Sin especificar,Sin especificar,01075_fosforo.mp4,FOSFORO,test4,17,A2
DBLSC,LSC1,1076,GAS(1),SUSTANTIVO,Fluido aeriforme a temperatura y presión ordinarias usado como combustible doméstico. (RAE),NO,1 seña,SI,SI,Unimanual (tipo 0),Bl,Sin especificar,Sin especificar,Sin especificar,Sin especificar,01076_gas1.mp4,GAS 1,test4,38,B1
DBLSC,LSC1,1077,GAS(2),SUSTANTIVO,Variante de seña para gas combustible o suministro domiciliario de gas. (Generada Gemini),NO,1 seña,NO,SI,Unimanual en contacto (tipo X),R,Sin especificar,Sin especificar,Sin especificar,Sin especificar,01077_gas2.mp4,GAS 2,test4,38,B1
DBLSC,LSC1,1078,HERRAMIENTA,SUSTANTIVO,"Instrumento, generalmente de hierro o acero, con que trabajan los artesanos o trabajadores. (RAE)",NO,1 seña,NO,SI,Asimétrica (tipo III),P,Za,Sin especificar,Sin especificar,Sin especificar,01078_herramient.mp4,HERRAMIENTA,test1,12,B1
DBLSC,LSC1,1079,HORNO-MICROONDAS,SUSTANTIVO,Electrodoméstico que cocina o calienta alimentos mediante ondas electromagnéticas de alta frecuencia. (RAE),SI,2 señas,NO,SI,Compuestas (tipo C),Bl,Gl,Sin especificar,Sin especificar,Sin especificar,01079_hornomicro.mp4,HORNO MICROONDAS,test2,26,B1
DBLSC,LSC1,1080,JARDÍN,SUSTANTIVO,Terreno donde se cultivan plantas y flores con fines ornamentales. (RAE),NO,1 seña,NO,SI,Simétrica (tipo I),O,Sin especificar,Sin especificar,Sin especificar,Sin especificar,01080_jardin.mp4,JARDIN,test2,49,B1
DBLSC,LSC0,1081,JARRA,SUSTANTIVO,"Vasija de loza, cristal u otro material con una o dos asas usada para servir líquidos. (RAE)",NO,1 seña,NO,SI,Unimanual (tipo 0),S,Sin especificar,Sin especificar,Sin especificar,Sin especificar,01081_jarra.mp4,JARRA,test4,17,A2
DBLSC,LSC1,1082,LADRILLO,SUSTANTIVO,Masa de arcilla cocida en forma de paralelepípedo para la construcción. (RAE),NO,1 seña,SI,SI,Simétrica (tipo I),B,Sin especificar,Sin especificar,Sin especificar,Sin especificar,01082_ladrillo1.mp4,LADRILLO,test1,17,B2
DBLSC,LSC0,1083,LÁMPARA,SUSTANTIVO,"Aparato que produce o proyecta luz mediante electricidad, gas u otro combustible. (RAE)",NO,1 seña,NO,SI,Compuestas (tipo C),P,O,Jc,Sin especificar,Sin especificar,01083_lampara.mp4,LAMPARA,test2,15,A2
DBLSC,LSC0,1084,LAVADORA,SUSTANTIVO,Aparato electrodoméstico para lavar la ropa. (RAE),NO,1 seña,NO,SI,Unimanual (tipo 0),Jc,Sin especificar,Sin especificar,Sin especificar,Sin especificar,01084_lavadora.mp4,LAVADORA,test3,42,A2
DBLSC,LSC0,1085,LAVAR,VERBO,Limpiar algo con agua u otro líquido. (RAE),NO,1 seña,NO,SI,Semi-simétrica (tipo II),Af,Sin especificar,Sin especificar,Sin especificar,Sin especificar,01085_lavar.mp4,LAVAR,test1,20,A2
DBLSC,LSC0,1086,LICUADORA,SUSTANTIVO,Electrodoméstico para triturar y licuar alimentos. (RAE),NO,1 seña,NO,SI,Unimanual (tipo 0),P,Sin especificar,Sin especificar,Sin especificar,Sin especificar,01086_licuadora.mp4,LICUADORA,test1,53,A2
DBLSC,LSC0,1087,LIMPIAR(1),VERBO,Quitar la suciedad u opacidad de algo. (RAE),NO,1 seña,SI,SI,Semi-simétrica (tipo II),N,Sin especificar,Sin especificar,Sin especificar,Sin especificar,01087_limpiar1.mp4,LIMPIAR 1,test2,56,A1
DBLSC,LSC0,1088,LIMPIAR(2),VERBO,"Variante de seña para la acción de asear, fregar o purificar. (Generada Gemini)",SI,2 señas,SI,SI,Compuestas (tipo C),N,Bl,Sin especificar,Sin especificar,Sin especificar,01088_limpiar2.mp4,LIMPIAR 2,test1,66,A2
DBLSC,LSC0,1089,LINTERNA,SUSTANTIVO,Aparato portátil de alumbrado provisto de una pila o batería eléctrica. (RAE),NO,1 seña,NO,SI,Compuestas (tipo C),Xt,Al,Xe,Sin especificar,Sin especificar,01089_linterna.mp4,LINTERNA,test2,15,A2
DBLSC,LSC0,1090,LLAVE,SUSTANTIVO,"Instrumento de metal para accionar cerraduras, grifos o tuercas. (RAE)",NO,1 seña,NO,SI,Unimanual (tipo 0),Xt,Sin especificar,Sin especificar,Sin especificar,Sin especificar,01090_llave.mp4,LLAVE,test1,58,A2
DBLSC,LSC0,1091,LUZ,SUSTANTIVO,Agente físico que hace visibles los objetos. (RAE),NO,1 seña,NO,SI,Compuestas (tipo C),O,Jc,Sin especificar,Sin especificar,Sin especificar,01091_luz.mp4,LUZ,test4,44,A2
DBLSC,LSC1,1092,MANGUERA,SUSTANTIVO,Tubo flexible para aspirar o impeler fluidos. (RAE),SI,2 señas,NO,SI,Compuestas (tipo C),A,Xf,Sin especificar,Sin especificar,Sin especificar,01092_manguera.mp4,MANGUERA,test3,2,B2
DBLSC,LSC1,1093,MARTILLO,SUSTANTIVO,"Herramienta para golpear, compuesta de una cabeza de hierro y un mango de madera. (RAE)",SI,1 seña,NO,SI,Asimétrica (tipo III),S,J,Sin especificar,Sin especificar,Sin especificar,01093_martillo.mp4,MARTILLO,test1,46,B1
DBLSC,LSC0,1094,NEVERA,SUSTANTIVO,Electrodoméstico destinado a la conservación de alimentos mediante el frío. (RAE),NO,1 seña,SI,SI,Compuestas (tipo C),R,S,Sin especificar,Sin especificar,Sin especificar,01094_nevera.mp4,NEVERA,test1,53,A2
DBLSC,LSC1,1095,PARED,SUSTANTIVO,Obra de fábrica levantada verticalmente para cerrar un espacio o sostener una techumbre. (RAE),NO,2 señas,NO,SI,Unimanual (tipo 0),Bl,Sin especificar,Sin especificar,Sin especificar,Sin especificar,01095_pared.mp4,PARED,test4,51,B2
DBLSC,LSC0,1096,PATIO,SUSTANTIVO,Espacio descubierto en el interior o parte trasera de un edificio o casa. (RAE),SI,2 señas,NO,SI,Compuestas (tipo C),P,Ql,Sin especificar,Sin especificar,Sin especificar,01096_patio1.mp4,PATIO,test2,75,A2
DBLSC,LSC0,1097,PINTURA,SUSTANTIVO,Sustancia coloreada líquida usada para cubrir y decorar superficies. (RAE),SI,2 señas,NO,SI,Asimétrica (tipo III),C,Bl,Sin especificar,Sin especificar,Sin especificar,01097_pintura.mp4,PINTURA,test2,5,A2
DBLSC,LSC0,1098,PLANCHAR/PLANCHA,VERBO,Pasar la plancha caliente sobre la ropa para quitarle las arrugas. / Electrodoméstico. (RAE),NO,1 seña,NO,SI,Asimétrica (tipo III),B,S,Sin especificar,Sin especificar,Sin especificar,01098_plancharpl.mp4,PLANCHAR/PLANCHA,test4,43,A1
DBLSC,LSC0,1099,PLATO,SUSTANTIVO,Vasija llana y circular en que se sirve la comida. (RAE),NO,1 seña,NO,SI,Simétrica (tipo I),Xc,Sin especificar,Sin especificar,Sin especificar,Sin especificar,01099_plato.mp4,PLATO,test1,53,A2
DBLSC,LSC0,1100,POCILLO,SUSTANTIVO,"Taza pequeña, generalmente usada para tomar café. (RAE)",NO,1 seña,NO,SI,Asimétrica (tipo III),Bl,Tb,Sin especificar,Sin especificar,Sin especificar,01100_pocillo.mp4,POCILLO,test1,53,A2
DBLSC,LSC0,1101,PUERTA,SUSTANTIVO,Abertura en una pared o valla que permite el paso de un lado a otro y marco o panel que la cierra. (RAE),NO,1 seña,NO,SI,Semi-simétrica (tipo II),Be,Sin especificar,Sin especificar,Sin especificar,Sin especificar,01101_puerta.mp4,PUERTA,test3,70,A2
DBLSC,LSC0,1102,SALA,SUSTANTIVO,Habitación principal de la casa destinada a recibir visitas o estar en familia. (RAE),SI,2 señas,NO,SI,Compuestas (tipo C),P,Bl,Sin especificar,Sin especificar,Sin especificar,01102_sala.mp4,SALA,test2,75,A2
DBLSC,LSC0,1103,SARTÉN,SUSTANTIVO,"Recipiente de cocina metálico, de poco fondo, con un mango largo, usado para freír. (RAE)",NO,1 seña,NO,SI,Asimétrica (tipo III),I,Xf,Sin especificar,Sin especificar,Sin especificar,01103_sarten.mp4,SARTEN,test1,53,A2
DBLSC,LSC0,1104,SERVILLETA,SUSTANTIVO,Pieza de tela o papel que sirve en la mesa para limpiarse la boca y las manos. (RAE),NO,1 seña,NO,SI,Unimanual en contacto (tipo X),B,Sin especificar,Sin especificar,Sin especificar,Sin especificar,01104_servilleta.mp4,SERVILLETA,test2,59,A2
DBLSC,LSC0,1105,SILLA,SUSTANTIVO,"Asiento con respaldo, por lo general de cuatro patas, para una sola persona. (RAE)",NO,1 seña,NO,SI,Semi-simétrica (tipo II),Z,Sin especificar,Sin especificar,Sin especificar,Sin especificar,01105_silla.mp4,SILLA,test1,31,A2
DBLSC,LSC0,1106,SOFÁ,SUSTANTIVO,"Asiento cómodo para dos o más personas, con respaldo y brazos. (RAE)",NO,1 seña,NO,SI,Semi-simétrica (tipo II),Bl,Ql,Sin especificar,Sin especificar,Sin especificar,01106_sofa.mp4,SOFA,test1,31,A2
DBLSC,LSC0,1107,TALADRO,SUSTANTIVO,Herramienta que sirve para hacer agujeros mediante la rotación de una broca. (RAE),NO,1 seña,NO,SI,Asimétrica (tipo III),Bl,L,Sin especificar,Sin especificar,Sin especificar,01107_taladro.mp4,TALADRO,test1,58,A2
DBLSC,LSC0,1108,TAPETE(1),SUSTANTIVO,Cubierta de lana u otro tejido para adornar o proteger mesas y suelos. (RAE),NO,1 seña,NO,SI,Simétrica (tipo I),P,S,Sin especificar,Sin especificar,Sin especificar,01108_tapete.mp4,TAPETE 1,test4,43,A1
DBLSC,LSC0,1109,TAPETE(2),SUSTANTIVO,Variante de seña para alfombra o cubierta protectora de piso. (Generada Gemini),SI,2 señas,NO,SI,Simétrica (tipo I),P,J,Sin especificar,Sin especificar,Sin especificar,01109_tapete2.mp4,TAPETE 2,test1,66,A2
DBLSC,LSC0,1110,TENDER-LA-CAMA,VERBO,"Acción de arreglar, estirar y acomodar la ropa de cama sobre el colchón. (Generada Gemini)",SI,2 señas,NO,SI,Simétrica (tipo I),Okp,Cl,Sin especificar,Sin especificar,Sin especificar,01110_tenderlaca.mp4,TENDER LA CAMA,test1,51,A1
DBLSC,LSC0,1111,TENEDOR,SUSTANTIVO,Utensilio de mesa con dientes para pinchar o coger alimentos. (RAE),NO,1 seña,NO,SI,Asimétrica (tipo III),W,Bl,Sin especificar,Sin especificar,Sin especificar,01111_tenedor.mp4,TENEDOR,test1,53,A2
DBLSC,LSC0,1112,TIMBRE,SUSTANTIVO,Aparato eléctrico que emite un sonido al ser accionado para llamar o avisar. (RAE),NO,1 seña,NO,SI,Asimétrica (tipo III),Bl,A,Sin especificar,Sin especificar,Sin especificar,01112_timbre.mp4,TIMBRE,test1,0,A2
DBLSC,LSC0,1113,TIMBRE-PARA-SORDOS,SUSTANTIVO,Sistema de señalización acústico-lumínico adaptado para alertar a personas sordas mediante señales de luz. (Generada Gemini),SI,2 señas,NO,SI,Compuestas (tipo C),Bl,A,O,Sin especificar,Sin especificar,01113_timbrepara.mp4,TIMBRE PARA SORDOS,test3,29,A1
DBLSC,LSC0,1114,TRAPERO,SUSTANTIVO,Utensilio para fregar el suelo compuesto por hilachas fijadas a un palo (trapeador). (RAE),NO,1 seña,NO,SI,Simétrica (tipo I),S,Sin especificar,Sin especificar,Sin especificar,Sin especificar,01114_trapero.mp4,TRAPERO,test1,58,A2
DBLSC,LSC0,1115,TRASTEAR,VERBO,Mudarse o trasladar los enseres y muebles de una vivienda a otra. (RAE),SI,2 señas,NO,SI,Compuestas (tipo C),B,O,Bc,Sin especificar,Sin especificar,01115_trastear.mp4,TRASTEAR,test1,31,A2
DBLSC,LSC0,1116,TUBERÍA,SUSTANTIVO,"Conducto formado por tubos para la conducción de agua, gas u otros fluidos. (RAE)",NO,1 seña,NO,SI,Simétrica (tipo I),C,Sin especificar,Sin especificar,Sin especificar,Sin especificar,01116_tuberia.mp4,TUBERIA,test4,17,A2
DBLSC,LSC0,1117,VASO,SUSTANTIVO,Recipiente de forma cilíndrica o cónica que sirve para beber. (RAE),NO,1 seña,NO,SI,Asimétrica (tipo III),Bl,C,Sin especificar,Sin especificar,Sin especificar,01117_vaso.mp4,VASO,test4,17,A2
DBLSC,LSC0,1118,VENTANA,SUSTANTIVO,"Abertura hecha en una pared para dar luz y ventilación, provista de marco y cristales. (RAE)",NO,1 seña,NO,SI,Semi-simétrica (tipo II),S,Sin especificar,Sin especificar,Sin especificar,Sin especificar,01118_ventana.mp4,VENTANA,test2,15,A2
DBLSC,LSC0,1119,VIVIR,VERBO,Tener vida. / Habitar o residir en un determinado lugar. (RAE),NO,1 seña,NO,SI,Simétrica (tipo I),Q,Sin especificar,Sin especificar,Sin especificar,Sin especificar,01119_vivir1.mp4,VIVIR,test4,80,A1
DBLSC,LSC0,1120,VIVIR(2),VERBO,"Variante de seña para habitar, morar o residir en un espacio. (Generada Gemini)",SI,2 señas,NO,SI,Compuestas (tipo C),Q,J,Sin especificar,Sin especificar,Sin especificar,01120_vivir2.mp4,VIVIR 2,test2,2,A2
DBLSC,LSC0,1121,LA-VIDA(1),SUSTANTIVO,Existencia de los seres vivos o experiencia vital humana. (RAE),NO,1 seña,SI,SI,Simétrica (tipo I),Vc,Sin especificar,Sin especificar,Sin especificar,Sin especificar,01121_lavida1.mp4,LA VIDA 1,test3,60,A1
DBLSC,LSC0,1122,LA-VIDA(2),SUSTANTIVO,Variante de seña para el concepto ontológico de la existencia o vida. (Generada Gemini),SI,2 señas,SI,SI,Compuestas (tipo C),Q,J,Sin especificar,Sin especificar,Sin especificar,01122_lavida2.mp4,LA VIDA 2,test2,6,A2
DBLSC,LSC0,1123,ADMINISTRAR,VERBO,"Gobernar, ejercer la autoridad o el mando sobre un territorio o entidad. / Organizar bienes. (RAE)",NO,1 seña,NO,SI,Simétrica (tipo I),P,Sin especificar,Sin especificar,Sin especificar,Sin especificar,01123_administra.mp4,ADMINISTRAR,test2,39,A2
DBLSC,LSC0,1124,AHORRAR(1),VERBO,Guardar dinero para necesidades futuras o economizar recursos. (RAE),NO,1 seña,NO,SI,Semi-simétrica (tipo II),Qe,Sin especificar,Sin especificar,Sin especificar,Sin especificar,01124_ahorrar1.mp4,AHORRAR 1,test2,58,A1
DBLSC,LSC0,1125,AHORRAR(2),VERBO,Variante de seña para guardar capital o reservas económicas. (Generada Gemini),NO,1 seña,SI,SI,Asimétrica (tipo III),S,Za,Sin especificar,Sin especificar,Sin especificar,01125_ahorrar2.mp4,AHORRAR 2,test1,72,A2
DBLSC,LSC0,1126,ALCALDE(1),SUSTANTIVO,Presidente del ayuntamiento o máxima autoridad municipal. (RAE),NO,1 seña,SI,SI,Unimanual en contacto (tipo X),Be,Sin especificar,Sin especificar,Sin especificar,Sin especificar,01126_alcalde1.mp4,ALCALDE 1,test3,83,A1
DBLSC,LSC0,1127,ALCALDE(2),SUSTANTIVO,Variante de seña para la dignidad u oficio de mandatario municipal. (Generada Gemini),NO,1 seña,SI,SI,Unimanual en contacto (tipo X),Gl,Sin especificar,Sin especificar,Sin especificar,Sin especificar,01127_alcalde2.mp4,ALCALDE 2,test1,22,A2
DBLSC,LSC1,1128,ASOCIACIÓN,SUSTANTIVO,Conjunto de los asociados para un fin común y entidad que forman. (RAE),NO,1 seña,NO,SI,Simétrica (tipo I),C,Sin especificar,Sin especificar,Sin especificar,Sin especificar,01128_asociacion.mp4,ASOCIACION,test1,97,B2
DBLSC,LSC1,1129,BANDERA,SUSTANTIVO,Tinta de tela con los colores y emblemas distintivos de una nación o colectividad. (RAE),NO,1 seña,NO,SI,Unimanual (tipo 0),Bl,Sin especificar,Sin especificar,Sin especificar,Sin especificar,01129_bandera.mp4,BANDERA,test2,25,B1
DBLSC,LSC1,1130,CHEQUE,SUSTANTIVO,Mandato escrito de pago para retirar fondos de una cuenta bancaria. (RAE),SI,2 señas,NO,SI,Compuestas (tipo C),Xc,Tb,Sin especificar,Sin especificar,Sin especificar,01130_cheque.mp4,CHEQUE,test4,14,B2
DBLSC,LSC1,1131,CÉDULA,SUSTANTIVO,Documento oficial que acredita la identidad de una persona. (RAE),NO,1 seña,NO,SI,Asimétrica (tipo III),A,Bl,Sin especificar,Sin especificar,Sin especificar,01131_cedula.mp4,CEDULA,test1,18,B2
DBLSC,LSC0,1132,CIUDAD,SUSTANTIVO,Población grande cuyos habitantes se dedican a actividades no agrícolas. (RAE),NO,1 seña,NO,SI,Asimétrica (tipo III),C,S,Sin especificar,Sin especificar,Sin especificar,01132_ciudad.mp4,CIUDAD,test1,25,A1
DBLSC,LSC0,1133,COMPRAR,VERBO,Adquirir algo por dinero. (RAE),NO,1 seña,NO,SI,Semi-simétrica (tipo II),Bl,Sin especificar,Sin especificar,Sin especificar,Sin especificar,01133_comprar.mp4,COMPRAR,test4,36,A2
DBLSC,LSC1,1134,CONGRESO(1),SUSTANTIVO,Asamblea legislativa encargada de elaborar y aprobar las leyes. (RAE),NO,1 seña,NO,SI,Simétrica (tipo I),Xc,Sin especificar,Sin especificar,Sin especificar,Sin especificar,01134_congreso1.mp4,CONGRESO 1,test3,56,B2
DBLSC,LSC1,1135,CONGRESO(2),SUSTANTIVO,Variante de seña para asamblea o parlamento legislativo. (Generada Gemini),SI,2 señas,NO,SI,Compuestas (tipo C),Ql,Bl,O,Sin especificar,Sin especificar,01135_congreso2.mp4,CONGRESO 2,test1,84,B2
DBLSC,LSC1,1136,COOPERATIVA,SUSTANTIVO,Sociedad formada por personas que se asocian para realizar una actividad económica común. (RAE),SI,2 señas,NO,SI,Compuestas (tipo C),V,Tc,Sin especificar,Sin especificar,Sin especificar,01136_cooperativ.mp4,COOPERATIVA,test1,97,B2
DBLSC,LSC1,1137,CRÉDITO,SUSTANTIVO,Préstamo de dinero que una entidad financiera otorga a una persona o empresa. (RAE),SI,2 señas,SI,SI,Compuestas (tipo C),V,Xf,Sin especificar,Sin especificar,Sin especificar,01137_credito.mp4,CREDITO,test4,14,B2
DBLSC,LSC1,1138,CULTURA,SUSTANTIVO,"Conjunto de modos de vida, costumbres y conocimientos de una época o grupo social. (RAE)",SI,2 señas,NO,SI,Asimétrica (tipo III),C,P,Sin especificar,Sin especificar,Sin especificar,01138_cultura.mp4,CULTURA,test1,5,B1
DBLSC,LSC1,1139,DEMOCRACIA,SUSTANTIVO,Sistema político en el cual la soberanía reside en el pueblo. (RAE),NO,1 seña,NO,SI,Simétrica (tipo I),Bl,Sin especificar,Sin especificar,Sin especificar,Sin especificar,01139_democracia.mp4,DEMOCRACIA,test4,71,B2
DBLSC,LSC1,1140,DERECHO,SUSTANTIVO,Conjunto de principios y normas que regulan la conducta humana en sociedad. (RAE),NO,1 seña,NO,SI,Unimanual en contacto (tipo X),S,Sin especificar,Sin especificar,Sin especificar,Sin especificar,01140_derecho.mp4,DERECHO,test2,91,B2
DBLSC,LSC1,1141,DEPARTAMENTO,SUSTANTIVO,División territorial y administrativa de un país como Colombia. (RAE),NO,1 seña,NO,SI,Unimanual (tipo 0),Bl,Sin especificar,Sin especificar,Sin especificar,Sin especificar,01141_departamen.mp4,DEPARTAMENTO,test4,8,B2
DBLSC,LSC1,1142,DEUDA,SUSTANTIVO,Obligación que tiene alguien de pagar o satisfacer algo a otra persona. (RAE),NO,1 seña,NO,SI,Asimétrica (tipo III),N,Bl,Sin especificar,Sin especificar,Sin especificar,01142_deuda.mp4,DEUDA,test4,14,B2
DBLSC,LSC0,1143,ELEGIR,VERBO,Nombrar o seleccionar por voto a alguien para un cargo o distinción. (RAE),NO,1 seña,NO,SI,Unimanual (tipo 0),Ta,Ok,Sin especificar,Sin especificar,Sin especificar,01143_elegir.mp4,ELEGIR,test4,30,A1
DBLSC,LSC1,1144,FIRMAR,VERBO,Escribir su nombre en un documento para darle validez o autorizarlo. (RAE),NO,1 seña,NO,SI,Asimétrica (tipo III),Bl,Pc,Sin especificar,Sin especificar,Sin especificar,01144_firmar.mp4,FIRMAR,test1,18,B2
DBLSC,LSC1,1145,FACTURA,SUSTANTIVO,Cuenta en la que se detallan las mercancías compradas o servicios prestados con su precio. (RAE),NO,1 seña,NO,SI,Semi-simétrica (tipo II),Bl,Bl,Sin especificar,Sin especificar,Sin especificar,01145_factura.mp4,FACTURA,test4,14,B2
DBLSC,LSC1,1146,ÉTICA,SUSTANTIVO,Conjunto de normas morales que rigen la conducta de la persona en cualquier ámbito de la vida. (RAE),NO,1 seña,NO,SI,Unimanual en contacto (tipo X),Okc,Sin especificar,Sin especificar,Sin especificar,Sin especificar,01146_etica.mp4,ETICA,test2,91,B2
DBLSC,LSC1,1147,FISCAL,ADJETIVO,Persona que ejerce el ministerio público en la persecución de delitos. (RAE),NO,1 seña,NO,SI,Asimétrica (tipo III),Bl,Xf,Sin especificar,Sin especificar,Sin especificar,01147_fiscal.mp4,FISCAL,test3,56,B2
DBLSC,LSC1,1148,FISCALIA,SUSTANTIVO,Órgano o institución encargada de la investigación de delitos y acusación ante tribunales. (RAE),NO,1 seña,NO,SI,Asimétrica (tipo III),Bl,XX,Sin especificar,Sin especificar,Sin especificar,01148_fiscalia.mp4,FISCALIA,test3,56,B2
DBLSC,LSC1,1149,FRONTERA,SUSTANTIVO,Línea que separa un estado o territorio de otro. (RAE),NO,1 seña,NO,SI,Simétrica (tipo I),Bl,Bl,Sin especificar,Sin especificar,Sin especificar,01149_frontera.mp4,FRONTERA,test3,2,B1
DBLSC,LSC1,1150,GASTAR,VERBO,Emplear el dinero u otros recursos para comprar o conseguir algo. (RAE),NO,1 seña,NO,SI,Semi-simétrica (tipo II),Bl,Bl,Sin especificar,Sin especificar,Sin especificar,01150_gastar.mp4,GASTAR,test4,14,B2
DBLSC,LSC1,1151,GOBIERNO,SUSTANTIVO,Conjunto de los órganos de dirección y administración de un estado. (RAE),NO,1 seña,NO,SI,Unimanual en contacto (tipo X),X,Sin especificar,Sin especificar,Sin especificar,Sin especificar,01151_gobierno.mp4,GOBIERNO,test3,56,B2
DBLSC,LSC0,1152,GRATIS,SUSTANTIVO,"De manera gratuita, sin pagar dinero. (RAE)",NO,1 seña,NO,SI,Asimétrica (tipo III),Bl,S,J,Sin especificar,Sin especificar,01152_gratis.mp4,GRATIS,test2,58,A1
DBLSC,LSC0,1153,HACER-FILA,VERBO,Formar una hilera ordenada de personas a la espera de ser atendidas. (Generada Gemini),NO,1 seña,NO,SI,Simétrica (tipo I),Je,Je,Sin especificar,Sin especificar,Sin especificar,01153_hacerfila.mp4,HACER FILA,test1,51,A1
DBLSC,LSC0,1154,HIMNO-NACIONAL,SUSTANTIVO,Composición musical y poética patriótica adoptada oficialmente por un país. (Generada Gemini),SI,2 señas,NO,SI,Compuestas (tipo C),P,J,P,Sin especificar,Sin especificar,01154_himnonacio.mp4,HIMNO NACIONAL,test3,82,A1
DBLSC,LSC0,1155,HOJA-DEVIDA(1),SUSTANTIVO,"Documento en el que se resumen los datos personales, formación y experiencia laboral. (Generada Gemini)",SI,2 señas,NO,SI,Compuestas (tipo C),Okf,Vc,Sin especificar,Sin especificar,Sin especificar,01155_hojadevida.mp4,HOJA DEVIDA 1,test1,51,A1
DBLSC,LSC0,1156,HOJA-DEVIDA(2),SUSTANTIVO,Variante de seña para curriculum vitae o resumen de trayectoria profesional. (Generada Gemini),NO,1 seña,NO,SI,Asimétrica (tipo III),Bl,K,Sin especificar,Sin especificar,Sin especificar,01156_hojadevida.mp4,HOJA DEVIDA 2,test3,67,A2
DBLSC,LSC0,1157,IMPUESTO,SUSTANTIVO,Carga u obligación tributaria impuesta por el Estado a los ciudadanos. (RAE),SI,2 señas,NO,SI,Compuestas (tipo C),Bl,P,Xe,Sin especificar,Sin especificar,01157_impuesto.mp4,IMPUESTO,test3,32,A1
DBLSC,LSC0,1158,INDÍGENA,ADJETIVO,Originario del país o región de que se trata. (RAE),NO,1 seña,NO,SI,Unimanual en contacto (tipo X),Bl,Sin especificar,Sin especificar,Sin especificar,Sin especificar,01158_indigena.mp4,INDIGENA,test3,7,A2
DBLSC,LSC0,1159,JUNTA,SUSTANTIVO,Reunión de varias personas para conferenciar o decidir sobre un asunto. (RAE),NO,1 seña,NO,SI,Asimétrica (tipo III),Bl,I,Sin especificar,Sin especificar,Sin especificar,01159_junta.mp4,JUNTA,test1,48,A2
DBLSC,LSC0,1160,JUSTICIA,SUSTANTIVO,Principio moral que lleva a dar a cada uno lo que le corresponde. (RAE),NO,1 seña,NO,SI,Semi-simétrica (tipo II),Okf,Okf,Sin especificar,Sin especificar,Sin especificar,01160_justicia.mp4,JUSTICIA,test3,84,A1
DBLSC,LSC0,1161,LEY,SUSTANTIVO,Precepto dictado por la autoridad competente en que se manda o prohíbe algo. (RAE),NO,1 seña,NO,SI,Asimétrica (tipo III),Bl,L,Sin especificar,Sin especificar,Sin especificar,01161_ley.mp4,LEY,test3,65,A2
DBLSC,LSC0,1162,LIBRE,ADJETIVO,"Que tiene facultad para obrar de una manera u otra, sin estar sujeto a prisión o sometimiento. (RAE)",NO,1 seña,NO,SI,Simétrica (tipo I),L,L,Sin especificar,Sin especificar,Sin especificar,01162_libre.mp4,LIBRE,test3,83,A1
DBLSC,LSC0,1163,MANIFESTACIÓN,SUSTANTIVO,Reunión pública de personas que marcha por la vía pública para expresar una reivindicación. (RAE),NO,1 seña,SI,SI,Simétrica (tipo I),Je,Je,Sin especificar,Sin especificar,Sin especificar,01163_manifestac.mp4,MANIFESTACION,test4,79,A1
DBLSC,LSC0,1164,PROTESTA,SUSTANTIVO,"Muestra de discrepancia, descontento o oposición a una medida o situación. (RAE)",SI,2 señas,NO,SI,Simétrica (tipo I),Je,Je,S,S,Sin especificar,01164_protesta.mp4,PROTESTA,test4,79,A1
DBLSC,LSC0,1165,HUELGA,SUSTANTIVO,Interrupción colectiva del trabajo dispuesta por los trabajadores para reivindicar derechos. (RAE),NO,1 seña,NO,SI,Simétrica (tipo I),S,S,Sin especificar,Sin especificar,Sin especificar,01165_huelga.mp4,HUELGA,test3,83,A1
DBLSC,LSC0,1166,MINISTERIO/MINISTRO,SUSTANTIVO,Departamento o titular de la administración de un Estado. (RAE),NO,1 seña,NO,SI,Unimanual en contacto (tipo X),Bl,Sin especificar,Sin especificar,Sin especificar,Sin especificar,01166_ministerio.mp4,MINISTERIO/MINISTRO,test3,83,A1
DBLSC,LSC0,1167,MULTA,SUSTANTIVO,Sanción económica impuesta por la infracción de una norma o ley. (RAE),NO,1 seña,NO,NO,Compuestas (tipo C),Bl,Xe,Sin especificar,Sin especificar,Sin especificar,01167_multa.mp4,MULTA,test1,37,A1
DBLSC,LSC0,1168,PAGAR(1),VERBO,Dar a alguien el dinero que se le debe por una mercancía o servicio. (RAE),NO,1 seña,NO,SI,Asimétrica (tipo III),Bl,P,Sin especificar,Sin especificar,Sin especificar,01168_pagar1.mp4,PAGAR 1,test3,7,A1
DBLSC,LSC0,1169,PAGAR(2),VERBO,Variante de seña para la cancelación económica de una obligación o deuda. (Generada Gemini),NO,1 seña,NO,SI,Asimétrica (tipo III),Bl,Qe,Sin especificar,Sin especificar,Sin especificar,01169_pagar2.mp4,PAGAR 2,test1,22,A2
DBLSC,LSC0,1170,PAÍS,SUSTANTIVO,Territorio constituido en estado soberano. (RAE),NO,1 seña,NO,SI,Unimanual (tipo 0),Gl,Sin especificar,Sin especificar,Sin especificar,Sin especificar,01170_pais.mp4,PAIS,test2,90,A1
DBLSC,LSC0,1171,PASAPORTE,SUSTANTIVO,Documento oficial que acredita la identidad y nacionalidad de una persona para viajar al extranjero. (RAE),SI,2 señas,NO,SI,Compuestas (tipo C),Bl,S,Sin especificar,Sin especificar,Sin especificar,01171_pasaporte.mp4,PASAPORTE,test2,19,A2
DBLSC,LSC0,1172,PESO-MONEDA,SUSTANTIVO,Unidad monetaria oficial de Colombia y otros países. (Generada Gemini),NO,1 seña,NO,SI,Unimanual (tipo 0),S,Sin especificar,Sin especificar,Sin especificar,Sin especificar,01172_pesomoneda.mp4,PESO MONEDA,test4,82,A2
DBLSC,LSC0,1173,PAZ,SUSTANTIVO,Situación en la que no hay guerra ni enfrentamientos entre colectividades. (RAE),NO,1 seña,NO,SI,Simétrica (tipo I),Bl,Sin especificar,Sin especificar,Sin especificar,Sin especificar,01173_paz.mp4,PAZ,test2,9,A1
DBLSC,LSC0,1174,PESO-MEDIDA,SUSTANTIVO,Magnitud de la fuerza de gravedad que actúa sobre una masa. (Generada Gemini),NO,1 seña,NO,SI,Semi-simétrica (tipo II),Bl,Sin especificar,Sin especificar,Sin especificar,Sin especificar,01174_pesomedida.mp4,PESO MEDIDA,test2,12,A1
DBLSC,LSC0,1175,PLATA-DINERO,SUSTANTIVO,Conjunto de monedas y billetes que sirven de medio de pago. (Generada Gemini),NO,1 seña,NO,SI,Unimanual (tipo 0),Pc,Sin especificar,Sin especificar,Sin especificar,Sin especificar,01175_platadiner.mp4,PLATA DINERO,test2,48,A1
DBLSC,LSC0,1176,PLATA-METAL,SUSTANTIVO,"Elemento químico metálico, blanco, brillante y maleable. (Generada Gemini)",NO,1 seña,SI,SI,Unimanual (tipo 0),A,Sin especificar,Sin especificar,Sin especificar,Sin especificar,01176_platametal.mp4,PLATA METAL,test3,46,A2
DBLSC,LSC0,1177,POLÍTICO,SUSTANTIVO,Persona que interviene en la política o de los asuntos del gobierno. (RAE),NO,1 seña,NO,SI,Unimanual (tipo 0),P,Sin especificar,Sin especificar,Sin especificar,Sin especificar,01177_politico.mp4,POLITICO,test4,79,A1
DBLSC,LSC0,1178,PUEBLO,SUSTANTIVO,Conjunto de personas que forman una comunidad o habitan una población. (RAE),NO,1 seña,SI,SI,Semi-simétrica (tipo II),Ok,Sin especificar,Sin especificar,Sin especificar,Sin especificar,01178_pueblo.mp4,PUEBLO,test1,48,A2
DBLSC,LSC0,1179,QUIEBRA,SUSTANTIVO,Pérdida comercial o financiera que impide el pago de las deudas (bancarrota). (RAE),NO,1 seña,NO,SI,Asimétrica (tipo III),Bl,P,Sin especificar,Sin especificar,Sin especificar,01179_quiebra.mp4,QUIEBRA,test3,70,A2
DBLSC,LSC0,1180,RENUNCIAR,VERBO,"Dimitir o dejar voluntariamente un empleo, cargo u obligación. (RAE)",NO,1 seña,NO,SI,Simétrica (tipo I),O,J,Sin especificar,Sin especificar,Sin especificar,01180_renunciar.mp4,RENUNCIAR,test1,18,A2
DBLSC,LSC0,1181,REUNIÓN,SUSTANTIVO,Agrupación o congregación de personas para tratar un asunto determinado. (RAE),NO,1 seña,NO,SI,Simétrica (tipo I),R,Sin especificar,Sin especificar,Sin especificar,Sin especificar,01181_reunion.mp4,REUNION,test1,48,A2
DBLSC,LSC0,1182,REBELDE,ADJETIVO,Que se rebela o subleva contra la autoridad. (RAE),NO,1 seña,NO,SI,Simétrica (tipo I),S,Sin especificar,Sin especificar,Sin especificar,Sin especificar,01182_rebelde.mp4,REBELDE,test4,79,A1
DBLSC,LSC0,1183,SOCIO,SUSTANTIVO,"Persona asociada con otra u otras para un fin común, especialmente mercantil. (RAE)",NO,1 seña,NO,SI,Asimétrica (tipo III),Bl,Af,Sin especificar,Sin especificar,Sin especificar,01183_socio.mp4,SOCIO,test3,57,A2
DBLSC,LSC0,1184,SUELDO,SUSTANTIVO,Remuneración asignada a un trabajador de manera periódica. (RAE),NO,1 seña,NO,SI,Unimanual (tipo 0),C,Sin especificar,Sin especificar,Sin especificar,Sin especificar,01184_sueldo.mp4,SUELDO,test3,83,A1
DBLSC,LSC0,1185,TRABAJAR,VERBO,Realizar una actividad física o intelectual con el fin de producir o transformar algo. (RAE),Sin especificar,Sin especificar,NO,SI,Semi-simétrica (tipo II),S,Sin especificar,Sin especificar,Sin especificar,Sin especificar,01185_trabajar.mp4,TRABAJAR,test4,30,A2
DBLSC,LSC1,1186,VOCAL,SUSTANTIVO,"Miembro con voz y voto en un consejo, junta o tribunal. / Sonido del habla. (RAE)",NO,1 seña,SI,SI,Asimétrica (tipo III),Bl,V,Sin especificar,Sin especificar,Sin especificar,01186_vocal.mp4,VOCAL,test4,79,B2
DBLSC,LSC0,1187,VOTAR,VERBO,Emitir el voto en un proceso de elección o consulta. (RAE),NO,1 seña,NO,SI,Asimétrica (tipo III),S,Okp,Sin especificar,Sin especificar,Sin especificar,01187_votar.mp4,VOTAR,test4,20,A1
DBLSC,LSC0,1188,BILINGUE,ADJETIVO,Que habla dos lenguas o está expresado en dos idiomas. (RAE),Sin especificar,Sin especificar,NO,SI,Compuestas (tipo C),I,J,V,S,H,01188_bilingue.mp4,BILINGUE,test2,19,A2
DBLSC,LSC0,1189,BICULTURAL,ADJETIVO,Que abarca o participa de dos culturas distintas. (RAE),SI,2 señas,SI,SI,Compuestas (tipo C),P,C,S,V,Sin especificar,01189_bicultural.mp4,BICULTURAL,test2,12,A2
DBLSC,LSC0,1190,AMBOS,FUNCION,El uno y el otro; los dos colectivamente. (RAE),NO,1 seña,SI,SI,Compuestas (tipo C),C,S,V,Sin especificar,Sin especificar,01190_ambos.mp4,AMBOS,test1,48,A2
DBLSC,LSC0,1191,BIOLOGÍA,SUSTANTIVO,Ciencia que estudia los seres vivos y sus procesos vitales. (RAE),NO,1 seña,NO,SI,Asimétrica (tipo III),Bl,O,Sin especificar,Sin especificar,Sin especificar,01191_biologia.mp4,BIOLOGIA,test3,46,A2
DBLSC,LSC0,1192,CALIFICACIÓN,SUSTANTIVO,Nota u ordenación que evalúa el rendimiento académico o una prueba. (RAE),NO,1 seña,NO,SI,Semi-simétrica (tipo II),Bl,J,Sin especificar,Sin especificar,Sin especificar,01192_calificaci.mp4,CALIFICACION,test3,50,A2
DBLSC,LSC0,1193,CALIFICAR,VERBO,Juzgar o evaluar el mérito o valor de una persona o trabajo. (RAE),NO,1 seña,NO,SI,Asimétrica (tipo III),B,Pc,Sin especificar,Sin especificar,Sin especificar,01193_calificar.mp4,CALIFICAR,test2,39,A2
DBLSC,LSC0,1194,CIENCIAS,SUSTANTIVO,Conjunto de conocimientos estructurados sistemáticamente mediante la observación y el razonamiento. (RAE),NO,1 seña,NO,SI,Simétrica (tipo I),Gl,Sin especificar,Sin especificar,Sin especificar,Sin especificar,01194_ciencias.mp4,CIENCIAS,test3,50,A2
DBLSC,LSC0,1195,CLASE,SUSTANTIVO,Lección o reunión académica impartida por un docente a los estudiantes. (RAE),NO,1 seña,SI,SI,Simétrica (tipo I),C,Sin especificar,Sin especificar,Sin especificar,Sin especificar,01195_clase.mp4,CLASE,test4,16,A2
DBLSC,LSC0,1196,COLEGIO,SUSTANTIVO,Establecimiento de enseñanza de educación primaria o secundaria. (RAE),NO,1 seña,NO,SI,Simétrica (tipo I),Be,Sin especificar,Sin especificar,Sin especificar,Sin especificar,01196_colegio.mp4,COLEGIO,test3,47,A2
DBLSC,LSC0,1197,COMPAÑERO,SUSTANTIVO,"Persona que comparte con otra un mismo estudio, trabajo u ocupación. (RAE)",NO,1 seña,SI,SI,Simétrica (tipo I),Q,Sin especificar,Sin especificar,Sin especificar,Sin especificar,01197_compañero.mp4,COMPANERO,test4,80,A1
DBLSC,LSC0,1198,CORTAR,VERBO,Dividir o separar algo con un instrumento afilado. (RAE),NO,1 seña,NO,SI,Unimanual (tipo 0),V,H,Sin especificar,Sin especificar,Sin especificar,01198_cortar.mp4,CORTAR,test1,31,A2
DBLSC,LSC0,1199,CURSO,SUSTANTIVO,Conjunto de materias impartidas en un período lectivo escolar. (RAE),NO,1 seña,SI,SI,Simétrica (tipo I),Be,Sin especificar,Sin especificar,Sin especificar,Sin especificar,01199_curso.mp4,CURSO,test4,16,A2
DBLSC,LSC0,1200,DIBUJAR,VERBO,Trazar imágenes o formas mediante líneas en una superficie. (RAE),NO,1 seña,NO,SI,Unimanual (tipo 0),I,Sin especificar,Sin especificar,Sin especificar,Sin especificar,01200_dibujar.mp4,DIBUJAR,test2,5,A2
DBLSC,LSC0,1201,DIPLOMA,SUSTANTIVO,Documento oficial expedido por una institución que acredita un título o distinción. (RAE),NO,1 seña,NO,SI,Simétrica (tipo I),L,Sin especificar,Sin especificar,Sin especificar,Sin especificar,01201_diploma.mp4,DIPLOMA,test3,67,A2
DBLSC,LSC0,1202,EDUCACIÓN-FÍSICA,SUSTANTIVO,Asignatura escolar centrada en el desarrollo del cuerpo y las capacidades motoras mediante el ejercicio. (Generada Gemini),NO,1 seña,NO,SI,Simétrica (tipo I),Ql,Sin especificar,Sin especificar,Sin especificar,Sin especificar,01202_educacionf.mp4,EDUCACION FISICA,test4,38,A2
DBLSC,LSC0,1203,ESCRIBIR,VERBO,Representar las palabras o ideas mediante letras u otros signos en una superficie. (RAE),NO,1 seña,NO,SI,Asimétrica (tipo III),Bl,Pc,Sin especificar,Sin especificar,Sin especificar,01203_escribir.mp4,ESCRIBIR,test3,50,A2
DBLSC,LSC0,1204,ESPAÑOL,SUSTANTIVO,Lengua romance hablada en España y la mayor parte de Hispanoamérica. (RAE),NO,1 seña,SI,SI,Simétrica (tipo I),Xe,Sin especificar,Sin especificar,Sin especificar,Sin especificar,01204_español.mp4,ESPANOL,test3,61,A2
DBLSC,LSC0,1205,ESTUDIANTE,SUSTANTIVO,Persona que cursa estudios en un centro de enseñanza. (RAE),NO,1 seña,NO,SI,Compuestas (tipo C),Be,K,Sin especificar,Sin especificar,Sin especificar,01205_estudiante.mp4,ESTUDIANTE,test3,67,A2
DBLSC,LSC0,1206,ESTUDIAR,VERBO,Ejercitar el entendimiento para comprender o aprender una materia. (RAE),NO,1 seña,NO,SI,Simétrica (tipo I),Bl,Sin especificar,Sin especificar,Sin especificar,Sin especificar,01206_estudiar.mp4,ESTUDIAR,test3,50,A2
DBLSC,LSC0,1207,EXAMEN,SUSTANTIVO,Prueba que se realiza para comprobar los conocimientos o aptitudes de un estudiante. (RAE),NO,1 seña,SI,SI,Unimanual (tipo 0),Gl,Sin especificar,Sin especificar,Sin especificar,Sin especificar,01207_examen.mp4,EXAMEN,test3,50,A2
DBLSC,LSC0,1208,NO-VINO,VERBO,Indicación o registro de ausencia de una persona a un compromiso o clase. (Generada Gemini),NO,1 seña,NO,SI,Unimanual (tipo 0),P,Sin especificar,Sin especificar,Sin especificar,Sin especificar,01208_novino.mp4,NO VINO,test4,3,A2
DBLSC,LSC0,1209,FÍSICA,SUSTANTIVO,Ciencia que estudia las propiedades de la materia y la energía y sus interacciones. (RAE),NO,1 seña,SI,SI,Semi-simétrica (tipo II),Q,Sin especificar,Sin especificar,Sin especificar,Sin especificar,01209_fisica.mp4,FISICA,test3,46,A2
DBLSC,LSC0,1210,GANAR-EL-AÑO,VERBO,Acreditar y superar satisfactoriamente un grado o año escolar. (Generada Gemini),NO,1 seña,NO,SI,Semi-simétrica (tipo II),A,Sin especificar,Sin especificar,Sin especificar,Sin especificar,01210_ganarelañ.mp4,GANAR EL ANO,test2,16,A1
DBLSC,LSC1,1211,GEOGRAFÍA,SUSTANTIVO,Ciencia que trata de la descripción de la Tierra. (RAE),NO,1 seña,NO,SI,Semi-simétrica (tipo II),Jc,Sin especificar,Sin especificar,Sin especificar,Sin especificar,01211_geografia.mp4,GEOGRAFIA,test2,34,B1
DBLSC,LSC0,1212,GRADO,SUSTANTIVO,"Estado, valor o nivel en una escala. / Nivel o curso escolar. (RAE)",SI,2 señas,NO,SI,Compuestas (tipo C),Tb,Qe,L,Sin especificar,Sin especificar,01212_grado.mp4,GRADO,test3,47,A2
DBLSC,LSC0,1213,HISTORIA(1),SUSTANTIVO,Disciplina que estudia y narra los acontecimientos pasados de la humanidad. (RAE),NO,1 seña,NO,SI,Unimanual (tipo 0),Gl,S,Sin especificar,Sin especificar,Sin especificar,01213_historia1.mp4,HISTORIA 1,test3,82,A1
DBLSC,LSC0,1214,HISTORIA(2),SUSTANTIVO,"Variante de seña para relato, acontecimiento o asignatura de historia. (Generada Gemini)",NO,1 seña,NO,SI,Unimanual (tipo 0),H,Sin especificar,Sin especificar,Sin especificar,Sin especificar,01214_historia2.mp4,HISTORIA 2,test3,13,A2
DBLSC,LSC0,1215,INGLÉS,SUSTANTIVO,"Lengua germánica originaria de Inglaterra, hablada ampliamente a nivel mundial. (RAE)",SI,2 señas,SI,SI,Compuestas (tipo C),Xc,B,Cl,Sin especificar,Sin especificar,01215_ingles.mp4,INGLES,test2,56,A1
DBLSC,LSC0,1216,INVENTAR,VERBO,Hallar o descubrir algo nuevo o no conocido. (RAE),SI,2 señas,NO,SI,Compuestas (tipo C),P,Z,Sin especificar,Sin especificar,Sin especificar,01216_inventar.mp4,INVENTAR,test2,9,A1
DBLSC,LSC0,1217,PREESCOLAR,SUSTANTIVO,Etapa educativa previa a la enseñanza primaria. (RAE),NO,1 seña,SI,SI,Asimétrica (tipo III),Af,K,Sin especificar,Sin especificar,Sin especificar,01217_preescolar.mp4,PREESCOLAR,test2,16,A1
DBLSC,LSC0,1218,LEER,VERBO,Pasar la vista por lo escrito o impreso comprendiendo la significación de los caracteres. (RAE),NO,1 seña,NO,SI,Asimétrica (tipo III),B,V,Sin especificar,Sin especificar,Sin especificar,01218_leer.mp4,LEER,test3,50,A2
DBLSC,LSC0,1219,FORMA,SUSTANTIVO,Configuración externa de algo. / Modo o manera de hacer algo. (RAE),NO,1 seña,NO,SI,Simétrica (tipo I),Q,Sin especificar,Sin especificar,Sin especificar,Sin especificar,01219_forma.mp4,FORMA,test3,70,A2
DBLSC,LSC0,1220,MATEMÁTICAS,SUSTANTIVO,Ciencia deductiva que estudia las propiedades de los entes abstractos y sus relaciones. (RAE),NO,1 seña,NO,SI,Simétrica (tipo I),Je,Sin especificar,Sin especificar,Sin especificar,Sin especificar,01220_matematica.mp4,MATEMATICAS,test3,46,A2
DBLSC,LSC0,1221,MEDIR,VERBO,Determinar una cantidad comparándola con su unidad de medida. (RAE),NO,1 seña,NO,SI,Semi-simétrica (tipo II),Pc,Sin especificar,Sin especificar,Sin especificar,Sin especificar,01221_medir.mp4,MEDIR,test3,50,A2
DBLSC,LSC0,1222,PERDER-EL-AÑO,VERBO,"No superar los objetivos académicos de un curso escolar, teniendo que repetirlo. (Generada Gemini)",NO,1 seña,NO,SI,Semi-simétrica (tipo II),A,Sin especificar,Sin especificar,Sin especificar,Sin especificar,01222_perderelan.mp4,PERDER EL ANO,test3,47,A2
DBLSC,LSC0,1223,PROFESOR,SUSTANTIVO,"Persona que ejerce o enseña una ciencia, arte u oficio. (RAE)",NO,1 seña,NO,SI,Unimanual en contacto (tipo X),Af,Sin especificar,Sin especificar,Sin especificar,Sin especificar,01223_profesor.mp4,PROFESOR,test3,67,A2
DBLSC,LSC0,1224,PUPITRE,SUSTANTIVO,Mueble con mesa y asiento adaptado para que los alumnos se sienten en clase. (RAE),SI,2 señas,NO,SI,Compuestas (tipo C),Af,Bl,Pc,Sin especificar,Sin especificar,01224_pupitre.mp4,PUPITRE,test4,16,A2
DBLSC,LSC0,1225,QUÍMICA,SUSTANTIVO,"Ciencia que estudia la composición, estructura y propiedades de la materia y sus cambios. (RAE)",NO,1 seña,NO,SI,Simétrica (tipo I),A,Sin especificar,Sin especificar,Sin especificar,Sin especificar,01225_quimica.mp4,QUIMICA,test3,46,A2
DBLSC,LSC0,1226,SALÓN,SUSTANTIVO,Habitación amplia o estancia destinada a recibir o a actividades grupales. (RAE),NO,1 seña,NO,SI,Simétrica (tipo I),S,Sin especificar,Sin especificar,Sin especificar,Sin especificar,01226_salon.mp4,SALON,test2,75,A2
DBLSC,LSC0,1227,AULA-DE-CLASE,SUSTANTIVO,Espacio físico dentro de una institución educativa donde se imparten lecciones. (Generada Gemini),SI,2 señas,NO,SI,Compuestas (tipo C),P,Cl,Sin especificar,Sin especificar,Sin especificar,01227_auladeclas.mp4,AULA DE CLASE,test2,16,A1
DBLSC,LSC0,1228,SUMAR,VERBO,Efectuar la operación de sumar o añadir cantidades. (RAE),NO,1 seña,NO,SI,Simétrica (tipo I),Tf,Sin especificar,Sin especificar,Sin especificar,Sin especificar,01228_sumar.mp4,SUMAR,test3,83,A1
DBLSC,LSC0,1229,MUSICA,SUSTANTIVO,"Arte de combinar los sonidos según las leyes de la melodía, la armonía y el ritmo. (RAE)",NO,1 seña,NO,SI,Simétrica (tipo I),B,Bl,Sin especificar,Sin especificar,Sin especificar,01229_musica.mp4,MUSICA,test3,24,A2
DBLSC,LSC0,1230,TABLERO,SUSTANTIVO,Superficie plana vertical en el aula para escribir o dibujar con tiza o marcador. (RAE),SI,2 señas,NO,SI,Compuestas (tipo C),P,Pc,Sin especificar,Sin especificar,Sin especificar,01230_tablero.mp4,TABLERO,test2,59,A2
DBLSC,LSC0,1231,TAREA(1),SUSTANTIVO,Trabajo u ocupación académica que debe realizar un estudiante. (RAE),NO,1 seña,SI,SI,Semi-simétrica (tipo II),A,Af,Sin especificar,Sin especificar,Sin especificar,01231_tarea1.mp4,TAREA 1,test3,83,A1
DBLSC,LSC0,1232,TAREA(3),SUSTANTIVO,Variante de seña para asignación o labor escolar. (Generada Gemini),NO,1 seña,SI,SI,Unimanual (tipo 0),T,Sin especificar,Sin especificar,Sin especificar,Sin especificar,01232_tarea3.mp4,TAREA 3,test1,15,A1
DBLSC,LSC0,1233,TAREA(2),SUSTANTIVO,Variante morfológica de seña para tarea o deber escolar. (Generada Gemini),NO,1 seña,SI,SI,Semi-simétrica (tipo II),A,Sin especificar,Sin especificar,Sin especificar,Sin especificar,01233_tarea2.mp4,TAREA 2,test4,11,A2
DBLSC,LSC0,1234,TEMA,SUSTANTIVO,"Proposición o asunto sobre el que se habla, escribe o enseña. (RAE)",NO,1 seña,NO,SI,Simétrica (tipo I),XX,Sin especificar,Sin especificar,Sin especificar,Sin especificar,01234_tema.mp4,TEMA,test3,50,A2
DBLSC,LSC0,1235,UNIVERSIDAD,SUSTANTIVO,Institución de enseñanza superior que comprende diversas facultades y otorga grados académicos. (RAE),NO,1 seña,NO,SI,Unimanual en contacto (tipo X),U,Sin especificar,Sin especificar,Sin especificar,Sin especificar,01235_universida.mp4,UNIVERSIDAD,test3,67,A2
DBLSC,LSC0,1236,BORRADOR,SUSTANTIVO,Utensilio empleado para borrar lo escrito en un tablero o papel. (RAE),NO,1 seña,NO,SI,Asimétrica (tipo III),B,A,Sin especificar,Sin especificar,Sin especificar,01236_borrador.mp4,BORRADOR,test2,59,A2
DBLSC,LSC0,1237,BORRAR(1),VERBO,"Hacer desaparecer lo escrito, dibujado o grabado. (RAE)",NO,1 seña,NO,SI,Asimétrica (tipo III),Bl,A,Sin especificar,Sin especificar,Sin especificar,01237_borrador1.mp4,BORRAR 1,test2,56,A1
DBLSC,LSC0,1238,BORRAR(2),VERBO,Variante de seña para la acción de suprimir o eliminar texto o trazos. (Generada Gemini),NO,1 seña,NO,SI,Asimétrica (tipo III),Bl,P,Xe,Sin especificar,Sin especificar,01238_borrador2.mp4,BORRAR 2,test3,45,A2
DBLSC,LSC0,1239,CARTUCHERA,SUSTANTIVO,Estuche de tela o plástico utilizado por estudiantes para guardar útiles escolares. (RAE),NO,1 seña,NO,SI,Asimétrica (tipo III),Qa,Tb,Sin especificar,Sin especificar,Sin especificar,01239_cartuchera.mp4,CARTUCHERA,test2,59,A2
DBLSC,LSC0,1240,COSEDORA,SUSTANTIVO,Aparato mecánico para unir hojas de papel mediante grapas metálicas. (RAE),NO,1 seña,NO,SI,Semi-simétrica (tipo II),Bl,Sin especificar,Sin especificar,Sin especificar,Sin especificar,01240_cosedora.mp4,COSEDORA,test2,59,A2
DBLSC,LSC0,1241,CUADERNO,SUSTANTIVO,Conjunto de hojas de papel encuadernadas para tomar notas o escribir. (RAE),NO,1 seña,NO,SI,Simétrica (tipo I),Bl,Sin especificar,Sin especificar,Sin especificar,Sin especificar,01241_cuaderno.mp4,CUADERNO,test2,59,A2
DBLSC,LSC0,1242,DICCIONARIO,SUSTANTIVO,Libro en que se recogen y explican las palabras de una lengua o materia. (RAE),NO,1 seña,SI,SI,Asimétrica (tipo III),Bl,D,Sin especificar,Sin especificar,Sin especificar,01242_diccionari.mp4,DICCIONARIO,test3,50,A2
DBLSC,LSC0,1243,HOJA,SUSTANTIVO,Lámina delgada de papel u otro material flexible. (RAE),NO,1 seña,NO,SI,Simétrica (tipo I),Ok,Sin especificar,Sin especificar,Sin especificar,Sin especificar,01243_hoja.mp4,HOJA,test2,59,A2
DBLSC,LSC0,1244,HORARIO-DE-CLASES,SUSTANTIVO,Distribución organizada de las asignaturas e intensidades horarias escolares por días. (Generada Gemini),NO,1 seña,NO,SI,Semi-simétrica (tipo II),J,Je,Sin especificar,Sin especificar,Sin especificar,01244_horariodec.mp4,HORARIO DE CLASES,test2,16,A1
DBLSC,LSC0,1245,LÁPIZ,SUSTANTIVO,Utensilio de madera con una mina de grafito en su interior usado para escribir o dibujar. (RAE),NO,1 seña,SI,SI,Unimanual en contacto (tipo X),L,Sin especificar,Sin especificar,Sin especificar,Sin especificar,01245_làpiz.mp4,LAPIZ,test2,59,A2
DBLSC,LSC0,1246,LIBRO(1),SUSTANTIVO,Conjunto de muchas hojas de papel manuscritas o impresas unidas por uno de sus lados y con cubiertas. (RAE),NO,1 seña,NO,SI,Asimétrica (tipo III),Bl,L,Sin especificar,Sin especificar,Sin especificar,01246_libro1.mp4,LIBRO 1,test4,52,A1
DBLSC,LSC0,1247,LIBRO(2),SUSTANTIVO,"Variante de seña para texto, tomo o volumen impreso. (Generada Gemini)",NO,1 seña,NO,SI,Semi-simétrica (tipo II),Bl,Sin especificar,Sin especificar,Sin especificar,Sin especificar,01247_libro2.mp4,LIBRO 2,test1,69,A2
DBLSC,LSC0,1248,LONCHERA,SUSTANTIVO,Estuche o pequeña maleta usada para llevar la merienda o refrigerio escolar. (RAE),NO,1 seña,NO,SI,Unimanual (tipo 0),Ye,Sin especificar,Sin especificar,Sin especificar,Sin especificar,01248_lonchera.mp4,LONCHERA,test3,42,A2
DBLSC,LSC0,1249,MARCADOR,SUSTANTIVO,Rotulador de tinta usado para escribir en tableros o carteleras. (RAE),NO,1 seña,NO,SI,Asimétrica (tipo III),Qa,P,Sin especificar,Sin especificar,Sin especificar,01249_marcador.mp4,MARCADOR,test4,52,A1
DBLSC,LSC0,1250,MORRAL(1),SUSTANTIVO,Bolsa o mochila con correas para llevar a la espalda los útiles escolares. (RAE),NO,1 seña,NO,SI,Simétrica (tipo I),A,Sin especificar,Sin especificar,Sin especificar,Sin especificar,01250_morral1.mp4,MORRAL 1,test4,43,A1
DBLSC,LSC0,1251,MORRAL(2),SUSTANTIVO,Variante morfológica de seña para mochila escolar. (Generada Gemini),NO,1 seña,NO,SI,Simétrica (tipo I),Y,Sin especificar,Sin especificar,Sin especificar,Sin especificar,01251_morral2.mp4,MORRAL 2,test4,11,A2
DBLSC,LSC0,1252,MORRAL(3),SUSTANTIVO,Variante de seña para bolso o morral de carga personal. (Generada Gemini),SI,2 señas,NO,SI,Simétrica (tipo I),A,Bl,Sin especificar,Sin especificar,Sin especificar,01252_morral3.mp4,MORRAL 3,test1,15,A1
DBLSC,LSC0,1253,REGLA(1),SUSTANTIVO,Instrumento rígido y plano con escala graduada para trazar líneas rectas y medir. (RAE),NO,1 seña,NO,SI,Asimétrica (tipo III),Af,Bl,Sin especificar,Sin especificar,Sin especificar,01253_regla1.mp4,REGLA 1,test2,56,A1
DBLSC,LSC0,1254,REGLA(2),SUSTANTIVO,Variante de seña para instrumento de medición rectilíneo. (Generada Gemini),SI,2 señas,NO,SI,Compuestas (tipo C),Xc,Af,Bl,Sin especificar,Sin especificar,01254_regla2.mp4,REGLA 2,test1,69,A2
DBLSC,LSC0,1255,TAJALÁPIZ,SUSTANTIVO,Utensilio manual con una cuchilla para sacar punta a los lápices (sacapuntas). (RAE),NO,1 seña,NO,SI,Asimétrica (tipo III),S,P,Sin especificar,Sin especificar,Sin especificar,01255_tajalàpiz.mp4,TAJALAPIZ,test2,59,A2
DBLSC,LSC0,1256,ALMA(1),SUSTANTIVO,Entidad inmaterial que los creyentes consideran que posee el ser humano. (RAE),NO,1 seña,NO,SI,Asimétrica (tipo III),Bl,Tb,Sin especificar,Sin especificar,Sin especificar,01256_alma1.mp4,ALMA 1,test4,40,A1
DBLSC,LSC0,1257,ALMA(2),SUSTANTIVO,Variante de seña para el concepto espiritual o sustancial de alma. (Generada Gemini),NO,1 seña,NO,SI,Compuestas (tipo C),J,Q,Sin especificar,Sin especificar,Sin especificar,01257_alma2.mp4,ALMA 2,test4,80,A2
DBLSC,LSC0,1258,BAUTIZAR(1),VERBO,Administrar el sacramento del bautismo o dar nombre a algo. (RAE),NO,1 seña,NO,SI,Unimanual en contacto (tipo X),C,Sin especificar,Sin especificar,Sin especificar,Sin especificar,01258_bautizar1.mp4,BAUTIZAR 1,test1,2,A1
DBLSC,LSC0,1259,BAUTIZAR(2),VERBO,Variante de seña para el ritual del bautismo. (Generada Gemini),SI,2 señas,NO,SI,Semi-simétrica (tipo II),A,Sin especificar,Sin especificar,Sin especificar,Sin especificar,01259_bautizar2.mp4,BAUTIZAR 2,test4,80,A2
DBLSC,LSC1,1260,COMULGAR,VERBO,Recibir el sacramento de la Eucaristía en la Iglesia católica. (RAE),NO,1 seña,NO,SI,Unimanual (tipo 0),Cb,Sin especificar,Sin especificar,Sin especificar,Sin especificar,01260_comulgar.mp4,COMULGAR,test2,50,B2
DBLSC,LSC1,1261,PRIMERA-COMUNION,SUSTANTIVO,Celebración católica en la que una persona recibe por primera vez la Eucaristía. (Generada Gemini),NO,1 seña,NO,SI,Compuestas (tipo C),Cb,Sin especificar,Sin especificar,Sin especificar,Sin especificar,01261_primeracom.mp4,PRIMERA COMUNION,test3,87,B1
DBLSC,LSC1,1262,SACRAMENTOS-CATOLICOS,SUSTANTIVO,Signos sensibles y eficaces de la gracia instituidos por Jesucristo en la Iglesia católica. (Generada Gemini),NO,1 seña,NO,SI,Asimétrica (tipo III),Bl,H,Sin especificar,Sin especificar,Sin especificar,01262_sacramento.mp4,SACRAMENTOS CATOLICOS,test3,87,B1
DBLSC,LSC1,1263,CONFIRMACION-CATOLICA,SUSTANTIVO,Sacramento católico en el que se reafirma y fortalece la fe recibida en el bautismo. (Generada Gemini),SI,2 señas,SI,SI,Unimanual en contacto (tipo X),Bl,Sin especificar,Sin especificar,Sin especificar,Sin especificar,01263_confirmaci.mp4,CONFIRMACION CATOLICA,test3,87,B1
DBLSC,LSC1,1264,PADRINO,SUSTANTIVO,Hombre que presenta o acompaña a una persona en un sacramento como el bautismo o confirmación. (RAE),NO,1 seña,SI,SI,Unimanual en contacto (tipo X),Bl,Sin especificar,Sin especificar,Sin especificar,Sin especificar,01264_padrino.mp4,PADRINO,test1,28,B2
DBLSC,LSC1,1265,PADRINO-MATRIMONIO,SUSTANTIVO,Padrino que atestigua o acompaña a los contrayentes en la boda. (Generada Gemini),SI,2 señas,NO,SI,Compuestas (tipo C),J,Tc,Bl,Sin especificar,Sin especificar,01265_padrinomat.mp4,PADRINO MATRIMONIO,test1,72,B1
DBLSC,LSC0,1266,DIABLO(1),SUSTANTIVO,"En el cristianismo, espíritu del mal o príncipe de los demonios. (RAE)",NO,1 seña,NO,SI,Unimanual en contacto (tipo X),U,Sin especificar,Sin especificar,Sin especificar,Sin especificar,01266_diablo1.mp4,DIABLO 1,test3,81,A1
DBLSC,LSC0,1267,DIABLO(2),SUSTANTIVO,Variante de seña para la representación del demonio o ser malévolo. (Generada Gemini),NO,1 seña,NO,SI,Unimanual en contacto (tipo X),Vc,Sin especificar,Sin especificar,Sin especificar,Sin especificar,01267_diablo2.mp4,DIABLO 2,test4,80,A2
DBLSC,LSC0,1268,DIOS(1),SUSTANTIVO,Ser supremo creador y conservador del universo en las religiones monoteístas. (RAE),NO,1 seña,NO,SI,Unimanual (tipo 0),Be,Sin especificar,Sin especificar,Sin especificar,Sin especificar,01268_dios1.mp4,DIOS 1,test3,81,A1
DBLSC,LSC0,1269,DIOS(2),SUSTANTIVO,Variante de seña para la divinidad suprema. (Generada Gemini),NO,1 seña,NO,SI,Semi-simétrica (tipo II),Be,Sin especificar,Sin especificar,Sin especificar,Sin especificar,01269_dios2.mp4,DIOS 2,test4,80,A2
DBLSC,LSC0,1270,FÉ,SUSTANTIVO,Creencia y confianza en la verdad de una religión o en una persona sin necesidad de demostración. (RAE),NO,1 seña,SI,SI,Semi-simétrica (tipo II),Tb,Sin especificar,Sin especificar,Sin especificar,Sin especificar,01270_fe.mp4,FE,test1,2,A1
DBLSC,LSC0,1271,IGLESIA  1,SUSTANTIVO,Edificio destinado al culto cristiano público. (RAE),SI,2 señas,NO,SI,Compuestas (tipo C),Be,P,Sin especificar,Sin especificar,Sin especificar,01271_iglesia1.mp4,IGLESIA 1,test3,81,A1
DBLSC,LSC0,1272,IGLESIA  2,SUSTANTIVO,Variante de seña para templo o comunidad de fieles cristianos. (Generada Gemini),NO,1 seña,NO,SI,Asimétrica (tipo III),B,I,Sin especificar,Sin especificar,Sin especificar,01272_iglesia2.mp4,IGLESIA 2,test4,80,A2
DBLSC,LSC0,1273,JESÚS,SUSTANTIVO,"Figura central del cristianismo, considerado el Hijo de Dios y el Mesías. (RAE)",NO,1 seña,NO,SI,Semi-simétrica (tipo II),N,Sin especificar,Sin especificar,Sin especificar,Sin especificar,01273_jesus.mp4,JESUS,test1,2,A1
DBLSC,LSC0,1274,MILAGRO 1,SUSTANTIVO,Hecho extraordinario y maravilloso que se atribuye a intervención divina. (RAE),NO,1 seña,NO,SI,Simétrica (tipo I),O,J,Sin especificar,Sin especificar,Sin especificar,01274_milagro1.mp4,MILAGRO 1,test3,81,A1
DBLSC,LSC0,1275,MILAGRO 2,SUSTANTIVO,Variante de seña para fenómeno milagroso o prodigio divino. (Generada Gemini),NO,1 seña,SI,SI,Unimanual (tipo 0),P,Sin especificar,Sin especificar,Sin especificar,Sin especificar,01275_milagro2.mp4,MILAGRO 2,test4,80,A2
DBLSC,LSC0,1276,MISA,SUSTANTIVO,Celebración del sacrificio de la Eucaristía en la liturgia católica. (RAE),NO,1 seña,SI,SI,Simétrica (tipo I),Ta,Sin especificar,Sin especificar,Sin especificar,Sin especificar,01276_misa.mp4,MISA,test2,28,A2
DBLSC,LSC0,1277,MONJA,SUSTANTIVO,Mujer que pertenece a una orden o congregación religiosa en un convento. (RAE),NO,1 seña,NO,SI,Simétrica (tipo I),B,Sin especificar,Sin especificar,Sin especificar,Sin especificar,01277_monja.mp4,MONJA,test2,28,A2
DBLSC,LSC0,1278,NAVIDAD,SUSTANTIVO,Festividad cristiana en que se celebra el nacimiento de Jesucristo. (RAE),NO,1 seña,NO,SI,Simétrica (tipo I),Qa,Sin especificar,Sin especificar,Sin especificar,Sin especificar,01278_navidad.mp4,NAVIDAD,test2,28,A2
DBLSC,LSC0,1279,ORACIÓN,SUSTANTIVO,Plegaria o súplica que se dirige a Dios o a los santos. (RAE),NO,1 seña,NO,SI,Asimétrica (tipo III),Af,Qf,Sin especificar,Sin especificar,Sin especificar,01279_oracion.mp4,ORACION,test1,2,A1
DBLSC,LSC0,1280,PECADO,SUSTANTIVO,Transgresión voluntaria de un precepto o ley religiosa. (RAE),NO,1 seña,SI,SI,Simétrica (tipo I),X,Sin especificar,Sin especificar,Sin especificar,Sin especificar,01280_pecado.mp4,PECADO,test3,84,A1
DBLSC,LSC0,1281,RELIGIÓN  1,SUSTANTIVO,Conjunto de creencias o dogmas acerca de la divinidad y de prácticas de culto. (RAE),NO,1 seña,SI,SI,Unimanual en contacto (tipo X),Q,Sin especificar,Sin especificar,Sin especificar,Sin especificar,01281_religion1.mp4,RELIGION 1,test3,81,A1
DBLSC,LSC0,1282,RELIGIÓN  2,SUSTANTIVO,"Variante de seña para confesión, fe o culto religioso. (Generada Gemini)",NO,1 seña,SI,SI,Unimanual en contacto (tipo X),R,Sin especificar,Sin especificar,Sin especificar,Sin especificar,01282_religion2.mp4,RELIGION 2,test3,81,A1
DBLSC,LSC0,1283,RELIGIÓN  3,SUSTANTIVO,Variante morfológica de seña para práctica religiosa. (Generada Gemini),NO,1 seña,NO,SI,Asimétrica (tipo III),Q,B,Sin especificar,Sin especificar,Sin especificar,01283_religion3.mp4,RELIGION 3,test3,81,A1
DBLSC,LSC0,1284,REZAR,VERBO,Dirigir oraciones o plegarias a Dios o a una divinidad. (RAE),NO,1 seña,NO,SI,Simétrica (tipo I),B,Sin especificar,Sin especificar,Sin especificar,Sin especificar,01284_rezar.mp4,REZAR,test1,2,A1
DBLSC,LSC0,1285,SACERDOTE,SUSTANTIVO,Hombre consagrado para el ejercicio del culto en una religión. (RAE),SI,2 señas,NO,SI,Unimanual (tipo 0),Tc,Xc,Sin especificar,Sin especificar,Sin especificar,01285_sacerdote.mp4,SACERDOTE,test3,81,A1
DBLSC,LSC0,1286,SEMANA SANTA  1,SUSTANTIVO,"Conmemoración anual cristiana de la Pasión, Muerte y Resurrección de Jesús. (RAE)",SI,2 señas,NO,SI,Compuestas (tipo C),P,N,Sin especificar,Sin especificar,Sin especificar,01286_semanasant.mp4,SEMANA SANTA 1,test1,87,A1
DBLSC,LSC0,1287,SEMANA SANTA  2,SUSTANTIVO,Variante de seña para la semana de la conmemoración de la Pasión cristiana. (Generada Gemini),NO,1 seña,SI,SI,Semi-simétrica (tipo II),P,Sin especificar,Sin especificar,Sin especificar,Sin especificar,01287_semanasant.mp4,SEMANA SANTA 2,test1,87,A1
DBLSC,LSC0,1288,ABORTAR,VERBO,Interrumpir de forma espontánea o provocada el embarazo. (RAE),NO,1 seña,NO,SI,Asimétrica (tipo III),S,Ql,Sin especificar,Sin especificar,Sin especificar,01288_abortar.mp4,ABORTAR,test2,34,A1
DBLSC,LSC0,1289,ABUSAR,VERBO,"Usar mal, excesiva u de forma indebida de algo o de la confianza de alguien. (RAE)",NO,1 seña,NO,SI,Unimanual en contacto (tipo X),A,Sin especificar,Sin especificar,Sin especificar,Sin especificar,01289_abusar.mp4,ABUSAR,test1,64,A1
DBLSC,LSC0,1290,CASTIGAR,VERBO,Imponer una pena o sanción a quien ha cometido un delito o falta. (RAE),NO,1 seña,NO,SI,Asimétrica (tipo III),P,S,Sin especificar,Sin especificar,Sin especificar,01290_castigar.mp4,CASTIGAR,test1,37,A1
DBLSC,LSC0,1291,CULPABLE,ADJETIVO,Que tiene la culpa de algo o es responsable de un delito. (RAE),SI,2 señas,NO,SI,Compuestas (tipo C),B,P,Sin especificar,Sin especificar,Sin especificar,01291_culpable.mp4,CULPABLE,test1,37,A1
DBLSC,LSC1,1292,DROGADICCIÓN,SUSTANTIVO,Adicción a las drogas o sustancias tóxicas. (RAE),SI,2 señas,NO,SI,Asimétrica (tipo III),Q,Tb,Sin especificar,Sin especificar,Sin especificar,01292_drogadicci.mp4,DROGADICCION,test3,19,B1
DBLSC,LSC0,1293,ENEMIGO,ADJETIVO,Persona que tiene mala voluntad a otra y le desea o hace mal. (RAE),NO,1 seña,NO,SI,Simétrica (tipo I),Q,Sin especificar,Sin especificar,Sin especificar,Sin especificar,01293_enemigo.mp4,ENEMIGO,test2,5,A1
DBLSC,LSC0,1294,FUMAR,VERBO,Aspirar y despedir el humo producido por la combustión del tabaco u otra sustancia. (RAE),NO,1 seña,NO,SI,Unimanual en contacto (tipo X),Za,Sin especificar,Sin especificar,Sin especificar,Sin especificar,01294_fumar.mp4,FUMAR,test2,51,A2
DBLSC,LSC0,1295,LADRÓN,SUSTANTIVO,Que hurta o roba. (RAE),SI,2 señas,NO,SI,Compuestas (tipo C),Xc,J,Sin especificar,Sin especificar,Sin especificar,01295_ladron.mp4,LADRON,test2,56,A1
DBLSC,LSC1,1296,NARCOTRÁFICO,SUSTANTIVO,Comercio ilícito de drogas tóxicas a gran escala. (RAE),SI,2 señas,NO,SI,Compuestas (tipo C),A,Xf,Sin especificar,Sin especificar,Sin especificar,01296_narcotrafi.mp4,NARCOTRAFICO,test3,19,B1
DBLSC,LSC0,1297,PELEAR,VERBO,Contender o reñir usando la fuerza o las armas. (RAE),NO,1 seña,NO,SI,Simétrica (tipo I),P,Sin especificar,Sin especificar,Sin especificar,Sin especificar,01297_pelear.mp4,PELEAR,test2,41,A1
DBLSC,LSC0,1298,ROBAR,VERBO,Tomar para sí lo ajeno mediante fuerza o intimidación. (RAE),NO,1 seña,NO,SI,Asimétrica (tipo III),XX,S,Sin especificar,Sin especificar,Sin especificar,01298_robar.mp4,ROBAR,test2,41,A1
DBLSC,LSC1,1299,SECUESTRAR/SECUESTRO,VERBO,Retener indebidamente a una persona para exigir dinero o condiciones por su libertad. (RAE),NO,1 seña,NO,SI,Semi-simétrica (tipo II),Ql,Sin especificar,Sin especificar,Sin especificar,Sin especificar,01299_secuestrar.mp4,SECUESTRAR/SECUESTRO,test4,22,B2
DBLSC,LSC0,1300,ACONSEJAR,VERBO,Dar consejo o dictamen a alguien sobre lo que debe o no hacer. (RAE),NO,1 seña,NO,SI,Semi-simétrica (tipo II),B,Sin especificar,Sin especificar,Sin especificar,Sin especificar,01300_aconsejar.mp4,ACONSEJAR,test4,20,A1
DBLSC,LSC0,1301,APARTE,ADJETIVO,En lugar separado o retirado de otros. / Fuera de un grupo. (RAE),NO,1 seña,NO,SI,Semi-simétrica (tipo II),B,Sin especificar,Sin especificar,Sin especificar,Sin especificar,01301_aparte.mp4,APARTE,test1,48,A2
DBLSC,LSC0,1302,CHISME,SUSTANTIVO,"Murmuración, cuento o noticia verdadera o falsa para indisponer a unas personas con otras. (RAE)",NO,1 seña,NO,SI,Semi-simétrica (tipo II),Ok,Sin especificar,Sin especificar,Sin especificar,Sin especificar,01302_chisme.mp4,CHISME,test4,10,A2
DBLSC,LSC0,1303,COMUNICAR/COMUNICACIÓN  1,VERBO,"Transmitir y recibir información, ideas o sentimientos. (RAE)",NO,1 seña,NO,SI,Semi-simétrica (tipo II),C,Sin especificar,Sin especificar,Sin especificar,Sin especificar,01303_comunicarr.mp4,COMUNICAR/COMUNICACION 1,test1,57,A1
DBLSC,LSC0,1304,COMUNICAR_COMUNICACIÓN_(2).mp4,VERBO,Variante de la seña para la acción o proceso de comunicación en el corpus. (Generada Gemini),NO,1 seña,NO,SI,Asimétrica (tipo III),Q,J,Sin especificar,Sin especificar,Sin especificar,01304_comunicari.mp4,COMUNICAR COMUNICACION 2 .mp4,test3,82,A1
DBLSC,LSC0,1305,CONTAR,VERBO,Narrar o referir un acontecimiento o historia. / Numerar. (RAE),NO,1 seña,NO,SI,Semi-simétrica (tipo II),J,Sin especificar,Sin especificar,Sin especificar,Sin especificar,01305_contar.mp4,CONTAR,test1,55,A1
DBLSC,LSC0,1306,CORREO,SUSTANTIVO,Servicio público que tiene por objeto el transporte y reparto de la correspondencia. (RAE),NO,1 seña,NO,SI,Asimétrica (tipo III),Qa,P,Sin especificar,Sin especificar,Sin especificar,01306_correo.mp4,CORREO,test4,91,A1
DBLSC,LSC0,1307,CRITICAR,VERBO,"Juzgar o expresar un juicio sobre las cualidades, defectos o conducta de alguien. (RAE)",NO,1 seña,NO,SI,Asimétrica (tipo III),S,Pc,Sin especificar,Sin especificar,Sin especificar,01307_criticar.mp4,CRITICAR,test4,20,A1
DBLSC,LSC0,1308,DISCURSO  SORDO,SUSTANTIVO,Exposición oral o signada pública estructurada según las pautas lingüísticas y culturales de la comunidad sorda. (Generada Gemini),NO,1 seña,NO,SI,Simétrica (tipo I),J,Sin especificar,Sin especificar,Sin especificar,Sin especificar,01308_discursose.mp4,DISCURSO SORDO,test2,89,A2
DBLSC,LSC0,1309,DISCURSO  OYENTE,SUSTANTIVO,Exposición verbal hablada adaptada a las convenciones discursivas de las personas oyentes. (Generada Gemini),NO,1 seña,NO,SI,Simétrica (tipo I),P,Sin especificar,Sin especificar,Sin especificar,Sin especificar,01309_discursooy.mp4,DISCURSO OYENTE,test4,3,A1
DBLSC,LSC0,1310,DISCUTIR,VERBO,Contender y alegar razones contra el parecer de alguien. (RAE),NO,1 seña,NO,SI,Semi-simétrica (tipo II),P,Sin especificar,Sin especificar,Sin especificar,Sin especificar,01310_discutir.mp4,DISCUTIR,test4,20,A1
DBLSC,LSC0,1311,ENTONCES,ADVERBIO,En ese tiempo o momento. / En tal caso o como consecuencia. (RAE),NO,1 seña,NO,SI,Asimétrica (tipo III),L,P,Sin especificar,Sin especificar,Sin especificar,01311_entonces.mp4,ENTONCES,test1,55,A1
DBLSC,LSC0,1312,¡ESPERE!,VERBO,Expresión imperativa para solicitar la detención temporal de una acción o la espera. (Generada Gemini),NO,1 seña,NO,SI,Unimanual (tipo 0),J,Sin especificar,Sin especificar,Sin especificar,Sin especificar,01312_espere.mp4,ESPERE!,test2,49,A1
DBLSC,LSC0,1313,FRASE,SUSTANTIVO,Conjunto de palabras que forman un sentido gramatical completo o incompleto. (RAE),NO,1 seña,NO,SI,Simétrica (tipo I),Tb,Sin especificar,Sin especificar,Sin especificar,Sin especificar,01313_frase.mp4,FRASE,test2,9,A1
DBLSC,LSC0,1314,GRITAR,VERBO,Proferir gritos o voces elevadas de manera estridente. (RAE),NO,1 seña,NO,SI,Unimanual en contacto (tipo X),Gl,Sin especificar,Sin especificar,Sin especificar,Sin especificar,01314_gritar.mp4,GRITAR,test3,24,A1
DBLSC,LSC0,1315,HABLAR  1,VERBO,Articular sonidos y palabras para comunicarse. (RAE),NO,1 seña,NO,SI,Simétrica (tipo I),Qa,Sin especificar,Sin especificar,Sin especificar,Sin especificar,01315_hablar1.mp4,HABLAR 1,test3,24,A1
DBLSC,LSC0,1316,HABLAR  2,VERBO,Variante de la seña para comunicarse mediante la voz o habla expresiva. (Generada Gemini),NO,1 seña,NO,SI,Simétrica (tipo I),J,Sin especificar,Sin especificar,Sin especificar,Sin especificar,01316_hablar2.mp4,HABLAR 2,test3,45,A2
DBLSC,LSC0,1317,HASTA  A,ADVERBIO,"Preposición o marcador espacio-temporal que indica el límite final o término ""A"". (Generada Gemini)",NO,1 seña,NO,SI,Semi-simétrica (tipo II),Bl,Sin especificar,Sin especificar,Sin especificar,Sin especificar,01317_hastaa.mp4,HASTA A,test3,13,A1
DBLSC,LSC0,1318,HASTA  B,ADVERBIO,"Preposición o marcador espacio-temporal que indica el límite final o término ""B"". (Generada Gemini)",NO,1 seña,NO,SI,Semi-simétrica (tipo II),Bl,Sin especificar,Sin especificar,Sin especificar,Sin especificar,01318_hastab.mp4,HASTA B,test3,13,A1
DBLSC,LSC0,1319,JUSTIFICAR  1,VERBO,"Probar con razones o documentos la inocencia, veracidad o pertinencia de algo. (RAE)",NO,1 seña,SI,SI,Asimétrica (tipo III),B,Bl,Sin especificar,Sin especificar,Sin especificar,01319_justificar.mp4,JUSTIFICAR 1,test1,37,A1
DBLSC,LSC0,1320,JUSTIFICAR  2,VERBO,Variante de seña para dar razones o justificación de un acto. (Generada Gemini),SI,2 señas,SI,SI,Asimétrica (tipo III),I,B,Bl,Sin especificar,Sin especificar,01320_justificar.mp4,JUSTIFICAR 2,test2,6,A2
DBLSC,LSC0,1321,LENGUA,SUSTANTIVO,Sistema de comunicación verbal o gestual propio de una comunidad humana. (RAE),NO,1 seña,NO,SI,Unimanual en contacto (tipo X),P,Sin especificar,Sin especificar,Sin especificar,Sin especificar,01321_lengua.mp4,LENGUA,test2,19,A2
DBLSC,LSC0,1322,LLAMAR  1,VERBO,Designar con un nombre. / Convocar o requerir la presencia de alguien. (RAE),NO,1 seña,NO,SI,Unimanual en contacto (tipo X),Y,Sin especificar,Sin especificar,Sin especificar,Sin especificar,01322_llamar1.mp4,LLAMAR 1,test3,83,A1
DBLSC,LSC0,1323,LLAMAR  2,VERBO,"Variante de la seña para avisar, telefonear o citar a alguien. (Generada Gemini)",NO,1 seña,NO,SI,Unimanual (tipo 0),Bl,Ql,Sin especificar,Sin especificar,Sin especificar,01323_llamar2.mp4,LLAMAR 2,test3,45,A2
DBLSC,LSC0,1324,NO  1,ADVERBIO,Adverbio que se usa para negar un enunciado o responder negativamente. (RAE),NO,1 seña,NO,SI,Unimanual (tipo 0),Vc,Sin especificar,Sin especificar,Sin especificar,Sin especificar,01324_no1.mp4,NO 1,test2,9,A1
DBLSC,LSC0,1325,NO  2,ADVERBIO,Variante de seña para la negación categórica o gramatical. (Generada Gemini),NO,1 seña,NO,SI,Unimanual (tipo 0),P,Sin especificar,Sin especificar,Sin especificar,Sin especificar,01325_no2.mp4,NO 2,test2,6,A2
DBLSC,LSC0,1326,NOMBRE,SUSTANTIVO,Palabra que designa o identifica a seres animados o inanimados. (RAE),NO,1 seña,NO,SI,Semi-simétrica (tipo II),H,Sin especificar,Sin especificar,Sin especificar,Sin especificar,01326_nombre.mp4,NOMBRE,test4,40,A1
DBLSC,LSC0,1327,NOTICIERO,SUSTANTIVO,Programa de televisión o radio en que se dan noticias de actualidad. (RAE),SI,2 señas,NO,SI,Compuestas (tipo C),Xc,S,B,Sin especificar,Sin especificar,01327_noticiero.mp4,NOTICIERO,test1,50,A1
DBLSC,LSC0,1328,OTRO  1,ADJETIVO,Distinto o diferente de aquel de que se habla. (RAE),NO,1 seña,NO,SI,Unimanual (tipo 0),A,Sin especificar,Sin especificar,Sin especificar,Sin especificar,01328_otro1.mp4,OTRO 1,test1,50,A1
DBLSC,LSC0,1329,OTRO  2,ADJETIVO,Variante de seña para señalar diversidad o alternancia de elemento. (Generada Gemini),NO,1 seña,NO,SI,Unimanual (tipo 0),V,Sin especificar,Sin especificar,Sin especificar,Sin especificar,01329_otro2.mp4,OTRO 2,test1,15,A1
DBLSC,LSC0,1330,OTRO  3,ADJETIVO,Variante morfológica de seña para adición u otro elemento. (Generada Gemini),NO,1 seña,NO,SI,Unimanual (tipo 0),P,Sin especificar,Sin especificar,Sin especificar,Sin especificar,01330_otro3.mp4,OTRO 3,test4,6,A1
DBLSC,LSC0,1331,PALABRA,SUSTANTIVO,"Unidad lingüística dotada de significado, formada por sonidos o señas. (RAE)",NO,1 seña,NO,SI,Asimétrica (tipo III),P,Cb,Sin especificar,Sin especificar,Sin especificar,01331_palabra.mp4,PALABRA,test3,24,A1
DBLSC,LSC0,1332,PARA,FUNCION,"Preposición que denota el fin, destino, dirección o uso de algo. (RAE)",NO,1 seña,NO,SI,Unimanual en contacto (tipo X),P,Sin especificar,Sin especificar,Sin especificar,Sin especificar,01332_para.mp4,PARA,test1,55,A1
DBLSC,LSC0,1333,PERIÓDICO,SUSTANTIVO,Publicación informativa impresa o digital que se edita con periodicidad fija. (RAE),NO,1 seña,NO,SI,Simétrica (tipo I),K,Sin especificar,Sin especificar,Sin especificar,Sin especificar,01333_periodico.mp4,PERIODICO,test2,56,A1
DBLSC,LSC0,1334,PERO  1,ADVERBIO,Conjunción adversativa que contrapone un concepto a otro. (RAE),NO,1 seña,SI,SI,Simétrica (tipo I),P,Sin especificar,Sin especificar,Sin especificar,Sin especificar,01334_pero1.mp4,PERO 1,test1,50,A1
DBLSC,LSC0,1335,PERO  2,ADVERBIO,Variante de seña para la conjunción adversativa o restricción. (Generada Gemini),NO,1 seña,SI,SI,Simétrica (tipo I),P,Sin especificar,Sin especificar,Sin especificar,Sin especificar,01335_pero2.mp4,PERO 2,test3,61,A1
DBLSC,LSC0,1336,PREGUNTAR  1,VERBO,Interrogar o hacer preguntas para obtener información. (RAE),NO,1 seña,NO,SI,Unimanual en contacto (tipo X),S,Pa,Sin especificar,Sin especificar,Sin especificar,01336_preguntar1.mp4,PREGUNTAR 1,test3,54,A1
DBLSC,LSC0,1337,PREGUNTAR  2,VERBO,Variante de seña direccional para formular una pregunta a alguien. (Generada Gemini),NO,1 seña,NO,SI,Unimanual (tipo 0),P,Xe,Sin especificar,Sin especificar,Sin especificar,01337_preguntar2.mp4,PREGUNTAR 2,test3,54,A1
DBLSC,LSC0,1338,INTERROGAR,VERBO,Hacer preguntas a alguien para aclararse sobre un hecho o delito. (RAE),NO,1 seña,NO,SI,Semi-simétrica (tipo II),P,Xe,Sin especificar,Sin especificar,Sin especificar,01338_interrogar.mp4,INTERROGAR,test3,54,A1
DBLSC,LSC0,1339,REPETIR,VERBO,Volver a hacer o decir lo que ya se ha hecho o dicho. (RAE),NO,1 seña,NO,SI,Unimanual (tipo 0),R,Sin especificar,Sin especificar,Sin especificar,Sin especificar,01339_repetir.mp4,REPETIR,test2,9,A1
DBLSC,LSC0,1340,RESPONDER,VERBO,"Contestación dada a una pregunta, propuesta o requerimiento. (RAE)",NO,1 seña,NO,SI,Unimanual en contacto (tipo X),R,Sin especificar,Sin especificar,Sin especificar,Sin especificar,01340_responder.mp4,RESPONDER,test3,54,A1
DBLSC,LSC0,1341,SÍ  1,ADVERBIO,Adverbio usado para responder afirmativamente a una pregunta o aseverar algo. (RAE),NO,1 seña,SI,SI,Unimanual en contacto (tipo X),S,Sin especificar,Sin especificar,Sin especificar,Sin especificar,01341_si1.mp4,SI 1,test3,54,A1
DBLSC,LSC0,1342,SÍ  2,ADVERBIO,Variante de seña para la confirmación o afirmación categórica. (Generada Gemini),NO,1 seña,SI,SI,Unimanual en contacto (tipo X),Y,Sin especificar,Sin especificar,Sin especificar,Sin especificar,01342_si2.mp4,SI 2,test3,61,A1
DBLSC,LSC0,1343,SIGNIFICAR,VERBO,"Ser una cosa signo, representación o noción de otra. (RAE)",NO,1 seña,NO,SI,Asimétrica (tipo III),Bl,V,Sin especificar,Sin especificar,Sin especificar,01343_significar.mp4,SIGNIFICAR,test4,38,A1
DBLSC,LSC0,1344,SILENCIO  1,SUSTANTIVO,Abstención de hablar o ausencia de ruido y sonido. (RAE),NO,1 seña,NO,SI,Unimanual en contacto (tipo X),P,Sin especificar,Sin especificar,Sin especificar,Sin especificar,01344_silencio1.mp4,SILENCIO 1,test4,3,A2
DBLSC,LSC0,1345,SILENCIO  2,SUSTANTIVO,Variante de seña para la orden o estado de guardar silencio. (Generada Gemini),SI,2 señas,NO,SI,Semi-simétrica (tipo II),J,S,Sin especificar,Sin especificar,Sin especificar,01345_silecncio2.mp4,SILENCIO 2,test2,6,A2
DBLSC,LSC0,1346,TAMBIÉN,ADVERBIO,"Adverbio que se emplea para indicar la coincidencia, inclusión o suma con otra cosa. (RAE)",NO,1 seña,NO,SI,Simétrica (tipo I),P,Sin especificar,Sin especificar,Sin especificar,Sin especificar,01346_tambien.mp4,TAMBIEN,test1,55,A1
DBLSC,LSC0,1347,TAMPOCO,ADVERBIO,Adverbio para negar algo después de haberse negado otra cosa. (RAE),NO,1 seña,NO,SI,Unimanual (tipo 0),P,Sin especificar,Sin especificar,Sin especificar,Sin especificar,01347_tampoco.mp4,TAMPOCO,test4,3,A2
DBLSC,LSC0,1348,VOCABULARIO  1,SUSTANTIVO,Conjunto de palabras de un idioma o especialidad. (RAE),NO,1 seña,NO,SI,Unimanual en contacto (tipo X),V,Sin especificar,Sin especificar,Sin especificar,Sin especificar,01348_vocabulari.mp4,VOCABULARIO 1,test3,24,A1
DBLSC,LSC0,1349,VOCABULARIO  2,SUSTANTIVO,Variante de seña para el repertorio léxico o glosario. (Generada Gemini),SI,2 señas,SI,SI,Asimétrica (tipo III),B,V,Sin especificar,Sin especificar,Sin especificar,01349_vocabulari.mp4,VOCABULARIO 2,test4,11,A2
DBLSC,LSC0,1350,ALFABETO MANUAL,SUSTANTIVO,Sistema de representación de las letras de un abecedario mediante configuraciones de las manos (dactilología). (Generada Gemini),SI,2 señas,NO,SI,Asimétrica (tipo III),Bc,Gl,Sin especificar,Sin especificar,Sin especificar,01350_alfabetoma.mp4,ALFABETO MANUAL,test4,11,A2
DBLSC,LSC1,1351,ASORVAL,SUSTANTIVO,"Asociación de Sordos del Valle del Cauca, organización representativa de la comunidad sorda regional. (Generada Gemini)",SI,2 señas,SI,SI,Compuestas (tipo C),Bl,A,Sin especificar,Sin especificar,Sin especificar,01351_asorval.mp4,ASORVAL,test2,85,B1
DBLSC,LSC0,1352,AUDÍFONO  1,SUSTANTIVO,Dispositivo electrónico que amplifica el sonido para personas con pérdida auditiva. (RAE),NO,1 seña,SI,SI,Unimanual en contacto (tipo X),Cb,Sin especificar,Sin especificar,Sin especificar,Sin especificar,01352_audifono1.mp4,AUDIFONO 1,test3,29,A1
DBLSC,LSC0,1353,AUDÍFONO  2,SUSTANTIVO,Variante de seña para el auxiliar auditivo o prótesis de audición. (Generada Gemini),NO,1 seña,SI,SI,Simétrica (tipo I),Gl,Sin especificar,Sin especificar,Sin especificar,Sin especificar,01353_audifono2.mp4,AUDIFONO 2,test2,89,A2
DBLSC,LSC0,1354,AUDÍFONO  3,SUSTANTIVO,Variante de seña para auriculares de escucha o audífonos corporales. (Generada Gemini),NO,1 seña,SI,SI,Simétrica (tipo I),Pc,Sin especificar,Sin especificar,Sin especificar,Sin especificar,01354_audifono3.mp4,AUDIFONO 3,test3,29,A1
DBLSC,LSC1,1355,AUDIOMETRÍA,SUSTANTIVO,Examen médico especializado que mide el nivel y capacidad de audición de una persona. (RAE),SI,2 señas,NO,SI,Semi-simétrica (tipo II),C,Bl,Sin especificar,Sin especificar,Sin especificar,01355_audiometri.mp4,AUDIOMETRIA,test2,11,B1
DBLSC,LSC0,1356,COPIAR,VERBO,Escribir lo que dice otro o imitar un modelo. (RAE),NO,1 seña,NO,SI,Asimétrica (tipo III),Bl,Qa,Q,Sin especificar,Sin especificar,01356_copiar.mp4,COPIAR,test3,50,A2
DBLSC,LSC0,1357,FENASCOL,SUSTANTIVO,"Federación Nacional de Sordos de Colombia, ONG que lidera la defensa de derechos de las personas sordas. (Generada Gemini)",NO,1 seña,SI,SI,Semi-simétrica (tipo II),Ok,Sin especificar,Sin especificar,Sin especificar,Sin especificar,01357_fenascol.mp4,FENASCOL,test2,89,A2
DBLSC,LSC1,1358,FONOAUDIÓLOGO,SUSTANTIVO,"Profesional de la salud encargado del diagnóstico y rehabilitación de los trastornos de comunicación, voz y audición. (RAE)",SI,2 señas,SI,SI,Simétrica (tipo I),Sin especificar,Sin especificar,Sin especificar,Sin especificar,Sin especificar,01358_fonoaudiol.mp4,FONOAUDIOLOGO,test4,79,B2
DBLSC,LSC0,1359,HIPOACÚSICO  1,SUSTANTIVO,Persona que padece una disminución de la capacidad auditiva. (RAE),SI,2 señas,SI,SI,Asimétrica (tipo III),P,Bl,Sin especificar,Sin especificar,Sin especificar,01359_hipoacusic.mp4,HIPOACUSICO 1,test3,29,A1
DBLSC,LSC0,1360,HIPOACÚSICO  2,SUSTANTIVO,Variante de seña para la condición de pérdida auditiva parcial. (Generada Gemini),SI,2 señas,SI,SI,Asimétrica (tipo III),L,Tf,P,Sin especificar,Sin especificar,01360_hipoacusic.mp4,HIPOACUSICO 2,test3,55,A2
DBLSC,LSC0,1361,INSOR,SUSTANTIVO,"Instituto Nacional para Sordos, entidad pública colombiana adscrita al Ministerio de Educación. (Generada Gemini)",NO,1 seña,SI,SI,Unimanual en contacto (tipo X),Tc,Sin especificar,Sin especificar,Sin especificar,Sin especificar,01361_insor.mp4,INSOR,test3,67,A2
DBLSC,LSC1,1362,INSTITUTO DE CIEGOS Y SORDOS,SUSTANTIVO,Institución o centro especializado en la atención e integración social de personas con discapacidad sensorial. (Generada Gemini),NO,1 seña,NO,SI,Unimanual en contacto (tipo X),I,Sin especificar,Sin especificar,Sin especificar,Sin especificar,01362_institutod.mp4,INSTITUTO DE CIEGOS Y SORDOS,test4,79,B2
DBLSC,LSC0,1363,INTEGRAR/INTEGRACIÓN,VERBO,Hacer que alguien o algo pase a formar parte de un todo. / Inclusión social. (RAE),NO,1 seña,NO,SI,Simétrica (tipo I),J,Sin especificar,Sin especificar,Sin especificar,Sin especificar,01363_integrarin.mp4,INTEGRAR/INTEGRACION,test1,48,A2
DBLSC,LSC0,1364,INTÉRPRETE,SUSTANTIVO,Persona que traduce oralmente o mediante lengua de señas un discurso de un idioma a otro. (RAE),NO,1 seña,NO,SI,Asimétrica (tipo III),Bl,H,Sin especificar,Sin especificar,Sin especificar,01364_interprete.mp4,INTERPRETE,test2,19,A2
DBLSC,LSC0,1365,LENGUA DE SEÑAS,SUSTANTIVO,Lengua natural de carácter visogestual y espacial utilizada por las comunidades sordas. (Generada Gemini),NO,1 seña,NO,SI,Semi-simétrica (tipo II),J,Sin especificar,Sin especificar,Sin especificar,Sin especificar,01365_lenguadese.mp4,LENGUA DE SENAS,test3,29,A1
DBLSC,LSC0,1366,ORALIZAR,VERBO,Proceso de enseñanza o entrenamiento para la articulación de la voz hablada y lectura labiofacial en personas sordas. (Generada Gemini),NO,1 seña,NO,SI,Unimanual (tipo 0),XX,Sin especificar,Sin especificar,Sin especificar,Sin especificar,01366_oralizar.mp4,ORALIZAR,test2,89,A2
DBLSC,LSC0,1367,OYENTE,SUSTANTIVO,Persona que tiene la capacidad de oír o percibir sonidos de manera auditiva. (RAE),NO,1 seña,NO,SI,Unimanual (tipo 0),Tb,Sin especificar,Sin especificar,Sin especificar,Sin especificar,01367_oyente.mp4,OYENTE,test3,29,A1
DBLSC,LSC1,1368,SOCIEDAD DE SORDOS DE BOGOTÁ,SUSTANTIVO,Organización gremial y comunitaria de la población sorda en Bogotá. (Generada Gemini),NO,1 seña,SI,SI,Semi-simétrica (tipo II),C,Sin especificar,Sin especificar,Sin especificar,Sin especificar,01368_sociedadde.mp4,SOCIEDAD DE SORDOS DE BOGOTA,test4,79,B2
DBLSC,LSC0,1369,SORDO  1,SUSTANTIVO,Persona que padece una pérdida total o severa de la capacidad auditiva. (RAE),NO,1 seña,NO,SI,Unimanual en contacto (tipo X),P,Sin especificar,Sin especificar,Sin especificar,Sin especificar,01369_sordo1.mp4,SORDO 1,test3,29,A1
DBLSC,LSC0,1370,SORDO  2,SUSTANTIVO,Variante de la seña para denominar a la persona integrante de la comunidad sorda. (Generada Gemini),SI,2 señas,NO,SI,Unimanual en contacto (tipo X),D,Q,Sin especificar,Sin especificar,Sin especificar,01370_sordo2.mp4,SORDO 2,test3,55,A2
DBLSC,LSC0,1371,SORDO CIEGO  1,SUSTANTIVO,Persona que presenta una condición combinada de sordoceguera (pérdida auditiva y visual). (Generada Gemini),SI,2 señas,NO,SI,Unimanual en contacto (tipo X),P,XX,Sin especificar,Sin especificar,Sin especificar,01371_sordociego.mp4,SORDO CIEGO 1,test3,55,A2
DBLSC,LSC0,1372,SORDO CIEGO  2,SUSTANTIVO,Variante de seña para la condición o persona con sordoceguera. (Generada Gemini),NO,1 seña,NO,SI,Semi-simétrica (tipo II),Ql,B,Sin especificar,Sin especificar,Sin especificar,01372_sordociego.mp4,SORDO CIEGO 2,test3,55,A2
DBLSC,LSC0,1373,TELÉFONO DE TEXTO,SUSTANTIVO,Dispositivo de comunicación telefónica adaptado con teclado y pantalla para personas sordas (TTY). (Generada Gemini),SI,2 señas,NO,SI,Compuestas (tipo C),Be,Al,Af,Sin especificar,Sin especificar,01373_telefonode.mp4,TELEFONO DE TEXTO,test1,0,A2
DBLSC,LSC0,1374,BIEN,ADVERBIO,"De manera adecuada, conveniente, acertada o próspera. (RAE)",NO,1 seña,NO,SI,Unimanual (tipo 0),A,Sin especificar,Sin especificar,Sin especificar,Sin especificar,01374_bien.mp4,BIEN,test3,83,A1
DBLSC,LSC0,1375,CUIDADO,SUSTANTIVO,"Atención, advertencia o precaución al hacer algo. (RAE)",NO,1 seña,NO,SI,Simétrica (tipo I),V,Sin especificar,Sin especificar,Sin especificar,Sin especificar,01375_cuidado.mp4,CUIDADO,test4,20,A1
DBLSC,LSC0,1376,DESPACIO,ADVERBIO,"Poco a poco, con lentitud o espacio. (RAE)",NO,1 seña,NO,SI,Simétrica (tipo I),J,Sin especificar,Sin especificar,Sin especificar,Sin especificar,01376_despacio.mp4,DESPACIO,test3,70,A2
DBLSC,LSC1,1377,HOMICIDIO  1,SUSTANTIVO,Delito consistente en matar a una persona. (RAE),NO,1 seña,SI,SI,Asimétrica (tipo III),B,Xt,Sin especificar,Sin especificar,Sin especificar,01377_homicidio1.mp4,HOMICIDIO 1,test2,98,B2
DBLSC,LSC1,1378,HOMICIDIO  2,SUSTANTIVO,Variante de seña para asesinato o crimen de homicidio. (Generada Gemini),NO,1 seña,SI,SI,Asimétrica (tipo III),Bl,S,Sin especificar,Sin especificar,Sin especificar,01378_homicidio2.mp4,HOMICIDIO 2,test2,98,B2
DBLSC,LSC1,1379,HOMICIDIO  3,SUSTANTIVO,Variante de seña para la acción de causar la muerte a una persona. (Generada Gemini),NO,1 seña,SI,SI,Asimétrica (tipo III),S,Sin especificar,Sin especificar,Sin especificar,Sin especificar,01379_homicidio3.mp4,HOMICIDIO 3,test2,98,B2
DBLSC,LSC0,1380,DIFÍCIL  1,ADJETIVO,"Que requiere gran esfuerzo, habilidad o trabajo para realizarse o entenderse. (RAE)",NO,1 seña,SI,SI,Unimanual en contacto (tipo X),P,Xe,Sin especificar,Sin especificar,Sin especificar,01380_dificil1.mp4,DIFICIL 1,test3,83,A1
DBLSC,LSC0,1381,DIFÍCIL  2,ADJETIVO,Variante de seña para calificar algo como complejo o arduo. (Generada Gemini),NO,1 seña,SI,SI,Semi-simétrica (tipo II),XX,Sin especificar,Sin especificar,Sin especificar,Sin especificar,01381_dificil2.mp4,DIFICIL 2,test1,69,A2
DBLSC,LSC0,1382,FÁCIL  1,ADJETIVO,"Que no requiere gran esfuerzo, habilidad o capacidad para lograrse o entenderse. (RAE)",NO,1 seña,SI,SI,Unimanual en contacto (tipo X),Xt,A,Sin especificar,Sin especificar,Sin especificar,01382_facil1.mp4,FACIL 1,test3,83,A1
DBLSC,LSC0,1383,FÁCIL  2,ADJETIVO,Variante de seña para indicar sencillez o facilidad. (Generada Gemini),NO,1 seña,SI,SI,Semi-simétrica (tipo II),Ql,Sin especificar,Sin especificar,Sin especificar,Sin especificar,01383_facil2.mp4,FACIL 2,test2,6,A2
DBLSC,LSC0,1384,IMPORTANTE,ADJETIVO,"Que tiene entidad, trascendencia o gran valor. (RAE)",NO,1 seña,NO,SI,Simétrica (tipo I),Ok,Sin especificar,Sin especificar,Sin especificar,Sin especificar,01384_importante.mp4,IMPORTANTE,test2,56,A1
DBLSC,LSC0,1385,IMPOSIBLE,ADJETIVO,"Que no es posible, que no se puede hacer o que no puede ocurrir. (RAE)",NO,1 seña,NO,SI,Simétrica (tipo I),S,Sin especificar,Sin especificar,Sin especificar,Sin especificar,01385_imposible.mp4,IMPOSIBLE,test4,56,A2
DBLSC,LSC0,1386,MAL,ADVERBIO,"De manera contraria a lo bueno, a la razón o a lo deseable. (RAE)",NO,1 seña,NO,SI,Unimanual (tipo 0),A,Sin especificar,Sin especificar,Sin especificar,Sin especificar,01386_mal.mp4,MAL,test4,10,A2
DBLSC,LSC0,1387,MEJOR,ADJETIVO,Superior o preferible a otra cosa en calidad u oportunidad. (RAE),NO,1 seña,NO,SI,Unimanual en contacto (tipo X),Bl,A,Sin especificar,Sin especificar,Sin especificar,01387_mejor.mp4,MEJOR,test3,83,A1
DBLSC,LSC0,1388,MISMO  1,ADJETIVO,"Idéntico, exactamente igual que otro o que lo antes dicho. (RAE)",NO,1 seña,NO,SI,Asimétrica (tipo III),Bl,Y,Sin especificar,Sin especificar,Sin especificar,01388_mismo1.mp4,MISMO 1,test2,56,A1
DBLSC,LSC0,1389,MISMO  2,ADJETIVO,"Variante de seña para igualdad, identidad o coincidencia. (Generada Gemini)",NO,1 seña,SI,SI,Simétrica (tipo I),P,Sin especificar,Sin especificar,Sin especificar,Sin especificar,01389_mismo2.mp4,MISMO 2,test2,6,A2
DBLSC,LSC0,1390,NORMAL  1,ADJETIVO,Que se halla en su estado natural o es habitual y ordinario. (RAE),NO,1 seña,SI,SI,Simétrica (tipo I),Ok,Sin especificar,Sin especificar,Sin especificar,Sin especificar,01390_normal1.mp4,NORMAL 1,test2,56,A1
DBLSC,LSC0,1391,NORMAL  2,ADJETIVO,Variante de seña para la condición de normalidad o cotidianeidad. (Generada Gemini),NO,1 seña,SI,SI,Asimétrica (tipo III),B,H,Sin especificar,Sin especificar,Sin especificar,01391_normal2.mp4,NORMAL 2,test2,6,A2
DBLSC,LSC0,1392,PEOR,ADJETIVO,"Más malo, o de inferior calidad que otra cosa. (RAE)",NO,1 seña,NO,SI,Unimanual en contacto (tipo X),A,Sin especificar,Sin especificar,Sin especificar,Sin especificar,01392_peor.mp4,PEOR,test1,50,A1
DBLSC,LSC0,1393,URGENTE,ADJETIVO,Que precisa de pronta o inmediata atención o solución. (RAE),NO,1 seña,NO,SI,Asimétrica (tipo III),Bl,N,Sin especificar,Sin especificar,Sin especificar,01393_urgente.mp4,URGENTE,test3,70,A2
DBLSC,LSC0,1394,¿CÓMO SABER?,ADJETIVO,"Interrogación que indaga sobre la forma, método o medio para enterarse de algo. (Generada Gemini)",NO,1 seña,SI,SI,Unimanual en contacto (tipo X),U,Sin especificar,Sin especificar,Sin especificar,Sin especificar,01394_comosaber.mp4,COMO SABER?,test1,51,A1
DBLSC,LSC0,1395,¿CÓMO?,ADJETIVO,Pronombre o adverbio interrogativo que pregunta sobre el modo o manera. (RAE),NO,1 seña,NO,SI,Simétrica (tipo I),J,Sin especificar,Sin especificar,Sin especificar,Sin especificar,01395_como.mp4,COMO?,test3,54,A1
DBLSC,LSC0,1396,¿CUÁL DE LOS DOS?,ADJETIVO,Pregunta que solicita la selección o elección entre dos opciones determinadas. (Generada Gemini),NO,1 seña,NO,SI,Semi-simétrica (tipo II),V,Sin especificar,Sin especificar,Sin especificar,Sin especificar,01396_cualdelosd.mp4,CUAL DE LOS DOS?,test2,6,A2
DBLSC,LSC0,1397,¿CUÁL?,ADJETIVO,Pronombre interrogativo para elegir o identificar un elemento de un grupo. (RAE),NO,1 seña,NO,SI,Semi-simétrica (tipo II),A,Sin especificar,Sin especificar,Sin especificar,Sin especificar,01397_cual.mp4,CUAL?,test4,30,A1
DBLSC,LSC0,1398,¿CUÁNDO?,ADJETIVO,Adverbio interrogativo que pregunta sobre el momento o tiempo en que ocurre algo. (RAE),NO,1 seña,NO,SI,Unimanual en contacto (tipo X),Bl,Sin especificar,Sin especificar,Sin especificar,Sin especificar,01398_cuando.mp4,CUANDO?,test3,54,A1
DBLSC,LSC0,1399,¿CUÁNTO?,ADJETIVO,"Pronombre o adverbio interrogativo que pregunta por número, cantidad o grado. (RAE)",NO,1 seña,NO,SI,Simétrica (tipo I),O,J,Sin especificar,Sin especificar,Sin especificar,01399_cuanto.mp4,CUANTO?,test3,54,A1
DBLSC,LSC0,1400,¿DÓNDE?,ADJETIVO,Adverbio interrogativo que pregunta por el lugar o ubicación de algo. (RAE),NO,1 seña,NO,SI,Simétrica (tipo I),J,Sin especificar,Sin especificar,Sin especificar,Sin especificar,01400_donde.mp4,DONDE?,test3,54,A1
DBLSC,LSC0,1401,¿PARA QUÉ?,ADJETIVO,"Expresión interrogativa que indaga sobre el propósito, finalidad o utilidad de una acción. (Generada Gemini)",NO,1 seña,NO,SI,Simétrica (tipo I),Q,Sin especificar,Sin especificar,Sin especificar,Sin especificar,01401_paraque.mp4,PARA QUE?,test1,51,A1
DBLSC,LSC0,1402,¿POR QUÉ?,ADJETIVO,"Expresión interrogativa que indaga sobre la causa, razón o motivo de algo. (RAE)",NO,1 seña,NO,SI,Unimanual en contacto (tipo X),N,Gl,Sin especificar,Sin especificar,Sin especificar,01402_porque.mp4,POR QUE?,test3,54,A1
DBLSC,LSC0,1403,¿QUÉ ES ESO?,ADJETIVO,Pregunta que solicita la identificación o definición de un objeto o asunto cercano. (Generada Gemini),NO,1 seña,NO,SI,Unimanual (tipo 0),P,Sin especificar,Sin especificar,Sin especificar,Sin especificar,01403_queeseso.mp4,QUE ES ESO?,test3,35,A1
DBLSC,LSC0,1404,¿QUÉ?,ADJETIVO,"Pronombre interrogativo que pregunta por la naturaleza, identidad o definición de una cosa. (RAE)",NO,1 seña,NO,SI,Asimétrica (tipo III),Bl,P,Sin especificar,Sin especificar,Sin especificar,01404_que.mp4,QUE?,test3,35,A1
DBLSC,LSC0,1405,¿QUÉ LE PASA?,ADJETIVO,Expresión interrogativa que indaga sobre el estado o molestia que padece una persona. (Generada Gemini),SI,2 señas,NO,SI,Compuestas (tipo C),Y,Bl,Sin especificar,Sin especificar,Sin especificar,01405_quelepasa.mp4,QUE LE PASA?,test3,60,A1
DBLSC,LSC0,1406,¿QUÉ PASÓ?,ADJETIVO,Pregunta que solicita información sobre la ocurrencia de un suceso recienteme. (Generada Gemini),NO,1 seña,NO,SI,Unimanual en contacto (tipo X),Y,Sin especificar,Sin especificar,Sin especificar,Sin especificar,01406_quepaso.mp4,QUE PASO?,test3,82,A1
DBLSC,LSC0,1407,¿QUIÉN?,ADJETIVO,Pronombre interrogativo que pregunta por la identidad de una persona. (RAE),NO,1 seña,NO,SI,Unimanual en contacto (tipo X),Be,Sin especificar,Sin especificar,Sin especificar,Sin especificar,01407_quien.mp4,QUIEN?,test3,35,A1
DBLSC,LSC0,1408,AGRADECER-1,VERBO,Dar las gracias o mostrar gratitud por un beneficio recibido. (RAE),NO,1 seña,NO,SI,Unimanual en contacto (tipo X),Bl,Sin especificar,Sin especificar,Sin especificar,Sin especificar,01408_agradecer1.mp4,AGRADECER 1,test3,27,A1
DBLSC,LSC0,1409,AGRADECER-2,VERBO,Variante de seña para dar las gracias o manifestar agradecimiento. (Generada Gemini),NO,1 seña,NO,SI,Semi-simétrica (tipo II),Bl,Sin especificar,Sin especificar,Sin especificar,Sin especificar,01409_agradecer2.mp4,AGRADECER 2,test2,6,A2
DBLSC,LSC0,1410,BIENVENIDO,ADJETIVO,Fórmula de cortesía para expresar complacencia por la llegada de alguien. (RAE),SI,2 señas,NO,SI,Simétrica (tipo I),Bl,Sin especificar,Sin especificar,Sin especificar,Sin especificar,01410_bienvenido.mp4,BIENVENIDO,test3,75,A1
DBLSC,LSC0,1411,BUENAS NOCHES,ADJETIVO,Saludo o despedida cortesana que se utiliza al anochecer o por la noche. (RAE),SI,2 señas,NO,SI,Compuestas (tipo C),Bl,Bc,Qa,Sin especificar,Sin especificar,01411_buenasnoch.mp4,BUENAS NOCHES,test3,70,A1
DBLSC,LSC0,1412,BUENAS TARDES,ADJETIVO,Saludo de cortesía que se utiliza desde el mediodía hasta el anochecer. (RAE),SI,2 señas,NO,SI,Semi-simétrica (tipo II),Bl,Sin especificar,Sin especificar,Sin especificar,Sin especificar,01412_buenastard.mp4,BUENAS TARDES,test1,42,A1
DBLSC,LSC0,1413,BUENOS DÍAS,ADJETIVO,Saludo de cortesía utilizado durante las primeras horas de la mañana. (RAE),SI,2 señas,NO,SI,Compuestas (tipo C),Bl,O,J,Sin especificar,Sin especificar,01413_buenosdias.mp4,BUENOS DIAS,test1,42,A1
DBLSC,LSC0,1414,¿CÓMO ESTÁ?,ADJETIVO,Fórmula interrogativa de cortesía para preguntar por la salud o estado de alguien. (Generada Gemini),SI,2 señas,NO,SI,Compuestas (tipo C),J,P,Sin especificar,Sin especificar,Sin especificar,01414_comoestas.mp4,COMO ESTA?,test3,75,A1
DBLSC,LSC0,1415,CON MUCHO GUSTO,ADJETIVO,Expresión de amabilidad para ofrecer ayuda o responder a un agradecimiento. (Generada Gemini),NO,1 seña,NO,SI,Unimanual en contacto (tipo X),Bl,Sin especificar,Sin especificar,Sin especificar,Sin especificar,01415_conmuchogu.mp4,CON MUCHO GUSTO,test3,21,A1
DBLSC,LSC0,1416,DE NADA,ADJETIVO,Fórmula de cortesía con la que se responde a quien da las gracias. (RAE),NO,1 seña,NO,SI,Unimanual (tipo 0),Oks,Sin especificar,Sin especificar,Sin especificar,Sin especificar,01416_denada.mp4,DE NADA,test3,57,A2
DBLSC,LSC0,1417,DECIR ADIÓS,VERBO,Acción de despedirse de alguien mediante palabras o señas. (Generada Gemini),NO,1 seña,NO,SI,Unimanual (tipo 0),J,Sin especificar,Sin especificar,Sin especificar,Sin especificar,01417_deciradios.mp4,DECIR ADIOS,test2,39,A1
DBLSC,LSC0,1418,DECIR HOLA  1,VERBO,Fórmula de saludo común utilizada al encontrarse con alguien. (RAE),NO,1 seña,NO,SI,Unimanual en contacto (tipo X),Bl,Sin especificar,Sin especificar,Sin especificar,Sin especificar,01418_decirhola1.mp4,DECIR HOLA 1,test4,80,A1
DBLSC,LSC0,1419,DECIR HOLA  2,VERBO,Variante gestual o de seña para saludar a una persona. (Generada Gemini),NO,1 seña,NO,SI,Unimanual en contacto (tipo X),H,Sin especificar,Sin especificar,Sin especificar,Sin especificar,01419_decirhola2.mp4,DECIR HOLA 2,test1,72,A1
DBLSC,LSC0,1420,FELICITAR,VERBO,Manifestar a alguien la enhorabuena por un acontecimiento dichoso. (RAE),Sin especificar,Sin especificar,NO,SI,Compuestas (tipo C),Bl,J,Sin especificar,Sin especificar,Sin especificar,01420_felicitar.mp4,FELICITAR,test3,27,A1
DBLSC,LSC0,1421,LO SIENTO,VERBO,"Expresión de condolencia, disculpa o lamento por un contratiempo. (RAE)",NO,1 seña,NO,SI,Unimanual en contacto (tipo X),Bl,Sin especificar,Sin especificar,Sin especificar,Sin especificar,01421_losiento.mp4,LO SIENTO,test1,37,A1
DBLSC,LSC0,1422,LO  SIENTO  2,VERBO,Variante de seña para manifestar disculpa o pesar. (Generada Gemini),NO,1 seña,NO,SI,Unimanual en contacto (tipo X),A,Sin especificar,Sin especificar,Sin especificar,Sin especificar,01422_losiento2.mp4,LO SIENTO 2,test2,6,A2
DBLSC,LSC0,1423,NO IMPORTA,VERBO,Expresión para restar relevancia o minimizar la gravedad de un asunto. (Generada Gemini),NO,1 seña,NO,SI,Semi-simétrica (tipo II),Bl,Sin especificar,Sin especificar,Sin especificar,Sin especificar,01423_noimporta.mp4,NO IMPORTA,test3,45,A2
DBLSC,LSC0,1424,PEDIR PERDÓN,VERBO,Solicitar la absolución o disculpa por una falta o falta cometida. (Generada Gemini),NO,1 seña,NO,SI,Asimétrica (tipo III),Bl,Ql,Sin especificar,Sin especificar,Sin especificar,01424_pedirperdo.mp4,PEDIR PERDON,test2,39,A1
DBLSC,LSC0,1425,POR FAVOR  1,ADVERBIO,Fórmula de cortesía utilizada para pedir o solicitar algo educadamente. (RAE),NO,1 seña,NO,SI,Unimanual en contacto (tipo X),S,Sin especificar,Sin especificar,Sin especificar,Sin especificar,01425_porfavor1.mp4,POR FAVOR 1,test3,75,A1
DBLSC,LSC0,1426,POR FAVOR  2,ADVERBIO,Variante de seña para la solicitud cortés o por favor. (Generada Gemini),NO,1 seña,NO,SI,Unimanual en contacto (tipo X),Ql,Sin especificar,Sin especificar,Sin especificar,Sin especificar,01426_porfavor2.mp4,POR FAVOR 2,test2,6,A2
DBLSC,LSC0,1427,ÁRBOL,SUSTANTIVO,Planta leñosa con tronco propio y elevado que se ramifica a cierta altura. (RAE),NO,1 seña,NO,SI,Asimétrica (tipo III),Bl,J,Sin especificar,Sin especificar,Sin especificar,01427_arbol.mp4,ARBOL,test1,31,A2
DBLSC,LSC0,1428,PRESENTAR A,VERBO,Dar a conocer una persona a otra formalmente. (RAE),NO,1 seña,NO,SI,Asimétrica (tipo III),Bl,P,Sin especificar,Sin especificar,Sin especificar,01428_presentara.mp4,PRESENTAR A,test4,80,A1
DBLSC,LSC0,1429,ARCO IRIS,SUSTANTIVO,Fenómeno óptico y meteorológico que presenta un arco de bandas cromáticas en el cielo. (RAE),SI,2 señas,NO,SI,Compuestas (tipo C),J,Je,Sin especificar,Sin especificar,Sin especificar,01429_arcoiris.mp4,ARCO IRIS,test4,60,A2
UEB,LSC0,1430,ARCO IRIS 2,SUSTANTIVO,Variante de seña para la representación del arcoíris. (Generada Gemini),SI,2 señas,NO,SI,Asimétrica (tipo III),Bl,J,Je,Sin especificar,Sin especificar,01430_arcoiris2.mp4,ARCO IRIS 2,test4,11,A2
DBLSC,LSC0,1431,CAMPESINO,SUSTANTIVO,Persona que vive y trabaja habitualmente en el campo. (RAE),SI,3 señas,NO,SI,Compuestas (tipo C),J,Bl,XX,Sin especificar,Sin especificar,01431_campesino.mp4,CAMPESINO,test4,68,A2
DBLSC,LSC0,1432,CAMPO,SUSTANTIVO,"Terreno extenso fuera de poblado, dedicado al cultivo o al ganado. (RAE)",SI,2 señas,NO,SI,Compuestas (tipo C),J,J,Sin especificar,Sin especificar,Sin especificar,01432_campo.mp4,CAMPO,test4,43,A2
DBLSC,LSC0,1433,ESTRELLA,SUSTANTIVO,Cuerpo celeste brillante que emite luz propia en el firmamento. (RAE),NO,1 seña,NO,SI,Compuestas (tipo C),Lc,Pc,Sin especificar,Sin especificar,Sin especificar,01433_estrella.mp4,ESTRELLA,test4,60,A2
DBLSC,LSC0,1434,FINCA,SUSTANTIVO,Propiedad inmueble rústica o urbana en el campo. (RAE),NO,1 seña,SI,SI,Unimanual en contacto (tipo X),J,Sin especificar,Sin especificar,Sin especificar,Sin especificar,01434_finca.mp4,FINCA,test4,43,A2
UEB,LSC0,1435,FINCA 2,SUSTANTIVO,Variante de seña para predio o heredad de campo. (Generada Gemini),NO,1 seña,SI,SI,Unimanual en contacto (tipo X),L,Sin especificar,Sin especificar,Sin especificar,Sin especificar,01435_finca2.mp4,FINCA 2,test1,69,A2
DBLSC,LSC0,1436,FLOR,SUSTANTIVO,"Estructura reproductiva característica de las plantas espermatofitas, vistosa y de colores. (RAE)",NO,1 seña,NO,SI,Asimétrica (tipo III),C,Q,Jc,Sin especificar,Sin especificar,01436_flor.mp4,FLOR,test1,29,A2
DBLSC,LSC0,1437,HOJA PLANTA,SUSTANTIVO,"Órgano de las plantas, generalmente verde y aplanado, brotado del tallo. (RAE)",NO,1 seña,NO,SI,Asimétrica (tipo III),P,Pc,Lc,Pc,Sin especificar,01437_hojaplanta.mp4,HOJA PLANTA,test1,58,A2
DBLSC,LSC0,1438,LLUVIA,SUSTANTIVO,Precipitación de gotas de agua que caen de las nubes. (RAE),NO,1 seña,NO,SI,Unimanual (tipo 0),Gl,Sin especificar,Sin especificar,Sin especificar,Sin especificar,01438_lluvia.mp4,LLUVIA,test1,81,A2
DBLSC,LSC0,1439,LUNA,SUSTANTIVO,Satelite natural de la Tierra que gira a su alrededor. (RAE),NO,1 seña,NO,SI,Asimétrica (tipo III),Lc,Pc,Sin especificar,Sin especificar,Sin especificar,01439_luna.mp4,LUNA,test2,2,A2
DBLSC,LSC0,1440,MAR,SUSTANTIVO,Masa de agua salada que cubre la mayor parte de la superficie terrestre. (RAE),SI,2 señas,NO,SI,Unimanual en contacto (tipo X),A,J,Bl,Sin especificar,Sin especificar,01440_mar.mp4,MAR,test1,81,A2
DBLSC,LSC0,1441,MONTAÑA,SUSTANTIVO,Gran elevación natural del terreno. (RAE),NO,1 seña,NO,SI,Unimanual (tipo 0),J,Sin especificar,Sin especificar,Sin especificar,Sin especificar,01441_montaña.mp4,MONTANA,test3,7,A2
DBLSC,LSC0,1442,NUBE,SUSTANTIVO,Masa de vapor de agua suspendida en la atmósfera. (RAE),NO,1 seña,NO,SI,Simétrica (tipo I),Jb,Jb,Sin especificar,Sin especificar,Sin especificar,01442_nube.mp4,NUBE,test1,81,A2
DBLSC,LSC1,1443,PETRÓLEO,SUSTANTIVO,Líquido oleoso e inflamable de origen fósil y color oscuro. (RAE),NO,1 seña,NO,SI,Unimanual (tipo 0),Xe,A,Sin especificar,Sin especificar,Sin especificar,01443_petroleo.mp4,PETROLEO,test1,16,B1
DBLSC,LSC0,1444,PIEDRA,SUSTANTIVO,Sustancia mineral dura y compacta que forma las rocas. (RAE),SI,2 señas,NO,SI,Unimanual en contacto (tipo X),Xe,Al,Sin especificar,Sin especificar,Sin especificar,01444_piedra.mp4,PIEDRA,test3,46,A2
DBLSC,LSC0,1445,PLAYA,SUSTANTIVO,"Ribera del mar o de un río grande, formada por arenales o pedregales. (RAE)",SI,2 señas,NO,SI,Unimanual (tipo 0),Bl,J,Sin especificar,Sin especificar,Sin especificar,01445_playa.mp4,PLAYA,test1,31,A2
UEB,LSC0,1446,PLAYA 2,SUSTANTIVO,Variante de seña para la zona costera o ribera de playa. (Generada Gemini),SI,2 señas,NO,SI,Unimanual (tipo 0),J,J,Sin especificar,Sin especificar,Sin especificar,01446_playa2.mp4,PLAYA 2,test4,11,A2
DBLSC,LSC0,1447,RÍO,SUSTANTIVO,Corriente natural de agua que fluye continuamente y desemboca en otra o en el mar. (RAE),NO,1 seña,NO,SI,Simétrica (tipo I),R,R,Sin especificar,Sin especificar,Sin especificar,01447_rio.mp4,RIO,test1,20,A2
UEB,LSC0,1448,RÍO 2,SUSTANTIVO,Variante de seña para el cauce o corriente fluyente de río. (Generada Gemini),NO,1 seña,NO,SI,Simétrica (tipo I),Bl,Bl,Sin especificar,Sin especificar,Sin especificar,01448_rio2.mp4,RIO 2,test1,69,A2
DBLSC,LSC1,1449,SEMBRAR  1,VERBO,Esparcir o plantar semillas en la tierra para que germinen y den fruto. (RAE),NO,1 seña,NO,SI,Unimanual (tipo 0),Xf,Sin especificar,Sin especificar,Sin especificar,Sin especificar,01449_sembrar1.mp4,SEMBRAR 1,test3,36,B2
DBLSC,LSC1,1450,SEMBRAR  2,VERBO,Variante de seña para la acción de cultivar o plantar semillas. (Generada Gemini),NO,1 seña,NO,SI,Asimétrica (tipo III),Tb,O,Sin especificar,Sin especificar,Sin especificar,01450_sembrar2.mp4,SEMBRAR 2,test3,36,B2
DBLSC,LSC0,1451,SOL,SUSTANTIVO,Estrella central del sistema solar alrededor de la cual gira la Tierra. (RAE),NO,1 seña,NO,SI,Unimanual (tipo 0),Q,J,Sin especificar,Sin especificar,Sin especificar,01451_sol.mp4,SOL,test4,60,A2
DBLSC,LSC0,1452,VIENTO,SUSTANTIVO,Corriente de aire producida en la atmósfera por causas naturales. (RAE),NO,1 seña,NO,SI,Simétrica (tipo I),J,J,Sin especificar,Sin especificar,Sin especificar,01452_viento.mp4,VIENTO,test1,81,A2
DBLSC,LSC1,1453,ACUARIO,SUSTANTIVO,Depósito de agua donde se conservan vivos animales o plantas acuáticas. (RAE),SI,2 señas,NO,SI,Simétrica (tipo I),Bl,Bl,B,Bl,Sin especificar,01453_acuario.mp4,ACUARIO,test2,10,B1
DBLSC,LSC0,1454,ANIMAL,SUSTANTIVO,Ser vivo orgánico que se mueve por su propia voluntad y siente. (RAE),NO,1 seña,NO,SI,Simétrica (tipo I),G,G,Sin especificar,Sin especificar,Sin especificar,01454_animal.mp4,ANIMAL,test4,68,A2
DBLSC,LSC1,1455,CÓNDOR,SUSTANTIVO,Ave rapaz de gran tamaño que habita en las altas montañas de los Andes. (RAE),SI,2 señas,NO,SI,Unimanual en contacto (tipo X),C,Bl,Bl,Sin especificar,Sin especificar,01455_condor.mp4,CONDOR,test2,50,B2
UEB,LSC1,1456,CÓNDOR 2,SUSTANTIVO,Variante de seña para el ave rapaz andina (cóndor). (Generada Gemini),SI,4 señas o más,NO,SI,Simétrica (tipo I),Vc,Vc,C,Xe,Vc,01456_condor2.mp4,CONDOR 2,test4,44,B2
DBLSC,LSC1,1457,DELFÍN  1,SUSTANTIVO,"Mamífero cetáceo piscívoro, muy inteligente, que vive en los mares. (RAE)",NO,1 seña,NO,SI,Unimanual (tipo 0),B,Sin especificar,Sin especificar,Sin especificar,Sin especificar,01457_delfin1.mp4,DELFIN 1,test1,21,B1
DBLSC,LSC1,1458,DELFÍN  2,SUSTANTIVO,Variante de seña para el delfín. (Generada Gemini),NO,1 seña,SI,SI,Unimanual en contacto (tipo X),B,Sin especificar,Sin especificar,Sin especificar,Sin especificar,01458_delfin2.mp4,DELFIN 2,test4,74,B1
DBLSC,LSC1,1459,JAULA,SUSTANTIVO,Caja o estructura de barrotes para encerrar animales. (RAE),SI,2 señas,NO,SI,Semi-simétrica (tipo II),Je,Je,Lc,Sin especificar,Sin especificar,01459_jaula.mp4,JAULA,test4,29,B2
DBLSC,LSC1,1460,MARIPOSA  1,SUSTANTIVO,Insecto con cuatro alas vistosas de colores brillantes. (RAE),NO,1 seña,NO,SI,Simétrica (tipo I),Bl,Bl,Sin especificar,Sin especificar,Sin especificar,01460_mariposa1.mp4,MARIPOSA 1,test4,44,B2
DBLSC,LSC1,1461,MARIPOSA  2,SUSTANTIVO,Variante de seña para el insecto lepidóptero (mariposa). (Generada Gemini),NO,1 seña,NO,SI,Simétrica (tipo I),Bl,Bl,Sin especificar,Sin especificar,Sin especificar,01461_mariposa2.mp4,MARIPOSA 2,test4,44,B2
DBLSC,LSC1,1462,MOSCA  1,SUSTANTIVO,Insecto díptero de cuerpo negro y alas transparentes. (RAE),NO,1 seña,NO,SI,Unimanual (tipo 0),Ob,Sin especificar,Sin especificar,Sin especificar,Sin especificar,01462_mosca1.mp4,MOSCA 1,test4,44,B2
DBLSC,LSC1,1463,MOSCA  2,SUSTANTIVO,Variante de seña para la mosca. (Generada Gemini),NO,1 seña,NO,SI,Unimanual (tipo 0),Ok,Sin especificar,Sin especificar,Sin especificar,Sin especificar,01463_mosca2.mp4,MOSCA 2,test4,44,B2
DBLSC,LSC1,1464,NIDO,SUSTANTIVO,Lecho o cavidad que construyen las aves para poner sus huevos y criar los polluelos. (RAE),SI,2 señas,NO,SI,Simétrica (tipo I),G,G,Lc,Sin especificar,Sin especificar,01464_nido.mp4,NIDO,test4,60,B1
UEB,LSC1,1465,NIDO 2,SUSTANTIVO,Variante de seña para la estructura o refugio de aves (nido). (Generada Gemini),SI,2 señas,NO,SI,Simétrica (tipo I),G,G,Lc,Sin especificar,Sin especificar,01465_nido2.mp4,NIDO 2,test4,44,B2
DBLSC,LSC1,1466,OVEJA,SUSTANTIVO,Mamífero rumiante de lana apreciada y carne comestible. (RAE),NO,1 seña,NO,SI,Unimanual en contacto (tipo X),V,A,Sin especificar,Sin especificar,Sin especificar,01466_oveja.mp4,OVEJA,test1,95,B2
UEB,LSC1,1467,OVEJA 2,SUSTANTIVO,Variante de seña para la oveja. (Generada Gemini),NO,1 seña,NO,SI,Unimanual en contacto (tipo X),V,A,Sin especificar,Sin especificar,Sin especificar,01467_oveja2.mp4,OVEJA 2,test1,1,B2
DBLSC,LSC1,1468,PÁJARO,SUSTANTIVO,"Ave de pequeño tamaño, especialmente las cantoras. (RAE)",SI,2 señas,NO,SI,Unimanual en contacto (tipo X),Lc,Bl,Bl,Sin especificar,Sin especificar,01468_pajaro.mp4,PAJARO,test3,7,B1
DBLSC,LSC1,1469,ÁFRICA,SUSTANTIVO,Tercer continente más extenso del planeta. (RAE),SI,2 señas,NO,SI,Unimanual en contacto (tipo X),A,Qa,Sin especificar,Sin especificar,Sin especificar,01469_africa.mp4,AFRICA,test2,28,B1
UEB,LSC1,1470,ÁFRICA 2,SUSTANTIVO,Variante de seña para el continente africano. (Generada Gemini),NO,1 seña,NO,SI,Unimanual (tipo 0),Qa,Sin especificar,Sin especificar,Sin especificar,Sin especificar,01470_africa2.mp4,AFRICA 2,test1,30,B1
UEB,LSC1,1471,ÁFRICA 3,SUSTANTIVO,Variante morfológica de seña para África. (Generada Gemini),NO,1 seña,NO,SI,Unimanual en contacto (tipo X),A,Sin especificar,Sin especificar,Sin especificar,Sin especificar,01471_africa3.mp4,AFRICA 3,test1,30,B1
UEB,LSC1,1472,ÁFRICA 4,SUSTANTIVO,Variante léxica para referirse al continente africano. (Generada Gemini),SI,2 señas,NO,SI,Asimétrica (tipo III),B,Sin especificar,Sin especificar,Sin especificar,Sin especificar,01472_africa3.mp4,AFRICA 4,test1,30,B1
DBLSC,LSC1,1473,AMÉRICA,SUSTANTIVO,Continente que se extiende desde el océano Glacial Ártico hasta el cabo de Hornos. (RAE),NO,1 seña,NO,SI,Semi-simétrica (tipo II),Bl,Bl,Sin especificar,Sin especificar,Sin especificar,01473_america.mp4,AMERICA,test4,63,B1
DBLSC,LSC1,1474,ASIA,SUSTANTIVO,Continente más grande y poblado de la Tierra. (RAE),NO,1 seña,NO,SI,Unimanual en contacto (tipo X),A,Sin especificar,Sin especificar,Sin especificar,Sin especificar,01474_asia.mp4,ASIA,test4,96,B2
UEB,LSC1,1475,ASIA 2,SUSTANTIVO,Variante de seña para el continente asiático. (Generada Gemini),NO,1 seña,NO,SI,Unimanual en contacto (tipo X),A,Sin especificar,Sin especificar,Sin especificar,Sin especificar,01475_asia2.mp4,ASIA 2,test4,96,B2
DBLSC,LSC1,1476,AUSTRALIA,SUSTANTIVO,País soberano de Oceanía que ocupa la masa continental australiana. (RAE),NO,1 seña,NO,SI,Simétrica (tipo I),N,N,Sin especificar,Sin especificar,Sin especificar,01476_australia.mp4,AUSTRALIA,test4,71,B2
DBLSC,LSC1,1477,BARRANQUILLA,SUSTANTIVO,Ciudad y puerto importante de la costa caribe colombiana. (Generada Gemini),NO,1 seña,NO,SI,Unimanual (tipo 0),Bc,Sin especificar,Sin especificar,Sin especificar,Sin especificar,01477_barranquil.mp4,BARRANQUILLA,test2,20,B1
DBLSC,LSC1,1478,BOGOTÁ,SUSTANTIVO,Capital de la República de Colombia. (RAE),NO,1 seña,NO,SI,Simétrica (tipo I),S,S,Sin especificar,Sin especificar,Sin especificar,01478_bogota.mp4,BOGOTA,test4,8,B1
DBLSC,LSC1,1479,BRASIL,SUSTANTIVO,"País soberano de América del Sur, el más extenso de la región. (RAE)",NO,1 seña,NO,SI,Unimanual (tipo 0),Bc,Sin especificar,Sin especificar,Sin especificar,Sin especificar,01479_brasil.mp4,BRASIL,test3,65,B1
DBLSC,LSC1,1480,CALI  1,SUSTANTIVO,"Ciudad colombiana, capital del departamento del Valle del Cauca. (Generada Gemini)",NO,1 seña,NO,SI,Unimanual en contacto (tipo X),C,Y,Sin especificar,Sin especificar,Sin especificar,01480_cali.mp4,CALI 1,test1,78,B2
DBLSC,LSC1,1481,CALI  2,SUSTANTIVO,Variante de seña para la ciudad de Cali. (Generada Gemini),SI,2 señas,NO,SI,Unimanual (tipo 0),C,A,L,I,Sin especificar,01481_cali2.mp4,CALI 2,test3,35,B2
DBLSC,LSC1,1482,CARTAGENA,SUSTANTIVO,Ciudad y distrito turístico e histórico de Colombia sobre el mar Caribe. (Generada Gemini),SI,2 señas,NO,SI,Unimanual en contacto (tipo X),Cb,J,Sin especificar,Sin especificar,Sin especificar,01482_cartagena.mp4,CARTAGENA,test2,20,B1
DBLSC,LSC1,1483,ESPAÑA,SUSTANTIVO,"País soberano del suroeste de Europa, en la península ibérica. (RAE)",NO,1 seña,NO,SI,Unimanual en contacto (tipo X),Xf,Sin especificar,Sin especificar,Sin especificar,Sin especificar,01483_españa.mp4,ESPANA,test3,65,B1
DBLSC,LSC1,1484,ESTADOS UNIDOS,SUSTANTIVO,País soberano de América del Norte constituido en república federal. (RAE),NO,1 seña,NO,SI,Simétrica (tipo I),J,J,Sin especificar,Sin especificar,Sin especificar,01484_estadosuni.mp4,ESTADOS UNIDOS,test3,65,B1
UEB,LSC1,1485,ESTADOS UNIDOS 2,SUSTANTIVO,Variante de seña para Estados Unidos. (Generada Gemini),NO,1 seña,NO,SI,Unimanual en contacto (tipo X),U,Sin especificar,Sin especificar,Sin especificar,Sin especificar,01485_estadosuni.mp4,ESTADOS UNIDOS 2,test2,47,B2
UEB,LSC1,1486,ESTADOS UNIDOS 3,SUSTANTIVO,Variante morfológica de seña para Estados Unidos. (Generada Gemini),SI,2 señas,NO,SI,Unimanual en contacto (tipo X),U,J,J,Sin especificar,Sin especificar,01486_estadosuni.mp4,ESTADOS UNIDOS 3,test4,74,B1
DBLSC,LSC1,1487,EUROPA,SUSTANTIVO,"Continente situado en el hemisferio norte, al oeste de Asia. (RAE)",NO,1 seña,NO,SI,Unimanual (tipo 0),G,Sin especificar,Sin especificar,Sin especificar,Sin especificar,01487_europa.mp4,EUROPA,test2,28,B1
UEB,LSC1,1488,EUROPA 2,SUSTANTIVO,Variante de seña para el continente europeo. (Generada Gemini),SI,2 señas,NO,SI,Unimanual (tipo 0),G,J,Sin especificar,Sin especificar,Sin especificar,01488_europa2.mp4,EUROPA 2,test2,47,B2
DBLSC,LSC1,1489,MEDELLÍN,SUSTANTIVO,"Ciudad colombiana, capital del departamento de Antioquia. (Generada Gemini)",NO,1 seña,NO,SI,Unimanual en contacto (tipo X),Be,Sin especificar,Sin especificar,Sin especificar,Sin especificar,01489_medellin.mp4,MEDELLIN,test1,78,B2
DBLSC,LSC0,1490,MUNDO,SUSTANTIVO,"Conjunto de todas las cosas creadas, la Tierra o el género humano. (RAE)",NO,1 seña,NO,SI,Asimétrica (tipo III),W,W,Sin especificar,Sin especificar,Sin especificar,01490_mundo1.mp4,MUNDO,test2,2,A2
UEB,LSC0,1491,MUNDO 2,SUSTANTIVO,Variante de seña para el planeta o globo terráqueo. (Generada Gemini),NO,1 seña,NO,SI,Simétrica (tipo I),J,J,Sin especificar,Sin especificar,Sin especificar,01491_mundo2.mp4,MUNDO 2,test2,2,A2
DBLSC,LSC1,1492,PANAMÁ,SUSTANTIVO,País soberano situado en el istmo que une América Central y del Sur. (RAE),NO,1 seña,NO,SI,Simétrica (tipo I),B,B,Sin especificar,Sin especificar,Sin especificar,01492_panama.mp4,PANAMA,test3,65,B1
DBLSC,LSC1,1493,PERÚ,SUSTANTIVO,País soberano de América del Sur situado en la parte occidental. (RAE),NO,1 seña,NO,SI,Unimanual en contacto (tipo X),V,Sin especificar,Sin especificar,Sin especificar,Sin especificar,01493_peru.mp4,PERU,test3,65,B1
DBLSC,LSC1,1494,VENEZUELA,SUSTANTIVO,País soberano de América del Sur con costa en el mar Caribe. (RAE),NO,1 seña,NO,SI,Unimanual en contacto (tipo X),V,Sin especificar,Sin especificar,Sin especificar,Sin especificar,01494_venezuela1.mp4,VENEZUELA,test1,66,B1
UEB,LSC1,1495,VENEZUELA 2,SUSTANTIVO,Variante de seña para Venezuela. (Generada Gemini),NO,1 seña,NO,SI,Unimanual en contacto (tipo X),V,Sin especificar,Sin especificar,Sin especificar,Sin especificar,01495_venezuela2.mp4,VENEZUELA 2,test3,45,B1
DBLSC,LSC0,1496,ALTO,ADJETIVO,Que tiene una altura superior a la media o a lo normal. (RAE),NO,1 seña,NO,SI,Unimanual (tipo 0),J,Sin especificar,Sin especificar,Sin especificar,Sin especificar,01496_alto1.mp4,ALTO,test2,12,A1
UEB,LSC0,1497,ALTO 2,ADJETIVO,Variante de seña para expresar estatura o elevación física. (Generada Gemini),NO,1 seña,NO,SI,Unimanual (tipo 0),Cf,Sin especificar,Sin especificar,Sin especificar,Sin especificar,01497_alto2.mp4,ALTO 2,test2,85,A2
DBLSC,LSC0,1498,ANGOSTO,ADJETIVO,Estrecho o reducido en anchura. (RAE),NO,1 seña,NO,SI,Simétrica (tipo I),B,B,Sin especificar,Sin especificar,Sin especificar,01498_angosto.mp4,ANGOSTO,test1,31,A2
DBLSC,LSC0,1499,BUENO,ADJETIVO,"Que tiene bondad, calidad superior o utilidad deseable. (RAE)",NO,1 seña,NO,SI,Semi-simétrica (tipo II),Bl,Bl,Sin especificar,Sin especificar,Sin especificar,01499_bueno1.mp4,BUENO,test3,74,A1
UEB,LSC0,1500,BUENO 2,ADJETIVO,"Variante de seña para expresar calidad, bondad o aprobación. (Generada Gemini)",NO,1 seña,NO,SI,Unimanual (tipo 0),A,Sin especificar,Sin especificar,Sin especificar,Sin especificar,01500_bueno2.mp4,BUENO 2,test2,6,A2
UEB,LSC0,1501,BUENO 3,ADJETIVO,Variante de seña para señalar algo positivo o adecuado. (Generada Gemini),NO,1 seña,NO,SI,Simétrica (tipo I),J,J,Sin especificar,Sin especificar,Sin especificar,01501_bueno3.mp4,BUENO 3,test3,61,A1
DBLSC,LSC0,1502,CORTO,ADJETIVO,De poca longitud o duración. (RAE),NO,1 seña,NO,SI,Semi-simétrica (tipo II),P,P,Sin especificar,Sin especificar,Sin especificar,01502_corto1.mp4,CORTO,test3,1,A2
UEB,LSC0,1503,CORTO 2,ADJETIVO,Variante de seña para indicar dimensión breve o de escasa longitud. (Generada Gemini),NO,1 seña,NO,SI,Semi-simétrica (tipo II),P,P,Sin especificar,Sin especificar,Sin especificar,01503_corto2.mp4,CORTO 2,test2,85,A2
DBLSC,LSC0,1504,COSA,SUSTANTIVO,"Entidad inanimada, objeto u asunto abstracto o concreto. (RAE)",NO,1 seña,NO,SI,Simétrica (tipo I),J,J,Sin especificar,Sin especificar,Sin especificar,01504_cosa.mp4,COSA,test2,56,A1
DBLSC,LSC0,1505,DAÑADO,ADJETIVO,"Deteriorado, estropeado o en mal estado. (RAE)",NO,1 seña,NO,SI,Simétrica (tipo I),S,S,Sin especificar,Sin especificar,Sin especificar,01505_dañado.mp4,DANADO,test1,50,A1
DBLSC,LSC0,1506,FINO,ADJETIVO,"Delicado, de buena calidad, delgado o de textura suave. (RAE)",SI,2 señas,NO,SI,Unimanual en contacto (tipo X),Ok,Sin especificar,Sin especificar,Sin especificar,Sin especificar,01506_fino.mp4,FINO,test2,23,A1
DBLSC,LSC0,1507,FRÍO,ADJETIVO,Que tiene una temperatura reducida o inferior a la normal. (RAE),NO,1 seña,NO,SI,Simétrica (tipo I),S,S,Sin especificar,Sin especificar,Sin especificar,01507_frio.mp4,FRIO,test1,20,A2
DBLSC,LSC0,1508,LARGO,ADJETIVO,Que tiene una longitud o duración extensa. (RAE),NO,1 seña,NO,SI,Semi-simétrica (tipo II),P,P,Sin especificar,Sin especificar,Sin especificar,01508_largo1.mp4,LARGO,test3,1,A2
UEB,LSC0,1509,LARGO 2,ADJETIVO,Variante de seña para indicar extensión en el espacio o tiempo. (Generada Gemini),NO,1 seña,NO,SI,Semi-simétrica (tipo II),P,P,Sin especificar,Sin especificar,Sin especificar,01509_largo2.mp4,LARGO 2,test3,13,A2
DBLSC,LSC0,1510,PARECIDO,ADJETIVO,Que tiene semejanza o similitud con algo o alguien. (RAE),NO,1 seña,NO,SI,Unimanual en contacto (tipo X),J,Sin especificar,Sin especificar,Sin especificar,Sin especificar,01510_parecido1.mp4,PARECIDO,test4,80,A1
UEB,LSC0,1511,PARECIDO 2,ADJETIVO,Variante de seña para denotar semejanza o analogía. (Generada Gemini),SI,2 señas,NO,SI,Unimanual en contacto (tipo X),L,Vc,Sin especificar,Sin especificar,Sin especificar,01511_parecido2.mp4,PARECIDO 2,test4,11,A2
DBLSC,LSC0,1512,PELIGROSO,ADJETIVO,"Que involucra riesgo, amenaza o peligro de daño. (RAE)",NO,1 seña,NO,SI,Semi-simétrica (tipo II),V,V,Sin especificar,Sin especificar,Sin especificar,01512_peligroso.mp4,PELIGROSO,test2,58,A1
DBLSC,LSC0,1513,PESADO,ADJETIVO,Que tiene mucho peso o gravedad. / Aburrido o molesto. (RAE),NO,1 seña,NO,SI,Simétrica (tipo I),S,S,Sin especificar,Sin especificar,Sin especificar,01513_pesado.mp4,PESADO,test4,10,A2
UEB,LSC0,1514,PESADO 2,ADJETIVO,Variante de seña para denotar gran peso físico o dificultad. (Generada Gemini),NO,1 seña,NO,SI,Simétrica (tipo I),J,J,Sin especificar,Sin especificar,Sin especificar,01514_pesado2.mp4,PESADO 2,test2,85,A2
DBLSC,LSC0,1515,VACÍO,SUSTANTIVO,Falto de contenido físico o que no tiene nada en su interior. (RAE),NO,1 seña,NO,SI,Asimétrica (tipo III),B,Bl,Sin especificar,Sin especificar,Sin especificar,01515_vacio.mp4,VACIO,test4,3,A2
UEB,LSC0,1516,VACÍO 2,SUSTANTIVO,Variante de seña para ausencia de contenido o espacio desocupado. (Generada Gemini),NO,1 seña,NO,SI,Simétrica (tipo I),Bl,Bl,Sin especificar,Sin especificar,Sin especificar,01516_vacio2.mp4,VACIO 2,test1,69,A2
DBLSC,LSC0,1517,VIEJO,ADJETIVO,"De edad avanzada, antiguo o con mucho tiempo de uso. (RAE)",NO,1 seña,NO,SI,Unimanual en contacto (tipo X),S,Sin especificar,Sin especificar,Sin especificar,Sin especificar,01517_viejo.mp4,VIEJO,test2,56,A1
UEB,LSC0,1518,VIEJO 2,ADJETIVO,Variante de seña para denotar ancianidad o antigüedad de un objeto. (Generada Gemini),NO,1 seña,NO,SI,Simétrica (tipo I),J,J,G,G,Sin especificar,01518_viejo2.mp4,VIEJO 2,test3,13,A2
DBLSC,LSC0,1519,COLOR,SUSTANTIVO,Sensación producida por los rayos luminosos sobre los órganos visuales. (RAE),NO,1 seña,NO,SI,Unimanual en contacto (tipo X),J,Sin especificar,Sin especificar,Sin especificar,Sin especificar,01519_color.mp4,COLOR,test4,44,A2
DBLSC,LSC1,1520,ALCOHOLISMO,ADJETIVO,Adicción o dependencia patológica respecto de las bebidas alcohólicas. (RAE),NO,1 seña,NO,SI,Semi-simétrica (tipo II),A,A,Sin especificar,Sin especificar,Sin especificar,01520_alcoholism.mp4,ALCOHOLISMO,test2,68,B1
UEB,LSC1,1521,ALCOHOLISMO 2,ADJETIVO,Variante de seña para el hábito o trastorno por consumo de alcohol. (Generada Gemini),NO,1 seña,NO,SI,Unimanual (tipo 0),A,Sin especificar,Sin especificar,Sin especificar,Sin especificar,01521_alcoholism.mp4,ALCOHOLISMO 2,test2,68,B1
UEB,LSC1,1522,ALCOHOLISMO 3,ADJETIVO,Variante morfológica de seña para la adicción al alcohol. (Generada Gemini),SI,2 señas,NO,SI,Semi-simétrica (tipo II),L,L,Sin especificar,Sin especificar,Sin especificar,01522_alcoholism.mp4,ALCOHOLISMO 3,test2,68,B1
DBLSC,LSC1,1523,SECRETO,SUSTANTIVO,Cosa que se mantiene oculta y fuera del conocimiento general. (RAE),NO,1 seña,NO,SI,Unimanual en contacto (tipo X),Tb,Sin especificar,Sin especificar,Sin especificar,Sin especificar,01523_secreto.mp4,SECRETO,test3,82,B2
UEB,LSC1,1524,SECRETO 2,SUSTANTIVO,Variante de seña para confidencia o asunto reservado. (Generada Gemini),NO,1 seña,NO,SI,Unimanual en contacto (tipo X),G,S,Sin especificar,Sin especificar,Sin especificar,01524_secreto2.mp4,SECRETO 2,test2,47,B2
DBLSC,LSC0,1525,¡QUÉ ALIVIO!,FUNCION,Expresión para manifestar descanso o tranquilidad tras una tensión o preocupación. (Generada Gemini),NO,1 seña,NO,SI,Simétrica (tipo I),B,B,Sin especificar,Sin especificar,Sin especificar,01525_quealivio.mp4,QUE ALIVIO!,test2,39,A1
DBLSC,LSC0,1526,INSULTAR,VERBO,Ofender a alguien con palabras o acciones despectivas. (RAE),SI,2 señas,NO,SI,Asimétrica (tipo III),Tc,J,Sin especificar,Sin especificar,Sin especificar,01526_insultar.mp4,INSULTAR,test1,64,A1
FENASCOL I,LSC0,1527,¿TU NOMBRE?,FUNCION,Pregunta dirigida a un interlocutor para solicitar la identificación de su nombre propio. (Generada Gemini),SI,2 señas,NO,SI,Unimanual (tipo 0),H,H,Sin especificar,Sin especificar,Sin especificar,01527_tunombre.mp4,TU NOMBRE?,test3,35,A1
FENASCOL I,LSC0,1528,¿TU SEÑA?,FUNCION,Pregunta de la comunidad sorda para solicitar el nombre en señas (sign-name) de una persona. (Generada Gemini),SI,2 señas,NO,SI,Unimanual (tipo 0),J,J,Sin especificar,Sin especificar,Sin especificar,01528_tuseña.mp4,TU SENA?,test4,40,A1
FENASCOL I,LSC0,1529,ACABAR 1,VERBO,"Dar fin, poner término o consumir por completo algo. (RAE)",NO,1 seña,NO,SI,Simétrica (tipo I),J,J,Q,Q,Sin especificar,01529_acabar.mp4,ACABAR 1,test2,56,A1
FENASCOL I,LSC0,1530,ACABAR 2,VERBO,Variante de seña para la conclusión o finalización completa de una acción. (Generada Gemini),NO,1 seña,NO,SI,Semi-simétrica (tipo II),P,P,Sin especificar,Sin especificar,Sin especificar,01530_acabar2.mp4,ACABAR 2,test1,22,A2
UEB,LSC0,1531,ACABAR 3,VERBO,"Variante de seña para rematar, extinguir o concluir algo. (Generada Gemini)",SI,2 señas,NO,SI,Semi-simétrica (tipo II),J,J,Sin especificar,Sin especificar,Sin especificar,01531_acabar3.mp4,ACABAR 3,test1,15,A1
FENASCOL I,LSC0,1532,ACLARACIÓN,SUSTANTIVO,Acción y efecto de aclarar o dar explicaciones para resolver una duda. (RAE),NO,1 seña,NO,SI,Simétrica (tipo I),S,S,J,J,Sin especificar,01532_aclaracion.mp4,ACLARACION,test3,50,A2
FENASCOL I,LSC0,1533,AL LADO,SUSTANTIVO,En un lugar contiguo o cercano a otro. (RAE),NO,1 seña,NO,SI,Unimanual (tipo 0),Bl,Sin especificar,Sin especificar,Sin especificar,Sin especificar,01533_allado.mp4,AL LADO,test1,71,A1
FENASCOL I,LSC1,1534,ALMACÉN,SUSTANTIVO,Local o edificio donde se guardan o mercadean cosas. (RAE),NO,1 seña,NO,SI,Semi-simétrica (tipo II),Bl,Bl,Sin especificar,Sin especificar,Sin especificar,01534_almacen.mp4,ALMACEN,test4,14,B2
FENASCOL I,LSC1,1535,ALMUERZO,SUSTANTIVO,Comida principal del mediodía. (RAE),SI,2 señas,NO,SI,Asimétrica (tipo III),B,Q,Sin especificar,Sin especificar,Sin especificar,01535_almuerzo.mp4,ALMUERZO,test2,18,B1
UEB,LSC1,1536,ALMUERZO 2,SUSTANTIVO,Variante de seña para el alimento o comida del mediodía. (Generada Gemini),NO,1 seña,NO,SI,Unimanual en contacto (tipo X),W,Sin especificar,Sin especificar,Sin especificar,Sin especificar,01536_almuerzo2.mp4,ALMUERZO 2,test2,18,B1
FENASCOL I,LSC0,1537,AMARILLO,SUSTANTIVO,De color semejante al del oro o la yema de huevo. (RAE),NO,1 seña,NO,SI,Unimanual (tipo 0),J,Sin especificar,Sin especificar,Sin especificar,Sin especificar,01537_amarillo.mp4,AMARILLO,test1,29,A2
FENASCOL I,LSC1,1538,AMBICIOSO,ADJETIVO,Que tiene ambición o deseo ardiente de conseguir algo grande o importante. (RAE),NO,1 seña,NO,SI,Unimanual (tipo 0),Q,Sin especificar,Sin especificar,Sin especificar,Sin especificar,01538_ambicioso.mp4,AMBICIOSO,test4,25,B2
FENASCOL I,LSC0,1539,ANARANJADO,ADJETIVO,De color semejante al de la naranja. (RAE),NO,1 seña,NO,SI,Unimanual en contacto (tipo X),S,Sin especificar,Sin especificar,Sin especificar,Sin especificar,01539_anaranjado.mp4,ANARANJADO,test1,29,A2
FENASCOL I,LSC0,1540,ANCHO,ADJETIVO,Que tiene una dimensión transversal holgada o superior a la media. (RAE),NO,1 seña,NO,SI,Semi-simétrica (tipo II),B,B,Sin especificar,Sin especificar,Sin especificar,01540_ancho.mp4,ANCHO,test1,31,A2
FENASCOL I,LSC0,1541,ANTES,FUNCION,En tiempo o prioridad anterior a otro suceso o momento. (RAE),NO,1 seña,NO,SI,Asimétrica (tipo III),S,Bl,Sin especificar,Sin especificar,Sin especificar,01541_antes.mp4,ANTES,test1,55,A1
FENASCOL I,LSC0,1542,APRETADO,ADJETIVO,"Estrecho, ajustado o comprimido con fuerza. (RAE)",NO,1 seña,NO,SI,Simétrica (tipo I),S,Sin especificar,Sin especificar,Sin especificar,Sin especificar,01542_apretado.mp4,APRETADO,test3,70,A2
FENASCOL I,LSC1,1543,ARAÑA,SUSTANTIVO,Arácnido de cuatro pares de patas y glándulas venenosas que teje redes. (RAE),NO,1 seña,NO,SI,Unimanual (tipo 0),G,Sin especificar,Sin especificar,Sin especificar,Sin especificar,01543_araña.mp4,ARANA,test3,15,B1
FENASCOL I,LSC1,1544,ARRUGADO,ADJETIVO,"Que tiene arrugas, pliegues o deslucimiento en la superficie. (RAE)",NO,1 seña,SI,SI,Asimétrica (tipo III),C,G,O,Sin especificar,Sin especificar,01544_arrugado.mp4,ARRUGADO,test1,17,B2
FENASCOL I,LSC1,1545,ATRASADO,ADJETIVO,"Que se halla retrasado en el tiempo, marcha o desarrollo. (RAE)",NO,1 seña,NO,SI,Unimanual (tipo 0),Bl,Sin especificar,Sin especificar,Sin especificar,Sin especificar,01545_atrasado.mp4,ATRASADO,test4,32,B1
FENASCOL I,LSC0,1546,AYUDAR,VERBO,"Prestar auxilio, socorro o cooperación para un fin. (RAE)",NO,1 seña,NO,SI,Asimétrica (tipo III),Bl,A,Sin especificar,Sin especificar,Sin especificar,01546_ayudar.mp4,AYUDAR,test4,68,A2
FENASCOL I,LSC0,1547,AZUL,SUSTANTIVO,De color semejante al del cielo despejado o al del mar profundo. (RAE),NO,1 seña,NO,SI,Unimanual (tipo 0),Y,Sin especificar,Sin especificar,Sin especificar,Sin especificar,01547_azul.mp4,AZUL,test4,60,A2
FENASCOL I,LSC1,1548,BALLENA,SUSTANTIVO,Mamífero cetáceo marino de gran tamaño que vive en los océanos. (RAE),NO,1 seña,NO,SI,Unimanual en contacto (tipo X),O,Gl,Sin especificar,Sin especificar,Sin especificar,01548_ballena.mp4,BALLENA,test1,21,B1
FENASCOL I,LSC0,1549,BLANCO,SUSTANTIVO,De color semejante a la nieve o a la leche. (RAE),NO,1 seña,NO,SI,Unimanual (tipo 0),L,Sin especificar,Sin especificar,Sin especificar,Sin especificar,01549_blanco.mp4,BLANCO,test1,29,A2
FENASCOL I,LSC1,1550,BRASSIER,SUSTANTIVO,Sujetador o prenda interior femenina para sostener el pecho. (RAE),NO,1 seña,NO,SI,Simétrica (tipo I),L,Sin especificar,Sin especificar,Sin especificar,Sin especificar,01550_brassier.mp4,BRASSIER,test2,25,B1
FENASCOL I,LSC1,1551,BRILLANTE,ADJETIVO,Que brilla o destaca extraordinariamente por su inteligencia o acabado. (RAE),NO,1 seña,NO,SI,Semi-simétrica (tipo II),N,Sin especificar,Sin especificar,Sin especificar,Sin especificar,01551_brillante.mp4,BRILLANTE,test4,25,B2
UEB,LSC1,1552,BRILLANTE 2,ADJETIVO,Variante de seña para objeto refulgente o persona de ingenio sobresaliente. (Generada Gemini),NO,1 seña,NO,SI,Simétrica (tipo I),N,Sin especificar,Sin especificar,Sin especificar,Sin especificar,01552_brillante2.mp4,BRILLANTE 2,test2,47,B2
FENASCOL I,LSC0,1553,BROMEAR,VERBO,"Hacer o decir bromas, chanzas o burlas amables. (RAE)",SI,2 señas,NO,SI,Compuestas (tipo C),X,S,Sin especificar,Sin especificar,Sin especificar,01553_bromear.mp4,BROMEAR,test3,54,A2
UEB,LSC0,1554,BROMEAR 2,VERBO,Variante de seña para la acción de chancear o gastar bromas. (Generada Gemini),NO,1 seña,NO,SI,Unimanual (tipo 0),S,Sin especificar,Sin especificar,Sin especificar,Sin especificar,01554_bromear2.mp4,BROMEAR 2,test2,6,A2
UEB,LSC0,1555,BROMEAR 3,VERBO,Variante morfológica de seña para chacotear o bromear. (Generada Gemini),SI,2 señas,NO,SI,Compuestas (tipo C),X,G,Sin especificar,Sin especificar,Sin especificar,01555_bromear3.mp4,BROMEAR 3,test4,6,A1
FENASCOL I,LSC1,1556,BUÑUELO,SUSTANTIVO,"Masa de harina frita de forma redondeada, esponjosa y tradicional en Colombia. (RAE)",NO,1 seña,NO,SI,Semi-simétrica (tipo II),Qf,Sin especificar,Sin especificar,Sin especificar,Sin especificar,01556_buñuelo.mp4,BUNUELO,test3,52,B1
FENASCOL I,LSC1,1557,BURRO,SUSTANTIVO,"Mamífero solípedo, más pequeño que el caballo, de orejas largas. (RAE)",NO,1 seña,NO,SI,Simétrica (tipo I),Be,Sin especificar,Sin especificar,Sin especificar,Sin especificar,01557_burro.mp4,BURRO,test1,21,B1
FENASCOL I,LSC1,1558,CABALLO,SUSTANTIVO,"Mamífero perisodáctilo de gran tamaño, crin larga y pezuñas no hendidas. (RAE)",NO,1 seña,NO,SI,Asimétrica (tipo III),H,Vl,Sin especificar,Sin especificar,Sin especificar,01558_caballo.mp4,CABALLO,test1,21,B1
FENASCOL I,LSC1,1559,CABRA,SUSTANTIVO,Mamífero rumiante de cuernos ahuecados hacia atrás y pelo áspero. (RAE),NO,1 seña,NO,SI,Unimanual en contacto (tipo X),Qa,Q,Sin especificar,Sin especificar,Sin especificar,01559_cabra.mp4,CABRA,test1,21,B1
UEB,LSC1,1560,CABRA 2,SUSTANTIVO,Variante de seña para el mamífero caprino (cabra). (Generada Gemini),SI,2 señas,NO,SI,Compuestas (tipo C),Qa,Q,P,X,Sin especificar,01560_cabra2.mp4,CABRA 2,test1,1,B2
FENASCOL I,LSC0,1561,CAFE,SUSTANTIVO,Bebida estimulante o color castaño oscuro. (RAE),NO,1 seña,NO,SI,Unimanual en contacto (tipo X),Tb,Sin especificar,Sin especificar,Sin especificar,Sin especificar,01561_cafe.mp4,CAFE,test4,59,A1
FENASCOL I,LSC1,1562,CAFE  TINTO,SUSTANTIVO,Bebida de café negro sin leche preparada en infusión. (Generada Gemini),NO,1 seña,NO,SI,Asimétrica (tipo III),Tb,Bl,Sin especificar,Sin especificar,Sin especificar,01562_cafetinto.mp4,CAFE TINTO,test1,55,B1
FENASCOL I,LSC1,1563,CALDO,SUSTANTIVO,Líquido resultante de la cocción de alimentos en agua. (RAE),NO,1 seña,NO,SI,Semi-simétrica (tipo II),Bl,Sin especificar,Sin especificar,Sin especificar,Sin especificar,01563_caldo.mp4,CALDO,test2,10,B1
FENASCOL I,LSC0,1564,CALIENTE,SUSTANTIVO,Que tiene o imparte una temperatura elevada. (RAE),NO,1 seña,NO,SI,Unimanual (tipo 0),G,Sin especificar,Sin especificar,Sin especificar,Sin especificar,01564_caliente.mp4,CALIENTE,test2,56,A1
FENASCOL I,LSC1,1565,CAMELLO,SUSTANTIVO,Mamífero artiodáctilo de gran tamaño con una o dos jorobas adaptado a zonas áridas. (RAE),NO,1 seña,NO,SI,Unimanual (tipo 0),B,Sin especificar,Sin especificar,Sin especificar,Sin especificar,01565_camello.mp4,CAMELLO,test1,21,B1
FENASCOL I,LSC1,1566,CANGREJO,SUSTANTIVO,Crustáceo decápodo con patas delanteras en forma de pinzas. (RAE),NO,1 seña,NO,SI,Simétrica (tipo I),Xc,Ob,Sin especificar,Sin especificar,Sin especificar,01566_cangrejo.mp4,CANGREJO,test3,23,B1
UEB,LSC1,1567,CANGREJO 2,SUSTANTIVO,Variante de seña para el crustáceo decápodo (cangrejo). (Generada Gemini),NO,1 seña,NO,SI,Simétrica (tipo I),Vc,XXc,Sin especificar,Sin especificar,Sin especificar,01567_cangrejo2.mp4,CANGREJO 2,test1,21,B2
FENASCOL I,LSC1,1568,CANGURO,SUSTANTIVO,Mamífero marsupial australiano de patas traseras muy desarrolladas para dar saltos. (RAE),NO,1 seña,NO,SI,Simétrica (tipo I),B,Sin especificar,Sin especificar,Sin especificar,Sin especificar,01568_canguro.mp4,CANGURO,test1,21,B1
FENASCOL I,LSC1,1569,CARACOL,SUSTANTIVO,Molusco gasterópodo provisto de una concha espiral. (RAE),NO,1 seña,NO,SI,Asimétrica (tipo III),B,XX,Sin especificar,Sin especificar,Sin especificar,01569_caracol.mp4,CARACOL,test4,60,B1
FENASCOL I,LSC1,1570,CARÁCTER,SUSTANTIVO,Conjunto de cualidades o rasgos psicológicos que distinguen a una persona. (RAE),NO,1 seña,NO,SI,Simétrica (tipo I),B,Sin especificar,Sin especificar,Sin especificar,Sin especificar,01570_caracter.mp4,CARACTER,test1,28,B2
FENASCOL I,LSC1,1571,CASA GRANDE,SUSTANTIVO,Edificación residencial de amplias dimensiones. (Generada Gemini),NO,1 seña,NO,SI,Asimétrica (tipo III),S,X,Sin especificar,Sin especificar,Sin especificar,01571_casagrande.mp4,CASA GRANDE,test4,3,B1
FENASCOL I,LSC1,1572,CASA PEQUEÑA,SUSTANTIVO,Edificación residencial de dimensiones reducidas o compacta. (Generada Gemini),NO,1 seña,NO,SI,Simétrica (tipo I),B,Sin especificar,Sin especificar,Sin especificar,Sin especificar,01572_casapequen.mp4,CASA PEQUENA,test4,3,B1
FENASCOL I,LSC0,1573,CASÍ,FUNCION,"Cerca de, aproximadamente o a punto de suceder algo. (RAE)",NO,1 seña,NO,SI,Unimanual (tipo 0),Xf,A,Sin especificar,Sin especificar,Sin especificar,01573_casi.mp4,CASI,test1,55,A1
FENASCOL I,LSC1,1574,CATÓLICO,SUSTANTIVO,Perteneciente o relativo a la Iglesia católica. (RAE),NO,1 seña,NO,SI,Unimanual en contacto (tipo X),H,Sin especificar,Sin especificar,Sin especificar,Sin especificar,01574_catolico.mp4,CATOLICO,test3,87,B1
FENASCOL I,LSC1,1575,CEBOLLA,SUSTANTIVO,Planta hortense de bulbo comestible de olor fuerte y sabor picante. (RAE),NO,1 seña,NO,SI,Asimétrica (tipo III),Q,B,Sin especificar,Sin especificar,Sin especificar,01575_cebolla.mp4,CEBOLLA,test2,49,B1
UEB,LSC1,1576,Sin especificar,SUSTANTIVO,Sin especificar,NO,1 seña,NO,SI,Sin especificar,Sin especificar,Sin especificar,Sin especificar,Sin especificar,Sin especificar,01576_cebolla2.mp4,Sin especificar,test1,19,B2
FENASCOL I,LSC1,1577,CENTRO,SUSTANTIVO,Punto equidistante de los límites de una figura o zona urbana principal. (RAE),NO,1 seña,NO,SI,Semi-simétrica (tipo II),Bl,Sin especificar,Sin especificar,Sin especificar,Sin especificar,01577_centro.mp4,CENTRO,test2,34,B2
UEB,LSC1,1578,CENTRO 2,SUSTANTIVO,Variante de seña para núcleo urbano o zona céntrica. (Generada Gemini),NO,1 seña,NO,SI,Semi-simétrica (tipo II),J,Sin especificar,Sin especificar,Sin especificar,Sin especificar,01578_centro2.mp4,CENTRO 2,test3,35,B2
UEB,LSC1,1579,CENTRO 3,SUSTANTIVO,Variante morfológica para centro o núcleo. (Generada Gemini),SI,2 señas,NO,SI,Asimétrica (tipo III),Bl,G,Sin especificar,Sin especificar,Sin especificar,01579_centro3.mp4,CENTRO 3,test3,35,B2
FENASCOL I,LSC1,1580,CIVIL,SUSTANTIVO,Perteneciente a la ciudadanía o no militar ni eclesiástico. (RAE),NO,1 seña,NO,SI,Semi-simétrica (tipo II),Xc,Sin especificar,Sin especificar,Sin especificar,Sin especificar,01580_civil.mp4,CIVIL,test1,59,B2
UEB,LSC1,1581,CIVIL 2,SUSTANTIVO,Variante de seña para la condición de ciudadano o ámbito civil. (Generada Gemini),NO,1 seña,NO,SI,Semi-simétrica (tipo II),Xc,Sin especificar,Sin especificar,Sin especificar,Sin especificar,01581_civil2.mp4,CIVIL 2,test1,59,B2
FENASCOL I,LSC0,1582,CLARO,ADJETIVO,"Que tiene luz o es inteligible, transparente o poco denso. (RAE)",NO,1 seña,NO,SI,Simétrica (tipo I),S,J,Sin especificar,Sin especificar,Sin especificar,01582_claro.mp4,CLARO,test4,60,A2
FENASCOL I,LSC1,1583,COCODRILO,SUSTANTIVO,Gran reptil semiacuático de mandíbulas potentes y piel escamosa. (RAE),NO,1 seña,NO,SI,Simétrica (tipo I),G,Sin especificar,Sin especificar,Sin especificar,Sin especificar,01583_cocodrilo.mp4,COCODRILO,test1,21,B1
FENASCOL I,LSC0,1584,COLOREAR,VERBO,Dar color a una figura o dibujo. (RAE),SI,2 señas,NO,SI,Asimétrica (tipo III),J,D,Bl,Sin especificar,Sin especificar,01584_colorear.mp4,COLOREAR,test1,29,A2
FENASCOL I,LSC0,1585,COLORES,SUSTANTIVO,Diversidad de tonalidades o matices cromáticos. (RAE),NO,1 seña,NO,SI,Unimanual en contacto (tipo X),J,Sin especificar,Sin especificar,Sin especificar,Sin especificar,01585_colores.mp4,COLORES,test1,31,A2
FENASCOL I,LSC0,1586,COMPLETO,SUSTANTIVO,Que tiene todas las partes que le corresponden; íntegro. (RAE),NO,1 seña,NO,SI,Asimétrica (tipo III),B,X,Sin especificar,Sin especificar,Sin especificar,01586_completo.mp4,COMPLETO,test2,12,A2
FENASCOL I,LSC0,1587,COMUNICACIÓN,SUSTANTIVO,Acción y efecto de transmitir y recibir información o mensajes. (RAE),NO,1 seña,NO,SI,Semi-simétrica (tipo II),C,Sin especificar,Sin especificar,Sin especificar,Sin especificar,01587_comunicaci.mp4,COMUNICACION,test2,84,A2
FENASCOL I,LSC1,1588,CONEJO,SUSTANTIVO,Mamífero lagomorfo de orejas largas y patas traseras aptas para dar saltos. (RAE),NO,1 seña,NO,SI,Simétrica (tipo I),V,XX,Sin especificar,Sin especificar,Sin especificar,01588_conejo.mp4,CONEJO,test1,21,B1
FENASCOL I,LSC0,1589,CONFUSO,SUSTANTIVO,"Mezclado, oscuro, perplejo o difícil de distinguir. (RAE)",NO,1 seña,NO,SI,Semi-simétrica (tipo II),J,Sin especificar,Sin especificar,Sin especificar,Sin especificar,01589_confuso.mp4,CONFUSO,test4,10,A2
FENASCOL I,LSC1,1590,CONTADO,SUSTANTIVO,Que ha sido objeto de cómputo numérico o dicho de manera restringida. (RAE),NO,1 seña,NO,SI,Unimanual (tipo 0),Xt,J,Sin especificar,Sin especificar,Sin especificar,01590_contado.mp4,CONTADO,test3,82,B2
FENASCOL I,LSC0,1591,CONTAR  INFORMACION,VERBO,"Acción de transmitir relatos, datos o noticias a otra persona. (Generada Gemini)",NO,1 seña,NO,SI,Semi-simétrica (tipo II),J,Sin especificar,Sin especificar,Sin especificar,Sin especificar,01591_contarinfo.mp4,CONTAR INFORMACION,test3,45,A2
UEB,LSC0,1592,CONTAR,VERBO,Enumerar o computar unidades o contar un relato. (RAE),NO,1 seña,NO,SI,Unimanual (tipo 0),S,I,Okf,Je,Sin especificar,01592_contar.mp4,CONTAR,test2,56,A1
UEB,LSC0,1593,CONTAR 2,VERBO,Variante de seña para enumerar o relatar información. (Generada Gemini),NO,1 seña,NO,SI,Unimanual (tipo 0),P,Sin especificar,Sin especificar,Sin especificar,Sin especificar,01593_contar2.mp4,CONTAR 2,test1,69,A2
FENASCOL I,LSC0,1594,CONTENTO,ADJETIVO,"Alegre, satisfecho o complacido. (RAE)",NO,1 seña,NO,SI,Simétrica (tipo I),Bl,Sin especificar,Sin especificar,Sin especificar,Sin especificar,01594_contento.mp4,CONTENTO,test2,56,A1
FENASCOL I,LSC0,1595,CONTRA,FUNCION,"Que denota oposición, resistencia o contrariedad. (RAE)",NO,1 seña,NO,SI,Semi-simétrica (tipo II),Bl,Sin especificar,Sin especificar,Sin especificar,Sin especificar,01595_contra.mp4,CONTRA,test1,50,A1
FENASCOL I,LSC1,1596,CORREA,SUSTANTIVO,Tira de cuero u otro material flexible para ceñir o sujetar. (RAE),NO,1 seña,NO,SI,Simétrica (tipo I),Xc,Sin especificar,Sin especificar,Sin especificar,Sin especificar,01596_correa.mp4,CORREA,test1,74,B2
FENASCOL I,LSC0,1597,CORRECTO,SUSTANTIVO,"Conforme a las reglas, libre de errores o adecuado. (RAE)",NO,1 seña,NO,SI,Semi-simétrica (tipo II),P,Sin especificar,Sin especificar,Sin especificar,Sin especificar,01597_correcto.mp4,CORRECTO,test3,83,A1
UEB,LSC0,1598,NO ES CORRECTO,SUSTANTIVO,Expresión de rechazo o disconformidad por falta de corrección o verdad. (Generada Gemini),NO,1 seña,NO,SI,Semi-simétrica (tipo II),P,Sin especificar,Sin especificar,Sin especificar,Sin especificar,01598_noescorrec.mp4,NO ES CORRECTO,test2,6,A2
FENASCOL I,LSC1,1599,CORRER,VERBO,Desplazarse rápidamente a pie con pasos acelerados. (RAE),NO,1 seña,NO,SI,Semi-simétrica (tipo II),J,Sin especificar,Sin especificar,Sin especificar,Sin especificar,01599_correr.mp4,CORRER,test3,2,B1
UEB,LSC1,1600,CORRER 2,VERBO,Variante de seña para la acción de desplazarse a veloz carrera. (Generada Gemini),NO,1 seña,NO,SI,Semi-simétrica (tipo II),S,Sin especificar,Sin especificar,Sin especificar,Sin especificar,01600_correr2.mp4,CORRER 2,test3,70,B2
FENASCOL I,LSC0,1601,COSTUMBRE,SUSTANTIVO,Práctica habitual de una persona o colectividad. (RAE),NO,1 seña,NO,SI,Unimanual en contacto (tipo X),Be,Sin especificar,Sin especificar,Sin especificar,Sin especificar,01601_costumbre.mp4,COSTUMBRE,test4,68,A2
UEB,LSC1,1602,MALA COSTUMBRE,SUSTANTIVO,"Hábito o práctica perjudicial, inadecuada o reprobable. (Generada Gemini)",NO,1 seña,NO,SI,Unimanual en contacto (tipo X),Be,Sin especificar,Sin especificar,Sin especificar,Sin especificar,01602_malacostum.mp4,MALA COSTUMBRE,test3,41,B2
FENASCOL I,LSC0,1603,CUALQUIERA,ADVERBIO,Persona o cosa indeterminada entre varias. (RAE),NO,1 seña,NO,SI,Simétrica (tipo I),J,Sin especificar,Sin especificar,Sin especificar,Sin especificar,01603_cualquiera.mp4,CUALQUIERA,test4,80,A1
UEB,LSC0,1604,COMO QUIERA.,FUNCION,"De cualquier modo, forma o sin exigir condiciones estrictas. (Generada Gemini)",NO,1 seña,NO,SI,Simétrica (tipo I),J,G,Sin especificar,Sin especificar,Sin especificar,01604_comoquiera.mp4,COMO QUIERA.,test1,51,A1
FENASCOL I,LSC1,1605,CUCARACHA,SUSTANTIVO,Insecto ortóptero de cuerpo aplastado y color café u oscuro. (RAE),NO,1 seña,NO,SI,Unimanual (tipo 0),Gl,Sin especificar,Sin especificar,Sin especificar,Sin especificar,01605_cucaracha.mp4,CUCARACHA,test4,69,B1
UEB,LSC1,1606,CUCARACHA 2,SUSTANTIVO,Variante de seña para el insecto blatodeo (cucaracha). (Generada Gemini),NO,1 seña,NO,SI,Semi-simétrica (tipo II),B,Sin especificar,Sin especificar,Sin especificar,Sin especificar,01606_cucaracha2.mp4,CUCARACHA 2,test4,44,B2
FENASCOL I,LSC1,1607,CULEBRA,SUSTANTIVO,Serpiente no venenosa o término genérico para reptiles ofidios. (RAE),NO,1 seña,NO,SI,Unimanual (tipo 0),XX,Sin especificar,Sin especificar,Sin especificar,Sin especificar,01607_culebra.mp4,CULEBRA,test1,21,B1
FENASCOL I,LSC0,1608,DARSE CUENTA  PILLAR,VERBO,"Advertir, percatarse o comprender de repente algo que sucedía. (Generada Gemini)",SI,2 señas,NO,SI,Compuestas (tipo C),P,G,S,Sin especificar,Sin especificar,01608_darsecuent.mp4,DARSE CUENTA PILLAR,test3,45,A2
FENASCOL I,LSC0,1609,DE ACUERDO,SUSTANTIVO,"Expresión de conformidad, asentimiento o concordancia. (RAE)",NO,1 seña,NO,SI,Semi-simétrica (tipo II),Jc,Q,Sin especificar,Sin especificar,Sin especificar,01609_deacuerdo.mp4,DE ACUERDO,test3,83,A1
FENASCOL I,LSC0,1610,DEBER,VERBO,"Estar obligado a algo por ley, moral o compromiso. (RAE)",NO,1 seña,NO,SI,Unimanual (tipo 0),X,Sin especificar,Sin especificar,Sin especificar,Sin especificar,01610_deber.mp4,DEBER,test2,39,A2
UEB,LSC0,1611,DEBER PLATA,VERBO,Tener una obligación financiera de pago o saldo pendiente con alguien. (Generada Gemini),NO,1 seña,NO,SI,Asimétrica (tipo III),N,Bl,Sin especificar,Sin especificar,Sin especificar,01611_deberplata.mp4,DEBER PLATA,test1,22,A2
FENASCOL I,LSC0,1612,DECENTE,ADJETIVO,"Honesto, justo, de buena conducta y acorde con las normas morales. (RAE)",NO,1 seña,NO,SI,Compuestas (tipo C),Ok,Sin especificar,Sin especificar,Sin especificar,Sin especificar,01612_decente.mp4,DECENTE,test3,74,A1
FENASCOL I,LSC0,1613,DEJAR,VERBO,"Permitir, abandonar o depositar algo en un lugar. (RAE)",NO,1 seña,NO,SI,Asimétrica (tipo III),S,No,J,Sin especificar,Sin especificar,01613_dejar.mp4,DEJAR,test1,18,A2
FENASCOL I,LSC1,1614,DELGADO,ADJETIVO,"De pocas carnes, esbelto o de escaso grosor. (RAE)",NO,1 seña,NO,SI,Semi-simétrica (tipo II),I,Sin especificar,Sin especificar,Sin especificar,Sin especificar,01614_delgado.mp4,DELGADO,test1,95,B2
FENASCOL I,LSC0,1615,DESACUERDO,SUSTANTIVO,"Falta de acuerdo, discordancia o discrepancia entre dos o más partes. (RAE)",NO,1 seña,NO,SI,Semi-simétrica (tipo II),Jc,Q,Sin especificar,Sin especificar,Sin especificar,01615_desacuerdo.mp4,DESACUERDO,test1,50,A1
FENASCOL I,LSC1,1616,DESAYUNO,SUSTANTIVO,Primera comida del día que se toma por la mañana. (RAE),NO,1 seña,NO,SI,Unimanual en contacto (tipo X),Okf,Sin especificar,Sin especificar,Sin especificar,Sin especificar,01616_desayuno.mp4,DESAYUNO,test2,18,B1
UEB,LSC1,1617,DESAYUNO 2,SUSTANTIVO,Variante de seña para la primera comida de la mañana. (Generada Gemini),NO,1 seña,NO,SI,Unimanual en contacto (tipo X),D,Sin especificar,Sin especificar,Sin especificar,Sin especificar,01617_desayuno2.mp4,DESAYUNO 2,test3,30,B2
FENASCOL I,LSC0,1618,DESPUES,FUNCION,En un tiempo o lugar posterior respecto de otro. (RAE),NO,1 seña,NO,SI,Semi-simétrica (tipo II),B,Bl,Sin especificar,Sin especificar,Sin especificar,01618_despues1.mp4,DESPUES,test3,1,A2
UEB,LSC0,1619,DESPUES 2,FUNCION,Variante de seña para indicar secuencia posterior en el tiempo. (Generada Gemini),NO,1 seña,NO,SI,Unimanual (tipo 0),Bl,Sin especificar,Sin especificar,Sin especificar,Sin especificar,01619_despues2.mp4,DESPUES 2,test3,13,A2
FENASCOL I,LSC0,1620,DIALOGAR,VERBO,"Platicar, conversar o discutir alternativamente ideas entre dos o más personas. (RAE)",NO,1 seña,NO,SI,Semi-simétrica (tipo II),P,Sin especificar,Sin especificar,Sin especificar,Sin especificar,01620_dialogar.mp4,DIALOGAR,test2,84,A2
FENASCOL I,LSC0,1621,DIFERENTE,ADJETIVO,"Que no es igual, que se distingue o diversifica de otra cosa. (RAE)",NO,1 seña,NO,SI,Semi-simétrica (tipo II),P,Sin especificar,Sin especificar,Sin especificar,Sin especificar,01621_diferente.mp4,DIFERENTE,test1,50,A1
FENASCOL I,LSC0,1622,DIFÍCIL,ADJETIVO,"Que requiere gran esfuerzo, habilidad o trabajo para realizarse. (RAE)",NO,1 seña,NO,SI,Unimanual en contacto (tipo X),P,Xe,Sin especificar,Sin especificar,Sin especificar,01622_dificil1.mp4,DIFICIL,test4,30,A2
UEB,LSC0,1623,DIFICIL 2,ADJETIVO,Variante de seña para indicar complejidad o dificultad. (Generada Gemini),NO,1 seña,NO,SI,Compuestas (tipo C),XX,XX,Sin especificar,Sin especificar,Sin especificar,01623_dificil2.mp4,DIFICIL 2,test2,85,A2
UEB,LSC0,1624,DIFICIL 3,ADJETIVO,Variante morfológica para señalar un grado elevado de dificultad. (Generada Gemini),NO,1 seña,NO,SI,Compuestas (tipo C),P,P,Xe,Xe,Sin especificar,01624_dificil3.mp4,DIFICIL 3,test1,15,A1
FENASCOL I,LSC0,1625,DOLOR,SUSTANTIVO,Sensación molesta y aflictiva de una parte del cuerpo por causa interior o exterior. (RAE),NO,1 seña,NO,SI,Unimanual (tipo 0),No,Sin especificar,Sin especificar,Sin especificar,Sin especificar,01625_dolor1.mp4,DOLOR,test1,0,A1
UEB,LSC0,1626,DOLOR 2,SUSTANTIVO,Variante de seña para la percepción o manifestación de dolor físico. (Generada Gemini),NO,1 seña,NO,SI,Simétrica (tipo I),P,P,Sin especificar,Sin especificar,Sin especificar,01626_dolor2.mp4,DOLOR 2,test4,10,A2
FENASCOL I,LSC0,1627,DORMIR,VERBO,Estar en el reposo que implica la suspensión de la conciencia y del movimiento voluntario. (RAE),NO,1 seña,NO,SI,Simétrica (tipo I),Lc,Lc,Pc,Pc,Sin especificar,01627_dormir1.mp4,DORMIR,test2,84,A2
UEB,LSC1,1628,DORMIR 2,VERBO,Variante de seña para el estado o acto de reposo nocturno. (Generada Gemini),NO,1 seña,NO,SI,Semi-simétrica (tipo II),Bl,Bl,Sin especificar,Sin especificar,Sin especificar,01628_dormir2.mp4,DORMIR 2,test3,30,B2
FENASCOL I,LSC1,1629,DULCES,SUSTANTIVO,Alimentos elaborados con azúcar o golosinas de sabor dulce. (RAE),NO,1 seña,NO,SI,Unimanual en contacto (tipo X),H,Sin especificar,Sin especificar,Sin especificar,Sin especificar,01629_dulces.mp4,DULCES,test2,18,B1
FENASCOL I,LSC0,1630,ÉL ES MUY INTELIGENTE,FUNCION,Oración declarativa que pondera la alta capacidad cognitiva de la tercera persona. (Generada Gemini),SI,3 señas,NO,SI,Compuestas (tipo C),P,X,J,J,Sin especificar,01630_elesmuyint.mp4,EL ES MUY INTELIGENTE,test3,45,A2
FENASCOL I,LSC1,1631,ELEFANTE,SUSTANTIVO,Mamífero paquidermo de gran tamaño con trompa prensil y grandes colmillos de marfil. (RAE),NO,1 seña,NO,SI,Unimanual en contacto (tipo X),C,Sin especificar,Sin especificar,Sin especificar,Sin especificar,01631_elefante.mp4,ELEFANTE,test1,21,B1
FENASCOL I,LSC0,1632,ELLA ES MUCHO MÁS BONITA QUE YO,FUNCION,Enunciado comparativo de belleza atribuido a la tercera persona femenina respecto a la primera. (Generada Gemini),SI,3 señas,NO,SI,Unimanual (tipo 0),P,J,No,Sin especificar,Sin especificar,01632_ellaesmuch.mp4,ELLA ES MUCHO MAS BONITA QUE YO,test2,41,A2
FENASCOL I,LSC0,1633,ELLOS,SUSTANTIVO,Pronombre personal de tercera persona del plural masculino. (RAE),SI,2 señas,NO,SI,Unimanual (tipo 0),P,O,Sin especificar,Sin especificar,Sin especificar,01633_ellos.mp4,ELLOS,test1,77,A1
UEB,LSC0,1634,ELLAS,SUSTANTIVO,Pronombre personal de tercera persona del plural femenino. (RAE),SI,2 señas,NO,SI,Unimanual (tipo 0),P,A,Sin especificar,Sin especificar,Sin especificar,01634_ellas.mp4,ELLAS,test1,77,A1
FENASCOL I,LSC1,1635,EMPAREDADO,SUSTANTIVO,Sándwich; bocadillo hecho con dos rebanadas de pan de molde. (RAE),NO,1 seña,NO,SI,Asimétrica (tipo III),Qa,Bl,Sin especificar,Sin especificar,Sin especificar,01635_emparedado.mp4,EMPAREDADO,test1,95,B2
FENASCOL I,LSC1,1636,ENAMORAR,VERBO,Inculcar o sentir amor o fuerte atracción afectiva por alguien. (RAE),NO,1 seña,NO,SI,Asimétrica (tipo III),P,Bl,Sin especificar,Sin especificar,Sin especificar,01636_enamorar1.mp4,ENAMORAR,test2,64,B2
UEB,LSC1,1637,ENAMORAR 2,VERBO,Variante de seña para la acción o proceso de enamoramiento. (Generada Gemini),NO,1 seña,NO,SI,Compuestas (tipo C),X,X,Sin especificar,Sin especificar,Sin especificar,01637_enamorar2.mp4,ENAMORAR 2,test2,47,B2
FENASCOL I,LSC0,1638,ENFRENTE,FUNCION,En la parte opuesta o delante de una persona o lugar. (RAE),NO,1 seña,NO,SI,Unimanual en contacto (tipo X),Bl,Sin especificar,Sin especificar,Sin especificar,Sin especificar,01638_enfrente.mp4,ENFRENTE,test2,84,A2
FENASCOL I,LSC0,1639,ENSEÑALE TÚ,SUSTANTIVO,Expresión imperativa o directiva para que el interlocutor instruya a un tercero. (Generada Gemini),SI,3 señas,NO,SI,Compuestas (tipo C),P,P,J,J,Sin especificar,01639_enseñalet.mp4,ENSENALE TU,test1,51,A1
FENASCOL I,LSC0,1640,ENSEÑAME,SUSTANTIVO,"Solicitud directa para recibir instrucción, muestra o conocimiento del interlocutor. (Generada Gemini)",NO,1 seña,NO,SI,Simétrica (tipo I),Jb,Jb,Sin especificar,Sin especificar,Sin especificar,01640_enseñame.mp4,ENSENAME,test3,45,A2
UEB,LSC0,1641,FORMARME,SUSTANTIVO,"Proceso de autoformación, educación o desarrollo personal en una disciplina. (Generada Gemini)",NO,1 seña,NO,SI,Simétrica (tipo I),Q,Q,Sin especificar,Sin especificar,Sin especificar,01641_formarme.mp4,FORMARME,test2,16,A1
FENASCOL I,LSC0,1642,FORMAR,VERBO,"Dar forma, adiestrar, educar o constituir un conjunto. (RAE)",NO,1 seña,NO,SI,Simétrica (tipo I),Q,Q,Sin especificar,Sin especificar,Sin especificar,01642_formar.mp4,FORMAR,test3,83,A1
FENASCOL I,LSC1,1643,ESPAQUETI,SUSTANTIVO,Pasta alimenticia de harina de trigo en forma de hilos largos y delgados. (RAE),NO,1 seña,NO,SI,Compuestas (tipo C),I,I,Sin especificar,Sin especificar,Sin especificar,01643_espaqueti.mp4,ESPAQUETI,test3,86,B2
FENASCOL I,LSC0,1644,FALTA,SUSTANTIVO,"Ausencia, escasez o privación de algo. / Infracción de una regla. (RAE)",NO,1 seña,NO,SI,Unimanual (tipo 0),P,X,Sin especificar,Sin especificar,Sin especificar,01644_falta.mp4,FALTA,test4,3,A2
FENASCOL I,LSC0,1645,FELICITAR,VERBO,Manifestar a alguien la enhorabuena por un logro o acontecimiento dichoso. (RAE),NO,1 seña,NO,SI,Compuestas (tipo C),Bl,Bl,Sin especificar,Sin especificar,Sin especificar,01645_felicitar.mp4,FELICITAR,test3,27,A1
FENASCOL I,LSC1,1646,FESTIVO,SUSTANTIVO,Día no laborable o dedicado a una celebración festiva. (RAE),SI,2 señas,NO,SI,Compuestas (tipo C),P,J,J,Sin especificar,Sin especificar,01646_festivo.mp4,FESTIVO,test1,91,B1
FENASCOL I,LSC1,1647,FRIJOL,SUSTANTIVO,Semilla comestible de la planta leguminosa del mismo nombre. (RAE),SI,2 señas,NO,SI,Compuestas (tipo C),Ob,P,Sin especificar,Sin especificar,Sin especificar,01647_frijol.mp4,FRIJOL,test3,86,B2
FENASCOL I,LSC0,1648,FRIO,SUSTANTIVO,Que tiene una temperatura significativamente baja. (RAE),NO,1 seña,NO,SI,Simétrica (tipo I),S,S,Sin especificar,Sin especificar,Sin especificar,01648_frio.mp4,FRIO,test1,20,A2
FENASCOL I,LSC1,1649,GALLINA,SUSTANTIVO,"Hembra del gallo, ave doméstica apreciada por su carne y sus huevos. (RAE)",SI,2 señas,NO,SI,Compuestas (tipo C),Pa,Pc,S,S,Sin especificar,01649_gallina.mp4,GALLINA,test4,60,B1
FENASCOL I,LSC1,1650,GALLO,SUSTANTIVO,Ave doméstica de cresta roja y plumaje vistoso que canta al amanecer. (RAE),SI,2 señas,NO,SI,Unimanual en contacto (tipo X),Pa,Pc,Je,Sin especificar,Sin especificar,01650_gallo.mp4,GALLO,test2,23,B2
FENASCOL I,LSC0,1651,GATO,SUSTANTIVO,"Mamífero felino doméstico de cuerpo flexible, garras retráctiles y agudo sentido del oído. (RAE)",NO,1 seña,NO,SI,Compuestas (tipo C),J,J,Sin especificar,Sin especificar,Sin especificar,01651_gato.mp4,GATO,test2,56,A1
FENASCOL I,LSC1,1652,GORILA,SUSTANTIVO,"Primate de gran tamaño, pelaje oscuro y sólida constitución que habita en África. (RAE)",NO,1 seña,NO,SI,Compuestas (tipo C),S,S,Sin especificar,Sin especificar,Sin especificar,01652_gorila.mp4,GORILA,test1,21,B1
FENASCOL I,LSC0,1653,GRIS,SUSTANTIVO,De color acromático intermedio entre el blanco y el negro. (RAE),NO,1 seña,NO,SI,Unimanual (tipo 0),P,X,Sin especificar,Sin especificar,Sin especificar,01653_gris.mp4,GRIS,test1,29,A2
FENASCOL I,LSC1,1654,GUANTES,SUSTANTIVO,Prenda de vestir que cubre la mano y los dedos por separado. (RAE),NO,1 seña,NO,SI,Simétrica (tipo I),Q,J,J,Sin especificar,Sin especificar,01654_guantes.mp4,GUANTES,test4,71,B1
FENASCOL I,LSC1,1655,GUSANO,SUSTANTIVO,Nombre genérico de animales invertebrados de cuerpo blando y alargado sin extremidades. (RAE),NO,1 seña,NO,SI,Compuestas (tipo C),S,P,X,Sin especificar,Sin especificar,01655_gusano.mp4,GUSANO,test1,21,B1
FENASCOL I,LSC0,1656,HACE POCO,SUSTANTIVO,Indica un tiempo o momento muy cercano en el pasado. (Generada Gemini),NO,1 seña,NO,SI,Unimanual (tipo 0),Ob,Sin especificar,Sin especificar,Sin especificar,Sin especificar,01656_hacepoco.mp4,HACE POCO,test2,4,A1
FENASCOL I,LSC0,1657,HACE POQUITO,SUSTANTIVO,Expresión diminutiva que remarca una proximidad temporal inmediata en el pasado. (Generada Gemini),NO,1 seña,NO,SI,Unimanual (tipo 0),Pc,Sin especificar,Sin especificar,Sin especificar,Sin especificar,01657_hacepoquit.mp4,HACE POQUITO,test3,82,A1
FENASCOL I,LSC0,1658,HACE TIEMPO,FUNCION,Expresión que indica un período o intervalo temporal lejano en el pasado. (Generada Gemini),NO,1 seña,NO,SI,Unimanual en contacto (tipo X),Bl,Sin especificar,Sin especificar,Sin especificar,Sin especificar,01658_hacetiempo.mp4,HACE TIEMPO,test3,82,A1
FENASCOL I,LSC1,1659,HIGADO,SUSTANTIVO,Órgano glandular voluminoso del aparato digestivo de los vertebrados. (RAE),NO,1 seña,NO,SI,Unimanual (tipo 0),Cl,B,Sin especificar,Sin especificar,Sin especificar,01659_higado.mp4,HIGADO,test2,50,B2
FENASCOL I,LSC1,1660,HIPOPÓTAMO,SUSTANTIVO,Gran mamífero paquidermo semiacuático de piel gruesa y mandíbulas potentes. (RAE),NO,1 seña,NO,SI,Simétrica (tipo I),XX,XX,Sin especificar,Sin especificar,Sin especificar,01660_hipopotamo.mp4,HIPOPOTAMO,test1,21,B1
FENASCOL I,LSC1,1661,HORMIGA,SUSTANTIVO,Insecto himenóptero social de cuerpo pequeño y divididos en tres segmentos. (RAE),NO,1 seña,NO,SI,Asimétrica (tipo III),S,J,Sin especificar,Sin especificar,Sin especificar,01661_hormiga1.mp4,HORMIGA,test3,23,B1
UEB,LSC1,1662,HORMIGA 2,SUSTANTIVO,Variante de seña para el insecto hormícido. (Generada Gemini),NO,1 seña,NO,SI,Semi-simétrica (tipo II),J,J,Sin especificar,Sin especificar,Sin especificar,01662_hormiga2.mp4,HORMIGA 2,test4,44,B2
FENASCOL I,LSC0,1663,IGUAL,SUSTANTIVO,"Que tiene la misma naturaleza, forma, valor o cantidad que otra cosa. (RAE)",NO,1 seña,NO,SI,Unimanual (tipo 0),Y,Sin especificar,Sin especificar,Sin especificar,Sin especificar,01663_igual1.mp4,IGUAL,test2,56,A1
UEB,LSC0,1664,IGUAL 2,SUSTANTIVO,"Variante de seña para denotar equidad, simetría o similitud. (Generada Gemini)",NO,1 seña,NO,SI,Unimanual (tipo 0),Y,Sin especificar,Sin especificar,Sin especificar,Sin especificar,01664_igual2.mp4,IGUAL 2,test2,6,A2
UEB,LSC0,1665,IGUAL 3,SUSTANTIVO,Variante de seña para indicar equivalencia estricta. (Generada Gemini),NO,1 seña,NO,SI,Unimanual (tipo 0),V,H,Sin especificar,Sin especificar,Sin especificar,01665_igual3.mp4,IGUAL 3,test1,15,A1
UEB,LSC0,1666,IGUAL 4,SUSTANTIVO,Variante morfológica de seña para la noción de igualdad. (Generada Gemini),NO,1 seña,NO,SI,Simétrica (tipo I),Cf,Cf,Sin especificar,Sin especificar,Sin especificar,01666_igual4.mp4,IGUAL 4,test1,15,A1
UEB,LSC1,1667,HUMILDE,ADJETIVO,"Que tiene humildad, sencillez o moderación en su comportamiento. (RAE)",NO,1 seña,NO,SI,Compuestas (tipo C),B,Bl,Sin especificar,Sin especificar,Sin especificar,01667_humilde.mp4,HUMILDE,test3,0,B2
FENASCOL I,LSC0,1668,INTERÉS,SUSTANTIVO,"Inclinación, provecho o valor asignado a un asunto o persona. (RAE)",NO,1 seña,NO,SI,Unimanual (tipo 0),U,Sin especificar,Sin especificar,Sin especificar,Sin especificar,01668_interes.mp4,INTERES,test2,84,A2
UEB,LSC0,1669,INTERES 2,SUSTANTIVO,Variante de seña para la manifestación de atención o interés. (Generada Gemini),NO,1 seña,NO,SI,Semi-simétrica (tipo II),H,H,Sin especificar,Sin especificar,Sin especificar,01669_interes2.mp4,INTERES 2,test3,45,A2
FENASCOL I,LSC0,1670,INVITAME,SUSTANTIVO,Expresión de solicitud para ser convidado a un evento o reunión. (Generada Gemini),NO,1 seña,NO,SI,Asimétrica (tipo III),B,Cf,Sin especificar,Sin especificar,Sin especificar,01670_invitame.mp4,INVITAME,test1,51,A1
FENASCOL I,LSC1,1671,JIRAFA,SUSTANTIVO,Mamífero rumiante de cuello extremadamente largo y pelaje moteado oriundo de África. (RAE),NO,1 seña,NO,SI,Unimanual (tipo 0),L,Sin especificar,Sin especificar,Sin especificar,Sin especificar,01671_jirafa.mp4,JIRAFA,test1,21,B1
UEB,LSC1,1672,JIRAFA 2,SUSTANTIVO,Variante de seña para el mamífero jiráfido. (Generada Gemini),NO,1 seña,NO,SI,Asimétrica (tipo III),B,Ud,Sin especificar,Sin especificar,Sin especificar,01672_jirafa2.mp4,JIRAFA 2,test4,74,B1
FENASCOL I,LSC0,1673,JUGAR,VERBO,Realizar una actividad recreativa o deportiva con reglas o por entretenimiento. (RAE),NO,1 seña,NO,SI,Semi-simétrica (tipo II),Y,Y,Sin especificar,Sin especificar,Sin especificar,01673_jugar.mp4,JUGAR,test4,1,A1
FENASCOL I,LSC1,1674,LECCIÓN,SUSTANTIVO,Enseñanza que imparte el profesor o texto que se estudia de una materia. (RAE),NO,1 seña,NO,SI,Asimétrica (tipo III),B,P,Sin especificar,Sin especificar,Sin especificar,01674_leccion.mp4,LECCION,test4,26,B2
FENASCOL I,LSC1,1675,LENTEJA,SUSTANTIVO,"Semilla comestible pequeña, plana y con forma de disco de la planta lenteja. (RAE)",NO,1 seña,SI,SI,Unimanual (tipo 0),Okf,Sin especificar,Sin especificar,Sin especificar,Sin especificar,01675_lenteja.mp4,LENTEJA,test3,36,B2
FENASCOL I,LSC1,1676,LEÓN,SUSTANTIVO,Gran mamífero carnívoro felino de pelaje pardo y densa melena en los machos. (RAE),NO,1 seña,NO,SI,Unimanual (tipo 0),J,Gl,Sin especificar,Sin especificar,Sin especificar,01676_leon.mp4,LEON,test1,21,B1
FENASCOL I,LSC1,1677,LETRA,SUSTANTIVO,Cada uno de los signos gráficos que componen el alfabeto de un idioma. (RAE),NO,1 seña,NO,SI,Simétrica (tipo I),L,L,Sin especificar,Sin especificar,Sin especificar,01677_letra.mp4,LETRA,test1,18,B2
FENASCOL I,LSC1,1678,LEVANTARSE,VERBO,Ponerse de pie o salir de la cama tras el descanso. (RAE),NO,1 seña,NO,SI,Asimétrica (tipo III),Bl,V,Sin especificar,Sin especificar,Sin especificar,01678_levantarse.mp4,LEVANTARSE,test4,51,B2
FENASCOL I,LSC0,1679,LIMPIO,ADJETIVO,"Que no tiene mancha, suciedad o impurezas. (RAE)",NO,1 seña,NO,SI,Unimanual (tipo 0),Bl,N,Sin especificar,Sin especificar,Sin especificar,01679_limpio.mp4,LIMPIO,test2,56,A1
UEB,LSC0,1680,LIMPIO 2,ADJETIVO,"Variante de seña para pulcro, aseado o transparente. (Generada Gemini)",NO,1 seña,NO,SI,Compuestas (tipo C),V,V,Sin especificar,Sin especificar,Sin especificar,01680_limpio2.mp4,LIMPIO 2,test4,11,A2
UEB,LSC0,1681,LIMPIO 3,ADJETIVO,Variante morfológica de seña para aseo o limpieza. (Generada Gemini),NO,1 seña,NO,SI,Compuestas (tipo C),N,N,Sin especificar,Sin especificar,Sin especificar,01681_limpio3.mp4,LIMPIO 3,test4,6,A1
FENASCOL I,LSC1,1682,PRECIOSO,ADJETIVO,"De gran valor, hermosura o exquisitez. (RAE)",NO,1 seña,NO,SI,Unimanual en contacto (tipo X),J,O,J,Sin especificar,Sin especificar,01682_precioso.mp4,PRECIOSO,test1,33,B1
FENASCOL I,LSC0,1683,LLENO,ADJETIVO,Que contiene todo lo que su capacidad admite o está ocupado por completo. (RAE),NO,1 seña,NO,SI,Compuestas (tipo C),B,J,Sin especificar,Sin especificar,Sin especificar,01683_lleno.mp4,LLENO,test3,83,A1
UEB,LSC0,1684,LLENO 2,ADJETIVO,Variante de seña para saciedad o capacidad colmada. (Generada Gemini),NO,1 seña,NO,SI,Unimanual (tipo 0),S,Sin especificar,Sin especificar,Sin especificar,Sin especificar,01684_lleno2.mp4,LLENO 2,test1,69,A2
UEB,LSC0,1685,LLENO 3,ADJETIVO,Variante de seña para abundancia o saturación. (Generada Gemini),SI,2 señas,NO,SI,Asimétrica (tipo III),C,J,Sin especificar,Sin especificar,Sin especificar,01685_lleno3.mp4,LLENO 3,test1,15,A1
UEB,LSC0,1686,SUFICIENTE,SUSTANTIVO,"Apto, adecuado o bastante para lo que se necesita. (RAE)",NO,1 seña,NO,SI,Unimanual en contacto (tipo X),Bl,Sin especificar,Sin especificar,Sin especificar,Sin especificar,01686_suficiente.mp4,SUFICIENTE,test3,83,A1
FENASCOL I,LSC1,1687,MADRUGADA,SUSTANTIVO,Tiempo posterior a la medianoche y anterior al amanecer. (RAE),NO,1 seña,NO,SI,Simétrica (tipo I),S,S,J,J,Sin especificar,01687_madrugada.mp4,MADRUGADA,test2,24,B1
FENASCOL I,LSC1,1688,MAÍZ,SUSTANTIVO,Planta gramínea de mazorcas con granos amarillos nutritivos. (RAE),NO,1 seña,NO,SI,Asimétrica (tipo III),P,Xl,Xt,Sin especificar,Sin especificar,01688_maiz.mp4,MAIZ,test2,49,B1
FENASCOL I,LSC1,1689,MALO  PERSONA,ADJETIVO,"Persona de perversas intenciones, mala conducta o falta de virtud moral. (Generada Gemini)",SI,2 señas,NO,SI,Compuestas (tipo C),Xc,Bl,Sin especificar,Sin especificar,Sin especificar,01689_maloperson.mp4,MALO PERSONA,test3,0,B2
FENASCOL I,LSC1,1690,MANTEQUILLA,SUSTANTIVO,Sustancia grasa obtenida por el batido de la crema de la leche. (RAE),NO,1 seña,NO,SI,Asimétrica (tipo III),Bl,H,Sin especificar,Sin especificar,Sin especificar,01690_mantequill.mp4,MANTEQUILLA,test3,78,B1
FENASCOL I,LSC0,1691,MÁS INTELIGENTE QUE  ...,ADJETIVO,Estructura comparativa de superioridad referida a la capacidad intelectual. (Generada Gemini),SI,4 señas o más,NO,SI,Compuestas (tipo C),P,J,X,No,N,01691_masintelig.mp4,MAS INTELIGENTE QUE ...,test1,51,A1
FENASCOL I,LSC1,1692,MATRIMONIO,SUSTANTIVO,Unión de dos personas mediante determinados ritos o formalidades legales. (RAE),NO,1 seña,NO,SI,Asimétrica (tipo III),J,Pa,Sin especificar,Sin especificar,Sin especificar,01692_matrimonio.mp4,MATRIMONIO,test1,72,B1
UEB,LSC1,1693,MATRIMONIO 2,SUSTANTIVO,Variante de seña para la unión conyugal o matrimonio. (Generada Gemini),NO,1 seña,NO,SI,Unimanual (tipo 0),Ne,Sin especificar,Sin especificar,Sin especificar,Sin especificar,01693_matrimonio.mp4,MATRIMONIO 2,test3,53,B2
FENASCOL I,LSC1,1694,MEDIAS,SUSTANTIVO,Prendas de punto que cubren el pie y parte de la pierna. (RAE),NO,1 seña,NO,SI,Simétrica (tipo I),J,J,Sin especificar,Sin especificar,Sin especificar,01694_medias.mp4,MEDIAS,test3,23,B1
FENASCOL I,LSC0,1695,MENTIR,VERBO,"Decir o manifestar lo contrario de lo que se sabe, cree o piensa. (RAE)",NO,1 seña,NO,SI,Unimanual en contacto (tipo X),P,Sin especificar,Sin especificar,Sin especificar,Sin especificar,01695_mentir.mp4,MENTIR,test3,50,A2
FENASCOL I,LSC1,1696,MERMELADA,SUSTANTIVO,Conserva dulce elaborada mediante la cocción de fruta con azúcar. (RAE),SI,2 señas,NO,SI,Asimétrica (tipo III),C,H,Bl,H,Sin especificar,01696_mermelada.mp4,MERMELADA,test2,54,B1
FENASCOL I,LSC1,1697,NIVEL,SUSTANTIVO,"Altura, medida o grado de desarrollo que alcanza una persona o cosa. (RAE)",NO,1 seña,NO,SI,Simétrica (tipo I),XX,XX,Sin especificar,Sin especificar,Sin especificar,01697_nivel.mp4,NIVEL,test4,25,B2
FENASCOL I,LSC0,1698,NUEVO,ADJETIVO,"Recién hecho, fabricado, descubierto o de escaso uso. (RAE)",NO,1 seña,NO,SI,Semi-simétrica (tipo II),Bl,Bl,Sin especificar,Sin especificar,Sin especificar,01698_nuevo.mp4,NUEVO,test2,56,A1
FENASCOL I,LSC1,1699,NUEVO  ESTRENAR,ADJETIVO,Objeto o prenda sin uso previo que se utiliza por primera vez. (Generada Gemini),NO,1 seña,NO,SI,Simétrica (tipo I),V,V,XX,XX,Sin especificar,01699_nuevoestre.mp4,NUEVO ESTRENAR,test2,25,B1
FENASCOL I,LSC0,1700,NÚMERO,SUSTANTIVO,Concepto matemático que expresa cantidad o posición en una secuencia. (RAE),NO,1 seña,NO,SI,Unimanual (tipo 0),O,J,Sin especificar,Sin especificar,Sin especificar,01700_numero.mp4,NUMERO,test1,31,A2
FENASCOL I,LSC0,1701,O,FUNCION,Conjunción disyuntiva que denota alternativa o elección entre dos o más cosas. (RAE),NO,1 seña,NO,SI,Unimanual (tipo 0),O,Sin especificar,Sin especificar,Sin especificar,Sin especificar,01701_odisyuncio.mp4,O,test1,50,A1
FENASCOL I,LSC0,1702,OBEDECER,VERBO,"Cumplir la voluntad de quien manda, o lo establecido en una ley o regla. (RAE)",NO,1 seña,NO,SI,Simétrica (tipo I),Q,Q,J,J,Sin especificar,01702_obedecer.mp4,OBEDECER,test3,83,A1
FENASCOL I,LSC1,1703,OBLIGACIÓN,SUSTANTIVO,"Exigencia establecida por la moral, la ley o la autoridad. (RAE)",NO,1 seña,NO,SI,Asimétrica (tipo III),Bl,S,Sin especificar,Sin especificar,Sin especificar,01703_obligacion.mp4,OBLIGACION,test2,91,B2
FENASCOL I,LSC0,1704,OSCURO,ADJETIVO,Falto de luz o claridad; de color cercano al negro. (RAE),NO,1 seña,NO,SI,Simétrica (tipo I),J,J,S,S,Sin especificar,01704_oscuro.mp4,OSCURO,test1,76,A2
FENASCOL I,LSC1,1705,OSO,SUSTANTIVO,"Mamífero carnívoro de gran tamaño, cuerpo macizo y pelaje denso. (RAE)",NO,1 seña,NO,SI,Compuestas (tipo C),C,C,Sin especificar,Sin especificar,Sin especificar,01705_oso.mp4,OSO,test1,21,B2
FENASCOL I,LSC1,1706,PALIDO,ADJETIVO,Que tiene la piel o el color más blanco o menos vivo de lo normal. (RAE),NO,1 seña,NO,SI,Unimanual en contacto (tipo X),Bl,Sin especificar,Sin especificar,Sin especificar,Sin especificar,01706_palido.mp4,PALIDO,test2,23,B2
FENASCOL I,LSC1,1707,PANTUFLAS,SUSTANTIVO,Calzado cómodo y sin talón para andar por casa. (RAE),NO,1 seña,NO,SI,Asimétrica (tipo III),Bl,C,Sin especificar,Sin especificar,Sin especificar,01707_pantuflas.mp4,PANTUFLAS,test4,71,B1
FENASCOL I,LSC1,1708,PATO,SUSTANTIVO,Ave acuática de pico ancho y plano y patas palmípedas. (RAE),NO,1 seña,NO,SI,Unimanual en contacto (tipo X),Bc,Bc,Sin especificar,Sin especificar,Sin especificar,01708_pato.mp4,PATO,test4,60,B1
FENASCOL I,LSC1,1709,PAVO REAL,SUSTANTIVO,Ave de plumaje azul y verde iridiscente con una gran cola desplegable en abanico. (RAE),SI,2 señas,NO,SI,Compuestas (tipo C),Pa,C,Je,Je,Sin especificar,01709_pavoreal.mp4,PAVO REAL,test3,7,B1
FENASCOL I,LSC0,1710,PERDON,SUSTANTIVO,"Acción de perdonar, disculpa o remisión de una falta. (RAE)",NO,1 seña,NO,SI,Semi-simétrica (tipo II),Bl,Bl,Sin especificar,Sin especificar,Sin especificar,01710_perdon.mp4,PERDON,test1,37,A1
FENASCOL I,LSC1,1711,PEREZA,SUSTANTIVO,"Negligencia, falta de gana o flojera para hacer las cosas. (RAE)",NO,1 seña,NO,SI,Unimanual en contacto (tipo X),P,Xe,Sin especificar,Sin especificar,Sin especificar,01711_pereza.mp4,PEREZA,test3,0,B2
FENASCOL I,LSC1,1712,PERFECTO,ADJETIVO,Que tiene todas las cualidades requeridas o deseables; sin defecto. (RAE),NO,1 seña,NO,SI,Simétrica (tipo I),Nb,Nb,Sin especificar,Sin especificar,Sin especificar,01712_perfecto.mp4,PERFECTO,test1,33,B1
FENASCOL I,LSC0,1713,PERO,FUNCION,Conjunción adversativa que contrapone un concepto a otro. (RAE),NO,1 seña,NO,SI,Simétrica (tipo I),P,P,Sin especificar,Sin especificar,Sin especificar,01713_pero.mp4,PERO,test1,50,A1
FENASCOL I,LSC0,1714,PERRO,SUSTANTIVO,Mamífero canino doméstico de agudo olfato y gran lealtad al ser humano. (RAE),NO,1 seña,NO,SI,Unimanual en contacto (tipo X),G,Sin especificar,Sin especificar,Sin especificar,Sin especificar,01714_perro.mp4,PERRO,test2,44,A1
FENASCOL I,LSC0,1715,PERSONAS 1,SUSTANTIVO,Plural genérico para seres humanos o individuos. (RAE),SI,2 señas,NO,SI,Semi-simétrica (tipo II),K,Sin especificar,Sin especificar,Sin especificar,Sin especificar,01715_persona1.mp4,PERSONAS 1,test4,30,A1
FENASCOL I,LSC0,1716,PERSONAS 2,SUSTANTIVO,Variante de seña para un conjunto de individuos o grupo humano. (Generada Gemini),NO,1 seña,NO,SI,Unimanual (tipo 0),Xl,Sin especificar,Sin especificar,Sin especificar,Sin especificar,01716_persona2.mp4,PERSONAS 2,test2,41,A2
FENASCOL I,LSC1,1717,PEZ,SUSTANTIVO,Animal vertebrado acuático de respiración branquial y extremidades en forma de aletas. (RAE),NO,1 seña,NO,SI,Unimanual (tipo 0),Bl,Sin especificar,Sin especificar,Sin especificar,Sin especificar,01717_pez.mp4,PEZ,test1,21,B1
FENASCOL I,LSC1,1718,PICAR,VERBO,"Pinchar con una punta, morder un insecto o trocear alimentos. (RAE)",SI,2 señas,NO,SI,Asimétrica (tipo III),Okp,Ql,Sin especificar,Sin especificar,Sin especificar,01718_picar.mp4,PICAR,test4,60,B1
FENASCOL I,LSC1,1719,PINGÜINO,SUSTANTIVO,Ave marina no voladora de regiones frías adaptada al buceo. (RAE),SI,2 señas,NO,SI,Compuestas (tipo C),Pc,B,Sin especificar,Sin especificar,Sin especificar,01719_pinguino.mp4,PINGUINO,test3,81,B1
FENASCOL I,LSC1,1720,PIOJO,SUSTANTIVO,Insecto parásito sin alas que vive sobre la piel de los mamíferos y aves. (RAE),SI,2 señas,NO,SI,Compuestas (tipo C),Pc,Qe,Sin especificar,Sin especificar,Sin especificar,01720_piojo.mp4,PIOJO,test1,21,B2
FENASCOL I,LSC0,1721,POCO 1,ADJETIVO,"Escaso en cantidad, número o grado. (RAE)",NO,1 seña,NO,SI,Unimanual (tipo 0),Pc,Sin especificar,Sin especificar,Sin especificar,Sin especificar,01721_poco1.mp4,POCO 1,test2,67,A1
FENASCOL I,LSC0,1722,POCO 2,ADJETIVO,Variante de seña para una cantidad limitada o reducida. (Generada Gemini),NO,1 seña,NO,SI,Unimanual (tipo 0),Tc,Sin especificar,Sin especificar,Sin especificar,Sin especificar,01722_poco2.mp4,POCO 2,test1,69,A2
FENASCOL I,LSC0,1723,POCO A POCO,ADVERBIO,"De manera gradual, despacio y progresiva. (RAE)",SI,1 seña,NO,SI,Semi-simétrica (tipo II),Ql,Sin especificar,Sin especificar,Sin especificar,Sin especificar,01723_pocoapoco.mp4,POCO A POCO,test2,56,A1
FENASCOL I,LSC1,1724,POLLITO,SUSTANTIVO,Cría de la gallina o de otras aves. (RAE),SI,2 señas,NO,SI,Compuestas (tipo C),Tc,Qf,Sin especificar,Sin especificar,Sin especificar,01724_pollito.mp4,POLLITO,test4,60,B1
FENASCOL I,LSC0,1725,POR FAVOR,ADVERBIO,Fórmula de cortesía empleada para pedir o solicitar algo. (RAE),NO,1 seña,NO,SI,Unimanual en contacto (tipo X),Af,Sin especificar,Sin especificar,Sin especificar,Sin especificar,01725_porfavor.mp4,POR FAVOR,test3,75,A1
FENASCOL I,LSC0,1726,PREGUNTAR,VERBO,Hacer preguntas o formular interrogantes para obtener información. (RAE),NO,1 seña,NO,SI,Compuestas (tipo C),Ob,Pl,Sin especificar,Sin especificar,Sin especificar,01726_preguntar.mp4,PREGUNTAR,test3,54,A1
FENASCOL I,LSC1,1727,PROXIMO SEMANA,ADVERBIO,Período de siete días inmediatamente posterior al actual. (Generada Gemini),NO,1 seña,NO,SI,Unimanual (tipo 0),P,Sin especificar,Sin especificar,Sin especificar,Sin especificar,01727_proximasem.mp4,PROXIMO SEMANA,test4,36,B1
FENASCOL I,LSC1,1728,PUENTE  FESTIVO,SUSTANTIVO,Fin de semana prolongado por la unión de uno o dos días festivos. (Generada Gemini),SI,2 señas,NO,SI,Compuestas (tipo C),P,J,Sin especificar,Sin especificar,Sin especificar,01728_puentefest.mp4,PUENTE FESTIVO,test2,24,B1
FENASCOL I,LSC1,1729,PULGA,SUSTANTIVO,Insecto parásito sin alas de patas traseras muy adaptadas para dar saltos. (RAE),SI,2 señas,NO,SI,Compuestas (tipo C),Okp,Qe,Sin especificar,Sin especificar,Sin especificar,01729_pulga.mp4,PULGA,test1,21,B1
FENASCOL I,LSC1,1730,PUNTUAL,ADJETIVO,Que llega o hace las cosas a la hora convenida. (RAE),SI,2 señas,NO,SI,Compuestas (tipo C),J,Ok,Sin especificar,Sin especificar,Sin especificar,01730_puntual.mp4,PUNTUAL,test1,5,B1
FENASCOL I,LSC0,1731,RARO,ADJETIVO,"Extraordinario, poco común o singular. (RAE)",NO,1 seña,NO,SI,Unimanual (tipo 0),Rl,Sin especificar,Sin especificar,Sin especificar,Sin especificar,01731_raro.mp4,RARO,test2,56,A1
FENASCOL I,LSC1,1732,RATÓN,SUSTANTIVO,Mamífero roedor pequeño de hocico puntiagudo y cola larga. (RAE),SI,1 seña,NO,SI,Semi-simétrica (tipo II),B,Sin especificar,Sin especificar,Sin especificar,Sin especificar,01732_raton.mp4,RATON,test1,21,B1
FENASCOL I,LSC0,1733,REGAÑAR,VERBO,Reprender o reconvenir con enfado a alguien por su conducta. (RAE),SI,1 seña,NO,SI,Semi-simétrica (tipo II),Bl,Sin especificar,Sin especificar,Sin especificar,Sin especificar,01733_regañar.mp4,REGANAR,test4,10,A2
FENASCOL I,LSC1,1734,RINOCERONTE,SUSTANTIVO,Gran mamífero paquidermo de piel muy gruesa y uno o dos cuernos en el hocico. (RAE),SI,2 señas,NO,SI,Compuestas (tipo C),Y,S,Sin especificar,Sin especificar,Sin especificar,01734_rinoceront.mp4,RINOCERONTE,test1,21,B1
FENASCOL I,LSC0,1735,ROJO,ADJETIVO,De color semejante al de la sangre o el rubí. (RAE),NO,1 seña,NO,SI,Unimanual en contacto (tipo X),P,Sin especificar,Sin especificar,Sin especificar,Sin especificar,01735_rojo.mp4,ROJO,test1,29,A2
FENASCOL I,LSC1,1736,ROSADO,ADJETIVO,De color rojo claro o semejante al de la rosa. (RAE),NO,1 seña,NO,SI,Unimanual en contacto (tipo X),A,Sin especificar,Sin especificar,Sin especificar,Sin especificar,01736_rosado.mp4,ROSADO,test2,62,B1
FENASCOL I,LSC1,1737,RUANA,SUSTANTIVO,"Manta cuadrada o rectangular con una abertura central para la cabeza, típica de Colombia. (RAE)",SI,2 señas,NO,SI,Compuestas (tipo C),J,S,Sin especificar,Sin especificar,Sin especificar,01737_ruana.mp4,RUANA,test3,52,B1
FENASCOL I,LSC1,1738,SALCHICHA,SUSTANTIVO,Embutido de carne picada sazonada introducida en una tripa delgada. (RAE),NO,2 señas,NO,SI,Compuestas (tipo C),Cb,Cb,Sin especificar,Sin especificar,Sin especificar,01738_salchicha.mp4,SALCHICHA,test1,16,B1
FENASCOL I,LSC0,1739,SEGUIR,VERBO,"Ir después o detrás de alguien, o continuar una acción iniciada. (RAE)",NO,1 seña,NO,SI,Asimétrica (tipo III),Bl,Sin especificar,Sin especificar,Sin especificar,Sin especificar,01739_seguir.mp4,SEGUIR,test1,57,A1
UEB,LSC0,1740,SEGURO 3,ADJETIVO,"Variante de seña para expresar certidumbre, confianza o póliza de protección. (Generada Gemini)",NO,1 seña,NO,SI,Unimanual (tipo 0),Ok,J,Sin especificar,Sin especificar,Sin especificar,01740_seguro3.mp4,SEGURO 3,test2,6,A2
FENASCOL I,LSC0,1741,SENCILLO,ADJETIVO,Que no ofrece dificultad o carece de artificio y complicación. (RAE),NO,1 seña,NO,SI,Simétrica (tipo I),Ok,Sin especificar,Sin especificar,Sin especificar,Sin especificar,01741_sencillo.mp4,SENCILLO,test3,70,A2
FENASCOL I,LSC1,1742,MORADO,ADJETIVO,De color violáceo semejante al de la mora. (RAE),NO,1 seña,SI,SI,Unimanual en contacto (tipo X),No,Sin especificar,Sin especificar,Sin especificar,Sin especificar,01742_morado.mp4,MORADO,test2,23,B2
UEB,LSC1,1743,MORDER,VERBO,Clavar los dientes en algo o aprisionar con ellos. (RAE),SI,2 señas,NO,SI,Unimanual en contacto (tipo X),S,G,Sin especificar,Sin especificar,Sin especificar,01743_morder.mp4,MORDER,test4,51,B2
FENASCOL I,LSC0,1744,SORPRESA,SUSTANTIVO,Conmoción o impresión causada por algo imprevisto o inesperado. (RAE),SI,2 señas,NO,SI,Compuestas (tipo C),Ob,L,Sin especificar,Sin especificar,Sin especificar,01744_sorpresa.mp4,SORPRESA,test4,10,A2
FENASCOL I,LSC0,1745,MAS-QUE,FUNCION,Estructura comparativa para expresar superioridad en cantidad o grado. (Generada Gemini),SI,2 señas,NO,SI,Unimanual (tipo 0),No,Sin especificar,Sin especificar,Sin especificar,Sin especificar,01745_masque.mp4,MAS QUE,test2,12,A1
FENASCOL I,LSC0,1746,SUCIO,ADJETIVO,"Que tiene mancha, impureza o suciedad. (RAE)",SI,1 seña,NO,SI,Unimanual en contacto (tipo X),Ok,J,Sin especificar,Sin especificar,Sin especificar,01746_sucio.mp4,SUCIO,test4,8,A2
FENASCOL I,LSC1,1747,SUPERIOR,ADJETIVO,Que está más alto o tiene mayor jerarquía o calidad respecto de otra cosa. (RAE),NO,1 seña,NO,SI,Simétrica (tipo I),Ql,Sin especificar,Sin especificar,Sin especificar,Sin especificar,01747_superior.mp4,SUPERIOR,test3,76,B1
FENASCOL I,LSC1,1748,INFERIOR,ADJETIVO,"Que está debajo o tiene menor rango, calidad o cantidad. (RAE)",NO,1 seña,NO,SI,Simétrica (tipo I),Ql,Sin especificar,Sin especificar,Sin especificar,Sin especificar,01748_inferior.mp4,INFERIOR,test1,94,B2
FENASCOL I,LSC1,1749,TIBURON,SUSTANTIVO,Pez elasmobranquio carnívoro marino de esqueleto cartilaginoso y cuerpo hidrodinámico. (RAE),NO,1 seña,NO,SI,Asimétrica (tipo III),Be,Sin especificar,Sin especificar,Sin especificar,Sin especificar,01749_tiburon.mp4,TIBURON,test3,15,B1
FENASCOL I,LSC0,1750,TAL VEZ,FUNCION,Expresión adverbial que denota duda o posibilidad. (RAE),NO,1 seña,NO,SI,Simétrica (tipo I),B,Sin especificar,Sin especificar,Sin especificar,Sin especificar,01750_talvez.mp4,TAL VEZ,test2,9,A1
FENASCOL I,LSC0,1751,TIO-HOMBRE,SUSTANTIVO,Hermano del padre o de la madre especificado en género masculino. (Generada Gemini),SI,2 señas,SI,SI,Compuestas (tipo C),P,O,Sin especificar,Sin especificar,Sin especificar,01751_tiohombre.mp4,TIO HOMBRE,test2,79,A2
FENASCOL I,LSC0,1752,TIA-MUJER,SUSTANTIVO,Hermana del padre o de la madre especificada en género femenino. (Generada Gemini),SI,2 señas,SI,SI,Compuestas (tipo C),C,A,Sin especificar,Sin especificar,Sin especificar,01752_tiamujer.mp4,TIA MUJER,test2,41,A2
FENASCOL I,LSC0,1753,TIO-NEUTRO 1,SUSTANTIVO,Representación de la relación de parentesco de tío sin especificación léxica de género. (Generada Gemini),NO,1 seña,SI,SI,Asimétrica (tipo III),P,Sin especificar,Sin especificar,Sin especificar,Sin especificar,01753_tioneutro1.mp4,TIO NEUTRO 1,test2,41,A2
FENASCOL I,LSC0,1754,TIO-NEUTRO 2,SUSTANTIVO,Variante de seña para el parentesco de tío/tía. (Generada Gemini),NO,1 seña,SI,SI,Unimanual (tipo 0),T,Sin especificar,Sin especificar,Sin especificar,Sin especificar,01754_tioneutro2.mp4,TIO NEUTRO 2,test1,69,A2
FENASCOL I,LSC0,1755,TODOS-LOS-DIAS 1,ADJETIVO,Expresión de frecuencia cotidiana o diaria. (Generada Gemini),NO,1 seña,NO,SI,Unimanual (tipo 0),J,Sin especificar,Sin especificar,Sin especificar,Sin especificar,01755_todoslosdi.mp4,TODOS LOS DIAS 1,test3,13,A2
FENASCOL I,LSC0,1756,TODOS-LOS-DIAS 2,ADJETIVO,Variante de seña para periodicidad habitual o diaria. (Generada Gemini),NO,1 seña,SI,SI,Unimanual (tipo 0),A,Sin especificar,Sin especificar,Sin especificar,Sin especificar,01756_todoslosdi.mp4,TODOS LOS DIAS 2,test3,13,A2
FENASCOL I,LSC1,1757,INVISIBLE,ADJETIVO,Que no puede ser visto o percibido por la vista. (RAE),NO,1 seña,SI,SI,Unimanual en contacto (tipo X),P,Sin especificar,Sin especificar,Sin especificar,Sin especificar,01757_invisible.mp4,INVISIBLE,test1,82,B1
FENASCOL I,LSC1,1758,TORO,SUSTANTIVO,"Macho adulto del ganado vacuno, no castrado. (RAE)",NO,1 seña,NO,SI,Simétrica (tipo I),P,Sin especificar,Sin especificar,Sin especificar,Sin especificar,01758_toro.mp4,TORO,test1,13,B1
FENASCOL I,LSC1,1759,TRANSPARENTE,ADJETIVO,Que deja pasar la luz y permite ver claramente a través de él. (RAE),NO,1 seña,NO,SI,Simétrica (tipo I),J,Sin especificar,Sin especificar,Sin especificar,Sin especificar,01759_transparen.mp4,TRANSPARENTE,test1,82,B1
FENASCOL I,LSC0,1760,ÚLTIMO 1,ADJETIVO,"Que está al final de una línea, serie o secuencia. (RAE)",NO,1 seña,NO,SI,Asimétrica (tipo III),I,Ye,Sin especificar,Sin especificar,Sin especificar,01760_ultimo1.mp4,ULTIMO 1,test3,70,A2
FENASCOL I,LSC0,1761,ÚLTIMO 2,ADJETIVO,Variante de seña para la posición final o conclusiva. (Generada Gemini),NO,1 seña,NO,SI,Asimétrica (tipo III),B,I,Sin especificar,Sin especificar,Sin especificar,01761_ultimo2.mp4,ULTIMO 2,test1,69,A2
FENASCOL I,LSC1,1762,VACA 1,SUSTANTIVO,"Hembra del toro, mamífero rumiante criado por su leche y su carne. (RAE)",NO,1 seña,NO,SI,Simétrica (tipo I),Xe,Sin especificar,Sin especificar,Sin especificar,Sin especificar,01762_vaca1.mp4,VACA 1,test1,1,B2
FENASCOL I,LSC1,1763,VACA 2,SUSTANTIVO,Variante de seña para el mamífero bovino (vaca). (Generada Gemini),NO,1 seña,NO,SI,Simétrica (tipo I),Y,Sin especificar,Sin especificar,Sin especificar,Sin especificar,01763_vaca2.mp4,VACA 2,test1,1,B2
FENASCOL I,LSC1,1764,VACA RECOLECTA,ADJETIVO,Aportación voluntaria de dinero efectuada entre varias personas para un fin común. (Generada Gemini),NO,1 seña,NO,SI,Simétrica (tipo I),P,Sin especificar,Sin especificar,Sin especificar,Sin especificar,01764_vacarecole.mp4,VACA RECOLECTA,test1,72,B1
FENASCOL I,LSC0,1765,VENDER 1,VERBO,Traspasar la propiedad de algo a cambio de un precio acordado. (RAE),NO,1 seña,NO,SI,Simétrica (tipo I),Qe,Sin especificar,Sin especificar,Sin especificar,Sin especificar,01765_vender1.mp4,VENDER 1,test3,7,A1
FENASCOL I,LSC0,1766,VENDER 2,VERBO,Variante de seña para el acto de comerciar o vender. (Generada Gemini),NO,1 seña,NO,SI,Simétrica (tipo I),Xf,Sin especificar,Sin especificar,Sin especificar,Sin especificar,01766_vender2.mp4,VENDER 2,test2,6,A2
FENASCOL I,LSC0,1767,VENDER 3,VERBO,Variante morfológica de seña para expendio o venta. (Generada Gemini),NO,1 seña,NO,SI,Simétrica (tipo I),Xf,Sin especificar,Sin especificar,Sin especificar,Sin especificar,01767_vender3.mp4,VENDER 3,test1,15,A1
FENASCOL I,LSC0,1768,VERDE,VERBO,De color semejante al de la hierba fresca o la esmeralda. (RAE),NO,1 seña,NO,SI,Unimanual (tipo 0),V,Sin especificar,Sin especificar,Sin especificar,Sin especificar,01768_verde.mp4,VERDE,test4,19,A1
FENASCOL I,LSC1,1769,VESTIDO,SUSTANTIVO,Prenda de vestir femenina de una sola pieza que cubre el cuerpo. (RAE),NO,1 seña,NO,SI,Simétrica (tipo I),J,Sin especificar,Sin especificar,Sin especificar,Sin especificar,01769_vestido.mp4,VESTIDO,test2,25,B1
FENASCOL I,LSC1,1770,VESTIRSE,VERBO,Ponerse la ropa o vestimenta adecuada. (RAE),NO,1 seña,NO,SI,Simétrica (tipo I),A,Sin especificar,Sin especificar,Sin especificar,Sin especificar,01770_vestirse.mp4,VESTIRSE,test1,49,B2
FENASCOL I,LSC1,1771,ZANCUDO,SUSTANTIVO,Mosquito de patas largas que pica y molesta. (RAE),NO,1 seña,NO,SI,Asimétrica (tipo III),Tb,B,Sin especificar,Sin especificar,Sin especificar,01771_zancudo.mp4,ZANCUDO,test4,60,B1
FENASCOL I,LSC1,1772,ZAPATO TENIS,SUSTANTIVO,Calzado deportivo cómodo de suela flexible. (Generada Gemini),SI,2 señas,SI,SI,Simétrica (tipo I),XXe,Sin especificar,Sin especificar,Sin especificar,Sin especificar,01772_zapatoteni.mp4,ZAPATO TENIS,test4,71,B1
FENASCOL I,LSC1,1773,ZAPATOSDE TACÓN,SUSTANTIVO,Calzado femenino con elevación en el talón. (Generada Gemini),NO,1 seña,NO,SI,Simétrica (tipo I),Y,Sin especificar,Sin especificar,Sin especificar,Sin especificar,01773_zapatosdet.mp4,ZAPATOSDE TACON,test4,74,B1
FENASCOL II,LSC1,1774,MAR,SUSTANTIVO,Masa de agua salada que cubre la mayor parte de la superficie terrestre. (RAE),NO,1 seña,NO,SI,Asimétrica (tipo III),B,J,Sin especificar,Sin especificar,Sin especificar,01774_mar.mp4,MAR,test1,67,B2
FENASCOL II,LSC1,1775,PRIMER-PISO,ADJETIVO,Planta de un edificio situada inmediatamente por encima de la planta baja. (RAE),SI,2 señas,NO,SI,Unimanual (tipo 0),P,B,Sin especificar,Sin especificar,Sin especificar,01775_primerpiso.mp4,PRIMER PISO,test4,3,B1
UEB,LSC1,1776,SEGUNDO-PISO,ADJETIVO,Planta de un edificio situada dos niveles por encima de la planta baja. (RAE),SI,2 señas,NO,SI,Unimanual (tipo 0),XXc,V,B,Sin especificar,Sin especificar,01776_segundopis.mp4,SEGUNDO PISO,test3,36,B2
FENASCOL II,LSC0,1777,A-PROPOSITO,FUNCION,Con la intención deliberada de hacer algo. / Por cierto. (RAE),NO,1 seña,NO,SI,Unimanual (tipo 0),S,Sin especificar,Sin especificar,Sin especificar,Sin especificar,01777_aproposito.mp4,A PROPOSITO,test2,9,A1
FENASCOL II,LSC1,1778,ABREVIAR,VERBO,Hacer más breve o corto algo. (RAE),NO,1 seña,NO,SI,Simétrica (tipo I),P,Sin especificar,Sin especificar,Sin especificar,Sin especificar,01778_abreviar.mp4,ABREVIAR,test4,51,B2
FENASCOL II,LSC1,1779,ABSTENERSE,VERBO,Privarse de algo o no intervenir en una votación u opción. (RAE),NO,1 seña,NO,SI,Simétrica (tipo I),Bl,A,Sin especificar,Sin especificar,Sin especificar,01779_abstenerse.mp4,ABSTENERSE,test4,22,B2
UEB,LSC1,1780,NEUTRAL 1,ADJETIVO,Que no se inclina por ninguna de las partes en conflicto. (RAE),NO,1 seña,NO,SI,Simétrica (tipo I),Bl,J,Sin especificar,Sin especificar,Sin especificar,01780_neutral1.mp4,NEUTRAL 1,test3,82,B2
UEB,LSC1,1781,NEUTRAL 2,ADJETIVO,Variante de seña para la condición de neutralidad o imparcialidad. (Generada Gemini),NO,1 seña,NO,SI,Simétrica (tipo I),Bl,Sin especificar,Sin especificar,Sin especificar,Sin especificar,01781_neutral2.mp4,NEUTRAL 2,test2,47,B2
FENASCOL II,LSC1,1782,ACARICIAR,VERBO,Tratar a alguien o algo con caricias o muestras de afecto. (RAE),NO,1 seña,NO,SI,Asimétrica (tipo III),P,B,Sin especificar,Sin especificar,Sin especificar,01782_acariciar.mp4,ACARICIAR,test2,64,B2
FENASCOL II,LSC1,1783,ACIDO-SABOR,ADJETIVO,Que tiene sabor agrio o picante como el del limón o vinagre. (RAE),NO,1 seña,NO,SI,Unimanual en contacto (tipo X),P,Sin especificar,Sin especificar,Sin especificar,Sin especificar,01783_acidosabor.mp4,ACIDO SABOR,test1,16,B1
FENASCOL II,LSC1,1784,ACOSTAR,VERBO,Echar o tender a alguien para que descanse o duerma. (RAE),Sin especificar,Sin especificar,NO,SI,Simétrica (tipo I),Q,Sin especificar,Sin especificar,Sin especificar,Sin especificar,01784_acostar.mp4,ACOSTAR,test1,53,B1
FENASCOL II,LSC0,1785,ACTIVO,ADJETIVO,Que obra o tiene virtud de obrar; diligente y eficaz. (RAE),NO,1 seña,NO,SI,Simétrica (tipo I),P,Sin especificar,Sin especificar,Sin especificar,Sin especificar,01785_activo.mp4,ACTIVO,test4,30,A2
FENASCOL II,LSC1,1786,ADMINISTRADOR,SUSTANTIVO,Persona que administra bienes u organizaciones. (RAE),NO,1 seña,NO,SI,Semi-simétrica (tipo II),B,Sin especificar,Sin especificar,Sin especificar,Sin especificar,01786_administra.mp4,ADMINISTRADOR,test3,22,B1
FENASCOL II,LSC0,1787,ADVERTIR,VERBO,"Llamar la atención sobre algo, aconsejar o prevenir. (RAE)",NO,1 seña,NO,SI,Asimétrica (tipo III),O,X,Sin especificar,Sin especificar,Sin especificar,01787_advertir.mp4,ADVERTIR,test2,84,A2
FENASCOL II,LSC1,1788,AFILIADO,ADJETIVO,Persona inscrita o asociada a una entidad u organización. (RAE),NO,1 seña,NO,SI,Asimétrica (tipo III),G,XX,Sin especificar,Sin especificar,Sin especificar,01788_afiliado.mp4,AFILIADO,test1,28,B2
FENASCOL II,LSC1,1789,AGRICULTURA,SUSTANTIVO,Arte o técnica de cultivar la tierra. (RAE),NO,1 seña,NO,SI,Simétrica (tipo I),XX,Sin especificar,Sin especificar,Sin especificar,Sin especificar,01789_agricultur.mp4,AGRICULTURA,test2,34,B1
FENASCOL II,LSC1,1790,CULTIVAR,VERBO,Hacer en la tierra las labores necesarias para plantar y obtener frutos. (RAE),NO,1 seña,NO,SI,Compuestas (tipo C),Cb,J,Sin especificar,Sin especificar,Sin especificar,01790_cultivar.mp4,CULTIVAR,test2,54,B1
FENASCOL II,LSC1,1791,AGUILA,SUSTANTIVO,"Ave rapaz diurna de gran tamaño, vista aguda y vuelo potente. (RAE)",SI,2 señas,NO,SI,Unimanual (tipo 0),Y,Sin especificar,Sin especificar,Sin especificar,Sin especificar,01791_aguila.mp4,AGUILA,test3,7,B1
FENASCOL II,LSC0,1792,AHÍ-ESTA,FUNCION,Expresión deíctica que señala la presencia o ubicación de algo o alguien. (Generada Gemini),NO,1 seña,NO,SI,Semi-simétrica (tipo II),V,Sin especificar,Sin especificar,Sin especificar,Sin especificar,01792_ahiesta.mp4,AHI ESTA,test3,13,A1
FENASCOL II,LSC0,1793,AL CONTRARIO,FUNCION,De manera opuesta o en sentido inverso. (RAE),NO,1 seña,NO,SI,Simétrica (tipo I),N,Sin especificar,Sin especificar,Sin especificar,Sin especificar,01793_alcontrari.mp4,AL CONTRARIO,test1,50,A1
FENASCOL II,LSC1,1794,ALEGRE,VERBO,"Lleno de alegría, contento o festivo. (RAE)",NO,1 seña,NO,SI,Semi-simétrica (tipo II),Qf,Sin especificar,Sin especificar,Sin especificar,Sin especificar,01794_alegre.mp4,ALEGRE,test2,64,B2
FENASCOL II,LSC1,1795,ALMEJA,SUSTANTIVO,Molusco bivalvo marino de concha estriada apreciado en gastronomía. (RAE),SI,1 seña,NO,SI,Simétrica (tipo I),S,Sin especificar,Sin especificar,Sin especificar,Sin especificar,01795_almeja.mp4,ALMEJA,test3,52,B1
FENASCOL II,LSC1,1796,ALTERADO,ADJETIVO,"Cambiado, trastornado, perturbado o irritado. (RAE)",NO,1 seña,NO,SI,Simétrica (tipo I),O,J,Sin especificar,Sin especificar,Sin especificar,01796_alterado.mp4,ALTERADO,test3,41,B2
FENASCOL II,LSC1,1797,AMANECER TRASNOCHAR (EN UNA FIESTA),VERBO,Pasar la noche entera sin dormir festejando hasta el alba. (Generada Gemini),NO,1 seña,SI,SI,Simétrica (tipo I),P,Sin especificar,Sin especificar,Sin especificar,Sin especificar,01797_amanecertr.mp4,AMANECER TRASNOCHAR EN UNA FIESTA,test1,91,B1
FENASCOL II,LSC1,1798,AMANTE,ADJETIVO,Persona que ama a otra o que mantiene una relación extramatrimonial. (RAE),NO,1 seña,SI,SI,Compuestas (tipo C),P,J,Sin especificar,Sin especificar,Sin especificar,01798_amante.mp4,AMANTE,test2,64,B2
FENASCOL II,LSC1,1799,AMARGO,ADJETIVO,"Que tiene sabor amargo, desagradable o que causa aflicción. (RAE)",SI,2 señas,NO,SI,Asimétrica (tipo III),A,Bl,Sin especificar,Sin especificar,Sin especificar,01799_amargo.mp4,AMARGO,test3,41,B2
FENASCOL II,LSC1,1800,AMÉRICA DEL NORTE,SUSTANTIVO,Subcontinente del continente americano situado en el hemisferio norte. (RAE),NO,1 seña,SI,SI,Asimétrica (tipo III),Bl,A,Sin especificar,Sin especificar,Sin especificar,01800_americadel.mp4,AMERICA DEL NORTE,test4,63,B1
FENASCOL II,LSC1,1801,AMÉRICA DEL SUR,SUSTANTIVO,Subcontinente del continente americano situado en el hemisferio sur. (RAE),NO,1 seña,NO,SI,Asimétrica (tipo III),A,Bl,Sin especificar,Sin especificar,Sin especificar,01801_americadel.mp4,AMERICA DEL SUR,test4,63,B1
FENASCOL II,LSC1,1802,ANALIZAR,VERBO,Someter algo a análisis o examen detallado. (RAE),NO,1 seña,NO,SI,Semi-simétrica (tipo II),B,Sin especificar,Sin especificar,Sin especificar,Sin especificar,01802_analizar.mp4,ANALIZAR,test4,25,B2
FENASCOL II,LSC1,1803,ANEMÍA,SUSTANTIVO,Disminución de la concentración de hemoglobina en la sangre. (RAE),SI,2 señas,NO,SI,Asimétrica (tipo III),Bl,S,X,Sin especificar,Sin especificar,01803_anemia.mp4,ANEMIA,test2,60,B2
FENASCOL II,LSC1,1804,ANTIOQUIA,SUSTANTIVO,Departamento de Colombia situado en el noroccidente del país. (Generada Gemini),NO,1 seña,NO,SI,Unimanual (tipo 0),B,Sin especificar,Sin especificar,Sin especificar,Sin especificar,01804_antioquia.mp4,ANTIOQUIA,test4,8,B2
FENASCOL II,LSC1,1805,ANUAL,ADJETIVO,"Que ocurre, se hace o se repite cada año. (RAE)",NO,1 seña,NO,SI,Compuestas (tipo C),P,S,Sin especificar,Sin especificar,Sin especificar,01805_anual.mp4,ANUAL,test4,32,B1
FENASCOL II,LSC1,1806,APROVECHADO,ADJETIVO,Que saca partido o beneficio personal de las circunstancias u otras personas. (RAE),NO,1 seña,SI,SI,Simétrica (tipo I),V,XX,Sin especificar,Sin especificar,Sin especificar,01806_aprovechad.mp4,APROVECHADO,test1,28,B2
FENASCOL II,LSC1,1807,ARENA,SUSTANTIVO,Conjunto de partículas disgregadas de las rocas acumuladas en playas y desiertos. (RAE),NO,1 seña,NO,SI,Simétrica (tipo I),Qe,Sin especificar,Sin especificar,Sin especificar,Sin especificar,01807_arena.mp4,ARENA,test2,34,B1
FENASCOL II,LSC1,1808,ARGENTINA,SUSTANTIVO,País soberano de América del Sur situado en el extremo sur. (RAE),NO,1 seña,NO,SI,Unimanual en contacto (tipo X),Gl,Sin especificar,Sin especificar,Sin especificar,Sin especificar,01808_argentina.mp4,ARGENTINA,test3,65,B1
FENASCOL II,LSC1,1809,ARMENIA,SUSTANTIVO,"Ciudad colombiana, capital del departamento del Quindío. (Generada Gemini)",NO,1 seña,NO,SI,Unimanual (tipo 0),Ql,Sin especificar,Sin especificar,Sin especificar,Sin especificar,01809_armenia.mp4,ARMENIA,test4,8,B1
FENASCOL II,LSC1,1810,ARRENDAR,VERBO,Ceder o adquirir el uso de una cosa por un precio y tiempo determinados. (RAE),NO,1 seña,NO,SI,Semi-simétrica (tipo II),P,Sin especificar,Sin especificar,Sin especificar,Sin especificar,01810_arrendar.mp4,ARRENDAR,test4,14,B2
FENASCOL II,LSC1,1811,ARREPENTIDO,ADJETIVO,Que siente pesar por haber hecho o dejado de hacer algo. (RAE),NO,1 seña,SI,SI,Unimanual en contacto (tipo X),P,Sin especificar,Sin especificar,Sin especificar,Sin especificar,01811_arrepentid.mp4,ARREPENTIDO,test3,41,B2
FENASCOL II,LSC1,1812,ASMA,SUSTANTIVO,Enfermedad crónica caracterizada por dificultad respiratoria y sibilancias. (RAE),NO,1 seña,NO,SI,Unimanual en contacto (tipo X),J,Sin especificar,Sin especificar,Sin especificar,Sin especificar,01812_asma.mp4,ASMA,test2,5,B2
FENASCOL II,LSC1,1813,ATLANTICO,SUSTANTIVO,Océano que separa América de Europa y África / Departamento de Colombia. (RAE),NO,1 seña,SI,SI,Asimétrica (tipo III),Bl,Qe,Sin especificar,Sin especificar,Sin especificar,01813_atlantico.mp4,ATLANTICO,test4,63,B1
FENASCOL II,LSC1,1814,ATLETISMO,SUSTANTIVO,"Conjunto de disciplinas deportivas que comprenden carreras, saltos y lanzamientos. (RAE)",NO,1 seña,NO,SI,Semi-simétrica (tipo II),B,Sin especificar,Sin especificar,Sin especificar,Sin especificar,01814_atletismo.mp4,ATLETISMO,test4,64,B1
FENASCOL II,LSC1,1815,AUDIOLOGIA,SUSTANTIVO,Disciplina que estudia la audición y sus trastornos. (RAE),SI,2 señas,NO,SI,Asimétrica (tipo III),C,B,Sin especificar,Sin especificar,Sin especificar,01815_audiologia.mp4,AUDIOLOGIA,test4,79,B2
FENASCOL II,LSC1,1816,AURORA,SUSTANTIVO,Luz sonrosada que precede inmediatamente a la salida del sol. (RAE),NO,1 seña,NO,SI,Asimétrica (tipo III),B,Ok,Sin especificar,Sin especificar,Sin especificar,01816_aurora.mp4,AURORA,test1,82,B1
FENASCOL II,LSC1,1817,AUTOPISTA,SUSTANTIVO,Carretera de varios carriles por sentido pensada para alta velocidad. (RAE),NO,1 seña,NO,SI,Semi-simétrica (tipo II),B,Sin especificar,Sin especificar,Sin especificar,Sin especificar,01817_autopista.mp4,AUTOPISTA,test1,44,B1
FENASCOL II,LSC1,1818,AUXILIAR,ADJETIVO,Persona que presta asistencia o auxilio en una labor. (RAE),NO,1 seña,SI,SI,Semi-simétrica (tipo II),A,Sin especificar,Sin especificar,Sin especificar,Sin especificar,01818_auxiliar.mp4,AUXILIAR,test4,3,B2
FENASCOL II,LSC1,1819,AVIONETA,ADJETIVO,Avión pequeño y de poca potencia. (RAE),SI,2 señas,NO,SI,Compuestas (tipo C),Y,P,Sin especificar,Sin especificar,Sin especificar,01819_avioneta.mp4,AVIONETA,test3,7,B1
FENASCOL II,LSC0,1820,AVISAR,VERBO,Dar noticia o advertencia a alguien de algo. (RAE),NO,1 seña,NO,SI,Unimanual (tipo 0),Q,Sin especificar,Sin especificar,Sin especificar,Sin especificar,01820_avisar.mp4,AVISAR,test1,64,A1
FENASCOL II,LSC1,1821,ANUNCIAR,VERBO,"Dar a conocer un hecho, evento o producto al público. (RAE)",NO,1 seña,SI,SI,Simétrica (tipo I),Qe,Sin especificar,Sin especificar,Sin especificar,Sin especificar,01821_anunciar.mp4,ANUNCIAR,test1,18,B2
FENASCOL II,LSC0,1822,AZARADO,ADJETIVO,"Persona sobresaltada, aturdida o turbada por la prisa o el miedo. (RAE / Regionalismo)",NO,1 seña,SI,SI,Semi-simétrica (tipo II),J,Sin especificar,Sin especificar,Sin especificar,Sin especificar,01822_azarado.mp4,AZARADO,test4,10,A2
UEB,LSC0,1823,DAR-A-MI,VERBO,Acción de entregar o conceder un objeto o beneficio hacia la primera persona. (Generada Gemini),NO,1 seña,NO,SI,Asimétrica (tipo III),Qe,Ql,Sin especificar,Sin especificar,Sin especificar,01823_darami.mp4,DAR A MI,test3,7,A1
FENASCOL II,LSC1,1824,BAJO 1,ADJETIVO,De escasa estatura o situado a poca altura. (RAE),NO,1 seña,NO,SI,Unimanual (tipo 0),Bl,Sin especificar,Sin especificar,Sin especificar,Sin especificar,01824_bajo1.mp4,BAJO 1,test3,36,B2
UEB,LSC1,1825,BAJO 2,ADJETIVO,Variante de seña para posición inferior o baja estatura. (Generada Gemini),NO,1 seña,SI,SI,Asimétrica (tipo III),Bl,Be,Sin especificar,Sin especificar,Sin especificar,01825_bajo2.mp4,BAJO 2,test2,47,B2
FENASCOL II,LSC1,1826,BANQUITAS,SUSTANTIVO,Modalidad popular del fútbol jugada en canchas reducidas y con arcos pequeños. (Generada Gemini),NO,1 seña,NO,SI,Simétrica (tipo I),Cb,Sin especificar,Sin especificar,Sin especificar,Sin especificar,01826_banquitas.mp4,BANQUITAS,test3,48,B1
FENASCOL II,LSC1,1827,BARBOSA (SANTANDER),SUSTANTIVO,Municipio colombiano ubicado en el departamento de Santander. (Generada Gemini),NO,1 seña,SI,SI,Unimanual en contacto (tipo X),Bl,Sin especificar,Sin especificar,Sin especificar,Sin especificar,01827_barbosasan.mp4,BARBOSA SANTANDER,test3,45,B1
FENASCOL II,LSC1,1828,BARRANCABERMEJA (SANTANDER),SUSTANTIVO,Municipio y puerto petrolero colombiano en Santander. (Generada Gemini),NO,1 seña,NO,SI,Unimanual en contacto (tipo X),S,Sin especificar,Sin especificar,Sin especificar,Sin especificar,01828_barrancabe.mp4,BARRANCABERMEJA SANTANDER,test2,20,B1
FENASCOL II,LSC1,1829,BECERRO,SUSTANTIVO,Cría de la vaca hasta que cumple uno o dos años. (RAE),SI,2 señas,NO,SI,Compuestas (tipo C),L,Bl,Sin especificar,Sin especificar,Sin especificar,01829_becerro.mp4,BECERRO,test2,50,B2
FENASCOL II,LSC1,1830,BELIZE,SUSTANTIVO,País soberano de América Central con costa en el mar Caribe (Belice). (RAE),NO,1 seña,NO,SI,Unimanual (tipo 0),Be,Sin especificar,Sin especificar,Sin especificar,Sin especificar,01830_belize.mp4,BELIZE,test1,90,B2
FENASCOL II,LSC1,1831,BERMUDAS,SUSTANTIVO,Pantalón corto que llega hasta la rodilla. (RAE),NO,1 seña,NO,SI,Simétrica (tipo I),Qf,Sin especificar,Sin especificar,Sin especificar,Sin especificar,01831_bermudas.mp4,BERMUDAS,test1,74,B2
FENASCOL II,LSC1,1832,BESO-1,SUSTANTIVO,"Toque con los labios en señal de afecto, amor o saludo. (RAE)",NO,1 seña,NO,SI,Unimanual en contacto (tipo X),Q,Sin especificar,Sin especificar,Sin especificar,Sin especificar,01832_beso1.mp4,BESO 1,test2,64,B2
UEB,LSC1,1833,BESO-2,SUSTANTIVO,Variante de seña para la acción o gesto de besar. (Generada Gemini),NO,1 seña,NO,SI,Unimanual en contacto (tipo X),Q,Sin especificar,Sin especificar,Sin especificar,Sin especificar,01833_beso2.mp4,BESO 2,test4,55,B2
UEB,LSC1,1834,BESO-3,SUSTANTIVO,Variante morfológica de seña para muestra de afecto labial. (Generada Gemini),NO,1 seña,NO,SI,Semi-simétrica (tipo II),Q,Sin especificar,Sin especificar,Sin especificar,Sin especificar,01834_beso3.mp4,BESO 3,test4,55,B2
FENASCOL II,LSC1,1835,BETAMAX,SUSTANTIVO,Formato analógico de grabación y reproducción de video doméstico. (Generada Gemini),SI,2 señas,SI,SI,Compuestas (tipo C),Bl,Qa,Sin especificar,Sin especificar,Sin especificar,01835_betamax.mp4,BETAMAX,test3,43,B1
FENASCOL II,LSC1,1836,BIBLIOTECA,SUSTANTIVO,Institución o lugar donde se conservan y prestan libros para la lectura. (RAE),NO,1 seña,NO,SI,Unimanual (tipo 0),Be,Sin especificar,Sin especificar,Sin especificar,Sin especificar,01836_biblioteca.mp4,BIBLIOTECA,test4,26,B2
FENASCOL II,LSC1,1837,BIFET,SUSTANTIVO,Mueble de comedor o servicio de comidas de autoservicio (bufé/buffet). (RAE),SI,2 señas,SI,SI,Simétrica (tipo I),S,C,Sin especificar,Sin especificar,Sin especificar,01837_bifet.mp4,BIFET,test4,14,B2
FENASCOL II,LSC1,1838,BIMESTRAL,ADJETIVO,Que se realiza o repite cada dos meses. (RAE),NO,1 seña,NO,SI,Unimanual (tipo 0),V,Sin especificar,Sin especificar,Sin especificar,Sin especificar,01838_bimestral.mp4,BIMESTRAL,test4,32,B1
FENASCOL II,LSC1,1839,BIPER,SUSTANTIVO,Dispositivo de telecomunicaciones portátil que recibe mensajes de texto breves (pager/búper). (Generada Gemini),NO,1 seña,SI,SI,Unimanual en contacto (tipo X),C,Sin especificar,Sin especificar,Sin especificar,Sin especificar,01839_biper.mp4,BIPER,test1,56,B1
FENASCOL II,LSC1,1840,BLANQUEADOR,SUSTANTIVO,Producto químico empleado para blanquear o desinfectar la ropa o superficies. (Generada Gemini),SI,2 señas,SI,SI,Compuestas (tipo C),A,S,J,Sin especificar,Sin especificar,01840_blanqueado.mp4,BLANQUEADOR,test3,29,B1
FENASCOL II,LSC1,1841,BOLIVAR,SUSTANTIVO,Departamento de Colombia / Moneda oficial de Venezuela. (RAE),NO,1 seña,SI,SI,Unimanual en contacto (tipo X),Bl,Sin especificar,Sin especificar,Sin especificar,Sin especificar,01841_bolivar.mp4,BOLIVAR,test3,45,B1
FENASCOL II,LSC1,1842,BOLIVIA,SUSTANTIVO,País soberano sin litoral marítimo situado en el centro-oeste de América del Sur. (RAE),NO,1 seña,SI,SI,Unimanual (tipo 0),Ud,Sin especificar,Sin especificar,Sin especificar,Sin especificar,01842_bolivia.mp4,BOLIVIA,test3,4,B1
FENASCOL II,LSC1,1843,BOYACA,SUSTANTIVO,Departamento de Colombia situado en el centro-oriente del país. (Generada Gemini),NO,1 seña,SI,SI,Asimétrica (tipo III),S,A,Sin especificar,Sin especificar,Sin especificar,01843_boyaca.mp4,BOYACA,test3,45,B1
FENASCOL II,LSC1,1844,BUCARAMANGA,SUSTANTIVO,"Ciudad colombiana, capital del departamento de Santander. (Generada Gemini)",NO,1 seña,SI,SI,Unimanual en contacto (tipo X),Tl,Xc,Xe,Sin especificar,Sin especificar,01844_bucaramang.mp4,BUCARAMANGA,test4,8,B1
FENASCOL II,LSC1,1845,BUCEAR,VERBO,Nadar con todo el cuerpo sumergido bajo la superficie del agua. (RAE),SI,2 señas,SI,SI,Compuestas (tipo C),C,V,Sin especificar,Sin especificar,Sin especificar,01845_bucear.mp4,BUCEAR,test1,77,B1
FENASCOL II,LSC1,1846,BUENAVETURA (VALLE),SUSTANTIVO,Distrito especial y principal puerto colombiano en el océano Pacífico. (Generada Gemini),NO,1 seña,SI,SI,Unimanual (tipo 0),B,Bl,Sin especificar,Sin especificar,Sin especificar,01846_buenaventu.mp4,BUENAVETURA VALLE,test2,20,B1
FENASCOL II,LSC1,1847,BUGA (VALLE),SUSTANTIVO,Municipio colombiano en el departamento del Valle del Cauca. (Generada Gemini),NO,1 seña,SI,SI,Unimanual en contacto (tipo X),Pc,Sin especificar,Sin especificar,Sin especificar,Sin especificar,01847_bugavalle.mp4,BUGA VALLE,test3,45,B1
FENASCOL II,LSC1,1848,BUZO,SUSTANTIVO,Persona que practica el buceo / Prenda de vestir de abrigo o deportiva. (RAE),SI,2 señas,SI,SI,Compuestas (tipo C),C,C,O,Sin especificar,Sin especificar,01848_buzo.mp4,BUZO,test1,28,B2
FENASCOL II,LSC1,1849,CAER-EN-CUENTA (ah-ya),VERBO,Darse cuenta o comprender de pronto algo que no se había advertido. (Generada Gemini),SI,2 señas,SI,SI,Compuestas (tipo C),J,Y,Sin especificar,Sin especificar,Sin especificar,01849_caerencuen.mp4,CAER EN CUENTA ah ya,test1,5,B1
UEB,LSC0,1850,NO-TENER--NADA-QUE-DECIR (mmm),FUNCION,Expresión gestual de reservarse la opinión o falta de comentarios sobre un tema. (Generada Gemini),NO,1 seña,SI,SI,Simétrica (tipo I),Ma,Sin especificar,Sin especificar,Sin especificar,Sin especificar,01850_notenernad.mp4,NO TENER NADA QUE DECIR mmm,test4,20,A1
UEB,LSC0,1851,QUEDARSE-SIN-PALABRAS (agarra-cuello),FUNCION,"Expresión de perplejidad, asombro o turbación que impide hablar. (Generada Gemini)",NO,1 seña,NO,SI,Unimanual en contacto (tipo X),Gl,S,Sin especificar,Sin especificar,Sin especificar,01851_quedarsesi.mp4,QUEDARSE SIN PALABRAS agarra cuello,test4,3,A1
FENASCOL II,LSC1,1852,BUENA PERSONA 1,ADJETIVO,"Individuo caracterizado por su virtud, bondad o integridad moral. (RAE)",SI,2 señas,SI,SI,Compuestas (tipo C),Bl,K,Sin especificar,Sin especificar,Sin especificar,01852_buenaperso.mp4,BUENA PERSONA 1,test3,0,B2
UEB,LSC1,1853,BUENA PERSONA 2,ADJETIVO,Variante de seña para la calidad moral o bondad de una persona. (Generada Gemini),SI,2 señas,SI,SI,Compuestas (tipo C),Bl,Xc,Sin especificar,Sin especificar,Sin especificar,01853_buenaperso.mp4,BUENA PERSONA 2,test3,0,B2
UEB,LSC1,1854,BUENA PERSONA 3,ADJETIVO,Variante morfológica de seña para ponderar la bondad personal. (Generada Gemini),SI,2 señas,SI,SI,Unimanual (tipo 0),A,Xc,Sin especificar,Sin especificar,Sin especificar,01854_buenaperso.mp4,BUENA PERSONA 3,test3,53,B2
UEB,LSC1,1855,CALAMAR,SUSTANTIVO,Molusco cefalópodo marino de cuerpo alargado con diez tentáculos y bolsa de tinta. (RAE),NO,1 seña,NO,SI,Unimanual (tipo 0),J,Qe,Sin especificar,Sin especificar,Sin especificar,01855_calamar.mp4,CALAMAR,test1,21,B1
FENASCOL II,LSC1,1856,CALDAS,SUSTANTIVO,Departamento de Colombia situado en la región andina (eje cafetero). (Generada Gemini),NO,1 seña,SI,SI,Unimanual en contacto (tipo X),Xf,Xc,Sin especificar,Sin especificar,Sin especificar,01856_caldas.mp4,CALDAS,test3,45,B1
FENASCOL II,LSC1,1857,CAMA MATRIMONIAL,SUSTANTIVO,Cama de dos plazas o dimensiones amplias para dos personas. (Generada Gemini),SI,2 señas,SI,SI,Simétrica (tipo I),Ud,J,Sin especificar,Sin especificar,Sin especificar,01857_camamatrim.mp4,CAMA MATRIMONIAL,test4,3,B1
FENASCOL II,LSC1,1858,CAMA SENCILLA,SUSTANTIVO,Cama individual destinada al descanso de una sola persona. (Generada Gemini),SI,2 señas,SI,SI,Simétrica (tipo I),Ud,Bl,Sin especificar,Sin especificar,Sin especificar,01858_camasencil.mp4,CAMA SENCILLA,test4,74,B1
FENASCOL II,LSC1,1859,CAMÁRA FOTOGRÁFICA,SUSTANTIVO,Aparato empleado para registrar imágenes fotográficas. (RAE),NO,1 seña,NO,SI,Semi-simétrica (tipo II),Xc,Sin especificar,Sin especificar,Sin especificar,Sin especificar,01859_camarafoto.mp4,CAMARA FOTOGRAFICA,test2,0,B1
FENASCOL II,LSC1,1860,CAMARONES,SUSTANTIVO,Crustáceos decápodos marinos o de agua dulce apreciados en gastronomía. (RAE),NO,1 seña,NO,SI,Unimanual (tipo 0),X,Xe,Sin especificar,Sin especificar,Sin especificar,01860_camarones.mp4,CAMARONES,test1,95,B2
FENASCOL II,LSC1,1861,CANADÁ,SUSTANTIVO,País soberano de América del Norte que se extiende desde el Atlántico hasta el Pacífico. (RAE),NO,1 seña,SI,SI,Unimanual en contacto (tipo X),A,Sin especificar,Sin especificar,Sin especificar,Sin especificar,01861_canada.mp4,CANADA,test4,63,B1
FENASCOL II,LSC1,1862,CANCER,SUSTANTIVO,Enfermedad caracterizada por la proliferación descontrolada de células anormales. (RAE),NO,1 seña,NO,SI,Unimanual (tipo 0),Gl,G,Sin especificar,Sin especificar,Sin especificar,01862_cancer.mp4,CANCER,test1,58,B2
FENASCOL II,LSC1,1863,CANOA,SUSTANTIVO,"Embarcación de remo estrecha y ligera, sin timón. (RAE)",NO,1 seña,NO,SI,Simétrica (tipo I),B,Sin especificar,Sin especificar,Sin especificar,Sin especificar,01863_canoa.mp4,CANOA,test3,81,B1
FENASCOL II,LSC1,1864,CAQUETA,SUSTANTIVO,Departamento de Colombia situado en la región amazónica. (Generada Gemini),NO,1 seña,NO,SI,Simétrica (tipo I),C,Sin especificar,Sin especificar,Sin especificar,Sin especificar,01864_caqueta.mp4,CAQUETA,test3,45,B1
FENASCOL II,LSC1,1865,CARDIÓLOGO 1,SUSTANTIVO,Médico especialista en las enfermedades del corazón y del aparato circulatorio. (RAE),NO,1 seña,SI,SI,Unimanual en contacto (tipo X),B,Sin especificar,Sin especificar,Sin especificar,Sin especificar,01865_cardiologo.mp4,CARDIOLOGO 1,test3,45,B2
UEB,LSC1,1866,CARDIÓLOGO 2,SUSTANTIVO,Variante de seña para la especialidad médica de cardiología. (Generada Gemini),SI,2 señas,SI,SI,Asimétrica (tipo III),Be,Nc,J,G,Sin especificar,01866_cardiologo.mp4,CARDIOLOGO 2,test3,45,B2
FENASCOL II,LSC1,1867,CARIBE 1,SUSTANTIVO,Mar de la cuenca del Atlántico o región geográfica del norte de América del Sur. (RAE),NO,1 seña,SI,SI,Unimanual (tipo 0),Bl,Sin especificar,Sin especificar,Sin especificar,Sin especificar,01867_caribe1.mp4,CARIBE 1,test1,90,B2
UEB,LSC1,1868,CARIBE 2,SUSTANTIVO,Variante de seña para la región costera o marítima del Caribe. (Generada Gemini),NO,1 seña,SI,SI,Unimanual en contacto (tipo X),C,Sin especificar,Sin especificar,Sin especificar,Sin especificar,01868_caribe2.mp4,CARIBE 2,test1,90,B2
UEB,LSC1,1869,CARIBE 3,SUSTANTIVO,Variante morfológica para la zona geográfica caribeña. (Generada Gemini),SI,2 señas,SI,SI,Asimétrica (tipo III),Y,C,Sin especificar,Sin especificar,Sin especificar,01869_caribe3.mp4,CARIBE 3,test1,90,B2
FENASCOL II,LSC1,1870,CARPETA,SUSTANTIVO,Útil de escritorio consistente en dos tapas unidas para guardar documentos. (RAE),NO,1 seña,NO,SI,Asimétrica (tipo III),Qa,Bl,Sin especificar,Sin especificar,Sin especificar,01870_carpeta.mp4,CARPETA,test4,58,B1
FENASCOL II,LSC1,1871,CARTELERA,SUSTANTIVO,"Marco o lámina fija para colocar avisos, afiches o informaciones públicas. (RAE)",NO,1 seña,NO,SI,Simétrica (tipo I),A,Sin especificar,Sin especificar,Sin especificar,Sin especificar,01871_cartelera.mp4,CARTELERA,test1,18,B2
FENASCOL II,LSC1,1872,CARTÓN,SUSTANTIVO,Material formado por superposición de capas de pasta de papel endurecida. (RAE),NO,1 seña,NO,SI,Semi-simétrica (tipo II),Qa,Sin especificar,Sin especificar,Sin especificar,Sin especificar,01872_carton.mp4,CARTON,test1,17,B2
FENASCOL II,LSC1,1873,CARTULINA,SUSTANTIVO,Papel de grosor e inflexibilidad intermedios entre el papel y el cartón. (RAE),NO,1 seña,NO,SI,Semi-simétrica (tipo II),Qe,Sin especificar,Sin especificar,Sin especificar,Sin especificar,01873_cartulina.mp4,CARTULINA,test3,86,B1
FENASCOL II,LSC1,1874,CASA DE CAMPO,SUSTANTIVO,Vivienda situada en una zona rural o de descanso fuera de la ciudad. (Generada Gemini),SI,2 señas,SI,SI,Compuestas (tipo C),Bl,Bl,J,Sin especificar,Sin especificar,01874_casadecamp.mp4,CASA DE CAMPO,test4,3,B1
FENASCOL II,LSC1,1875,CASA DE TRES PISOS,SUSTANTIVO,Edificación residencial constituida por tres niveles de planta. (Generada Gemini),SI,2 señas,SI,SI,Compuestas (tipo C),Bl,W,Sin especificar,Sin especificar,Sin especificar,01875_casadetres.mp4,CASA DE TRES PISOS,test4,3,B1
FENASCOL II,LSC1,1876,CASSET,SUSTANTIVO,Casete; pequeña caja de plástico con cinta magnética para grabar y reproducir audio o video. (RAE),NO,1 seña,SI,SI,Asimétrica (tipo III),Bl,Xc,Sin especificar,Sin especificar,Sin especificar,01876_casset.mp4,CASSET,test2,11,B1
FENASCOL II,LSC1,1877,CASSETE VIDEO BETA,SUSTANTIVO,Formato magnético analógico de video Betamax. (Generada Gemini),SI,2 señas,SI,SI,Compuestas (tipo C),Vl,Bl,Sin especificar,Sin especificar,Sin especificar,01877_cassetevid.mp4,CASSETE VIDEO BETA,test3,43,B1
FENASCOL II,LSC1,1878,CASSETE VIDEO VHS,SUSTANTIVO,Formato analógico de video doméstico en cinta magnética (VHS). (Generada Gemini),SI,2 señas,SI,SI,Compuestas (tipo C),Vl,Bl,Sin especificar,Sin especificar,Sin especificar,01878_cassettevi.mp4,CASSETE VIDEO VHS,test3,43,B1
FENASCOL II,LSC1,1879,CENTROAMÉRICA,SUSTANTIVO,Subcontinente o región que une América del Norte con América del Sur. (RAE),NO,1 seña,SI,SI,Semi-simétrica (tipo II),A,Sin especificar,Sin especificar,Sin especificar,Sin especificar,01879_centroamer.mp4,CENTROAMERICA,test4,63,B1
FENASCOL II,LSC1,1880,CEPILLO DE EMBOLAR,SUSTANTIVO,Cepillo de cerdas para aplicar o lustrar el betún en el calzado. (Generada Gemini),NO,1 seña,SI,SI,Asimétrica (tipo III),Bl,S,Sin especificar,Sin especificar,Sin especificar,01880_cepillodee.mp4,CEPILLO DE EMBOLAR,test4,74,B1
FENASCOL II,LSC1,1881,CEPILLO DE ROPA,SUSTANTIVO,Utensilio provisto de cerdas finas para limpiar el polvo de las prendas de vestir. (RAE),NO,1 seña,SI,SI,Unimanual en contacto (tipo X),S,Sin especificar,Sin especificar,Sin especificar,Sin especificar,01881_cepilloder.mp4,CEPILLO DE ROPA,test2,59,B1
FENASCOL II,LSC1,1882,CHAMPU,SUSTANTIVO,Jabón líquido empleado para la limpieza del cabello. (RAE),NO,1 seña,NO,SI,Simétrica (tipo I),J,Sin especificar,Sin especificar,Sin especificar,Sin especificar,01882_champu.mp4,CHAMPU,test1,95,B2
FENASCOL II,LSC1,1883,CHILE,SUSTANTIVO,País soberano de América del Sur situado en el extremo suroccidental. (RAE),NO,1 seña,NO,SI,Unimanual (tipo 0),No,Nc,Sin especificar,Sin especificar,Sin especificar,01883_chile.mp4,CHILE,test3,65,B1
FENASCOL II,LSC1,1884,CHÍA (CUNDINAMARCA),SUSTANTIVO,Municipio colombiano ubicado en el departamento de Cundinamarca. (Generada Gemini),NO,1 seña,NO,SI,Unimanual (tipo 0),No,Nc,Sin especificar,Sin especificar,Sin especificar,01884_chiacund.mp4,CHIA CUNDINAMARCA,test3,45,B1
FENASCOL II,LSC1,1885,CHIVO 1,SUSTANTIVO,Macho de la cabra o cría de la misma. (RAE),NO,1 seña,SI,SI,Asimétrica (tipo III),Bl,Qe,Sin especificar,Sin especificar,Sin especificar,01885_chivo1.mp4,CHIVO 1,test4,51,B2
UEB,LSC1,1886,CHIVO 2,SUSTANTIVO,Variante de seña para el mamífero caprino (chivo). (Generada Gemini),SI,2 señas,NO,SI,Unimanual en contacto (tipo X),Jb,Sin especificar,Xe,Xe,Sin especificar,01886_chivo2.mp4,CHIVO 2,test1,1,B2
FENASCOL II,LSC1,1887,CHOCO,SUSTANTIVO,Departamento de Colombia situado en el pacífico y el noroeste del país. (Generada Gemini),NO,1 seña,NO,SI,Unimanual en contacto (tipo X),X,Sin especificar,Sin especificar,Sin especificar,Sin especificar,01887_choco.mp4,CHOCO,test4,8,B2
FENASCOL II,LSC1,1888,CHOCONTA (CUNDINAMARCA),SUSTANTIVO,Municipio colombiano ubicado en el departamento de Cundinamarca. (Generada Gemini),NO,1 seña,NO,SI,Unimanual (tipo 0),G,Sin especificar,Sin especificar,Sin especificar,Sin especificar,01888_chocontacu.mp4,CHOCONTA CUNDINAMARCA,test2,54,B2
FENASCOL II,LSC1,1889,CICLISMO,SUSTANTIVO,Deporte o práctica del uso de la bicicleta. (RAE),SI,2 señas,NO,SI,Simétrica (tipo I),Pa,Pa,S,S,Sin especificar,01889_ciclismo.mp4,CICLISMO,test4,64,B1
FENASCOL II,LSC1,1890,CINCO MESES 1,ADJETIVO,Período temporal equivalente a cinco lapsos mensuales. (Generada Gemini),NO,1 seña,NO,SI,Asimétrica (tipo III),J,P,Sin especificar,Sin especificar,Sin especificar,01890_cincomeses.mp4,CINCO MESES 1,test4,36,B1
UEB,LSC1,1891,CINCO MESES 2,ADJETIVO,Variante de seña para una duración temporal de cinco meses. (Generada Gemini),NO,1 seña,NO,SI,Unimanual en contacto (tipo X),J,Sin especificar,Sin especificar,Sin especificar,Sin especificar,01891_cincomeses.mp4,CINCO MESES 2,test4,36,B1
FENASCOL II,LSC1,1892,CINTA PEGANTE 1,SUSTANTIVO,Tira adhesiva transparente o de papel empleada para fijar u ordenar objetos. (RAE),NO,1 seña,NO,SI,Asimétrica (tipo III),B,A,Sin especificar,Sin especificar,Sin especificar,01892_cintapegan.mp4,CINTA PEGANTE 1,test1,17,B2
UEB,LSC1,1893,CINTA PEGANTE 2,SUSTANTIVO,Variante de seña para cinta adhesiva. (Generada Gemini),NO,1 seña,NO,SI,Simétrica (tipo I),Tb,Tb,Sin especificar,Sin especificar,Sin especificar,01893_cintapegan.mp4,CINTA PEGANTE 2,test3,15,B2
FENASCOL II,LSC1,1894,CIRUJANO 1,SUSTANTIVO,Médico especialista habilitado para realizar intervenciones quirúrgicas. (RAE),NO,1 seña,NO,SI,Unimanual en contacto (tipo X),A,Sin especificar,Sin especificar,Sin especificar,Sin especificar,01894_cirujano1.mp4,CIRUJANO 1,test2,77,B2
UEB,LSC1,1895,CIRUJANO 2,SUSTANTIVO,Variante de seña para la profesión u oficio de cirujano. (Generada Gemini),NO,1 seña,NO,SI,Unimanual (tipo 0),A,S,Sin especificar,Sin especificar,Sin especificar,01895_cirujano2.mp4,CIRUJANO 2,test2,77,B2
FENASCOL II,LSC1,1896,CIRUJIA,SUSTANTIVO,Cirugía; especialidad o intervención médica mediante procedimientos quirúrgicos. (RAE),SI,2 señas,NO,SI,Asimétrica (tipo III),S,A,Sin especificar,Sin especificar,Sin especificar,01896_cirugia.mp4,CIRUJIA,test2,6,B1
FENASCOL II,LSC1,1897,CLIP,SUSTANTIVO,Pieza metálica o de plástico doblada que sirve para sujetar hojas de papel. (RAE),NO,1 seña,NO,SI,Asimétrica (tipo III),Pc,B,Sin especificar,Sin especificar,Sin especificar,01897_clip.mp4,CLIP,test4,58,B1
FENASCOL II,LSC1,1898,CLIP MARIPOSA,SUSTANTIVO,Tipo de clip plano con forma de mariposa para sujetar grandes fajos de papel. (Generada Gemini),NO,1 seña,NO,SI,Asimétrica (tipo III),Z,B,Sin especificar,Sin especificar,Sin especificar,01898_clipmaripo.mp4,CLIP MARIPOSA,test4,58,B1
FENASCOL II,LSC1,1899,CLUB 1,SUSTANTIVO,"Sociedad de personas asociadas para actividades recreativas, culturales o deportivas. (RAE)",NO,1 seña,NO,SI,Unimanual (tipo 0),O,Be,Sin especificar,Sin especificar,Sin especificar,01899_club1.mp4,CLUB 1,test2,43,B2
UEB,LSC1,1900,CLUB 2,SUSTANTIVO,Variante de seña para centro recreativo o asociación social (club). (Generada Gemini),NO,1 seña,NO,SI,Asimétrica (tipo III),Be,O,Sin especificar,Sin especificar,Sin especificar,01900_club2.mp4,CLUB 2,test2,43,B2
FENASCOL II,LSC1,1901,COLCHON,SUSTANTIVO,Pieza de tela acolchada sobre la que se yace para dormir. (RAE),SI,2 señas,NO,SI,Simétrica (tipo I),Cf,Cf,B,B,Sin especificar,01901_colchon.mp4,COLCHON,test1,53,B1
FENASCOL II,LSC1,1902,COLIFLOR,SUSTANTIVO,"Variedad de col de pella blanca, tierna y comestible formada por flores apelotonadas. (RAE)",NO,1 seña,NO,SI,Semi-simétrica (tipo II),Qe,Qe,Sin especificar,Sin especificar,Sin especificar,01902_coliflor.mp4,COLIFLOR,test2,49,B1
FENASCOL II,LSC1,1903,COMITE,SUSTANTIVO,Conjunto de personas delegadas para un asunto u organización. (RAE),NO,1 seña,NO,SI,Unimanual en contacto (tipo X),Cb,Sin especificar,Sin especificar,Sin especificar,Sin especificar,01903_comite.mp4,COMITE,test1,97,B2
FENASCOL II,LSC1,1904,COMPAS,SUSTANTIVO,Instrumento de dos ramas articuladas usado para trazar círculos o tomar distancias. (RAE),NO,1 seña,NO,SI,Asimétrica (tipo III),Bl,V,Sin especificar,Sin especificar,Sin especificar,01904_compas.mp4,COMPAS,test1,74,B2
FENASCOL II,LSC0,1905,COMPROMISO,SUSTANTIVO,Obligación contraída o acuerdo formal entre partes. (RAE),NO,1 seña,NO,SI,Unimanual (tipo 0),H,Sin especificar,Sin especificar,Sin especificar,Sin especificar,01905_compromiso.mp4,COMPROMISO,test1,48,A2
FENASCOL II,LSC1,1906,CONDIMENTO,SUSTANTIVO,Sustancia empleada para sazonar y dar sabor a las comidas. (RAE),NO,1 seña,NO,SI,Asimétrica (tipo III),B,C,Sin especificar,Sin especificar,Sin especificar,01906_condimento.mp4,CONDIMENTO,test1,95,B2
FENASCOL II,LSC1,1907,CONDOR,SUSTANTIVO,Cierto tipo de ave rapaz andina o variante de seña. (RAE),SI,2 señas,NO,SI,Unimanual en contacto (tipo X),C,Jb,Sin especificar,Sin especificar,Sin especificar,01907_condor.mp4,CONDOR,test4,60,B1
FENASCOL II,LSC1,1908,CONSENTIR,VERBO,Mimarlo o permitirle a alguien sus gustos / Aceptar un acuerdo. (RAE),NO,1 seña,NO,SI,Asimétrica (tipo III),P,B,Sin especificar,Sin especificar,Sin especificar,01908_consentir.mp4,CONSENTIR,test1,28,B2
FENASCOL II,LSC1,1909,CONTAC 1,SUSTANTIVO,Papel adhesivo transparente o de colores usado para forrar cuadernos y libros (Contact). (Generada Gemini),NO,1 seña,NO,SI,Semi-simétrica (tipo II),A,A,Sin especificar,Sin especificar,Sin especificar,01909_contac1.mp4,CONTAC 1,test3,15,B2
FENASCOL II,LSC1,1910,CONTAC 2,SUSTANTIVO,Variante de seña para papel adhesivo o película protectora forradora. (Generada Gemini),NO,1 seña,NO,SI,Semi-simétrica (tipo II),Ta,Bl,Sin especificar,Sin especificar,Sin especificar,01910_contac.mp4,CONTAC 2,test3,15,B2
UEB,LSC1,1911,CONTACTO,SUSTANTIVO,Acción de tocarse dos cosas / Conexión o relación con personas o entidades. (RAE),NO,1 seña,NO,SI,Simétrica (tipo I),N,N,Sin especificar,Sin especificar,Sin especificar,01911_contacto.mp4,CONTACTO,test1,28,B2
UEB,LSC1,1912,COQUETA 1,ADJETIVO,Persona que procura agradar o coquetear. / Mueble tocador. (RAE),NO,1 seña,NO,SI,Asimétrica (tipo III),J,X,Sin especificar,Sin especificar,Sin especificar,01912_coqueta1.mp4,COQUETA 1,test1,28,B2
FENASCOL II,LSC1,1913,COQUETA 2,ADJETIVO,Variante de seña para coqueta o actitud de coqueteo. (Generada Gemini),NO,1 seña,NO,SI,Simétrica (tipo I),J,J,Sin especificar,Sin especificar,Sin especificar,01913_coqueta2.mp4,COQUETA 2,test2,47,B2
FENASCOL II,LSC1,1914,CORDOBA(DEPARTAMENTO),SUSTANTIVO,Departamento de Colombia situado en el Caribe colombiano. (Generada Gemini),NO,1 seña,NO,SI,Unimanual en contacto (tipo X),Cb,Sin especificar,Sin especificar,Sin especificar,Sin especificar,01914_cordobadep.mp4,CORDOBA DEPARTAMENTO,test3,45,B1
FENASCOL II,LSC1,1915,CORTINA 1,SUSTANTIVO,Tela colgada en puertas o ventanas para regular la luz o cubrir vistas. (RAE),NO,1 seña,NO,SI,Simétrica (tipo I),J,J,Sin especificar,Sin especificar,Sin especificar,01915_cortina1.mp4,CORTINA 1,test1,82,B1
FENASCOL II,LSC1,1916,CORTINA 2,SUSTANTIVO,Variante de seña para cortina o persiana. (Generada Gemini),NO,1 seña,NO,SI,Simétrica (tipo I),J,J,Sin especificar,Sin especificar,Sin especificar,01916_cortina2.mp4,CORTINA 2,test4,70,B1
FENASCOL II,LSC1,1917,CORTINA 3,SUSTANTIVO,Variante morfológica para cortinaje. (Generada Gemini),NO,1 seña,NO,SI,Semi-simétrica (tipo II),Af,Af,Sin especificar,Sin especificar,Sin especificar,01917_cortina3.mp4,CORTINA 3,test4,70,B1
FENASCOL II,LSC1,1918,COSTA RICA(PAIS),SUSTANTIVO,País soberano de América Central situado entre Nicaragua y Panamá. (RAE),SI,2 señas,NO,SI,Unimanual (tipo 0),C,R,Sin especificar,Sin especificar,Sin especificar,01918_costaricap.mp4,COSTA RICA PAIS,test1,66,B1
FENASCOL II,LSC0,1919,CUARTO,SUSTANTIVO,Habitación de una vivienda / Fracción de cuatro partes iguales. (RAE),NO,1 seña,NO,SI,Unimanual (tipo 0),Je,Sin especificar,Sin especificar,Sin especificar,Sin especificar,01919_cuarto.mp4,CUARTO,test2,75,A2
FENASCOL II,LSC1,1920,CUATRO MESES,ADJETIVO,Período de tiempo equivalente a cuatro mensualidades. (Generada Gemini),NO,1 seña,NO,SI,Unimanual (tipo 0),Je,Sin especificar,Sin especificar,Sin especificar,Sin especificar,01920_cuatromese.mp4,CUATRO MESES,test4,36,B1
FENASCOL II,LSC1,1921,CUBA,SUSTANTIVO,País soberano insular del mar Caribe constituido en un archipiélago. (RAE),NO,1 seña,NO,SI,Unimanual en contacto (tipo X),Bc,Sin especificar,Sin especificar,Sin especificar,Sin especificar,01921_cuba.mp4,CUBA,test3,39,B1
FENASCOL II,LSC1,1922,CUBRELECHO,SUSTANTIVO,Colcha o edredón que se pone sobre las sábanas para cubrir la cama. (RAE),NO,1 seña,NO,SI,Simétrica (tipo I),Qe,Qe,Sin especificar,Sin especificar,Sin especificar,01922_cubrelecho.mp4,CUBRELECHO,test1,53,B1
FENASCOL II,LSC1,1923,CUCUTA,SUSTANTIVO,"Ciudad colombiana, capital del departamento de Norte de Santander. (Generada Gemini)",NO,1 seña,NO,SI,Unimanual (tipo 0),C,Sin especificar,Sin especificar,Sin especificar,Sin especificar,01923_cucuta.mp4,CUCUTA,test1,78,B2
FENASCOL II,LSC1,1924,CUNDINAMARCA 1,SUSTANTIVO,Departamento de Colombia ubicado en el centro del país. (Generada Gemini),NO,1 seña,NO,SI,Asimétrica (tipo III),J,S,Sin especificar,Sin especificar,Sin especificar,01924_cundinamar.mp4,CUNDINAMARCA 1,test4,8,B2
UEB,LSC1,1925,CUNDINAMARCA 2,SUSTANTIVO,Variante de seña para el departamento de Cundinamarca. (Generada Gemini),NO,1 seña,NO,SI,Asimétrica (tipo III),C,J,S,Sin especificar,Sin especificar,01925_cundinamar.mp4,CUNDINAMARCA 2,test2,47,B2
FENASCOL II,LSC1,1926,DEBIL,ADJETIVO,"De poco vigor, poca fuerza física o resistencia reducida. (RAE)",NO,1 seña,NO,SI,Asimétrica (tipo III),J,B,Sin especificar,Sin especificar,Sin especificar,01926_debil.mp4,DEBIL,test2,6,B2
UEB,LSC0,1927,DEDICADO 1,ADJETIVO,"Aplicado, constante u orientado con esmero a un propósito. (RAE)",SI,2 señas,NO,SI,Asimétrica (tipo III),P,B,P,Sin especificar,Sin especificar,01927_dedicado1.mp4,DEDICADO 1,test3,83,A1
UEB,LSC1,1928,DEDICADO 2,ADJETIVO,Variante de seña para la constancia o dedicación a una tarea. (Generada Gemini),NO,1 seña,NO,SI,Simétrica (tipo I),Be,Be,Sin especificar,Sin especificar,Sin especificar,01928_dedicado2.mp4,DEDICADO 2,test2,47,B2
FENASCOL II,LSC0,1929,CONCENTRAR,VERBO,Fijar intensamente la atención o el pensamiento en un asunto. (RAE),Sin especificar,Sin especificar,NO,SI,Simétrica (tipo I),Qa,Sin especificar,Sin especificar,Sin especificar,Sin especificar,01929_concentrar.mp4,CONCENTRAR,test2,84,A2
UEB,LSC0,1930,DESCONCENTRADO 1,ADJETIVO,Que ha perdido la atención o la concentración en lo que hace. (RAE),NO,1 seña,NO,SI,Simétrica (tipo I),Bl,Bl,Sin especificar,Sin especificar,Sin especificar,01930_desconcent.mp4,DESCONCENTRADO 1,test4,89,A1
UEB,LSC0,1931,DESCONCENTRADO 2,ADJETIVO,Variante de seña para la pérdida de atención o enfoque. (Generada Gemini),Sin especificar,Sin especificar,NO,SI,Semi-simétrica (tipo II),Qa,Sin especificar,Sin especificar,Sin especificar,Sin especificar,01931_desconcent.mp4,DESCONCENTRADO 2,test3,45,A2
UEB,LSC0,1932,DISTRAIDO 1,ADJETIVO,Que se despista fácilmente o no presta atención a lo que hace. (RAE),NO,1 seña,NO,SI,Simétrica (tipo I),Bl,Bl,Sin especificar,Sin especificar,Sin especificar,01932_distraido1.mp4,DISTRAIDO 1,test4,89,A1
UEB,LSC0,1933,DISTRAIDO 2,ADJETIVO,Variante de seña para persona abstraída o desatenta. (Generada Gemini),NO,1 seña,NO,SI,Unimanual en contacto (tipo X),X,Sin especificar,Sin especificar,Sin especificar,Sin especificar,01933_distraido2.mp4,DISTRAIDO 2,test2,6,A2
FENASCOL II,LSC1,1934,DELFIN,SUSTANTIVO,Mamífero cetáceo marino de gran inteligencia. (RAE),NO,1 seña,NO,SI,Unimanual (tipo 0),B,Sin especificar,Sin especificar,Sin especificar,Sin especificar,01934_delfin.mp4,DELFIN,test1,21,B1
FENASCOL II,LSC0,1935,DELICADO,ADJETIVO,"Fino, suave, frágil o que requiere trato atento y cuidadoso. (RAE)",NO,1 seña,NO,SI,Unimanual (tipo 0),Xf,Sin especificar,Sin especificar,Sin especificar,Sin especificar,01935_delicado.mp4,DELICADO,test3,70,A2
FENASCOL II,LSC0,1936,DEMORAR 1,VERBO,Tardar en hacer algo o retrasar un proceso. (RAE),NO,1 seña,NO,SI,Simétrica (tipo I),Ok,Ok,Sin especificar,Sin especificar,Sin especificar,01936_demorar1.mp4,DEMORAR 1,test4,89,A1
FENASCOL II,LSC0,1937,DEMORAR 2,VERBO,Variante de seña para la acción de retrasarse o tardar. (Generada Gemini),NO,1 seña,NO,SI,Asimétrica (tipo III),S,L,Sin especificar,Sin especificar,Sin especificar,01937_demorar2.mp4,DEMORAR 2,test3,13,A2
FENASCOL II,LSC0,1938,DEMORAR 3,VERBO,Variante morfológica para señalar dilatación en el tiempo. (Generada Gemini),NO,1 seña,NO,SI,Asimétrica (tipo III),S,P,Sin especificar,Sin especificar,Sin especificar,01938_demorar3.mp4,DEMORAR 3,test1,15,A1
FENASCOL II,LSC1,1939,DERRAME CEREBRAL,SUSTANTIVO,Accidente cerebrovascular producido por la rotura de un vaso sanguíneo en el encéfalo. (RAE),NO,1 seña,NO,SI,Unimanual (tipo 0),Cf,Sin especificar,Sin especificar,Sin especificar,Sin especificar,01939_derramecer.mp4,DERRAME CEREBRAL,test3,93,B2
FENASCOL II,LSC1,1940,DESARROLLAR,VERBO,Hacer pasar algo por una serie de estados sucesivos para perfeccionarlo o ampliarlo. (RAE),NO,1 seña,NO,SI,Semi-simétrica (tipo II),Cf,S,Sin especificar,Sin especificar,Sin especificar,01940_desarrolla.mp4,DESARROLLAR,test2,52,B2
UEB,LSC1,1941,DESARROLLO,SUSTANTIVO,"Acción y efecto de desarrollar o desarrollarse en lo académico, económico o humano. (RAE)",NO,1 seña,NO,SI,Asimétrica (tipo III),Qe,B,Sin especificar,Sin especificar,Sin especificar,01941_desarrollo.mp4,DESARROLLO,test4,25,B2
FENASCOL II,LSC1,1942,DESCONFIANZA,SUSTANTIVO,"Falta de confianza, recelo o sospecha respecto de alguien o algo. (RAE)",NO,1 seña,NO,SI,Semi-simétrica (tipo II),B,B,Sin especificar,Sin especificar,Sin especificar,01942_desconfian.mp4,DESCONFIANZA,test3,0,B2
FENASCOL II,LSC0,1943,DECISIÓN,SUSTANTIVO,Determinación o resolución que se toma sobre una duda o asunto. (RAE),NO,1 seña,NO,SI,Unimanual (tipo 0),D,Sin especificar,Sin especificar,Sin especificar,Sin especificar,01943_decision.mp4,DECISION,test3,50,A2
FENASCOL II,LSC1,1944,DESODORANTE EN CREMA,SUSTANTIVO,Producto cosmético de consistencia cremosa para neutralizar el olor corporal. (Generada Gemini),NO,1 seña,NO,SI,Asimétrica (tipo III),C,Sin especificar,Sin especificar,Sin especificar,Sin especificar,01944_desodorant.mp4,DESODORANTE EN CREMA,test4,69,B1
FENASCOL II,LSC1,1945,DESORDENAR,VERBO,"Alterar el orden, concierto o estructura de las cosas. (RAE)",NO,1 seña,NO,SI,Semi-simétrica (tipo II),Gl,Gl,Sin especificar,Sin especificar,Sin especificar,01945_desordenar.mp4,DESORDENAR,test4,51,B2
FENASCOL II,LSC1,1946,DESPEDIR 1,VERBO,Alejar a alguien de un empleo o servicio. / Decir adiós a alguien. (RAE),NO,1 seña,NO,SI,Unimanual (tipo 0),J,Sin especificar,Sin especificar,Sin especificar,Sin especificar,01946_despedir1.mp4,DESPEDIR 1,test1,28,B2
UEB,LSC1,1947,DESPEDIR 2,VERBO,Variante de seña para la acción de decir adiós o despedir. (Generada Gemini),NO,1 seña,NO,SI,Simétrica (tipo I),B,B,Sin especificar,Sin especificar,Sin especificar,01947_despedir2.mp4,DESPEDIR 2,test3,30,B2
UEB,LSC1,1948,DESPEDIR 3,VERBO,Variante morfológica de seña para la ruptura o separación laboral/afectiva. (Generada Gemini),NO,1 seña,NO,SI,Unimanual (tipo 0),Nb,Xf,Sin especificar,Sin especificar,Sin especificar,01948_despedir3.mp4,DESPEDIR 3,test2,11,B2
FENASCOL II,LSC1,1949,DESPRECIAR,VERBO,"Desestimar, rechazar o no apreciar el valor de algo o alguien. (RAE)",NO,1 seña,NO,SI,Simétrica (tipo I),N,N,J,J,Sin especificar,01949_despreciar.mp4,DESPRECIAR,test3,0,B2
FENASCOL II,LSC1,1950,DESVINCULARSE 1,VERBO,"Desprenderse o apartarse de una relación, compromiso o entidad. (RAE)",NO,1 seña,NO,SI,Asimétrica (tipo III),H,O,Sin especificar,Sin especificar,Sin especificar,01950_desvincula.mp4,DESVINCULARSE 1,test1,28,B2
UEB,LSC1,1951,DESVINCULARSE 2,VERBO,Variante de seña para la desasociación o desvinculación formal. (Generada Gemini),NO,1 seña,NO,SI,Asimétrica (tipo III),X,O,Sin especificar,Sin especificar,Sin especificar,01951_desvincula.mp4,DESVINCULARSE 2,test2,47,B2
FENASCOL II,LSC1,1952,DIRECTOR ADMINISTRATIVO,SUSTANTIVO,Persona encargada de la gestión y dirección administrativa de una organización. (Generada Gemini),SI,2 señas,NO,SI,Asimétrica (tipo III),A,B,Pa,Pa,Sin especificar,01952_directorad.mp4,DIRECTOR ADMINISTRATIVO,test3,22,B1
FENASCOL II,LSC1,1953,DIRECTOR EJECUTIVO,SUSTANTIVO,Máximo responsable operativo y de gestión de una empresa o entidad (CEO). (Generada Gemini),Sin especificar,Sin especificar,NO,SI,Compuestas (tipo C),Bl,A,Sin especificar,Sin especificar,Sin especificar,01953_directorej.mp4,DIRECTOR EJECUTIVO,test3,22,B1
FENASCOL II,LSC1,1954,DIRECTOR GENERAL,SUSTANTIVO,Persona que ostenta la máxima autoridad directiva en una institución o empresa. (Generada Gemini),SI,2 señas,NO,SI,Asimétrica (tipo III),A,B,P,Sin especificar,Sin especificar,01954_directorge.mp4,DIRECTOR GENERAL,test3,22,B1
FENASCOL II,LSC1,1955,DISCO,SUSTANTIVO,Lámina circular de materia rígida usada para almacenar música o datos digital/analógicamente. (RAE),SI,2 señas,NO,SI,Semi-simétrica (tipo II),Cb,Cb,B,Sin especificar,Sin especificar,01955_disco.mp4,DISCO,test2,11,B1
FENASCOL II,LSC1,1956,DISTANCIARSE,VERBO,Alejarse en el espacio o en el trato con otra persona. (RAE),NO,1 seña,NO,SI,Semi-simétrica (tipo II),B,B,Sin especificar,Sin especificar,Sin especificar,01956_distanciar.mp4,DISTANCIARSE,test1,28,B2
FENASCOL II,LSC1,1957,DIVORCIO 1,SUSTANTIVO,Disolución legal de un matrimonio por sentencia judicial. (RAE),NO,1 seña,NO,SI,Simétrica (tipo I),D,D,Sin especificar,Sin especificar,Sin especificar,01957_divorcio1.mp4,DIVORCIO 1,test1,47,B1
UEB,LSC1,1958,DIVORCIO 2,SUSTANTIVO,Variante de seña para la separación legal conyugal (divorcio). (Generada Gemini),NO,1 seña,NO,SI,Asimétrica (tipo III),F,B,B,Sin especificar,Sin especificar,01958_divorcio2.mp4,DIVORCIO 2,test1,47,B1
FENASCOL II,LSC1,1959,DOS MESES,ADJETIVO,Período temporal equivalente a dos mensualidades. (Generada Gemini),NO,1 seña,NO,SI,Unimanual (tipo 0),V,Sin especificar,Sin especificar,Sin especificar,Sin especificar,01959_dosmeses.mp4,DOS MESES,test4,36,B1
FENASCOL II,LSC1,1960,DUITAMA (BOYACA),SUSTANTIVO,"Municipio e importante centro comercial del departamento de Boyacá, Colombia. (Generada Gemini)",NO,1 seña,NO,SI,Unimanual (tipo 0),D,Sin especificar,Sin especificar,Sin especificar,Sin especificar,01960_duitamaboy.mp4,DUITAMA BOYACA,test1,78,B2
FENASCOL II,LSC0,1961,DURO 1,ADJETIVO,"Firme, resistente que difícilmente se deforma / Difícil o severo. (RAE)",NO,1 seña,NO,SI,Unimanual en contacto (tipo X),A,Sin especificar,Sin especificar,Sin especificar,Sin especificar,01961_duro1.mp4,DURO 1,test2,56,A1
FENASCOL II,LSC0,1962,DURO 2,ADJETIVO,"Variante de seña para denotar rigidez, severidad o solidez. (Generada Gemini)",NO,1 seña,NO,SI,Unimanual (tipo 0),S,Sin especificar,Sin especificar,Sin especificar,Sin especificar,01962_duro2.mp4,DURO 2,test2,85,A2
UEB,LSC0,1963,DURO 3,ADJETIVO,Variante morfológica para resistencia o firmeza. (Generada Gemini),NO,1 seña,NO,SI,Asimétrica (tipo III),N,J,P,Sin especificar,Sin especificar,01963_duro3.mp4,DURO 3,test4,6,A1
FENASCOL II,LSC0,1964,ECHAR AL OLVIDO,VERBO,Dejar voluntariamente de pensar o recordar a alguien o algo. (Generada Gemini),SI,2 señas,NO,SI,Simétrica (tipo I),Ql,Ql,Qe,Qe,Sin especificar,01964_echaralolv.mp4,ECHAR AL OLVIDO,test2,84,A2
FENASCOL II,LSC1,1965,ECONOMISTA,SUSTANTIVO,Especialista en las ciencias económicas y financieras. (RAE),NO,1 seña,NO,SI,Simétrica (tipo I),Xf,Xf,Sin especificar,Sin especificar,Sin especificar,01965_economista.mp4,ECONOMISTA,test4,26,B2
FENASCOL II,LSC0,1966,EGOISTA,ADJETIVO,Que antepone el interés propio al ajeno y no comparte. (RAE),NO,1 seña,NO,SI,Simétrica (tipo I),J,J,G,G,Sin especificar,01966_egoista.mp4,EGOISTA,test2,84,A2
FENASCOL II,LSC1,1967,EL-SALVADOR (PAIS),SUSTANTIVO,País soberano de América Central situado en el litoral del océano Pacífico. (RAE),NO,1 seña,NO,SI,Unimanual en contacto (tipo X),S,Sin especificar,Sin especificar,Sin especificar,Sin especificar,01967_elsalvador.mp4,EL SALVADOR PAIS,test1,66,B1
FENASCOL II,LSC1,1968,ENCERRAR,VERBO,Meter a alguien o algo en un lugar cerrado y sin salida. (RAE),SI,2 señas,NO,SI,Simétrica (tipo I),Je,Je,Sin especificar,Sin especificar,Sin especificar,01968_encerrar.mp4,ENCERRAR,test4,51,B2
FENASCOL II,LSC1,1969,ENCESTAR,VERBO,Meter el balón en la cesta en el juego de baloncesto. (RAE),SI,3 señas,NO,SI,Asimétrica (tipo III),J,Jb,O,X,Sin especificar,01969_encestar.mp4,ENCESTAR,test4,51,B2
FENASCOL II,LSC0,1970,ENFRENTARSE 1,VERBO,Ponerse frente a frente o hacer frente a un problema o rival. (RAE),NO,1 seña,NO,SI,Simétrica (tipo I),P,P,Sin especificar,Sin especificar,Sin especificar,01970_enfrentars.mp4,ENFRENTARSE 1,test2,41,A1
UEB,LSC0,1971,ENFRENTARSE 2,VERBO,Variante de seña para confrontar o medirse a un adversario. (Generada Gemini),NO,1 seña,NO,SI,Simétrica (tipo I),B,B,Sin especificar,Sin especificar,Sin especificar,01971_enfrentars.mp4,ENFRENTARSE 2,test3,45,A2
FENASCOL II,LSC1,1972,ENLATADO,ADJETIVO,Alimento conservado herméticamente en latas metálicas. (RAE),SI,2 señas,NO,SI,Compuestas (tipo C),C,Cb,Sin especificar,Sin especificar,Sin especificar,01972_enlatado.mp4,ENLATADO,test1,95,B2
FENASCOL II,LSC0,1973,ENVIDIOSO,ADJETIVO,Que siente envidia o pesar del bien ajeno. (RAE),NO,1 seña,NO,SI,Unimanual en contacto (tipo X),G,Sin especificar,Sin especificar,Sin especificar,Sin especificar,01973_envidioso.mp4,ENVIDIOSO,test3,57,A2
FENASCOL II,LSC1,1974,ESBELTA,ADJETIVO,"Alta, delgada y de figura estilizada y bien proporcionada. (RAE)",NO,1 seña,NO,SI,Simétrica (tipo I),A,Sin especificar,Sin especificar,Sin especificar,Sin especificar,01974_esbelta.mp4,ESBELTA,test3,7,B1
FENASCOL II,LSC0,1975,ESCUELA,SUSTANTIVO,Establecimiento público o privado de enseñanza primaria o básica. (RAE),NO,1 seña,NO,SI,Unimanual (tipo 0),P,Sin especificar,Sin especificar,Sin especificar,Sin especificar,01975_escuela.mp4,ESCUELA,test3,47,A2
FENASCOL II,LSC1,1976,ESCULPIR,VERBO,"Labrar o modelar una obra de escultura en piedra, madera o metal. (RAE)",SI,2 señas,NO,SI,Asimétrica (tipo III),Q,Pc,Sin especificar,Sin especificar,Sin especificar,01976_esculpir.mp4,ESCULPIR,test1,17,B2
FENASCOL II,LSC1,1977,ESPECIAL,ADJETIVO,"Singular, particular, fuera de lo común o con un valor destacado. (RAE)",NO,1 seña,NO,SI,Asimétrica (tipo III),P,Ok,Sin especificar,Sin especificar,Sin especificar,01977_especial.mp4,ESPECIAL,test3,76,B1
FENASCOL II,LSC1,1978,ESPINAL (TOLIMA),SUSTANTIVO,Municipio colombiano ubicado en el departamento del Tolima. (Generada Gemini),SI,2 señas,NO,SI,Unimanual (tipo 0),J,E,Sin especificar,Sin especificar,Sin especificar,01978_espinaltol.mp4,ESPINAL TOLIMA,test3,45,B1
FENASCOL II,LSC1,1979,ESPONJA 1,SUSTANTIVO,Utensilio poroso usado para absorber líquidos o fregar. (RAE),SI,2 señas,NO,SI,Compuestas (tipo C),G,Sin especificar,Sin especificar,Sin especificar,Sin especificar,01979_esponja1.mp4,ESPONJA 1,test1,67,B2
FENASCOL II,LSC1,1980,ESTATUA,SUSTANTIVO,Escultura que representa una figura humana o animal. (RAE),SI,2 señas,NO,SI,Compuestas (tipo C),Gl,Pc,Sin especificar,Sin especificar,Sin especificar,01980_estatua.mp4,ESTATUA,test3,15,B1
UEB,LSC1,1981,ESTATURA,SUSTANTIVO,Altura de una persona desde los pies hasta la cabeza. (RAE),NO,1 seña,NO,SI,Semi-simétrica (tipo II),Ok,Sin especificar,Sin especificar,Sin especificar,Sin especificar,01981_estatura.mp4,ESTATURA,test3,23,B1
FENASCOL II,LSC1,1982,ESTILOGRAFO,SUSTANTIVO,Pluma o instrumento de escritura con depósito de tinta recargable. (RAE),NO,1 seña,NO,SI,Asimétrica (tipo III),P,Qa,Qe,Sin especificar,Sin especificar,01982_estilograf.mp4,ESTILOGRAFO,test4,88,B1
FENASCOL II,LSC0,1983,ESTIMULAR,VERBO,Incitación o fomento del desarrollo de una actividad o facultad. (RAE),NO,1 seña,NO,SI,Asimétrica (tipo III),S,N,Sin especificar,Sin especificar,Sin especificar,01983_estimular.mp4,ESTIMULAR,test4,68,A2
FENASCOL II,LSC1,1984,ESPONJA 2,SUSTANTIVO,Variante de seña para el elemento absorvente o esponja de limpieza. (Generada Gemini),NO,1 seña,SI,SI,Unimanual (tipo 0),Qa,Sin especificar,Sin especificar,Sin especificar,Sin especificar,01984_esponja2.mp4,ESPONJA 2,test3,15,B2
UEB,LSC1,1985,ESTUDIO (HABITACION),SUSTANTIVO,"Habitación destinada al trabajo intelectual, lectura o estudio personal. (Generada Gemini)",SI,2 señas,NO,SI,Asimétrica (tipo III),P,B,Sin especificar,Sin especificar,Sin especificar,01985_estudiohab.mp4,ESTUDIO HABITACION,test4,26,B2
FENASCOL II,LSC1,1986,EXPLOSIVO,ADJETIVO,Sustancia o artefacto capaz de sufrir una detonación o explosión violenta. (RAE),NO,1 seña,NO,SI,Asimétrica (tipo III),S,J,Sin especificar,Sin especificar,Sin especificar,01986_explosivo.mp4,EXPLOSIVO,test4,27,B1
UEB,LSC1,1987,EXPULSAR 1,VERBO,"Obligar a alguien a salir de un lugar, grupo o institución. (RAE)",NO,1 seña,NO,SI,Asimétrica (tipo III),B,Lc,Sin especificar,Sin especificar,Sin especificar,01987_expulsar1.mp4,EXPULSAR 1,test4,22,B2
FENASCOL II,LSC1,1988,EXPULSAR 2,VERBO,Variante de seña para la acción de expulsar o echar fuera. (Generada Gemini),NO,1 seña,NO,SI,Semi-simétrica (tipo II),Bl,Sin especificar,Sin especificar,Sin especificar,Sin especificar,01988_expulsar2.mp4,EXPULSAR 2,test3,70,B2
FENASCOL II,LSC0,1989,FECHA,SUSTANTIVO,Indicación del tiempo en que se realiza u ocurre un hecho. (RAE),NO,1 seña,NO,SI,Semi-simétrica (tipo II),No,J,Sin especificar,Sin especificar,Sin especificar,01989_fecha.mp4,FECHA,test3,50,A2
FENASCOL II,LSC1,1990,FEDERACIÓN,SUSTANTIVO,Agrupación o entidad formada por la unión de varias asociaciones u órganos. (RAE),NO,1 seña,NO,SI,Asimétrica (tipo III),XXe,S,Sin especificar,Sin especificar,Sin especificar,01990_federacion.mp4,FEDERACION,test1,97,B2
FENASCOL II,LSC0,1991,ULTIMO 3,ADJETIVO,Variante de seña para la posición o lugar final en una serie. (Generada Gemini),NO,1 seña,NO,SI,Semi-simétrica (tipo II),I,Sin especificar,Sin especificar,Sin especificar,Sin especificar,01991_ultimo3.mp4,ULTIMO 3,test1,69,A2
FENASCOL II,LSC1,1992,FLORENCIA,SUSTANTIVO,"Ciudad colombiana, capital del departamento del Caquetá. (Generada Gemini)",NO,1 seña,NO,SI,Unimanual (tipo 0),O,Gl,Sin especificar,Sin especificar,Sin especificar,01992_florencia.mp4,FLORENCIA,test4,8,B1
FENASCOL II,LSC1,1993,FLORIDABLANCA (SANTANDER),SUSTANTIVO,Municipio colombiano perteneciente al área metropolitana de Bucaramanga. (Generada Gemini),NO,1 seña,NO,SI,Semi-simétrica (tipo II),Bl,Sin especificar,Sin especificar,Sin especificar,Sin especificar,01993_floridabla.mp4,FLORIDABLANCA SANTANDER,test3,45,B1
FENASCOL II,LSC0,1994,FORMAL 1 (AMABLE),ADJETIVO,"Persona educada, correcta y afable en el trato social. (Generada Gemini)",SI,2 señas,NO,SI,Compuestas (tipo C),Xc,Bl,Sin especificar,Sin especificar,Sin especificar,01994_formal1ama.mp4,FORMAL 1 AMABLE,test3,57,A2
UEB,LSC0,1995,FORMAL 2 (AMABLE),ADJETIVO,Variante de seña para cortesía y afabilidad formal. (Generada Gemini),SI,2 señas,NO,SI,Compuestas (tipo C),Xc,Hl,Sin especificar,Sin especificar,Sin especificar,01995_formal2.mp4,FORMAL 2 AMABLE,test2,6,A2
UEB,LSC0,1996,FORMAL (REGULADO),ADJETIVO,"Conforme a las normas, reglas establecidas o trámites oficiales. (RAE)",SI,2 señas,SI,SI,Simétrica (tipo I),Ok,Sin especificar,Sin especificar,Sin especificar,Sin especificar,01996_formalregu.mp4,FORMAL REGULADO,test3,65,A2
FENASCOL II,LSC1,1997,FOTO 1 (MARCO),SUSTANTIVO,Imagen fotográfica encuadrada dentro de un marco decorativo. (Generada Gemini),SI,2 señas,NO,SI,Compuestas (tipo C),Xc,Bl,C,Sin especificar,Sin especificar,01997_foto1marco.mp4,FOTO 1 MARCO,test4,40,B2
UEB,LSC1,1998,FOTO 2 (CAPTURA),SUSTANTIVO,Acción de tomar o capturar una fotografía mediante una cámara. (Generada Gemini),NO,1 seña,NO,SI,Simétrica (tipo I),L,Xc,Sin especificar,Sin especificar,Sin especificar,01998_foto2captu.mp4,FOTO 2 CAPTURA,test4,40,B2
FENASCOL II,LSC1,1999,FOTO 3 (DOCUMENTO),SUSTANTIVO,Fotografía de tamaño estándar requerida para trámites e identificación. (Generada Gemini),SI,2 señas,NO,SI,Compuestas (tipo C),L,Xc,Be,Sin especificar,Sin especificar,01999_foto3docum.mp4,FOTO 3 DOCUMENTO,test2,0,B1
FENASCOL II,LSC1,2000,FOTOCOPIADORA 1,SUSTANTIVO,Máquina eléctrica empleada para reproducir documentos impresos. (RAE),SI,2 señas,NO,SI,Semi-simétrica (tipo II),Be,J,Sin especificar,Sin especificar,Sin especificar,02000_fotocopiad.mp4,FOTOCOPIADORA 1,test3,57,B1
FENASCOL II,LSC1,2001,FOTOCOPIADORA 2,SUSTANTIVO,Variante de seña para el equipo de reprografía o fotocopiadora. (Generada Gemini),SI,2 señas,NO,SI,Compuestas (tipo C),J,B,O,Gl,Sin especificar,02001_fotocopiad.mp4,FOTOCOPIADORA 2,test4,40,B2
FENASCOL II,LSC1,2002,FOTOGRAFO,SUSTANTIVO,Persona dedicada a tomar o procesar fotografías. (RAE),SI,2 señas,NO,SI,Compuestas (tipo C),Xc,L,Sin especificar,Sin especificar,Sin especificar,02002_fotografo.mp4,FOTOGRAFO,test2,0,B1
FENASCOL II,LSC1,2003,FRACASAR,VERBO,Tener un resultado adverso o no lograr el éxito pretendido en un asunto. (RAE),NO,1 seña,NO,SI,Semi-simétrica (tipo II),B,Be,Sin especificar,Sin especificar,Sin especificar,02003_fracasar.mp4,FRACASAR,test4,25,B2
FENASCOL II,LSC1,2004,FRUSTRADO,ADJETIVO,"Que siente decepción, desilusión o imposibilidad de lograr sus deseos. (RAE)",SI,2 señas,NO,SI,Compuestas (tipo C),P,J,G,Sin especificar,Sin especificar,02004_frustrado.mp4,FRUSTRADO,test3,41,B2
FENASCOL II,LSC1,2005,FURIOSO,ADJETIVO,"Lleno de furia, iracundo o muy irritado. (RAE)",NO,1 seña,NO,SI,Simétrica (tipo I),J,Sin especificar,Sin especificar,Sin especificar,Sin especificar,02005_furioso.mp4,FURIOSO,test3,41,B2
FENASCOL II,LSC1,2006,GAIRA (MAGDALENA),SUSTANTIVO,"Corregimiento e histórico poblado perteneciente al distrito de Santa Marta, Colombia. (Generada Gemini)",NO,1 seña,NO,SI,Compuestas (tipo C),R,Sin especificar,Sin especificar,Sin especificar,Sin especificar,02006_gairamagda.mp4,GAIRA MAGDALENA,test3,45,B1
FENASCOL II,LSC1,2007,GALLINAZO,SUSTANTIVO,Ave rapaz de plumaje negro que se alimenta de carroña (chulo/buitre). (RAE),SI,2 señas,NO,SI,Compuestas (tipo C),Bl,J,Sin especificar,Sin especificar,Sin especificar,02007_gallinazo.mp4,GALLINAZO,test4,60,B1
FENASCOL II,LSC1,2008,GAS 3,SUSTANTIVO,Variante de seña para sustancia en estado gaseoso o combustible. (Generada Gemini),NO,1 seña,NO,SI,Unimanual (tipo 0),O,Gl,Sin especificar,Sin especificar,Sin especificar,02008_gas3.mp4,GAS 3,test4,38,B1
UEB,LSC1,2009,GAS 4,SUSTANTIVO,Variante morfológica de seña para suministro de gas. (Generada Gemini),SI,2 señas,NO,SI,Compuestas (tipo C),Bl,O,Gl,Sin especificar,Sin especificar,02009_gas4.mp4,GAS 4,test4,38,B1
UEB,LSC1,2010,PEDO,SUSTANTIVO,Ventosidad expelida por el ano. (RAE),NO,1 seña,NO,SI,Asimétrica (tipo III),S,O,J,Sin especificar,Sin especificar,02010_pedo.mp4,PEDO,test2,50,B2
FENASCOL II,LSC1,2011,GENERAL (CUALIDAD),ADJETIVO,"Que atañe al conjunto, común a todos o no particular. (RAE)",NO,1 seña,NO,SI,Unimanual (tipo 0),P,Sin especificar,Sin especificar,Sin especificar,Sin especificar,02011_generalcua.mp4,GENERAL CUALIDAD,test3,76,B1
UEB,LSC1,2012,ESPECIFICO (CUALIDAD),ADJETIVO,"Propio, determinado o característico de una cosa. (RAE)",NO,1 seña,NO,SI,Unimanual (tipo 0),P,Pc,Sin especificar,Sin especificar,Sin especificar,02012_especifico.mp4,ESPECIFICO CUALIDAD,test1,28,B2
FENASCOL II,LSC1,2013,GINECÓLOGO 1,SUSTANTIVO,Médico especialista en ginecología y salud del sistema reproductor femenino. (RAE),SI,2 señas,NO,SI,Compuestas (tipo C),L,S,Nc,Sin especificar,Sin especificar,02013_ginecologo.mp4,GINECOLOGO 1,test4,24,B2
UEB,LSC1,2014,GINECOLOGÍA,SUSTANTIVO,Parte de la medicina que trata de las enfermedades de la mujer. (RAE),SI,2 señas,NO,SI,Compuestas (tipo C),L,V,XX,Sin especificar,Sin especificar,02014_ginecologi.mp4,GINECOLOGIA,test1,4,B2
UEB,LSC1,2015,CITOLOGÍA,SUSTANTIVO,Examen de células obtenidas de un tejido para diagnosticar patologías. (RAE),SI,2 señas,NO,SI,Compuestas (tipo C),L,Pc,Sin especificar,Sin especificar,Sin especificar,02015_citologia.mp4,CITOLOGIA,test1,58,B2
FENASCOL II,LSC1,2016,GIRARDOT (CUNDINAMARCA),SUSTANTIVO,Municipio colombiano ubicado en el departamento de Cundinamarca. (Generada Gemini),NO,1 seña,NO,SI,Unimanual en contacto (tipo X),XX,Sin especificar,Sin especificar,Sin especificar,Sin especificar,02016_girardotcu.mp4,GIRARDOT CUNDINAMARCA,test3,45,B1
FENASCOL II,LSC1,2017,GIRON (SANTANDER),SUSTANTIVO,Municipio colombiano perteneciente al área metropolitana de Bucaramanga. (Generada Gemini),NO,1 seña,NO,SI,Asimétrica (tipo III),XX,Bl,Sin especificar,Sin especificar,Sin especificar,02017_gironsanta.mp4,GIRON SANTANDER,test2,54,B2
FENASCOL II,LSC1,2018,GOLF,SUSTANTIVO,Deporte que consiste en meter una bola mediante palos en diversos hoyos. (RAE),NO,1 seña,NO,SI,Simétrica (tipo I),Xf,Sin especificar,Sin especificar,Sin especificar,Sin especificar,02018_golf.mp4,GOLF,test4,64,B1
FENASCOL II,LSC1,2019,GRABAR (PANTALLA),VERBO,Capturar en formato de video digital el contenido mostrado en pantalla. (Generada Gemini),SI,2 señas,NO,SI,Asimétrica (tipo III),L,J,G,Sin especificar,Sin especificar,02019_grabarpant.mp4,GRABAR PANTALLA,test4,41,B1
UEB,LSC1,2020,GRABAR (VIDEO),VERBO,Registrar imágenes en movimiento y sonido mediante un dispositivo audiovisual. (RAE),NO,1 seña,NO,SI,Unimanual (tipo 0),J,G,Sin especificar,Sin especificar,Sin especificar,02020_grabarvide.mp4,GRABAR VIDEO,test4,41,B1
UEB,LSC1,2021,DESCARGAR (DATOS),VERBO,Transferir información o archivos desde un servidor a un dispositivo local. (RAE),NO,1 seña,NO,SI,Asimétrica (tipo III),U,Bl,Sin especificar,Sin especificar,Sin especificar,02021_descargard.mp4,DESCARGAR DATOS,test1,56,B1
UEB,LSC1,2022,CARGAR (DATOS),VERBO,Subir o enviar información desde un equipo local hacia un servidor o red. (Generada Gemini),NO,1 seña,NO,SI,Asimétrica (tipo III),U,Bl,Sin especificar,Sin especificar,Sin especificar,02022_cargardato.mp4,CARGAR DATOS,test4,14,B2
UEB,LSC1,2023,SEÑAL (TELEVISION),SUSTANTIVO,Transmisión hertziana o digital de imágenes y sonido televisivos. (Generada Gemini),NO,1 seña,NO,SI,Simétrica (tipo I),U,Sin especificar,Sin especificar,Sin especificar,Sin especificar,02023_señaltele.mp4,SENAL TELEVISION,test4,90,B1
FENASCOL II,LSC1,2024,GRANADILLA,SUSTANTIVO,Fruta comestible tropical de cáscara anaranjada y pulpa gelatinosa aromática. (RAE),NO,1 seña,NO,SI,Simétrica (tipo I),Ea,Sin especificar,Sin especificar,Sin especificar,Sin especificar,02024_granadilla.mp4,GRANADILLA,test2,17,B1
FENASCOL II,LSC1,2025,GRAVE,SUSTANTIVO,De gran importancia o peligro; severo. / Sonido de baja frecuencia. (RAE),NO,1 seña,SI,SI,Simétrica (tipo I),Okf,J,Sin especificar,Sin especificar,Sin especificar,02025_grave.mp4,GRAVE,test3,7,B1
FENASCOL II,LSC1,2026,GUAPO 1,ADJETIVO,"De buena presencia, bien parecido o valiente. (RAE)",SI,2 señas,NO,SI,Unimanual en contacto (tipo X),Ok,Sin especificar,Sin especificar,Sin especificar,Sin especificar,02026_guapo1.mp4,GUAPO 1,test1,28,B2
UEB,LSC1,2027,GUAPO 2,ADJETIVO,Variante de seña para atractivo físico o valentía. (Generada Gemini),NO,1 seña,NO,SI,Unimanual en contacto (tipo X),S,Sin especificar,Sin especificar,Sin especificar,Sin especificar,02027_guapo2.mp4,GUAPO 2,test2,47,B2
FENASCOL II,LSC1,2028,GUATEMALA,SUSTANTIVO,País soberano de América Central con riqueza cultural e histórica. (RAE),NO,1 seña,SI,SI,Asimétrica (tipo III),Vl,S,Sin especificar,Sin especificar,Sin especificar,02028_guatemala.mp4,GUATEMALA,test3,65,B1
FENASCOL II,LSC1,2029,HABLAR A ESPALDA DE...,VERBO,Murmurar o criticar a una persona en su ausencia. (Generada Gemini),SI,2 señas,NO,SI,Unimanual en contacto (tipo X),Qe,Bl,Sin especificar,Sin especificar,Sin especificar,02029_hablaraesp.mp4,HABLAR A ESPALDA DE...,test3,41,B2
FENASCOL II,LSC1,2030,HABLAR MAL DE...,VERBO,Difamar o hacer comentarios desfavorables sobre alguien. (Generada Gemini),NO,1 seña,NO,SI,Unimanual (tipo 0),Qe,Ql,Sin especificar,Sin especificar,Sin especificar,02030_hablarmald.mp4,HABLAR MAL DE...,test3,41,B2
UEB,LSC1,2031,COMBINA-ROPA 1,VERBO,Armonía en la selección y concordancia de colores y prendas de vestir. (Generada Gemini),SI,2 señas,NO,SI,Simétrica (tipo I),Okp,N,Sin especificar,Sin especificar,Sin especificar,02031_combinarop.mp4,COMBINA ROPA 1,test1,49,B2
FENASCOL II,LSC1,2032,COMBINA-ROPA 2,VERBO,Variante de seña para combinar vestuario o atuendo. (Generada Gemini),SI,2 señas,NO,SI,Asimétrica (tipo III),P,N,Sin especificar,Sin especificar,Sin especificar,02032_combinarop.mp4,COMBINA ROPA 2,test1,49,B2
FENASCOL II,LSC1,2033,HERENCIA,SUSTANTIVO,"Conjunto de bienes, derechos y obligaciones que se transmiten tras la muerte. (RAE)",NO,1 seña,NO,SI,Simétrica (tipo I),P,Sin especificar,Sin especificar,Sin especificar,Sin especificar,02033_herencia.mp4,HERENCIA,test1,5,B1
FENASCOL II,LSC1,2034,HALCON,SUSTANTIVO,"Ave rapaz de alas largas y aguzadas, adaptada para vuelos muy veloces. (RAE)",SI,2 señas,NO,SI,Simétrica (tipo I),Ql,Vl,Sin especificar,Sin especificar,Sin especificar,02034_halcon.mp4,HALCON,test3,7,B1
FENASCOL II,LSC1,2035,HIPOCRITA,ADJETIVO,Que actúa con hipocresía o finge cualidades y sentimientos que no tiene. (RAE),NO,1 seña,SI,SI,Simétrica (tipo I),Al,Af,Sin especificar,Sin especificar,Sin especificar,02035_hipocrita.mp4,HIPOCRITA,test3,0,B2
FENASCOL II,LSC0,2036,PROFUNDO,ADJETIVO,Que se extiende muy hacia el fondo o que abarca una gran densidad conceptual. (RAE),NO,1 seña,NO,SI,Asimétrica (tipo III),B,F,Sin especificar,Sin especificar,Sin especificar,02036_profundo.mp4,PROFUNDO,test1,31,A2
FENASCOL II,LSC1,2037,HONDURAS,SUSTANTIVO,País soberano de América Central con costa en el mar Caribe y océano Pacífico. (RAE),NO,1 seña,SI,SI,Unimanual en contacto (tipo X),H,Sin especificar,Sin especificar,Sin especificar,Sin especificar,02037_honduras.mp4,HONDURAS,test1,66,B1
FENASCOL II,LSC1,2038,HONOR,SUSTANTIVO,Cualidad moral que lleva al cumplimiento de los propios deberes respecto del prójimo. (RAE),NO,1 seña,NO,SI,Unimanual en contacto (tipo X),V,Sin especificar,Sin especificar,Sin especificar,Sin especificar,02038_honor.mp4,HONOR,test4,84,B1
FENASCOL II,LSC1,2039,HORNO,SUSTANTIVO,"Dispositivo cerrado para calentar, cocer o asar alimentos. (RAE)",SI,2 señas,NO,SI,Simétrica (tipo I),S,Bl,Sin especificar,Sin especificar,Sin especificar,02039_horno.mp4,HORNO,test2,26,B1
FENASCOL II,LSC1,2040,HORNO MICROHONDAS,SUSTANTIVO,Electrodoméstico que calienta alimentos mediante ondas electromagnéticas. (RAE),SI,2 señas,NO,SI,Simétrica (tipo I),Gl,S,Sin especificar,Sin especificar,Sin especificar,02040_hornomicro.mp4,HORNO MICROHONDAS,test2,26,B1
FENASCOL II,LSC1,2041,HUILA,SUSTANTIVO,Departamento de Colombia ubicado en el suroccidente del país. (Generada Gemini),NO,1 seña,SI,SI,Simétrica (tipo I),XX,Sin especificar,Sin especificar,Sin especificar,Sin especificar,02041_huila.mp4,HUILA,test4,8,B2
FENASCOL II,LSC1,2042,IBAGUE,SUSTANTIVO,"Ciudad colombiana, capital del departamento del Tolima. (Generada Gemini)",NO,1 seña,SI,SI,Unimanual (tipo 0),I,Sin especificar,Sin especificar,Sin especificar,Sin especificar,02042_ibague.mp4,IBAGUE,test1,78,B2
FENASCOL II,LSC0,2043,IGNORAR-ME (COMPLETAMENTE),VERBO,Desatender o no hacer caso intencionalmente a la primera persona. (Generada Gemini),NO,1 seña,NO,SI,Asimétrica (tipo III),S,P,Sin especificar,Sin especificar,Sin especificar,02043_ignorarmec.mp4,IGNORAR ME COMPLETAMENTE,test1,22,A2
FENASCOL II,LSC0,2044,IGNORAR-LO (COMPLETAMENTE),ADVERBIO,Desatender o pasar por alto deliberadamente a una persona o asunto. (Generada Gemini),NO,1 seña,NO,SI,Asimétrica (tipo III),Af,P,Sin especificar,Sin especificar,Sin especificar,02044_ignorarloo.mp4,IGNORAR LO COMPLETAMENTE,test2,84,A2
FENASCOL II,LSC1,2045,IMPRESIONANTE,ADJETIVO,"Que causa impresión, asombro o admiración extraordinaria. (RAE)",NO,1 seña,NO,SI,Simétrica (tipo I),X,Gl,Sin especificar,Sin especificar,Sin especificar,02045_impresiona.mp4,IMPRESIONANTE,test1,33,B1
FENASCOL II,LSC0,2046,INCITAR INDUCIR PROVOCAR,VERBO,Mover o estimular a alguien a ejecutar una acción o reacción. (RAE),NO,1 seña,SI,SI,Asimétrica (tipo III),Xe,P,Sin especificar,Sin especificar,Sin especificar,02046_incitarind.mp4,INCITAR INDUCIR PROVOCAR,test2,39,A2
FENASCOL II,LSC1,2047,INGENIERIA,SUSTANTIVO,Conjunto de conocimientos científicos y tecnológicos para la innovación y construcción. (RAE),NO,1 seña,SI,SI,Simétrica (tipo I),Y,Sin especificar,Sin especificar,Sin especificar,Sin especificar,02047_ingenieria.mp4,INGENIERIA,test3,67,B1
FENASCOL II,LSC1,2048,INGENIERIA DE SISTEMAS 1,SUSTANTIVO,Rama de la ingeniería dedicada al diseño y desarrollo de sistemas informáticos. (Generada Gemini),SI,2 señas,SI,SI,Simétrica (tipo I),Y,C,Sin especificar,Sin especificar,Sin especificar,02048_ingenieria.mp4,INGENIERIA DE SISTEMAS 1,test2,47,B2
UEB,LSC1,2049,INGENIERIA DE SISTEMAS 2,SUSTANTIVO,Variante de seña para la titulación en ingeniería de sistemas. (Generada Gemini),SI,2 señas,SI,SI,Simétrica (tipo I),Y,C,Sin especificar,Sin especificar,Sin especificar,02049_ingenieria.mp4,INGENIERIA DE SISTEMAS 2,test2,47,B2
FENASCOL II,LSC1,2050,INGENIERIA ELECTRONICO,SUSTANTIVO,Rama de la ingeniería enfocada en el control y diseño de circuitos electrónicos. (Generada Gemini),SI,2 señas,NO,SI,Simétrica (tipo I),Y,Ok,Sin especificar,Sin especificar,Sin especificar,02050_ingenieria.mp4,INGENIERIA ELECTRONICO,test4,61,B1
FENASCOL II,LSC1,2051,INGENIERIA INDUSTRIAL,SUSTANTIVO,Rama de la ingeniería enfocada en la optimización de procesos de producción y logística. (Generada Gemini),SI,2 señas,NO,SI,Semi-simétrica (tipo II),Y,G,O,Sin especificar,Sin especificar,02051_ingenieria.mp4,INGENIERIA INDUSTRIAL,test4,61,B1
FENASCOL II,LSC1,2052,INGENIERO MECÁNICO,SUSTANTIVO,Profesional que aplica principios mecánicos para el diseño de máquinas y equipos. (Generada Gemini),SI,2 señas,NO,SI,Simétrica (tipo I),V,H,Sin especificar,Sin especificar,Sin especificar,02052_ingenierom.mp4,INGENIERO MECANICO,test4,61,B1
FENASCOL II,LSC1,2053,INGENIERO CIVIL,SUSTANTIVO,Profesional capacitado para la proyección y construcción de infraestructuras y obras viales. (Generada Gemini),SI,2 señas,SI,SI,Asimétrica (tipo III),Y,F,Bl,Sin especificar,Sin especificar,02053_ingenieroc.mp4,INGENIERO CIVIL,test3,67,B1
FENASCOL II,LSC1,2054,INCONSTANTE,ADJETIVO,"Falto de constancia, mudable o inestable en sus propósitos. (RAE)",NO,1 seña,NO,SI,Semi-simétrica (tipo II),Bl,Sin especificar,Sin especificar,Sin especificar,Sin especificar,02054_inconstant.mp4,INCONSTANTE,test2,52,B2
FENASCOL II,LSC0,2055,IR,VERBO,Moverse o desplazarse de un lugar hacia otro. (RAE),NO,1 seña,NO,SI,Unimanual (tipo 0),Bl,Sin especificar,Sin especificar,Sin especificar,Sin especificar,02055_ir.mp4,IR,test1,71,A1
FENASCOL II,LSC1,2056,JABALINA,SUSTANTIVO,Lanza ligera empleada en atletismo como prueba deportiva de lanzamiento. (RAE),NO,1 seña,NO,SI,Unimanual (tipo 0),Af,Sin especificar,Sin especificar,Sin especificar,Sin especificar,02056_jabalina.mp4,JABALINA,test4,64,B1
FENASCOL II,LSC1,2057,JABÓN,SUSTANTIVO,Sustancia empleada en la higiene personal para lavar y disolver la grasa. (RAE),NO,1 seña,NO,SI,Unimanual en contacto (tipo X),Af,Sin especificar,Sin especificar,Sin especificar,Sin especificar,02057_jabon.mp4,JABON,test2,59,B1
FENASCOL II,LSC1,2058,JAGUAR,SUSTANTIVO,Gran mamífero carnívoro felino de pelaje manchado nativo de América. (RAE),SI,2 señas,NO,SI,Unimanual en contacto (tipo X),G,Xc,Sin especificar,Sin especificar,Sin especificar,02058_jaguar.mp4,JAGUAR,test1,21,B1
FENASCOL II,LSC1,2059,JAMAICA,SUSTANTIVO,País soberano insular de las Antillas en el mar Caribe. (RAE),NO,1 seña,NO,SI,Asimétrica (tipo III),Bl,B,Sin especificar,Sin especificar,Sin especificar,02059_jamaica.mp4,JAMAICA,test3,39,B1
FENASCOL II,LSC1,2060,JUNTA DIRECTIVA,SUSTANTIVO,Órgano colegiado encargado de dirigir y administrar una entidad o empresa. (Generada Gemini),SI,2 señas,SI,SI,Asimétrica (tipo III),A,Bl,S,Sin especificar,Sin especificar,02060_juntadirec.mp4,JUNTA DIRECTIVA,test3,22,B1
FENASCOL II,LSC1,2061,LA CALERA (CUNDINAMARCA),SUSTANTIVO,Municipio colombiano cercano a Bogotá en el departamento de Cundinamarca. (Generada Gemini),NO,1 seña,NO,SI,Unimanual (tipo 0),B,Sin especificar,Sin especificar,Sin especificar,Sin especificar,02061_lacaleracu.mp4,LA CALERA CUNDINAMARCA,test2,54,B2
FENASCOL II,LSC1,2062,LA VEGA (CUNDINAMARCA),SUSTANTIVO,Municipio colombiano ubicado en el departamento de Cundinamarca. (Generada Gemini),NO,1 seña,SI,SI,Unimanual en contacto (tipo X),X,Sin especificar,Sin especificar,Sin especificar,Sin especificar,02062_lavegacund.mp4,LA VEGA CUNDINAMARCA,test3,45,B1
FENASCOL II,LSC1,2063,LANCHA,SUSTANTIVO,Embarcación pequeña y descubierta movida por motor o remos. (RAE),NO,1 seña,NO,SI,Simétrica (tipo I),Bl,Sin especificar,Sin especificar,Sin especificar,Sin especificar,02063_lancha.mp4,LANCHA,test3,81,B1
FENASCOL II,LSC1,2064,LANZAMIENTO DE BALA,SUSTANTIVO,Prueba atlética que consiste en propulsar una esfera sólida de metal. (Generada Gemini),NO,1 seña,NO,SI,Unimanual (tipo 0),Gl,Sin especificar,Sin especificar,Sin especificar,Sin especificar,02064_lanzamient.mp4,LANZAMIENTO DE BALA,test4,74,B1
FENASCOL II,LSC1,2065,LAPIZ,SUSTANTIVO,Utensilio de madera con una mina de grafito en su interior para escribir o dibujar. (RAE),NO,1 seña,NO,SI,Unimanual en contacto (tipo X),Pl,Sin especificar,Sin especificar,Sin especificar,Sin especificar,02065_lapiz.mp4,LAPIZ,test4,88,B1
FENASCOL II,LSC1,2066,LASAÑA,SUSTANTIVO,"Plato al horno compuesto por láminas de pasta intercaladas con carne, queso y salsa. (RAE)",NO,1 seña,NO,SI,Simétrica (tipo I),Ql,Sin especificar,Sin especificar,Sin especificar,Sin especificar,02066_lasaña.mp4,LASANA,test2,18,B1
FENASCOL II,LSC1,2067,LATINOAMERICA,SUSTANTIVO,Conjunto de países del continente americano cuya lengua oficial es derivada del latín. (RAE),SI,1 seña,NO,SI,Asimétrica (tipo III),Bl,Hl,Sin especificar,Sin especificar,Sin especificar,02067_latinoamer.mp4,LATINOAMERICA,test4,63,B1
FENASCOL II,LSC1,2068,LAVADERO,SUSTANTIVO,Pila o instalación acondicionada para lavar la ropa a mano. (RAE),SI,2 señas,NO,SI,Simétrica (tipo I),P,Af,Sin especificar,Sin especificar,Sin especificar,02068_lavadero.mp4,LAVADERO,test2,59,B1
FENASCOL II,LSC1,2069,LAVANDERÍA,SUSTANTIVO,Establecimiento comercial o espacio dedicado al lavado de ropa. (RAE),SI,2 señas,NO,SI,Simétrica (tipo I),P,S,Sin especificar,Sin especificar,Sin especificar,02069_lavanderia.mp4,LAVANDERIA,test2,59,B1
FENASCOL II,LSC1,2070,LECHE-CONDENSADA,SUSTANTIVO,Leche concentrada por evaporación con la adición de azúcar. (RAE),NO,1 seña,NO,SI,Unimanual (tipo 0),C,Sin especificar,Sin especificar,Sin especificar,Sin especificar,02070_lecheconde.mp4,LECHE CONDENSADA,test1,16,B1
UEB,LSC1,2071,FOCA,SUSTANTIVO,Mamífero pinnípedo marino de cuerpo pisciforme y extremidades en forma de aletas. (RAE),SI,2 señas,NO,SI,Asimétrica (tipo III),Bl,B,Sin especificar,Sin especificar,Sin especificar,02071_foca.mp4,FOCA,test1,21,B2
FENASCOL II,LSC1,2072,LEÓN MARINO,SUSTANTIVO,Mamífero pinnípedo marino de cuello grueso y orejas visibles. (RAE),SI,2 señas,NO,SI,Simétrica (tipo I),Bl,B,Sin especificar,Sin especificar,Sin especificar,02072_leonmarino.mp4,LEON MARINO,test1,21,B1
UEB,LSC1,2073,MORSA,SUSTANTIVO,Gran mamífero pinnípedo marino con dos largos colmillos en el maxilar superior. (RAE),SI,2 señas,NO,SI,Simétrica (tipo I),Bl,Tf,Sin especificar,Sin especificar,Sin especificar,02073_morsa.mp4,MORSA,test1,21,B1
FENASCOL II,LSC1,2074,LEOPARDO,SUSTANTIVO,Gran mamífero carnívoro felino de piel amarillenta con manchas negras en roseta. (RAE),SI,2 señas,NO,SI,Compuestas (tipo C),J,Gl,Oks,Sin especificar,Sin especificar,02074_leopardo.mp4,LEOPARDO,test1,21,B1
FENASCOL II,LSC1,2075,LIDER,SUSTANTIVO,Persona que dirige o guía un grupo o colectividad. (RAE),NO,1 seña,NO,SI,Unimanual (tipo 0),L,Sin especificar,Sin especificar,Sin especificar,Sin especificar,02075_lider.mp4,LIDER,test4,84,B1
FENASCOL II,LSC1,2076,LINGÜÍSTICA 1,SUSTANTIVO,Ciencia que estudia el lenguaje humano y sus estructuras. (RAE),NO,1 seña,SI,SI,Simétrica (tipo I),L,Sin especificar,Sin especificar,Sin especificar,Sin especificar,02076_linguistic.mp4,LINGUISTICA 1,test4,73,B2
FENASCOL II,LSC1,2077,LINGÜÍSTICA 2,SUSTANTIVO,Variante de seña para el estudio lingüístico o ciencia del lenguaje. (Generada Gemini),SI,2 señas,SI,SI,Asimétrica (tipo III),Y,Je,Sin especificar,Sin especificar,Sin especificar,02077_linguistic.mp4,LINGUISTICA 2,test4,73,B2
FENASCOL II,LSC1,2078,LIVIANO,ADJETIVO,De poco peso; ligero. (RAE),NO,1 seña,NO,SI,Simétrica (tipo I),Bl,Sin especificar,Sin especificar,Sin especificar,Sin especificar,02078_liviano.mp4,LIVIANO,test3,7,B1
FENASCOL II,LSC1,2079,LLAMAR-VENIR,VERBO,Acción de convocar o requerir a alguien para que se acerque. (Generada Gemini),NO,2 seña,NO,SI,Unimanual (tipo 0),Bl,Sin especificar,Sin especificar,Sin especificar,Sin especificar,02079_llamarveni.mp4,LLAMAR VENIR,test3,68,B2
FENASCOL II,LSC1,2080,LLAMAR-AMI-VENIR,VERBO,Acción de convocar o pedir al interlocutor que venga hacia la primera persona. (Generada Gemini),NO,1 seña,NO,SI,Unimanual en contacto (tipo X),Bl,A,Sin especificar,Sin especificar,Sin especificar,02080_llamaramiv.mp4,LLAMAR AMI VENIR,test3,68,B2
UEB,LSC1,2081,LLAMAR-ATENCIÓN,VERBO,"Requerir la mirada, cuidado o interés de alguien sobre un asunto. (Generada Gemini)",NO,1 seña,NO,SI,Unimanual (tipo 0),Qf,Sin especificar,Sin especificar,Sin especificar,Sin especificar,02081_llamaraten.mp4,LLAMAR ATENCION,test3,68,B2
UEB,LSC1,2082,LLAMAR-AMI-ATENCIÓN,VERBO,Reclamar o captar el interés de alguien hacia la primera persona. (Generada Gemini),NO,1 seña,NO,SI,Unimanual en contacto (tipo X),Ql,Sin especificar,Sin especificar,Sin especificar,Sin especificar,02082_llamaramia.mp4,LLAMAR AMI ATENCION,test3,68,B2
FENASCOL II,LSC1,2083,LLAMAR POR TELEFONO,VERBO,Comunicarse telefónicamente con una persona. (Generada Gemini),NO,1 seña,NO,SI,Unimanual (tipo 0),Y,Sin especificar,Sin especificar,Sin especificar,Sin especificar,02083_llamarport.mp4,LLAMAR POR TELEFONO,test2,48,B2
FENASCOL II,LSC0,2084,DE-UNA-VEZ,ADVERBIO,"De forma inmediata, categórica o sin dilación. (RAE)",NO,1 seña,NO,SI,Asimétrica (tipo III),Bl,P,Sin especificar,Sin especificar,Sin especificar,02084_deunavez.mp4,DE UNA VEZ,test2,56,A1
FENASCOL II,LSC1,2085,LOBO,SUSTANTIVO,Mamífero carnívoro canino salvaje que vive en manadas. (RAE),NO,1 seña,NO,SI,Unimanual en contacto (tipo X),Jc,Q,Sin especificar,Sin especificar,Sin especificar,02085_lobo.mp4,LOBO,test1,21,B1
FENASCOL II,LSC1,2086,LORO,SUSTANTIVO,Ave de plumaje vistoso y verde con capacidad para imitar la voz humana. (RAE),NO,1 seña,NO,SI,Unimanual en contacto (tipo X),Bc,Sin especificar,Sin especificar,Sin especificar,Sin especificar,02086_loro.mp4,LORO,test2,23,B2
FENASCOL II,LSC1,2087,MADRID (CUNDINAMARCA),SUSTANTIVO,Municipio colombiano ubicado en el departamento de Cundinamarca. (Generada Gemini),NO,1 seña,SI,SI,Unimanual en contacto (tipo X),U,Sin especificar,Sin especificar,Sin especificar,Sin especificar,02087_madridcund.mp4,MADRID CUNDINAMARCA,test3,45,B1
FENASCOL II,LSC1,2088,MAGDALENA,SUSTANTIVO,Departamento de Colombia ubicado en el norte del país en la región Caribe. (Generada Gemini),NO,2 señas,NO,SI,Unimanual (tipo 0),Jc,Q,J,Sin especificar,Sin especificar,02088_magdalena.mp4,MAGDALENA,test3,45,B1
FENASCOL II,LSC1,2089,MALGENIADO,ADJETIVO,"Persona de mal genio, irritable o propenso al enojo. (RAE)",NO,2 señas,NO,SI,Compuestas (tipo C),P,H,Sin especificar,Sin especificar,Sin especificar,02089_malgeniado.mp4,MALGENIADO,test4,84,B1
UEB,LSC1,2090,HACER-MALA-CARA,SUSTANTIVO,"Expresar disgusto, rechazo o enfado mediante el gesto facial. (Generada Gemini)",NO,2 señas,NO,SI,Semi-simétrica (tipo II),I,Sin especificar,Sin especificar,Sin especificar,Sin especificar,02090_hacermalac.mp4,HACER MALA CARA,test3,41,B2
UEB,LSC1,2091,MALA-CARA,SUSTANTIVO,"Gesto o expresión facial de descontento, enojo o disgusto. (Generada Gemini)",NO,1 seña,NO,SI,Unimanual (tipo 0),I,Sin especificar,Sin especificar,Sin especificar,Sin especificar,02091_malacara.mp4,MALA CARA,test3,41,B2
FENASCOL II,LSC1,2092,MANIZALES,SUSTANTIVO,"Ciudad colombiana, capital del departamento de Caldas. (Generada Gemini)",NO,1 seña,SI,SI,Asimétrica (tipo III),H,XXe,Sin especificar,Sin especificar,Sin especificar,02092_manizales.mp4,MANIZALES,test4,8,B1
FENASCOL II,LSC1,2093,MANTEL,SUSTANTIVO,Cubierta de tela u otro material que se pone en la mesa para comer. (RAE),NO,1 seña,NO,SI,Simétrica (tipo I),Tb,Sin especificar,Sin especificar,Sin especificar,Sin especificar,02093_mantel.mp4,MANTEL,test4,9,B2
UEB,LSC1,2094,MONSERRATE (BOGOTA),SUSTANTIVO,Cerro e hito geográfico y religioso emblemático de Bogotá. (Generada Gemini),NO,1 seña,NO,SI,Asimétrica (tipo III),H,XXe,Sin especificar,Sin especificar,Sin especificar,02094_monserrate.mp4,MONSERRATE BOGOTA,test3,45,B1
FENASCOL II,LSC1,2095,MATAS,SUSTANTIVO,"Plantas de tallo bajo, ramificadas desde la base. (RAE)",NO,1 seña,NO,SI,Simétrica (tipo I),O,Gl,Sin especificar,Sin especificar,Sin especificar,02095_matas.mp4,MATAS,test3,36,B2
FENASCOL II,LSC1,2096,MAYONESA,SUSTANTIVO,"Salsa emulsionada a base de huevo, aceite y zumo de limón o vinagre. (RAE)",NO,1 seña,SI,SI,Asimétrica (tipo III),Cl,Sin especificar,Sin especificar,Sin especificar,Sin especificar,02096_mayonesa.mp4,MAYONESA,test1,16,B1
FENASCOL II,LSC1,2097,MEDELLIN,SUSTANTIVO,"Ciudad colombiana, capital del departamento de Antioquia. (Generada Gemini)",NO,1 seña,SI,SI,Unimanual en contacto (tipo X),Be,Sin especificar,Sin especificar,Sin especificar,Sin especificar,02097_medellin.mp4,MEDELLIN,test1,78,B2
FENASCOL II,LSC1,2098,MELGAR (TOLIMA),SUSTANTIVO,Municipio turístico colombiano ubicado en el departamento del Tolima. (Generada Gemini),NO,1 seña,SI,SI,Unimanual en contacto (tipo X),W,Sin especificar,Sin especificar,Sin especificar,Sin especificar,02098_melgartoli.mp4,MELGAR TOLIMA,test3,45,B1
FENASCOL II,LSC0,2099,MENSUAL,ADJETIVO,"Que se hace, calcula o repite cada mes. (RAE)",NO,1 seña,SI,SI,Asimétrica (tipo III),P,Sin especificar,Sin especificar,Sin especificar,Sin especificar,02099_mensual.mp4,MENSUAL,test3,1,A2
FENASCOL II,LSC1,2100,MESA DE NOCHE,SUSTANTIVO,Mueble pequeño que se coloca al lado de la cabecera de la cama. (RAE),NO,2 señas,NO,SI,Simétrica (tipo I),Bc,Sin especificar,Sin especificar,Sin especificar,Sin especificar,02100_mesadenoch.mp4,MESA DE NOCHE,test1,53,B1
FENASCOL II,LSC1,2101,MESEDORA,SUSTANTIVO,Mecedora; silla provista de patas curvadas que permiten balancearse. (RAE),NO,1 seña,NO,SI,Asimétrica (tipo III),Z,XXe,Sin especificar,Sin especificar,Sin especificar,02101_mesedora.mp4,MESEDORA,test1,74,B2
UEB,LSC1,2102,META  1,SUSTANTIVO,Fin o término al que se dirigen las acciones / Departamento de Colombia. (RAE),NO,1 seña,NO,SI,Simétrica (tipo I),P,Sin especificar,Sin especificar,Sin especificar,Sin especificar,02102_meta1.mp4,META 1,test4,8,B2
FENASCOL II,LSC1,2103,META  2,SUSTANTIVO,Variante de seña para meta u objetivo. (Generada Gemini),NO,1 seña,NO,SI,Simétrica (tipo I),P,Sin especificar,Sin especificar,Sin especificar,Sin especificar,02103_meta2.mp4,META 2,test2,47,B2
FENASCOL II,LSC1,2104,METIDO,ADJETIVO,Que se entromete o interviene indebidamente en asuntos ajenos. (RAE),NO,1 seña,NO,SI,Asimétrica (tipo III),Jc,Q,O,Sin especificar,Sin especificar,02104_metido.mp4,METIDO,test3,82,B2
FENASCOL II,LSC1,2105,METRO,SUSTANTIVO,Unidad fundamental de longitud del sistema internacional. / Transporte férreo subterráneo o elevado. (RAE),NO,1 seña,SI,SI,Semi-simétrica (tipo II),Z,Sin especificar,Sin especificar,Sin especificar,Sin especificar,02105_metro.mp4,METRO,test3,2,B1
FENASCOL II,LSC1,2106,MEXICO,SUSTANTIVO,País soberano ubicado en la parte meridional de América del Norte (México). (RAE),NO,1 seña,SI,SI,Unimanual en contacto (tipo X),Za,Sin especificar,Sin especificar,Sin especificar,Sin especificar,02106_mexico.mp4,MEXICO,test3,65,B1
FENASCOL II,LSC1,2107,MICROFUTBOL,SUSTANTIVO,Modalidad de fútbol de salón practicada en canchas reducidas. (Generada Gemini),SI,2 señas,NO,SI,Compuestas (tipo C),Cl,S,Xc,Sin especificar,Sin especificar,02107_microfutbo.mp4,MICROFUTBOL,test3,48,B1
FENASCOL II,LSC1,2108,MONTERIA,SUSTANTIVO,"Ciudad colombiana, capital del departamento de Córdoba (Montería). (Generada Gemini)",NO,1 seña,SI,SI,Unimanual (tipo 0),Cl,Sin especificar,Sin especificar,Sin especificar,Sin especificar,02108_monteria.mp4,MONTERIA,test4,8,B1
FENASCOL II,LSC1,2109,"MORFEMA PARA ""FELINOS SALVAJES""",SUSTANTIVO,Elemento subléxico o clasificador morfológico para denotar félidos silvestres. (Generada Gemini),NO,1 seña,NO,SI,Unimanual (tipo 0),Gl,Sin especificar,Sin especificar,Sin especificar,Sin especificar,02109_morfemapar.mp4,"MORFEMA PARA ""FELINOS SALVAJES""",test4,44,B2
FENASCOL II,LSC1,2110,MOSCA,SUSTANTIVO,Insecto díptero de cuerpo oscuro y dos alas transparentes. (RAE),NO,2 señas,NO,SI,Unimanual (tipo 0),Tb,Xf,Sin especificar,Sin especificar,Sin especificar,02110_mosca.mp4,MOSCA,test4,44,B2
FENASCOL II,LSC1,2111,MOTOCICLETA,SUSTANTIVO,Vehículo automóvil de dos ruedas impulsado por un motor. (RAE),NO,1 seña,NO,SI,Semi-simétrica (tipo II),S,Sin especificar,Sin especificar,Sin especificar,Sin especificar,02111_motociclet.mp4,MOTOCICLETA,test1,44,B1
FENASCOL II,LSC0,2112,SOLO (ADVERBIO),ADVERBIO,"Únicamente, solamente o sin otra cosa. (RAE)",NO,1 seña,NO,SI,Unimanual (tipo 0),P,Sin especificar,Sin especificar,Sin especificar,Sin especificar,02112_solo.mp4,SOLO ADVERBIO,test4,3,A2
FENASCOL II,LSC1,2113,MUNICIPIO,SUSTANTIVO,Entidad territorial básica en que se dividen los departamentos en Colombia. (RAE),NO,1 seña,NO,SI,Semi-simétrica (tipo II),Ok,Sin especificar,Sin especificar,Sin especificar,Sin especificar,02113_municipio.mp4,MUNICIPIO,test3,45,B1
FENASCOL II,LSC1,2114,NATACIÓN,SUSTANTIVO,Deporte o práctica de desplazarse en el agua mediante movimientos corporales. (RAE),NO,1 seña,NO,SI,Asimétrica (tipo III),Bl,Za,Sin especificar,Sin especificar,Sin especificar,02114_natacion.mp4,NATACION,test1,77,B1
FENASCOL II,LSC0,2115,NORMAL,ADJETIVO,Conforme a las reglas fijadas de antemano o a lo que es habitual. (RAE),Sin especificar,Sin especificar,NO,SI,Semi-simétrica (tipo II),H,Sin especificar,Sin especificar,Sin especificar,Sin especificar,02115_normal.mp4,NORMAL,test3,70,A2
FENASCOL II,LSC1,2116,NEIVA,SUSTANTIVO,"Ciudad colombiana, capital del departamento del Huila. (Generada Gemini)",NO,1 seña,SI,SI,Asimétrica (tipo III),S,Za,Sin especificar,Sin especificar,Sin especificar,02116_neiva.mp4,NEIVA,test1,78,B2
FENASCOL II,LSC1,2117,NICARAGUA,SUSTANTIVO,País soberano de América Central ubicado entre el mar Caribe y el océano Pacífico. (RAE),NO,1 seña,SI,SI,Simétrica (tipo I),Vc,Sin especificar,Sin especificar,Sin especificar,Sin especificar,02117_nicaragua.mp4,NICARAGUA,test1,66,B1
FENASCOL II,LSC0,2118,NO ALCANZA,VERBO,Insuficiencia de recursos o tiempo para cubrir una necesidad. (Generada Gemini),NO,1 seña,NO,SI,Unimanual en contacto (tipo X),Za,Sin especificar,Sin especificar,Sin especificar,Sin especificar,02118_noalcanza.mp4,NO ALCANZA,test4,3,A1
FENASCOL II,LSC0,2119,NO DARSE CUENTA (NARIZ),VERBO,Inadvertencia o falta de percepción expresada con articulación en la nariz. (Generada Gemini),NO,1 seña,NO,SI,Unimanual en contacto (tipo X),Ta,Sin especificar,Sin especificar,Sin especificar,Sin especificar,02119_nodarsecue.mp4,NO DARSE CUENTA NARIZ,test4,3,A1
FENASCOL II,LSC0,2120,NO DARSE CUENTA (OJO SI),VERBO,Pasarle desapercibido un asunto a alguien a pesar de ser visible. (Generada Gemini),NO,1 seña,NO,SI,Compuestas (tipo C),P,S,Sin especificar,Sin especificar,Sin especificar,02120_nodarsecue.mp4,NO DARSE CUENTA OJO SI,test4,3,A1
FENASCOL II,LSC0,2121,NO CAPTAR (PASA CABEZA),VERBO,Falta de comprensión o entender de manera diferida una explicación. (Generada Gemini),NO,1 seña,NO,SI,Simétrica (tipo I),P,Sin especificar,Sin especificar,Sin especificar,Sin especificar,02121_nocaptarpa.mp4,NO CAPTAR PASA CABEZA,test4,3,A1
FENASCOL II,LSC0,2122,NO HACER CASO (SI) 1,VERBO,"Desoír deliberadamente una orden, consejo o llamada. (Generada Gemini)",NO,1 seña,NO,SI,Unimanual (tipo 0),S,Sin especificar,Sin especificar,Sin especificar,Sin especificar,02122_nohacercas.mp4,NO HACER CASO SI 1,test1,51,A1
UEB,LSC0,2123,NO ME HACE CASO (SI),VERBO,Desobediencia o falta de atención de una persona hacia la primera persona. (Generada Gemini),NO,1 seña,NO,SI,Unimanual (tipo 0),S,Sin especificar,Sin especificar,Sin especificar,Sin especificar,02123_nomehaceca.mp4,NO ME HACE CASO SI,test4,3,A1
UEB,LSC0,2124,NO-HACER-CASO (SI) 2,VERBO,Variante de seña para la desatención o desacato deliberado. (Generada Gemini),NO,1 seña,NO,SI,Semi-simétrica (tipo II),S,Sin especificar,Sin especificar,Sin especificar,Sin especificar,02124_nohacercas.mp4,NO HACER CASO SI 2,test3,61,A1
FENASCOL II,LSC0,2125,OBJETIVO,SUSTANTIVO,Fin o meta que se pretende alcanzar con una acción. (RAE),NO,1 seña,NO,SI,Semi-simétrica (tipo II),P,Sin especificar,Sin especificar,Sin especificar,Sin especificar,02125_objetivo.mp4,OBJETIVO,test4,68,A2
FENASCOL II,LSC1,2126,OLA,SUSTANTIVO,Onda de gran amplitud que se forma en la superficie del agua del mar o río. (RAE),NO,1 seña,NO,SI,Semi-simétrica (tipo II),J,Sin especificar,Sin especificar,Sin especificar,Sin especificar,02126_ola.mp4,OLA,test1,67,B2
FENASCOL II,LSC1,2127,ORAR,VERBO,Dirigir oraciones a Dios o a una divinidad. (RAE),NO,2 señas,NO,SI,Asimétrica (tipo III),Af,Qf,Sin especificar,Sin especificar,Sin especificar,02127_orar.mp4,ORAR,test3,82,B2
UEB,LSC1,2128,ORDEN (ARREGLADO),SUSTANTIVO,Disposición o colocación armoniosa y estructurada de las cosas. (RAE),NO,1 seña,NO,SI,Simétrica (tipo I),B,Sin especificar,Sin especificar,Sin especificar,Sin especificar,02128_ordenarreg.mp4,ORDEN ARREGLADO,test2,52,B2
FENASCOL II,LSC1,2129,ORDENAR (MANDAR),VERBO,"Dar un mandato, orden o directriz a alguien. (RAE)",NO,1 seña,NO,SI,Unimanual (tipo 0),P,Sin especificar,Sin especificar,Sin especificar,Sin especificar,02129_ordenarman.mp4,ORDENAR MANDAR,test4,83,B2
FENASCOL II,LSC1,2130,OSTRA,SUSTANTIVO,Molusco bivalvo marino de concha irregular y áspera que produce perlas. (RAE),NO,1 seña,NO,SI,Semi-simétrica (tipo II),Qf,Sin especificar,Sin especificar,Sin especificar,Sin especificar,02130_ostra.mp4,OSTRA,test1,21,B2
FENASCOL II,LSC1,2131,PALA (CONSTRUCCION),SUSTANTIVO,Herramienta de mano usada en obras para excavar o mover materiales. (RAE),NO,1 seña,NO,SI,Simétrica (tipo I),Xf,Sin especificar,Sin especificar,Sin especificar,Sin especificar,02131_palaconstr.mp4,PALA CONSTRUCCION,test4,88,B1
FENASCOL II,LSC1,2132,PALA PARA ASEO,SUSTANTIVO,Recogedor o utensils plano empleado para juntar la basura barrida. (Generada Gemini),NO,1 seña,NO,SI,Semi-simétrica (tipo II),Bl,Sin especificar,Sin especificar,Sin especificar,Sin especificar,02132_palaparaas.mp4,PALA PARA ASEO,test4,29,B2
FENASCOL II,LSC1,2133,PAPEL HIGIENICO,SUSTANTIVO,Papel suave desechable en rollo usado para el aseo personal. (RAE),NO,1 seña,NO,SI,Semi-simétrica (tipo II),Bc,Sin especificar,Sin especificar,Sin especificar,Sin especificar,02133_papelhigie.mp4,PAPEL HIGIENICO,test3,86,B1
FENASCOL II,LSC1,2134,PAPEL PERIODICO,SUSTANTIVO,Papel de bajo costo usado para la impresión de diarios o boletines. (Generada Gemini),NO,1 seña,NO,SI,Simétrica (tipo I),Qe,Sin especificar,Sin especificar,Sin especificar,Sin especificar,02134_papelperio.mp4,PAPEL PERIODICO,test1,66,B2
FENASCOL II,LSC1,2135,PAPELOGRAFO,SUSTANTIVO,Rotafolio o soporte para hojas grandes de papel empleadas en exposiciones. (RAE),NO,1 seña,NO,SI,Semi-simétrica (tipo II),B,Sin especificar,Sin especificar,Sin especificar,Sin especificar,02135_papelograf.mp4,PAPELOGRAFO,test3,86,B1
FENASCOL II,LSC1,2136,PARA-QUE-APRENDA (DEDOS),VERBO,Expresión o seña admonitoria orientada a impartir una lección correctiva. (Generada Gemini),NO,1 seña,NO,SI,Unimanual (tipo 0),P,Sin especificar,Sin especificar,Sin especificar,Sin especificar,02136_paraqueapr.mp4,PARA QUE APRENDA DEDOS,test3,82,B2
FENASCOL II,LSC1,2137,PARADERO 1,SUSTANTIVO,Lugar o parandero establecido para la parada y abordaje del transporte público. (RAE),SI,2 señas,NO,SI,Compuestas (tipo C),Bl,V,J,Sin especificar,Sin especificar,02137_paradero1.mp4,PARADERO 1,test2,72,B2
UEB,LSC1,2138,PARADERO 2,SUSTANTIVO,Variante de seña para estación o sitio de parada vehicular. (Generada Gemini),NO,1 seña,NO,SI,Semi-simétrica (tipo II),B,Sin especificar,Sin especificar,Sin especificar,Sin especificar,02138_paradero2.mp4,PARADERO 2,test3,35,B2
FENASCOL II,LSC1,2139,PARAGUAY,SUSTANTIVO,País soberano sin litoral ubicado en la zona central de América del Sur. (RAE),NO,1 seña,SI,SI,Asimétrica (tipo III),B,K,Sin especificar,Sin especificar,Sin especificar,02139_paraguay.mp4,PARAGUAY,test3,4,B1
FENASCOL II,LSC1,2140,PARALISIS CEREBLAR,SUSTANTIVO,Trastorno neuromuscular que afecta el movimiento y la postura corporal por daño cerebral. (RAE),NO,1 seña,NO,SI,Unimanual en contacto (tipo X),Gl,Sin especificar,Sin especificar,Sin especificar,Sin especificar,02140_paralisisc.mp4,PARALISIS CEREBLAR,test4,42,B2
FENASCOL II,LSC1,2141,PARTICULAR (SOCIO),ADJETIVO,Persona privada o socio no vinculado a entidades gubernamentales. (Generada Gemini),NO,1 seña,SI,SI,Unimanual en contacto (tipo X),A,Sin especificar,Sin especificar,Sin especificar,Sin especificar,02141_particular.mp4,PARTICULAR SOCIO,test1,28,B2
FENASCOL II,LSC1,2142,PASADO MAÑANA,ADJETIVO,En el día que sigue inmediatamente al de mañana. (RAE),NO,1 seña,NO,SI,Unimanual (tipo 0),A,Sin especificar,Sin especificar,Sin especificar,Sin especificar,02142_pasadomañ.mp4,PASADO MANANA,test2,24,B1
FENASCOL II,LSC1,2143,PASIVO,ADJETIVO,"Inactivo, que recibe una acción sin actuar. / Conjunto de deudas de una persona o empresa. (RAE)",NO,1 seña,NO,SI,Semi-simétrica (tipo II),B,Sin especificar,Sin especificar,Sin especificar,Sin especificar,02143_pasivo.mp4,PASIVO,test4,84,B1
FENASCOL II,LSC1,2144,PASTILLA,SUSTANTIVO,Porción pequeña y dosificada de medicamento sólido en comprimido. (RAE),NO,1 seña,NO,SI,Unimanual (tipo 0),Ob,Sin especificar,Sin especificar,Sin especificar,Sin especificar,02144_pastilla.mp4,PASTILLA,test3,19,B1
FENASCOL II,LSC1,2145,PATACÓN,SUSTANTIVO,Trozo de plátano verde frito y aplastado típico de la gastronomía colombiana. (RAE),NO,1 seña,NO,SI,Asimétrica (tipo III),Bl,S,Sin especificar,Sin especificar,Sin especificar,02145_patacon1.mp4,PATACON,test3,52,B1
UEB,LSC1,2146,PATACÓN 2,SUSTANTIVO,Variante de seña para el alimento tradicional frito de plátano (patacón). (Generada Gemini),NO,1 seña,SI,SI,Semi-simétrica (tipo II),B,Sin especificar,Sin especificar,Sin especificar,Sin especificar,02146_patacon2.mp4,PATACON 2,test3,86,B2
FENASCOL II,LSC1,2147,PECOSO,ADJETIVO,Que tiene pecas en el rostro o la piel. (RAE),NO,1 seña,NO,SI,Unimanual en contacto (tipo X),Gl,Sin especificar,Sin especificar,Sin especificar,Sin especificar,02147_pecoso.mp4,PECOSO,test2,23,B2
FENASCOL II,LSC1,2148,PEGANTE DE BARRA,SUSTANTIVO,Adhesivo cilíndrico en barra sólida para fijar papel o cartón. (Generada Gemini),NO,1 seña,NO,SI,Asimétrica (tipo III),Bl,S,Sin especificar,Sin especificar,Sin especificar,02148_pegantedeb.mp4,PEGANTE DE BARRA,test4,58,B1
FENASCOL II,LSC1,2149,PEGANTE LIQUIDO,SUSTANTIVO,Adhesivo fluido usado para pegar diversos materiales. (Generada Gemini),NO,1 seña,NO,SI,Unimanual (tipo 0),Nb,Sin especificar,Sin especificar,Sin especificar,Sin especificar,02149_peganteliq.mp4,PEGANTE LIQUIDO,test4,58,B1
FENASCOL II,LSC1,2150,PEGAR (A OTRA PERSONA),VERBO,Propinar golpes a una persona. (RAE),NO,1 seña,NO,NO,Asimétrica (tipo III),S,Bl,Sin especificar,Sin especificar,Sin especificar,02150_pegaraotra.mp4,PEGAR A OTRA PERSONA,test4,51,B2
FENASCOL II,LSC1,2151,PEGAR (COSA),VERBO,Unir dos o más cosas con una sustancia adhesiva. (RAE),NO,1 seña,NO,SI,Semi-simétrica (tipo II),Bl,Sin especificar,Sin especificar,Sin especificar,Sin especificar,02151_pegarcosa.mp4,PEGAR COSA,test4,9,B2
FENASCOL II,LSC1,2152,PEINILLA,SUSTANTIVO,Peine pequeño o tipo de peine para el cabello. / Tipo de machete corto en Colombia. (RAE),NO,1 seña,NO,SI,Unimanual (tipo 0),Af,Sin especificar,Sin especificar,Sin especificar,Sin especificar,02152_peinilla.mp4,PEINILLA,test4,71,B1
FENASCOL II,LSC1,2153,PELUQUERÍA,SUSTANTIVO,"Establecimiento donde se corta, peina o arregla el cabello. (RAE)",SI,2 señas,NO,SI,Compuestas (tipo C),P,V,Sin especificar,Sin especificar,Sin especificar,02153_peluqueria.mp4,PELUQUERIA,test2,23,B2
FENASCOL II,LSC1,2154,PERDIDA CONOCIMIENTO,SUSTANTIVO,"Desmayo, desvanecimiento o síncope con suspensión temporal de la conciencia. (Generada Gemini)",NO,1 seña,NO,SI,Compuestas (tipo C),P,V,Sin especificar,Sin especificar,Sin especificar,02154_perdidacon.mp4,PERDIDA CONOCIMIENTO,test2,6,B2
FENASCOL II,LSC1,2155,PEREIRA,SUSTANTIVO,"Ciudad colombiana, capital del departamento de Risaralda. (Generada Gemini)",NO,1 seña,SI,SI,Unimanual en contacto (tipo X),K,Sin especificar,Sin especificar,Sin especificar,Sin especificar,02155_pereira.mp4,PEREIRA,test4,8,B1
FENASCOL II,LSC1,2156,PERFORADORA,SUSTANTIVO,Máquina o herramienta usada para hacer agujeros en papel o materiales rígidos. (RAE),NO,1 seña,NO,SI,Asimétrica (tipo III),Bl,A,Sin especificar,Sin especificar,Sin especificar,02156_perforador.mp4,PERFORADORA,test4,88,B1
FENASCOL II,LSC1,2157,PERFUME DE HOMBRE,SUSTANTIVO,Fragancia o colonia elaborada para el uso masculino. (Generada Gemini),SI,2 señas,NO,SI,Asimétrica (tipo III),A,Bl,Sin especificar,Sin especificar,Sin especificar,02157_perfumedeh.mp4,PERFUME DE HOMBRE,test4,74,B1
FENASCOL II,LSC1,2158,PERFUME DE MUJER,SUSTANTIVO,Fragancia o perfume elaborado para el uso femenino. (Generada Gemini),SI,2 señas,NO,SI,Asimétrica (tipo III),A,P,Sin especificar,Sin especificar,Sin especificar,02158_perfumedem.mp4,PERFUME DE MUJER,test4,69,B1
FENASCOL II,LSC1,2159,PERSIANA,SUSTANTIVO,Estructura de tablillas para graduar la entrada de luz en una ventana. (RAE),SI,2 señas,NO,SI,Compuestas (tipo C),A,B,Sin especificar,Sin especificar,Sin especificar,02159_persiana.mp4,PERSIANA,test1,82,B1
FENASCOL II,LSC1,2160,PERU,SUSTANTIVO,País soberano de América del Sur con costa en el océano Pacífico (Perú). (RAE),NO,1 seña,NO,SI,Unimanual en contacto (tipo X),Za,Sin especificar,Sin especificar,Sin especificar,Sin especificar,02160_peru.mp4,PERU,test1,66,B1
FENASCOL II,LSC1,2161,PINTAR,VERBO,Representar algo mediante líneas y colores o aplicar pintura a una superficie. (RAE),NO,1 seña,NO,SI,Semi-simétrica (tipo II),B,Sin especificar,Sin especificar,Sin especificar,Sin especificar,02161_pintar.mp4,PINTAR,test2,23,B2
FENASCOL II,LSC1,2162,PLANCHA,VERBO,Electrodoméstico de base metálica lisa usado para alisar la ropa. (RAE),NO,1 seña,NO,SI,Asimétrica (tipo III),B,S,Sin especificar,Sin especificar,Sin especificar,02162_plancha.mp4,PLANCHA,test2,59,B1
FENASCOL II,LSC1,2163,PLÁSTICO 1,SUSTANTIVO,Material sintético moldeable obtenido mediante polimerización. (RAE),NO,1 seña,NO,SI,Simétrica (tipo I),Qe,Sin especificar,Sin especificar,Sin especificar,Sin especificar,02163_plastico1.mp4,PLASTICO 1,test4,88,B1
FENASCOL II,LSC1,2164,PLATANO,SUSTANTIVO,"Fruto de la platanera, alargado y comestible. (RAE)",NO,1 seña,NO,SI,Semi-simétrica (tipo II),B,Sin especificar,Sin especificar,Sin especificar,Sin especificar,02164_platano.mp4,PLATANO,test2,54,B1
FENASCOL II,LSC1,2165,PLATON,SUSTANTIVO,Recipiente grande de plástico o metal usado en labores del hogar (platón). (RAE),NO,1 seña,NO,SI,Simétrica (tipo I),Af,Sin especificar,Sin especificar,Sin especificar,Sin especificar,02165_platon.mp4,PLATON,test4,88,B1
FENASCOL II,LSC1,2166,POBREZA,SUSTANTIVO,Estado o condición de quien carece de lo necesario para vivir. (RAE),Sin especificar,Sin especificar,NO,SI,Asimétrica (tipo III),S,Jc,Q,Sin especificar,Sin especificar,02166_pobreza.mp4,POBREZA,test3,82,B2
FENASCOL II,LSC1,2167,POLTRONA,SUSTANTIVO,"Silla de brazos grande, mullida y cómoda. (RAE)",Sin especificar,Sin especificar,NO,SI,Semi-simétrica (tipo II),H,Qf,Sin especificar,Sin especificar,Sin especificar,02167_poltrona.mp4,POLTRONA,test3,7,B1
FENASCOL II,LSC1,2168,PONQUE,SUSTANTIVO,Torta o pastel esponjoso de repostería (ponqué). (RAE),NO,1 seña,NO,SI,Simétrica (tipo I),L,Sin especificar,Sin especificar,Sin especificar,Sin especificar,02168_ponque.mp4,PONQUE,test2,18,B1
FENASCOL II,LSC1,2169,POPAYAN,SUSTANTIVO,"Ciudad colombiana, capital del departamento del Cauca (Popayán). (Generada Gemini)",NO,1 seña,NO,SI,Simétrica (tipo I),Cl,Sin especificar,Sin especificar,Sin especificar,Sin especificar,02169_popayan.mp4,POPAYAN,test4,8,B1
FENASCOL II,LSC1,2170,PORTALAPIZ,SUSTANTIVO,Recipiente o estuche usado para sostener o guardar lápices. (RAE),NO,1 seña,SI,SI,Asimétrica (tipo III),Be,Pc,Sin especificar,Sin especificar,Sin especificar,02170_portalapiz.mp4,PORTALAPIZ,test4,88,B1
FENASCOL II,LSC1,2171,PORTERIA,SUSTANTIVO,Puesto o pabellón del portero a la entrada de un edificio. (RAE),SI,2 señas,NO,SI,Compuestas (tipo C),Be,Bl,Za,Sin especificar,Sin especificar,02171_porteria.mp4,PORTERIA,test4,51,B2
FENASCOL II,LSC1,2172,PREPARAR,VERBO,Disponer o prevenir algo para un fin determinado. (RAE),NO,1 seña,NO,SI,Simétrica (tipo I),Ok,Sin especificar,Sin especificar,Sin especificar,Sin especificar,02172_preparar.mp4,PREPARAR,test4,51,B2
FENASCOL II,LSC1,2173,PRESIDENTE,SUSTANTIVO,"Persona que preside un gobierno, consejo, tribunal o asociación. (RAE)",NO,1 seña,NO,SI,Unimanual en contacto (tipo X),Bc,Sin especificar,Sin especificar,Sin especificar,Sin especificar,02173_presidente.mp4,PRESIDENTE,test3,22,B1
FENASCOL II,LSC1,2174,PROBAR (ALIMENTOS),VERBO,Gustar o deglutir una pequeña porción de comida para conocer su sabor. (RAE),NO,1 seña,NO,SI,Unimanual (tipo 0),N,Sin especificar,Sin especificar,Sin especificar,Sin especificar,02174_probaralim.mp4,PROBAR ALIMENTOS,test2,18,B1
FENASCOL II,LSC1,2175,PROBAR (ROPA),VERBO,Ponerse una prenda de vestir para comprobar si se ajusta al cuerpo. (RAE),NO,1 seña,SI,SI,Unimanual (tipo 0),Bl,Sin especificar,Sin especificar,Sin especificar,Sin especificar,02175_probarropa.mp4,PROBAR ROPA,test1,49,B2
FENASCOL II,LSC1,2176,PROBLEMAS CARDIACOS,SUSTANTIVO,Afecciones o patologías que alteran el funcionamiento del corazón. (Generada Gemini),SI,2 señas,NO,NO,Compuestas (tipo C),XXe,J,Sin especificar,Sin especificar,Sin especificar,02176_problemasc.mp4,PROBLEMAS CARDIACOS,test3,45,B2
FENASCOL II,LSC1,2177,PUERTO RICO,SUSTANTIVO,Estado libre asociado e isla de las Antillas Mayores en el Caribe. (RAE),NO,1 seña,NO,SI,Compuestas (tipo C),B,K,R,Sin especificar,Sin especificar,02177_puertorico.mp4,PUERTO RICO,test3,39,B1
FENASCOL II,LSC1,2178,PULPO,SUSTANTIVO,Molusco cefalópodo marino sin concha provisto de ocho tentáculos con ventosas. (RAE),NO,1 seña,NO,SI,Unimanual (tipo 0),Q,Jc,Sin especificar,Sin especificar,Sin especificar,02178_pulpo.mp4,PULPO,test1,21,B2
FENASCOL II,LSC1,2179,PUMA,SUSTANTIVO,Gran mamífero carnívoro felino de pelaje uniforme dorado o pardo propio de América. (RAE),NO,1 seña,NO,SI,Unimanual (tipo 0),Gl,Sin especificar,Sin especificar,Sin especificar,Sin especificar,02179_puma.mp4,PUMA,test1,21,B1
FENASCOL II,LSC1,2180,QUESO,SUSTANTIVO,Alimento obtenido por maduración de la cuajada de la leche. (RAE),NO,1 seña,SI,SI,Semi-simétrica (tipo II),Bl,Sin especificar,Sin especificar,Sin especificar,Sin especificar,02180_queso.mp4,QUESO,test3,78,B1
FENASCOL II,LSC1,2181,QUESO CREMA,SUSTANTIVO,"Variedad suave, untable y fresca de queso rico en materia grasa. (Generada Gemini)",NO,1 seña,NO,NO,Unimanual (tipo 0),Ok,Sin especificar,Sin especificar,Sin especificar,Sin especificar,02181_quesocrema.mp4,QUESO CREMA,test2,18,B1
FENASCOL II,LSC1,2182,QUESO PARMESANO,SUSTANTIVO,"Variedad de queso italiano duro, madurado y de textura granulada. (RAE)",NO,1 seña,NO,SI,Simétrica (tipo I),Qe,Sin especificar,Sin especificar,Sin especificar,Sin especificar,02182_quesoparme.mp4,QUESO PARMESANO,test1,16,B1
FENASCOL II,LSC1,2183,QUESO RAYADO,SUSTANTIVO,Queso desmenuzado en hebras finas mediante un rallador (queso rallado). (RAE),NO,1 seña,NO,SI,Asimétrica (tipo III),B,S,Sin especificar,Sin especificar,Sin especificar,02183_quesorayad.mp4,QUESO RAYADO,test1,46,B1
FENASCOL II,LSC1,2184,QUINCENA,SUSTANTIVO,Período de quince días consecutivos o paga correspondiente a ese tiempo. (RAE),SI,2 señas,SI,SI,Unimanual (tipo 0),No,J,Sin especificar,Sin especificar,Sin especificar,02184_quincena.mp4,QUINCENA,test4,32,B1
FENASCOL II,LSC1,2185,QUINDIO,SUSTANTIVO,Departamento de Colombia ubicado en la región andina (Quindío). (Generada Gemini),NO,1 seña,NO,SI,Unimanual (tipo 0),J,Q,Sin especificar,Sin especificar,Sin especificar,02185_quindio.mp4,QUINDIO,test4,8,B2
FENASCOL II,LSC1,2186,QUINTO,ADJETIVO,Que ocupa el lugar número cinco en una serie o conjunto ordenado. (RAE),NO,1 seña,NO,SI,Unimanual (tipo 0),S,J,Sin especificar,Sin especificar,Sin especificar,02186_quinto.mp4,QUINTO,test2,52,B2
FENASCOL II,LSC1,2187,RABIA,SUSTANTIVO,"Enfado grande, ira o violencia. / Enfermedad infecciosa del sistema nervioso. (RAE)",SI,1 seña,NO,SI,Unimanual (tipo 0),J,R,Sin especificar,Sin especificar,Sin especificar,02187_rabia.mp4,RABIA,test3,41,B2
FENASCOL II,LSC1,2188,RADIO,SUSTANTIVO,Aparato receptor de las ondas electromagnéticas de radiodifusión. (RAE),SI,2 señas,NO,SI,Simétrica (tipo I),Gl,Sin especificar,Sin especificar,Sin especificar,Sin especificar,02188_radio.mp4,RADIO,test2,11,B1
FENASCOL II,LSC0,2189,RAZÓN,SUSTANTIVO,"Facultad del ser humano de pensar, reflexionar y juzgar. / Motivo o causa. (RAE)",NO,1 seña,NO,SI,Unimanual en contacto (tipo X),R,Sin especificar,Sin especificar,Sin especificar,Sin especificar,02189_razon.mp4,RAZON,test4,38,A1
FENASCOL II,LSC1,2190,RECEPCIONISTA,SUSTANTIVO,Persona encargada de atender a los clientes o público a la entrada de un establecimiento. (RAE),NO,1 seña,NO,SI,Simétrica (tipo I),Bl,Sin especificar,Sin especificar,Sin especificar,Sin especificar,02190_recepcioni.mp4,RECEPCIONISTA,test1,28,B2
FENASCOL II,LSC0,2191,RECHAZAR,VERBO,"Mostrar oposición, desacuerdo o negar la admisión de algo o alguien. (RAE)",NO,1 seña,NO,SI,Asimétrica (tipo III),Bl,E,Sin especificar,Sin especificar,Sin especificar,02191_rechazar.mp4,RECHAZAR,test2,84,A2
FENASCOL II,LSC1,2192,REMAR,VERBO,Mover los remos en el agua para hacer avanzar una embarcación. (RAE),NO,1 seña,NO,SI,Simétrica (tipo I),S,Sin especificar,Sin especificar,Sin especificar,Sin especificar,02192_remar.mp4,REMAR,test3,81,B1
FENASCOL II,LSC1,2193,REMO,SUSTANTIVO,Instrumento de madera con forma de pala para impulsar embarcaciones en el agua. (RAE),NO,1 seña,NO,SI,Simétrica (tipo I),S,Sin especificar,Sin especificar,Sin especificar,Sin especificar,02193_remo.mp4,REMO,test3,81,B1
FENASCOL II,LSC1,2194,REMOLACHA,SUSTANTIVO,Planta de raíz gruesa comestible y de intenso color rojo o púrpura. (RAE),NO,1 seña,SI,SI,Unimanual en contacto (tipo X),Af,Sin especificar,Sin especificar,Sin especificar,Sin especificar,02194_remolacha.mp4,REMOLACHA,test2,49,B1
FENASCOL II,LSC1,2195,REPOLLO,SUSTANTIVO,Hortaliza de hojas apretadas formando una pella densa (col). (RAE),NO,1 seña,SI,SI,Asimétrica (tipo III),Gl,S,Sin especificar,Sin especificar,Sin especificar,02195_repollo.mp4,REPOLLO,test1,46,B1
FENASCOL II,LSC1,2196,REPUBLICA DOMINICANA,SUSTANTIVO,País soberano ubicado en la zona central de la isla La Española en el Caribe. (RAE),NO,1 seña,SI,SI,Unimanual en contacto (tipo X),R,D,Sin especificar,Sin especificar,Sin especificar,02196_republicad.mp4,REPUBLICA DOMINICANA,test1,66,B1
FENASCOL II,LSC1,2197,REQUISITO,SUSTANTIVO,Condición o circunstancia obligatoria que se exige para algo. (RAE),NO,1 seña,NO,SI,Asimétrica (tipo III),B,Pc,Sin especificar,Sin especificar,Sin especificar,02197_requisito.mp4,REQUISITO,test4,22,B2
FENASCOL II,LSC1,2198,RESALTAR,VERBO,Destacar o hacer que algo sea más visible o sobresaliente. (RAE),NO,1 seña,NO,SI,Compuestas (tipo C),B,P,Gl,Sin especificar,Sin especificar,02198_resaltar.mp4,RESALTAR,test1,33,B1
FENASCOL II,LSC1,2199,RESBALAR,VERBO,Deslizarse la superficie de algo sin el agarre adecuado perdiendo el equilibrio. (RAE),NO,1 seña,NO,SI,Asimétrica (tipo III),B,V,Sin especificar,Sin especificar,Sin especificar,02199_resbalar.mp4,RESBALAR,test3,23,B1
FENASCOL II,LSC1,2200,RESUMIR,VERBO,Reducir a términos breves y precisos lo esencial de un asunto o texto. (RAE),NO,1 seña,NO,SI,Semi-simétrica (tipo II),Qf,Sin especificar,Sin especificar,Sin especificar,Sin especificar,02200_resumir.mp4,RESUMIR,test3,82,B2
FENASCOL II,LSC1,2201,RETROPROYECTOR DE ACETATOS,SUSTANTIVO,Dispositivo óptico para proyectar transparencias u hojas de acetato sobre una pantalla. (Generada Gemini),SI,2 señas,NO,SI,Compuestas (tipo C),B,O,J,Sin especificar,Sin especificar,02201_retroproye.mp4,RETROPROYECTOR DE ACETATOS,test1,82,B1
FENASCOL II,LSC1,2202,RETROPROYECTOR DE FILMINAS,SUSTANTIVO,Aparato óptico empleado para proyectar fotogramas o tiras de película transparente. (Generada Gemini),NO,1 seña,NO,SI,Simétrica (tipo I),Ql,Sin especificar,Sin especificar,Sin especificar,Sin especificar,02202_retroproye.mp4,RETROPROYECTOR DE FILMINAS,test4,41,B1
FENASCOL II,LSC1,2203,RIO,SUSTANTIVO,Corriente natural de agua que fluye continuamente y desemboca en otra o en el mar. (RAE),NO,1 seña,NO,SI,Simétrica (tipo I),R,Sin especificar,Sin especificar,Sin especificar,Sin especificar,02203_rio.mp4,RIO,test2,10,B1
FENASCOL II,LSC1,2204,RIOHACHA,SUSTANTIVO,"Ciudad colombiana, capital del departamento de La Guajira. (Generada Gemini)",NO,1 seña,NO,SI,Compuestas (tipo C),B,R,Sin especificar,Sin especificar,Sin especificar,02204_riohacha.mp4,RIOHACHA,test4,8,B1
FENASCOL II,LSC1,2205,ROBUSTO,ADJETIVO,"Fuerte, vigoroso, firme y de sólida constitución física. (RAE)",NO,1 seña,NO,SI,Simétrica (tipo I),S,Sin especificar,Sin especificar,Sin especificar,Sin especificar,02205_robusto.mp4,ROBUSTO,test3,23,B1
FENASCOL II,LSC1,2206,ROPA DELGADA,SUSTANTIVO,Vestimenta liviana concebida para climas cálidos o épocas de verano. (Generada Gemini),NO,2 señas,NO,NO,Compuestas (tipo C),Tb,Pc,Sin especificar,Sin especificar,Sin especificar,02206_ropadelgad.mp4,ROPA DELGADA,test1,91,B1
FENASCOL II,LSC1,2207,ROPA GRUESA,SUSTANTIVO,Vestimenta abrigada elaborada con tejidos densos para proteger del frío. (Generada Gemini),NO,2 señas,NO,SI,Compuestas (tipo C),Tb,Qe,Sin especificar,Sin especificar,Sin especificar,02207_ropagruesa.mp4,ROPA GRUESA,test4,69,B1
FENASCOL II,LSC1,2208,RUBORIZADO,ADJETIVO,Que siente o muestra sonrojo o rubor en el rostro por vergüenza o timidez. (RAE),NO,1 seña,NO,SI,Simétrica (tipo I),Ql,Sin especificar,Sin especificar,Sin especificar,Sin especificar,02208_ruborizado.mp4,RUBORIZADO,test3,41,B2
FENASCOL II,LSC1,2209,SABANA,SUSTANTIVO,Prenda de tela fina para vestir la cama. / Llanura extensa sin vegetación arbórea. (RAE),NO,1 seña,SI,SI,Simétrica (tipo I),Be,Sin especificar,Sin especificar,Sin especificar,Sin especificar,02209_sabana.mp4,SABANA,test2,25,B1
FENASCOL II,LSC1,2210,SABROSO,ADJETIVO,Que tiene un sabor agradable y deleitoso al paladar. (RAE),NO,1 seña,NO,SI,Compuestas (tipo C),Q,J,Sin especificar,Sin especificar,Sin especificar,02210_sabroso.mp4,SABROSO,test1,95,B2
FENASCOL II,LSC1,2211,SACAGRAPAS,SUSTANTIVO,Utensilio de oficina empleado para extraer grapas fijadas en papel. (Generada Gemini),NO,1 seña,NO,SI,Asimétrica (tipo III),Bl,Xc,Sin especificar,Sin especificar,Sin especificar,02211_sacagrapas.mp4,SACAGRAPAS,test4,58,B1
FENASCOL II,LSC1,2212,SACAPUNTAS,SUSTANTIVO,Utensilio con cuchilla interna empleado para afilar las minas de los lápices. (RAE),NO,1 seña,NO,SI,Asimétrica (tipo III),S,P,Sin especificar,Sin especificar,Sin especificar,02212_sacapuntas.mp4,SACAPUNTAS,test4,88,B1
FENASCOL II,LSC1,2213,SALCHICHON,SUSTANTIVO,Embutido grueso de carne picada sazonada con pimienta y otras especias. (RAE),SI,2 señas,NO,NO,Compuestas (tipo C),Xc,X,Sin especificar,Sin especificar,Sin especificar,02213_salchichon.mp4,SALCHICHON,test1,16,B1
FENASCOL II,LSC1,2214,SALÓN DE CLASE,SUSTANTIVO,Recinto o espacio físico en una escuela o universidad donde se imparten lecciones. (Generada Gemini),SI,2 señas,NO,SI,Simétrica (tipo I),P,Cl,Sin especificar,Sin especificar,Sin especificar,02214_salondecla.mp4,SALON DE CLASE,test4,26,B2
FENASCOL II,LSC1,2215,SALTO ALTO,SUSTANTIVO,Modalidad del atletismo que consiste en sobrepasar una barra horizontal a cierta altura. (Generada Gemini),NO,1 seña,NO,SI,Asimétrica (tipo III),P,V,Sin especificar,Sin especificar,Sin especificar,02215_saltoalto.mp4,SALTO ALTO,test4,64,B1
FENASCOL II,LSC1,2216,SAN ANDRES,SUSTANTIVO,Isla y archipiélago colombiano situado en el mar Caribe occidental. (Generada Gemini),NO,1 seña,SI,SI,Simétrica (tipo I),J,Sin especificar,Sin especificar,Sin especificar,Sin especificar,02216_sanandres.mp4,SAN ANDRES,test3,39,B1
FENASCOL II,LSC1,2217,SANDIA,SUSTANTIVO,"Fruto grande y globoso de pulpa roja, dulce y jugosa con abundantes semillas (sandía). (RAE)",NO,1 seña,NO,SI,Simétrica (tipo I),Qa,Sin especificar,Sin especificar,Sin especificar,Sin especificar,02217_sandia.mp4,SANDIA,test2,17,B1
FENASCOL II,LSC1,2218,SANDUCHERA,SUSTANTIVO,Electrodoméstico de placas metálicas calientes para tostar o prensar sándwiches. (RAE),NO,1 seña,NO,SI,Semi-simétrica (tipo II),S,Sin especificar,Sin especificar,Sin especificar,Sin especificar,02218_sanduchera.mp4,SANDUCHERA,test2,26,B1
FENASCOL II,LSC1,2219,SANTA MARTA,SUSTANTIVO,"Ciudad y distrito turístico histórico de Colombia, capital del departamento del Magdalena. (Generada Gemini)",NO,2 señas,SI,SI,Compuestas (tipo C),P,J,Sin especificar,Sin especificar,Sin especificar,02219_santamarta.mp4,SANTA MARTA,test4,8,B1
FENASCOL II,LSC1,2220,SANTAFE DE BOGOTÁ,SUSTANTIVO,Denominación histórica oficial de la capital de Colombia entre 1991 y 2000. (Generada Gemini),Sin especificar,Sin especificar,NO,SI,Simétrica (tipo I),S,Sin especificar,Sin especificar,Sin especificar,Sin especificar,02220_santafedeb.mp4,SANTAFE DE BOGOTA,test4,8,B1
FENASCOL II,LSC1,2221,SANTANDER,SUSTANTIVO,Departamento de Colombia situado en la región andina nororiental. (Generada Gemini),NO,1 seña,SI,SI,Asimétrica (tipo III),Bl,Gl,Sin especificar,Sin especificar,Sin especificar,02221_santander.mp4,SANTANDER,test3,45,B1
FENASCOL II,LSC1,2222,SASTRE,SUSTANTIVO,"Persona que tiene por oficio cortar y coser trajes de vestir, especialmente masculinos. (RAE)",NO,1 seña,NO,SI,Compuestas (tipo C),Pc,Sin especificar,Sin especificar,Sin especificar,Sin especificar,02222_sastre.mp4,SASTRE,test1,49,B2
FENASCOL II,LSC1,2223,SECADOR DE PELO,SUSTANTIVO,Aparato electrodoméstico que emite aire para secar o moldear el cabello. (RAE),NO,1 seña,NO,SI,Unimanual (tipo 0),S,Sin especificar,Sin especificar,Sin especificar,Sin especificar,02223_secadordep.mp4,SECADOR DE PELO,test3,57,B1
FENASCOL II,LSC1,2224,SECO BANDEJA,ADJETIVO,"Plato o servicio fuerte de comida que incluye seco (arroz, proteína) servido en bandeja. (Generada Gemini)",NO,1 seña,SI,SI,Simétrica (tipo I),Xc,Sin especificar,Sin especificar,Sin especificar,Sin especificar,02224_secobandej.mp4,SECO BANDEJA,test1,95,B2
FENASCOL II,LSC1,2225,SECRETARIO,SUSTANTIVO,"Persona encargada de la correspondencia, archivo y gestión administrativa. (RAE)",NO,1 seña,NO,SI,Simétrica (tipo I),Gl,Sin especificar,Sin especificar,Sin especificar,Sin especificar,02225_secretario.mp4,SECRETARIO,test3,22,B1
FENASCOL II,LSC1,2226,SEIS MESES,ADJETIVO,Período de tiempo equivalente a medio año o seis mensualidades. (Generada Gemini),SI,2 señas,NO,SI,Compuestas (tipo C),P,J,P,Sin especificar,Sin especificar,02226_seismeses.mp4,SEIS MESES,test4,36,B1
FENASCOL II,LSC1,2227,SEMESTRAL,SUSTANTIVO,"Que ocurre, se repite o se calcula cada seis meses. (RAE)",SI,2 señas,NO,NO,Asimétrica (tipo III),P,J,Sin especificar,Sin especificar,Sin especificar,02227_semestral.mp4,SEMESTRAL,test4,32,B1
FENASCOL II,LSC1,2228,SICÓLOGO,SUSTANTIVO,Especialista en psicología o procesos mentales y del comportamiento (psicólogo). (RAE),NO,1 seña,SI,SI,Unimanual en contacto (tipo X),Ok,Sin especificar,Sin especificar,Sin especificar,Sin especificar,02228_psicologo.mp4,SICOLOGO,test3,41,B2
FENASCOL II,LSC1,2229,SIMPLE,ADJETIVO,"Sencillo, sin complicación, adorno ni mezcla. (RAE)",NO,1 seña,SI,SI,Unimanual (tipo 0),Qe,Sin especificar,Sin especificar,Sin especificar,Sin especificar,02229_simple.mp4,SIMPLE,test1,19,B2
FENASCOL II,LSC0,2230,SIN CULPA,FUNCION,Estado de inocencia o exención de responsabilidad ante una falta o delito. (Generada Gemini),NO,1 seña,NO,SI,Simétrica (tipo I),Bl,Sin especificar,Sin especificar,Sin especificar,Sin especificar,02230_sinculpa.mp4,SIN CULPA,test1,22,A2
FENASCOL II,LSC1,2231,SINCELEJO,SUSTANTIVO,"Ciudad colombiana, capital del departamento de Sucre. (Generada Gemini)",NO,1 seña,SI,SI,Compuestas (tipo C),X,J,Sin especificar,Sin especificar,Sin especificar,02231_sincelejo.mp4,SINCELEJO,test1,78,B2
FENASCOL II,LSC1,2232,SINVERGÜENZA-1,SUSTANTIVO,"Persona descarada, pícara o que carece de vergüenza o escrúpulos. (RAE)",NO,1 seña,NO,SI,Unimanual en contacto (tipo X),Bl,Sin especificar,Sin especificar,Sin especificar,Sin especificar,02232_sinverguen.mp4,SINVERGUENZA 1,test3,0,B2
FENASCOL II,LSC1,2233,SOBRESABANA,SUSTANTIVO,Sábana superior que se coloca entre la sábana bajera y la cobija en la cama. (Generada Gemini),NO,1 seña,NO,SI,Simétrica (tipo I),Tb,Sin especificar,Sin especificar,Sin especificar,Sin especificar,02233_sobresaban.mp4,SOBRESABANA,test3,30,B2
FENASCOL II,LSC1,2234,SOFA,SUSTANTIVO,Asiento cómodo provisto de respaldo y brazos para dos o más personas (sofá). (RAE),SI,2 señas,NO,SI,Compuestas (tipo C),Z,XXe,Ql,Sin especificar,Sin especificar,02234_sofa.mp4,SOFA,test3,23,B1
FENASCOL II,LSC1,2235,SOFACAMA,SUSTANTIVO,Mueble articulado que puede convertirse alternativamente en sofá o en cama. (RAE),NO,1 seña,NO,SI,Semi-simétrica (tipo II),Bl,Sin especificar,Sin especificar,Sin especificar,Sin especificar,02235_sofacama.mp4,SOFACAMA,test1,53,B1
FENASCOL II,LSC1,2236,SOGAMOSO (BOYACA),SUSTANTIVO,"Municipio e importante centro industrial y comercial del departamento de Boyacá, Colombia. (Generada Gemini)",NO,1 seña,SI,SI,Unimanual (tipo 0),Jc,Sin especificar,Sin especificar,Sin especificar,Sin especificar,02236_sogamosobo.mp4,SOGAMOSO BOYACA,test3,45,B1
FENASCOL II,LSC1,2237,SOLO (LUGAR VACIO),ADJETIVO,"Espacio o recinto deshabitado, desierto o carente de presencia humana. (Generada Gemini)",NO,1 seña,SI,SI,Semi-simétrica (tipo II),B,Sin especificar,Sin especificar,Sin especificar,Sin especificar,02237_sololugarv.mp4,SOLO LUGAR VACIO,test4,29,B2
FENASCOL II,LSC1,2238,SOÑAR,VERBO,Representar en la fantasía imágenes o sucesos mientras se duerme / Anhelar algo. (RAE),NO,1 seña,NO,SI,Unimanual (tipo 0),X,Sin especificar,Sin especificar,Sin especificar,Sin especificar,02238_soñar.mp4,SONAR,test3,30,B2
FENASCOL II,LSC1,2239,SOPO (CUNDINAMARCA),SUSTANTIVO,Municipio colombiano ubicado en el departamento de Cundinamarca (Sopó). (Generada Gemini),NO,1 seña,SI,SI,Asimétrica (tipo III),B,Gl,Sin especificar,Sin especificar,Sin especificar,02239_sopocundin.mp4,SOPO CUNDINAMARCA,test3,45,B1
FENASCOL II,LSC0,2240,SUAVE,ADJETIVO,"Liso, blando, dulce o agradable al tacto u otros sentidos. (RAE)",NO,1 seña,NO,SI,Simétrica (tipo I),Qe,Sin especificar,Sin especificar,Sin especificar,Sin especificar,02240_suave.mp4,SUAVE,test3,54,A2
FENASCOL II,LSC1,2241,SUBIR POR LA ESCALERA 1,VERBO,Ascender de un nivel a otro utilizando los peldaños de una escalera. (Generada Gemini),NO,1 seña,NO,SI,Asimétrica (tipo III),B,V,Sin especificar,Sin especificar,Sin especificar,02241_subirporla.mp4,SUBIR POR LA ESCALERA 1,test3,2,B1
FENASCOL II,LSC1,2242,SUBIR POR LA ESCALERA 2,VERBO,Variante de seña para la acción de ascender escalones. (Generada Gemini),NO,1 seña,NO,SI,Unimanual (tipo 0),Za,Sin especificar,Sin especificar,Sin especificar,Sin especificar,02242_subirporla.mp4,SUBIR POR LA ESCALERA 2,test4,74,B1
FENASCOL II,LSC1,2243,SUCRE,SUSTANTIVO,Departamento de Colombia situado en la región Caribe. (Generada Gemini),NO,1 seña,NO,SI,Unimanual (tipo 0),L,Tc,Sin especificar,Sin especificar,Sin especificar,02243_sucre.mp4,SUCRE,test3,45,B1
FENASCOL II,LSC1,2244,SUMERGIRSE,VERBO,Introducirse completamente bajo la superficie de un líquido. (RAE),NO,1 seña,NO,SI,Asimétrica (tipo III),Be,Za,Sin especificar,Sin especificar,Sin especificar,02244_sumergirse.mp4,SUMERGIRSE,test1,67,B2
FENASCOL II,LSC1,2245,SUPERADO,ADJETIVO,"Que ha vencido o dejado atrás un obstáculo, dificultad o prueba. (RAE)",NO,1 seña,NO,SI,Asimétrica (tipo III),P,B,Sin especificar,Sin especificar,Sin especificar,02245_superado.mp4,SUPERADO,test4,25,B2
FENASCOL II,LSC1,2246,SUPERMECADO,SUSTANTIVO,Establecimiento comercial de autoservicio de alimentos y productos del hogar (supermercado). (RAE),SI,2 señas,NO,SI,Compuestas (tipo C),S,O,Gl,Sin especificar,Sin especificar,02246_supermecad.mp4,SUPERMECADO,test2,18,B1
FENASCOL II,LSC1,2247,SUSPENDER,VERBO,Detener o interrumpir temporalmente una acción. / Reprobar un examen. (RAE),NO,1 seña,NO,SI,Simétrica (tipo I),Bl,Sin especificar,Sin especificar,Sin especificar,Sin especificar,02247_suspender.mp4,SUSPENDER,test3,2,B1
FENASCOL II,LSC1,2248,SUSTO,SUSTANTIVO,Impresión repentina de miedo o pavor causada por un peligro imprevisto. (RAE),NO,1 seña,NO,SI,Simétrica (tipo I),Gl,Sin especificar,Sin especificar,Sin especificar,Sin especificar,02248_susto.mp4,SUSTO,test3,41,B2
FENASCOL II,LSC1,2249,TELEFONO,SUSTANTIVO,Dispositivo de telecomunicación para transmitir sonidos a distancia (teléfono). (RAE),NO,1 seña,NO,SI,Unimanual en contacto (tipo X),Y,Sin especificar,Sin especificar,Sin especificar,Sin especificar,02249_telefono.mp4,TELEFONO,test2,48,B2
FENASCOL II,LSC1,2250,TELEFONO CELULAR,SUSTANTIVO,Dispositivo telefónico portátil e inalámbrico de comunicación celular. (RAE),NO,1 seña,NO,SI,Unimanual en contacto (tipo X),B,Sin especificar,Sin especificar,Sin especificar,Sin especificar,02250_telefonoce.mp4,TELEFONO CELULAR,test2,48,B2
FENASCOL II,LSC1,2251,TELEFONO PARA SORDOS,SUSTANTIVO,Dispositivo de telecomunicación adaptado con pantalla y teclado para uso de personas sordas. (Generada Gemini),SI,2 señas,NO,SI,Compuestas (tipo C),Y,Gl,Sin especificar,Sin especificar,Sin especificar,02251_telefonopa.mp4,TELEFONO PARA SORDOS,test2,48,B2
FENASCOL II,LSC1,2252,TEMPERA,SUSTANTIVO,"Pintura de colores diluida en agua, utilizada comúnmente en trabajos escolares (témpera). (RAE)",SI,1 seña,NO,SI,Asimétrica (tipo III),O,P,Sin especificar,Sin especificar,Sin especificar,02252_tempera.mp4,TEMPERA,test4,69,B1
FENASCOL II,LSC1,2253,TENIS DE CAMPO,SUSTANTIVO,Deporte que se practica con raquetas y una pelota sobre una cancha dividida por una red. (RAE),NO,1 seña,NO,SI,Unimanual (tipo 0),Xf,Sin especificar,Sin especificar,Sin especificar,Sin especificar,02253_tenisdecam.mp4,TENIS DE CAMPO,test4,64,B1
FENASCOL II,LSC1,2254,TENIS DE MESA,SUSTANTIVO,Juego semejante al tenis que se practica sobre una mesa con palas de madera (ping-pong). (RAE),NO,1 seña,NO,SI,Unimanual (tipo 0),B,Sin especificar,Sin especificar,Sin especificar,Sin especificar,02254_tenisdemes.mp4,TENIS DE MESA,test4,64,B1
FENASCOL II,LSC1,2255,TENSIÓN ALTA,SUSTANTIVO,Presión arterial superior a los niveles normales (hipertensión). (RAE),SI,2 señas,NO,SI,Compuestas (tipo C),Cl,Bl,Sin especificar,Sin especificar,Sin especificar,02255_tensionalt.mp4,TENSION ALTA,test3,7,B1
FENASCOL II,LSC1,2256,TENSIÓN BAJA,SUSTANTIVO,Presión arterial inferior a los niveles normales (hipotensión). (RAE),SI,2 señas,NO,SI,Compuestas (tipo C),Cl,Bl,Sin especificar,Sin especificar,Sin especificar,02256_tensionbaj.mp4,TENSION BAJA,test3,7,B1
FENASCOL II,LSC1,2257,TERMINAL,SUSTANTIVO,Estación donde inician o terminan su trayecto los vehículos de transporte público. (RAE),NO,1 seña,SI,SI,Asimétrica (tipo III),P,Bl,Sin especificar,Sin especificar,Sin especificar,02257_terminal.mp4,TERMINAL,test1,44,B1
FENASCOL II,LSC1,2258,TERMOMETRO,SUSTANTIVO,Instrumento que sirve para medir la temperatura (termómetro). (RAE),NO,1 seña,NO,SI,Unimanual en contacto (tipo X),P,Sin especificar,Sin especificar,Sin especificar,Sin especificar,02258_termometro.mp4,TERMOMETRO,test4,50,B1
FENASCOL II,LSC1,2259,TESORERO,SUSTANTIVO,"Persona encargada de custodiar, gestionar y administrar los fondos de una entidad. (RAE)",NO,1 seña,NO,SI,Semi-simétrica (tipo II),Af,Sin especificar,Sin especificar,Sin especificar,Sin especificar,02259_tesorero.mp4,TESORERO,test4,14,B2
FENASCOL II,LSC1,2260,TEXTO ESCONDIDO,SUSTANTIVO,Información o texto oculto en medios visuales o subtítulos cerrados (closed caption). (Generada Gemini),NO,1 seña,NO,SI,Asimétrica (tipo III),Bl,Tc,Sin especificar,Sin especificar,Sin especificar,02260_textoescon.mp4,TEXTO ESCONDIDO,test4,74,B1
FENASCOL II,LSC1,2261,TIGRE,SUSTANTIVO,Gran mamífero carnívoro felino de pelaje amarillo con rayas oscuras. (RAE),NO,1 seña,NO,SI,Unimanual en contacto (tipo X),Gl,Sin especificar,Sin especificar,Sin especificar,Sin especificar,02261_tigre.mp4,TIGRE,test1,21,B1
FENASCOL II,LSC1,2262,TIJERAS,SUSTANTIVO,Instrumento compuesto de dos hojas de acero cruzadas para cortar. (RAE),NO,1 seña,NO,SI,Unimanual (tipo 0),V,Sin especificar,Sin especificar,Sin especificar,Sin especificar,02262_tijeras.mp4,TIJERAS,test1,17,B2
FENASCOL II,LSC1,2263,TIZA,SUSTANTIVO,Arcilla blanca y terrosa usada para escribir en los tableros. (RAE),NO,1 seña,NO,SI,Unimanual (tipo 0),Pc,Sin especificar,Sin especificar,Sin especificar,Sin especificar,02263_tiza.mp4,TIZA,test4,88,B1
FENASCOL II,LSC1,2264,TOALLA FACIAL,SUSTANTIVO,Pieza de felpa de tamaño pequeño para secarse el rostro. (Generada Gemini),NO,1 seña,NO,SI,Simétrica (tipo I),B,Sin especificar,Sin especificar,Sin especificar,Sin especificar,02264_toallafaci.mp4,TOALLA FACIAL,test4,69,B1
FENASCOL II,LSC1,2265,TOCADOR,SUSTANTIVO,Mueble con espejo y compartimentos para guardar artículos de belleza y peinado. (RAE),SI,2 señas,NO,SI,Semi-simétrica (tipo II),Bc,B,Sin especificar,Sin especificar,Sin especificar,02265_tocador.mp4,TOCADOR,test1,17,B2
FENASCOL II,LSC1,2266,TOCAR LA PUERTA,VERBO,Golpear una puerta con los nudillos para anunciar la llegada o pedir ingreso. (Generada Gemini),NO,1 seña,NO,SI,Asimétrica (tipo III),Bl,Af,Sin especificar,Sin especificar,Sin especificar,02266_tocarlapue.mp4,TOCAR LA PUERTA,test4,51,B2
FENASCOL II,LSC1,2267,TOLIMA,SUSTANTIVO,Departamento de Colombia situado en el centro-occidente del país. (Generada Gemini),NO,1 seña,SI,SI,Asimétrica (tipo III),B,Gl,Sin especificar,Sin especificar,Sin especificar,02267_tolima.mp4,TOLIMA,test4,8,B2
FENASCOL II,LSC1,2268,TOMATE DE ARBOL,SUSTANTIVO,"Fruto comestible ovalado de color anaranjado o rojo, originario de los Andes (tamarillo). (RAE)",NO,1 seña,NO,SI,Asimétrica (tipo III),Pc,Q,Sin especificar,Sin especificar,Sin especificar,02268_tomatedear.mp4,TOMATE DE ARBOL,test2,49,B1
FENASCOL II,LSC1,2269,TRAICIONERO,ADJETIVO,Que comete traición o falta a la lealtad y confianza depositada. (RAE),NO,1 seña,NO,SI,Unimanual en contacto (tipo X),B,Sin especificar,Sin especificar,Sin especificar,Sin especificar,02269_traicioner.mp4,TRAICIONERO,test4,84,B1
FENASCOL II,LSC1,2270,TRAPEAR,VERBO,Limpiar o fregar el suelo usando un trapero húmedo. (RAE),NO,1 seña,NO,SI,Simétrica (tipo I),S,Sin especificar,Sin especificar,Sin especificar,Sin especificar,02270_trapear.mp4,TRAPEAR,test2,59,B1
FENASCOL II,LSC1,2271,TRAPO DE LIMPIAR,SUSTANTIVO,Pedazo de tela utilizado en las labores de limpieza para sacudir o fregar. (RAE),SI,2 señas,NO,SI,Compuestas (tipo C),Tb,Af,Sin especificar,Sin especificar,Sin especificar,02271_trapodelim.mp4,TRAPO DE LIMPIAR,test2,59,B1
FENASCOL II,LSC1,2272,TRES MESES,ADJETIVO,Período temporal equivalente a tres mensualidades o un trimestre. (Generada Gemini),SI,2 señas,NO,SI,Compuestas (tipo C),W,P,Sin especificar,Sin especificar,Sin especificar,02272_tresmeses.mp4,TRES MESES,test4,36,B1
FENASCOL II,LSC1,2273,TRIMESTRAL,ADJETIVO,"Que ocurre, se repite o se calcula cada tres meses. (RAE)",NO,1 seña,NO,SI,Unimanual (tipo 0),W,Sin especificar,Sin especificar,Sin especificar,Sin especificar,02273_trimestral.mp4,TRIMESTRAL,test4,32,B1
FENASCOL II,LSC1,2274,TRIPODE,SUSTANTIVO,Armazón de tres patas para sostener instrumentos como cámaras fotográficas. (RAE),NO,1 seña,NO,SI,Asimétrica (tipo III),Bl,Vc,Sin especificar,Sin especificar,Sin especificar,02274_tripode.mp4,TRIPODE,test2,0,B1
FENASCOL II,LSC1,2275,TULUA (VALLE),SUSTANTIVO,Municipio colombiano situado en la región central del Valle del Cauca (Tuluá). (Generada Gemini),NO,1 seña,SI,SI,Simétrica (tipo I),Qe,Sin especificar,Sin especificar,Sin especificar,Sin especificar,02275_tuluavalle.mp4,TULUA VALLE,test2,54,B2
FENASCOL II,LSC1,2276,TUNJA,SUSTANTIVO,"Ciudad colombiana, capital del departamento de Boyacá. (Generada Gemini)",NO,1 seña,SI,SI,Simétrica (tipo I),H,Sin especificar,Sin especificar,Sin especificar,Sin especificar,02276_tunja.mp4,TUNJA,test3,45,B1
FENASCOL II,LSC1,2277,UN MES,SUSTANTIVO,Período de tiempo equivalente a treinta días aproximadamente. (Generada Gemini),SI,2 señas,NO,SI,Compuestas (tipo C),P,Sin especificar,Sin especificar,Sin especificar,Sin especificar,02277_unmes.mp4,UN MES,test4,36,B1
FENASCOL II,LSC1,2278,URÓLOGO,SUSTANTIVO,Médico especialista en el aparato urinario y reproductor masculino. (RAE),NO,1 seña,NO,SI,Unimanual en contacto (tipo X),B,Sin especificar,Sin especificar,Sin especificar,Sin especificar,02278_urologo.mp4,UROLOGO,test2,12,B2
FENASCOL II,LSC1,2279,URUGUAY,SUSTANTIVO,País soberano de América del Sur situado en la región del Río de la Plata. (RAE),NO,1 seña,SI,SI,Unimanual (tipo 0),H,Sin especificar,Sin especificar,Sin especificar,Sin especificar,02279_uruguay.mp4,URUGUAY,test3,65,B1
FENASCOL II,LSC1,2280,UTICA (CUNDINAMARCA),SUSTANTIVO,Municipio colombiano ubicado en el noroccidente del departamento de Cundinamarca (Útica). (Generada Gemini),NO,1 seña,SI,SI,Asimétrica (tipo III),B,U,Sin especificar,Sin especificar,Sin especificar,02280_uticacundi.mp4,UTICA CUNDINAMARCA,test3,45,B1
FENASCOL II,LSC1,2281,UVAS,SUSTANTIVO,"Fruto de la vid, en forma de baya jugosa y dulce que crece en racimos. (RAE)",NO,2 señas,NO,SI,Semi-simétrica (tipo II),Tb,Sin especificar,Sin especificar,Sin especificar,Sin especificar,02281_uvas.mp4,UVAS,test3,86,B2
FENASCOL II,LSC1,2282,VENADO,SUSTANTIVO,"Mamífero rumiante de la familia de los cérvidos, herbívoro y de cuernos ramificados. (RAE)",NO,1 seña,NO,SI,Simétrica (tipo I),Vl,Sin especificar,Sin especificar,Sin especificar,Sin especificar,02282_venado.mp4,VENADO,test1,21,B2
FENASCOL II,LSC1,2283,SINVERGÜENZA-2,SUSTANTIVO,Variante de seña para calificar a alguien de descarado o falto de escrúpulos. (Generada Gemini),NO,1 seña,NO,SI,Unimanual (tipo 0),J,Sin especificar,Sin especificar,Sin especificar,Sin especificar,02283_sinverguen.mp4,SINVERGUENZA 2,test3,0,B2
FENASCOL II,LSC1,2284,VHS,SUSTANTIVO,Sistema analógico de grabación y reproducción de video en casete de cinta magnética. (Generada Gemini),NO,1 seña,SI,SI,Semi-simétrica (tipo II),Bl,Sin especificar,Sin especificar,Sin especificar,Sin especificar,02284_vhs.mp4,VHS,test3,15,B2
FENASCOL II,LSC1,2285,VIAJAR (MUCHO),VERBO,Realizar desplazamientos constantes o frecuentes a diferentes lugares. (Generada Gemini),NO,1 seña,NO,SI,Unimanual (tipo 0),X,Sin especificar,Sin especificar,Sin especificar,Sin especificar,02285_viajarmuch.mp4,VIAJAR MUCHO,test3,70,B2
FENASCOL II,LSC1,2286,VIAJAR (POR AVIÓN),VERBO,Desplazarse de un lugar a otro usando el transporte aéreo. (Generada Gemini),NO,1 seña,NO,SI,Unimanual (tipo 0),Y,Sin especificar,Sin especificar,Sin especificar,Sin especificar,02286_viajarpora.mp4,VIAJAR POR AVION,test3,2,B1
FENASCOL II,LSC1,2287,VIAJAR (POR TIERRA),VERBO,Desplazarse utilizando medios de transporte terrestre. (Generada Gemini),NO,1 seña,NO,SI,Unimanual (tipo 0),Vl,Sin especificar,Sin especificar,Sin especificar,Sin especificar,02287_viajarport.mp4,VIAJAR POR TIERRA,test3,2,B1
FENASCOL II,LSC1,2288,VICEPRESIDENTE,SUSTANTIVO,Persona que hace las veces del presidente o le sustituye en sus funciones. (RAE),SI,2 señas,NO,SI,Compuestas (tipo C),V,B,Sin especificar,Sin especificar,Sin especificar,02288_vicepresid.mp4,VICEPRESIDENTE,test3,22,B1
FENASCOL II,LSC1,2289,VILLAVICENCIO,SUSTANTIVO,"Ciudad colombiana, capital del departamento del Meta. (Generada Gemini)",NO,1 seña,SI,SI,Unimanual en contacto (tipo X),Ok,Sin especificar,Sin especificar,Sin especificar,Sin especificar,02289_villavicen.mp4,VILLAVICENCIO,test4,8,B1
FENASCOL II,LSC1,2290,VINAGRE,SUSTANTIVO,"Líquido agrio derivado de la fermentación acética del vino, usado como condimento. (RAE)",NO,1 seña,NO,SI,Asimétrica (tipo III),Bl,A,Sin especificar,Sin especificar,Sin especificar,02290_vinagre.mp4,VINAGRE,test1,16,B1
FENASCOL II,LSC1,2291,VOMITO,SUSTANTIVO,Expulsión violenta por la boca de los contenidos del estómago (vómito). (RAE),NO,1 seña,NO,SI,Unimanual (tipo 0),Jc,Sin especificar,Sin especificar,Sin especificar,Sin especificar,02291_vomito.mp4,VOMITO,test1,32,B2
FENASCOL II,LSC1,2292,ZIPAQUIRÁ,SUSTANTIVO,"Municipio colombiano del departamento de Cundinamarca, conocido por su Catedral de Sal. (Generada Gemini)",NO,1 seña,SI,SI,Unimanual en contacto (tipo X),P,Sin especificar,Sin especificar,Sin especificar,Sin especificar,02292_zipaquira.mp4,ZIPAQUIRA,test3,45,B1
FENASCOL III,LSC0,2293,¡BIEN HECHO!,ADJETIVO,Expresión de aprobación o felicitación por la correcta ejecución de una tarea. (Generada Gemini),NO,1 seña,NO,SI,Semi-simétrica (tipo II),Xf,Sin especificar,Sin especificar,Sin especificar,Sin especificar,02293_bienhecho.mp4,BIEN HECHO!,test2,39,A1
FENASCOL III,LSC0,2294,¡CUANDO SERÁ!,VERBO,"Exclamación que expresa deseo, impaciencia o incertidumbre ante la ocurrencia de un evento futuro. (Generada Gemini)",NO,1 seña,NO,SI,Unimanual en contacto (tipo X),Bl,Sin especificar,Sin especificar,Sin especificar,Sin especificar,02294_cuandosera.mp4,CUANDO SERA!,test2,39,A1
FENASCOL III,LSC0,2295,¡MUY BUENO!,ADJETIVO,Expresión para exaltar la excelente calidad o estado óptimo de algo. (Generada Gemini),NO,1 seña,NO,SI,Semi-simétrica (tipo II),Xf,Sin especificar,Sin especificar,Sin especificar,Sin especificar,02295_muybueno.mp4,MUY BUENO!,test2,23,A1
FENASCOL III,LSC0,2296,¡POR ESO!,ADVERBIO,Expresión empleada para enfatizar una causa o justificación mencionada previamente. (Generada Gemini),NO,1 seña,NO,SI,Asimétrica (tipo III),Bl,Y,Sin especificar,Sin especificar,Sin especificar,02296_poreso.mp4,POR ESO!,test3,61,A1
FENASCOL III,LSC0,2297,¡POR FIN!,ADVERBIO,Exclamación que denota alivio o alegría por la conclusión de algo muy esperado. (Generada Gemini),SI,2 señas,NO,SI,Simétrica (tipo I),P,Y,Sin especificar,Sin especificar,Sin especificar,02297_porfin.mp4,POR FIN!,test2,39,A1
FENASCOL III,LSC0,2298,¡POR ÚLTIMA VEZ!,ADVERBIO,Expresión admonitoria para indicar que no se repetirá un aviso o acción. (Generada Gemini),NO,1 seña,NO,SI,Semi-simétrica (tipo II),Y,Sin especificar,Sin especificar,Sin especificar,Sin especificar,02298_porultimav.mp4,POR ULTIMA VEZ!,test2,49,A1
FENASCOL III,LSC0,2299,¡QUE DESCANSO!,SUSTANTIVO,Expresión de alivio tras la finalización de un esfuerzo o preocupación. (Generada Gemini),NO,1 seña,NO,SI,Simétrica (tipo I),J,Tb,Sin especificar,Sin especificar,Sin especificar,02299_quedescans.mp4,QUE DESCANSO!,test2,39,A1
FENASCOL III,LSC0,2300,¡SE LO DIJE!,FUNCION,Exclamación que reafirma una advertencia previa que ha resultado cierta. (Generada Gemini),SI,2 señas,NO,SI,Unimanual en contacto (tipo X),P,Sin especificar,Sin especificar,Sin especificar,Sin especificar,02300_selodije.mp4,SE LO DIJE!,test2,39,A1
FENASCOL III,LSC0,2301,¿A DÓNDE?,ADVERBIO,Interrogación sobre el lugar de destino o dirección de un movimiento. (RAE),NO,1 seña,NO,SI,Unimanual (tipo 0),J,Sin especificar,Sin especificar,Sin especificar,Sin especificar,02301_adonde.mp4,A DONDE?,test1,57,A1
FENASCOL III,LSC0,2302,¿CON QUIÉN?,FUNCION,Interrogación que indaga sobre la compañía de una persona en una acción. (Generada Gemini),SI,2 señas,NO,SI,Compuestas (tipo C),Be,Af,Sin especificar,Sin especificar,Sin especificar,02302_conquien.mp4,CON QUIEN?,test3,35,A1
FENASCOL III,LSC0,2303,¿DE DÓNDE ES?,FUNCION,"Interrogación que indaga sobre la procedencia, origen o nacionalidad de alguien. (Generada Gemini)",SI,2 señas,NO,SI,Unimanual (tipo 0),P,J,Sin especificar,Sin especificar,Sin especificar,02303_dedondees.mp4,DE DONDE ES?,test3,35,A1
FENASCOL III,LSC0,2304,¿DE QUÉ?,FUNCION,"Interrogación que indaga sobre la materia, causa o asunto de algo. (Generada Gemini)",NO,1 seña,NO,SI,Compuestas (tipo C),B,P,J,Sin especificar,Sin especificar,02304_deque.mp4,DE QUE?,test3,35,A1
FENASCOL III,LSC0,2305,REEMPLAZAR,VERBO,Sustituir algo o a alguien por otra persona o cosa. (RAE),NO,1 seña,NO,SI,Simétrica (tipo I),Ok,Sin especificar,Sin especificar,Sin especificar,Sin especificar,02305_reemplazar.mp4,REEMPLAZAR,test2,39,A2
FENASCOL III,LSC1,2306,MENTE-ABIERTA,ADJETIVO,"Actitud receptiva y tolerante hacia nuevas ideas, opiniones o experiencias. (Generada Gemini)",NO,1 seña,NO,SI,Simétrica (tipo I),Bl,Sin especificar,Sin especificar,Sin especificar,Sin especificar,02306_menteabier.mp4,MENTE ABIERTA,test3,68,B2
FENASCOL III,LSC1,2307,MENTE-CERRADA,ADJETIVO,"Actitud intolerante, obstinada o reacia a aceptar nuevas ideas. (Generada Gemini)",NO,1 seña,NO,SI,Simétrica (tipo I),B,Sin especificar,Sin especificar,Sin especificar,Sin especificar,02307_mentecerra.mp4,MENTE CERRADA,test3,41,B2
FENASCOL III,LSC1,2308,AGUA PANELA,SUSTANTIVO,Bebida tradicional colombiana preparada con panela disuelta en agua. (Generada Gemini),SI,2 señas,NO,SI,Compuestas (tipo C),A,B,Sin especificar,Sin especificar,Sin especificar,02308_aguapanela.mp4,AGUA PANELA,test4,1,B1
FENASCOL III,LSC1,2309,AGUARDIENTE,SUSTANTIVO,"Bebida alcohólica destilada, anisada y tradicional en Colombia. (RAE)",NO,1 seña,SI,SI,Unimanual en contacto (tipo X),U,Sin especificar,Sin especificar,Sin especificar,Sin especificar,02309_aguardient.mp4,AGUARDIENTE,test3,7,B2
FENASCOL III,LSC1,2310,ALAMBRE,SUSTANTIVO,Hilo de metal obtenido por trefilado. (RAE),SI,2 señas,NO,SI,Compuestas (tipo C),S,I,Sin especificar,Sin especificar,Sin especificar,02310_alambre.mp4,ALAMBRE,test1,46,B1
FENASCOL III,LSC1,2311,ALAMBRE DE PÚAS,SUSTANTIVO,Hilo de metal provisto de púas a intervalos usado para cercas y barreras. (RAE),SI,2 señas,NO,SI,Compuestas (tipo C),J,P,Sin especificar,Sin especificar,Sin especificar,02311_alambredep.mp4,ALAMBRE DE PUAS,test4,88,B1
UEB,LSC1,2312,ALFOMBRA 1,SUSTANTIVO,Tejido de lana o de otras materias usado para cubrir y abrigar el suelo. (RAE),SI,2 señas,NO,SI,Compuestas (tipo C),B,Jc,Sin especificar,Sin especificar,Sin especificar,02312_alfombra1.mp4,ALFOMBRA 1,test2,59,B1
FENASCOL III,LSC1,2313,ALFOMBRA 2,SUSTANTIVO,Variante de seña para cubierta tejida de pisos. (Generada Gemini),SI,2 señas,NO,SI,Compuestas (tipo C),Qe,V,Sin especificar,Sin especificar,Sin especificar,02313_alfombra2.mp4,ALFOMBRA 2,test3,15,B2
FENASCOL III,LSC1,2314,ALIMENTO,SUSTANTIVO,Sustancia que toman los seres vivos para su nutrición. (RAE),SI,2 señas,NO,SI,Unimanual (tipo 0),Q,Bl,Sin especificar,Sin especificar,Sin especificar,02314_alimento.mp4,ALIMENTO,test2,18,B1
FENASCOL III,LSC1,2315,ALKA ZELTZER,SUSTANTIVO,Medicamento efervescente de marca comercial usado como antiácido y analgésico (Alka-Seltzer). (Generada Gemini),SI,2 señas,NO,SI,Compuestas (tipo C),Okp,Cl,Jc,Sin especificar,Sin especificar,02315_alkazeltze.mp4,ALKA ZELTZER,test1,56,B1
FENASCOL III,LSC1,2316,ANTIPÁTICO 1,ADJETIVO,"Que causa repulsión, rechazo o antipatía. (RAE)",SI,2 señas,NO,SI,Compuestas (tipo C),Xc,J,Sin especificar,Sin especificar,Sin especificar,02316_antipatico.mp4,ANTIPATICO 1,test3,41,B2
FENASCOL III,LSC1,2317,ANTIPÁTICO 2,ADJETIVO,Variante de seña para persona desagradable en el trato. (Generada Gemini),SI,2 señas,NO,SI,Unimanual (tipo 0),P,I,Sin especificar,Sin especificar,Sin especificar,02317_antipatico.mp4,ANTIPATICO 2,test3,41,B2
FENASCOL III,LSC1,2318,ARDILLA,SUSTANTIVO,"Mamífero roedor de tamaño pequeño, pelaje rojizo y cola muy poblada. (RAE)",SI,2 señas,NO,SI,Asimétrica (tipo III),Bl,Qf,Sin especificar,Sin especificar,Sin especificar,02318_ardilla.mp4,ARDILLA,test1,21,B1
FENASCOL III,LSC1,2319,ARMADILLO 1,SUSTANTIVO,Mamífero desdentado cubierto por un caparazón de placas óseas articuladas. (RAE),NO,1 seña,NO,SI,Asimétrica (tipo III),B,Sin especificar,Sin especificar,Sin especificar,Sin especificar,02319_armadillo1.mp4,ARMADILLO 1,test4,9,B2
UEB,LSC1,2320,ARMADILLO 2,SUSTANTIVO,Variante de seña para el mamífero cingulado (armadillo). (Generada Gemini),NO,1 seña,NO,SI,Asimétrica (tipo III),B,Qf,Sin especificar,Sin especificar,Sin especificar,02320_armadillo2.mp4,ARMADILLO 2,test1,1,B2
FENASCOL III,LSC1,2321,ARMADILLO 3,SUSTANTIVO,Variante morfológica de seña para armadillo. (Generada Gemini),SI,2 señas,NO,SI,Compuestas (tipo C),Jc,Gl,Sin especificar,Sin especificar,Sin especificar,02321_armadillo3.mp4,ARMADILLO 3,test4,74,B1
FENASCOL III,LSC1,2322,ARROZ CON LECHE,SUSTANTIVO,Postre tradicional elaborado cociendo arroz en leche con azúcar y canela. (RAE),SI,2 señas,NO,SI,Compuestas (tipo C),S,J,Sin especificar,Sin especificar,Sin especificar,02322_arrozconle.mp4,ARROZ CON LECHE,test2,18,B1
FENASCOL III,LSC1,2323,ASADO (CARNE),SUSTANTIVO,Carne cocinada directamente sobre las brasas o en horno. (RAE),SI,2 señas,NO,SI,Compuestas (tipo C),XX,Bl,Sin especificar,Sin especificar,Sin especificar,02323_asadocarne.mp4,ASADO CARNE,test1,16,B1
FENASCOL III,LSC1,2324,ASADO (POLLO),SUSTANTIVO,Pollo cocinado al fuego vivo o asador giratorio. (RAE),SI,2 señas,NO,SI,Compuestas (tipo C),Pc,Bl,Sin especificar,Sin especificar,Sin especificar,02324_asadopollo.mp4,ASADO POLLO,test4,60,B1
FENASCOL III,LSC1,2325,ATRACO 1,SUSTANTIVO,Asalto o robo realizado con intimidación o violencia. (RAE),NO,1 seña,NO,SI,Unimanual (tipo 0),Xf,Sin especificar,Sin especificar,Sin especificar,Sin especificar,02325_atraco1.mp4,ATRACO 1,test2,20,B2
FENASCOL III,LSC1,2326,ATRACO 2,SUSTANTIVO,Variante de seña para asalto a mano armada. (Generada Gemini),NO,1 seña,NO,SI,Semi-simétrica (tipo II),B,Sin especificar,Sin especificar,Sin especificar,Sin especificar,02326_atraco2.mp4,ATRACO 2,test2,47,B2
FENASCOL III,LSC1,2327,AULA,SUSTANTIVO,Sala en un centro educativo donde se imparten clases. (RAE),NO,1 seña,NO,SI,Simétrica (tipo I),A,Sin especificar,Sin especificar,Sin especificar,Sin especificar,02327_aula.mp4,AULA,test4,26,B2
FENASCOL III,LSC1,2328,AUTONOMÍA,SUSTANTIVO,Capacidad o facultad para gobernarse o tomar decisiones por uno mismo. (RAE),NO,1 seña,NO,SI,Unimanual en contacto (tipo X),A,Sin especificar,Sin especificar,Sin especificar,Sin especificar,02328_autonomia.mp4,AUTONOMIA,test4,83,B2
UEB,LSC1,2329,DAR-PELOTA,VERBO,"Prestar atención, caso o interés a una persona o asunto. (RAE / Regionalismo)",NO,1 seña,NO,SI,Simétrica (tipo I),Jc,Sin especificar,Sin especificar,Sin especificar,Sin especificar,02329_darpelota.mp4,DAR PELOTA,test4,84,B1
UEB,LSC0,2330,DAR-CAJA,VERBO,"Expresión para provocar risa, burlarse de alguien o resultar muy cómico. (Regionalismo)",NO,1 seña,NO,SI,Semi-simétrica (tipo II),B,Sin especificar,Sin especificar,Sin especificar,Sin especificar,02330_darcaja.mp4,DAR CAJA,test1,64,A1
UEB,LSC0,2331,DAR-LIBRO,VERBO,Acción de entregar o ceder un libro a otra persona. (Generada Gemini),NO,1 seña,NO,SI,Unimanual (tipo 0),Qa,Sin especificar,Sin especificar,Sin especificar,Sin especificar,02331_darlibro.mp4,DAR LIBRO,test1,22,A2
UEB,LSC0,2332,CL-ENTIDAD-ERGUIDeA-1,SUSTANTIVO,Clasificador morfológico de entidad erguida o vertical (variante 1). (Generada Gemini),NO,1 seña,NO,SI,Unimanual (tipo 0),P,Sin especificar,Sin especificar,Sin especificar,Sin especificar,02332_clentidade.mp4,CLASIFICADOR ENTIDAD ERGUIDeA 1,test4,6,A1
UEB,LSC0,2333,CL-ENTIDAD-ERGUIDA-2,SUSTANTIVO,Clasificador morfológico de entidad erguida o vertical (variante 2). (Generada Gemini),NO,1 seña,NO,SI,Unimanual (tipo 0),V,Sin especificar,Sin especificar,Sin especificar,Sin especificar,02333_clentidade.mp4,CLASIFICADOR ENTIDAD ERGUIDA 2,test4,11,A2
UEB,LSC0,2334,CL-ENTIDAD-ERGUIDA-3,SUSTANTIVO,Clasificador morfológico de entidad erguida o vertical (variante 3). (Generada Gemini),NO,1 seña,NO,SI,Unimanual (tipo 0),W,Sin especificar,Sin especificar,Sin especificar,Sin especificar,02334_clentidade.mp4,CLASIFICADOR ENTIDAD ERGUIDA 3,test4,6,A1
UEB,LSC0,2335,CL-ENTIDAD-ERGUIDA-4,SUSTANTIVO,Clasificador morfológico de entidad erguida o vertical (variante 4). (Generada Gemini),NO,1 seña,NO,SI,Unimanual (tipo 0),Je,Sin especificar,Sin especificar,Sin especificar,Sin especificar,02335_clentidade.mp4,CLASIFICADOR ENTIDAD ERGUIDA 4,test4,6,A1
UEB,LSC0,2336,CL-ENTIDAD-ERGUIDA-GRUPO,SUSTANTIVO,Clasificador espacial que representa a múltiples entidades erguidas en grupo. (Generada Gemini),NO,1 seña,NO,SI,Unimanual (tipo 0),Gl,Sin especificar,Sin especificar,Sin especificar,Sin especificar,02336_clentidade.mp4,CLASIFICADOR ENTIDAD ERGUIDA GRUPO,test3,13,A1
UEB,LSC0,2337,CL-VEHICULO-GRUESO,ADJETIVO,Clasificador gestual que representa vehículos de gran tamaño o volumen. (Generada Gemini),NO,1 seña,NO,SI,Unimanual (tipo 0),B,Sin especificar,Sin especificar,Sin especificar,Sin especificar,02337_clvehiculo.mp4,CLASIFICADOR VEHICULO GRUESO,test1,65,A1
UEB,LSC0,2338,CL-VEHICULO-DELGADO,ADJETIVO,Clasificador gestual que representa vehículos ligeros o de perfil delgado. (Generada Gemini),NO,1 seña,NO,SI,Unimanual (tipo 0),Vl,Sin especificar,Sin especificar,Sin especificar,Sin especificar,02338_vehiculode.mp4,CLASIFICADOR VEHICULO DELGADO,test1,65,A1
UEB,LSC0,2339,CL-ENTIDADES-VAN,SUSTANTIVO,Clasificador direccional que denota el desplazamiento de entidades que se alejan. (Generada Gemini),NO,1 seña,NO,SI,Simétrica (tipo I),Gl,Sin especificar,Sin especificar,Sin especificar,Sin especificar,02339_clentidade.mp4,CLASIFICADOR ENTIDADES VAN,test3,13,A1
UEB,LSC0,2340,CL-ENTIDADES-VIENEN,SUSTANTIVO,Clasificador direccional que denota el acercamiento de entidades hacia el emisor. (Generada Gemini),NO,1 seña,NO,SI,Simétrica (tipo I),Jb,Sin especificar,Sin especificar,Sin especificar,Sin especificar,02340_clentidade.mp4,CLASIFICADOR ENTIDADES VIENEN,test3,13,A1
UEB,LSC0,2341,CL-OJOS-VEN-ESO,SUSTANTIVO,Clasificador visual de la dirección de la mirada hacia un objeto o suceso. (Generada Gemini),NO,1 seña,NO,SI,Simétrica (tipo I),Bl,Sin especificar,Sin especificar,Sin especificar,Sin especificar,02341_clojosvene.mp4,CLASIFICADOR OJOS VEN ESO,test3,31,A1
UEB,LSC0,2342,CL-OJOS-VEN-AMI,SUSTANTIVO,Clasificador visual que indica la mirada directa hacia la primera persona. (Generada Gemini),NO,1 seña,NO,SI,Unimanual (tipo 0),V,Sin especificar,Sin especificar,Sin especificar,Sin especificar,02342_clojosvena.mp4,CLASIFICADOR OJOS VEN AMI,test3,31,A1
UEB,LSC0,2343,CL-POSICION-ESPACIO,SUSTANTIVO,Clasificador locativo de ubicación y disposición de elementos en el espacio signado. (Generada Gemini),NO,1 seña,NO,SI,Unimanual (tipo 0),Gl,Sin especificar,Sin especificar,Sin especificar,Sin especificar,02343_clposicion.mp4,CLASIFICADOR POSICION ESPACIO,test3,13,A1
UEB,LSC0,2344,CL-DIRECCION,SUSTANTIVO,"Clasificador de trayectoria, orientación o rumbo en el espacio tridimensional. (Generada Gemini)",NO,1 seña,NO,SI,Unimanual (tipo 0),P,Sin especificar,Sin especificar,Sin especificar,Sin especificar,02344_cldireccio.mp4,CLASIFICADOR DIRECCION,test3,13,A1
UEB,LSC0,2345,CL-AGRUPADO,ADJETIVO,Clasificador gestual que representa un conjunto de elementos compactos o agrupados. (Generada Gemini),NO,1 seña,NO,SI,Simétrica (tipo I),Bl,Q,Sin especificar,Sin especificar,Sin especificar,02345_clagrupado.mp4,CLASIFICADOR AGRUPADO,test3,13,A1
UEB,LSC0,2346,CL-CILINDRO-VASO,ADJETIVO,"Clasificador morfológico para objetos de forma cilíndrica, vasos o recipientes. (Generada Gemini)",NO,1 seña,NO,SI,Unimanual (tipo 0),C,Sin especificar,Sin especificar,Sin especificar,Sin especificar,02346_clcilindro.mp4,CLASIFICADOR CILINDRO VASO,test4,6,A1
UEB,LSC0,2347,CL-MANIPULA-DELGADO,ADJETIVO,Clasificador manipulativo para asir o sostener objetos de grosor delgado. (Generada Gemini),NO,1 seña,NO,SI,Unimanual (tipo 0),X,Sin especificar,Sin especificar,Sin especificar,Sin especificar,02347_clmanipula.mp4,CLASIFICADOR MANIPULA DELGADO,test4,6,A1
UEB,LSC0,2348,RESPETAR-A-TRES,VERBO,Acción de guardar respeto o consideración hacia un grupo de tres personas. (Generada Gemini),NO,1 seña,NO,SI,Unimanual en contacto (tipo X),R,Sin especificar,Sin especificar,Sin especificar,Sin especificar,02348_respetarat.mp4,RESPETAR A TRES,test2,44,A1
UEB,LSC0,2349,TE-AYUDO,VERBO,Ofrecimiento directo de cooperación o auxilio al interlocutor. (Generada Gemini),NO,1 seña,NO,SI,Asimétrica (tipo III),Tf,A,B,Sin especificar,Sin especificar,02349_teayudo.mp4,TE AYUDO,test3,21,A1
UEB,LSC0,2350,ME-AYUDAS,VERBO,Solicitud directa de cooperación o auxilio dirigida al interlocutor. (Generada Gemini),NO,1 seña,NO,SI,Asimétrica (tipo III),A,Bl,Sin especificar,Sin especificar,Sin especificar,02350_meayudas.mp4,ME AYUDAS,test1,22,A2
UEB,LSC0,2351,AYUDO-VARIOS,VERBO,Acción de prestar auxilio o colaboración a múltiples personas o en diversas tareas. (Generada Gemini),NO,1 seña,NO,SI,Asimétrica (tipo III),A,Bl,Sin especificar,Sin especificar,Sin especificar,02351_ayudarvari.mp4,AYUDO VARIOS,test3,21,A1
UEB,LSC0,2352,COMIENDO,VERBO,Acción continuada de ingerir alimentos. (RAE),NO,1 seña,NO,SI,Unimanual (tipo 0),Qe,Sin especificar,Sin especificar,Sin especificar,Sin especificar,02352_comiendo.mp4,COMIENDO,test2,63,A1
UEB,LSC0,2353,COMER-MUCHO,ADVERBIO,Ingerir alimentos en gran cantidad o con excesiva voracidad. (Generada Gemini),NO,1 seña,NO,SI,Simétrica (tipo I),Q,Sin especificar,Sin especificar,Sin especificar,Sin especificar,02353_comermucho.mp4,COMER MUCHO,test2,63,A1
UEB,LSC0,2354,VER-OTRO,VERBO,Acción de observar o mirar a un tercero o a un objeto diferente. (Generada Gemini),NO,1 seña,NO,SI,Unimanual (tipo 0),V,Sin especificar,Sin especificar,Sin especificar,Sin especificar,02354_verotro.mp4,VER OTRO,test3,31,A1
UEB,LSC0,2355,VER-AMI,VERBO,Acción de mirar u observar directamente a la primera persona. (Generada Gemini),NO,1 seña,NO,SI,Unimanual (tipo 0),V,Sin especificar,Sin especificar,Sin especificar,Sin especificar,02355_verami.mp4,VER AMI,test3,31,A1
UEB,LSC0,2356,VER-CONTINUO,VERBO,Acción de observación prolongada o ininterrumpida. (Generada Gemini),NO,1 seña,NO,SI,Unimanual en contacto (tipo X),V,Sin especificar,Sin especificar,Sin especificar,Sin especificar,02356_vercontinu.mp4,VER CONTINUO,test2,49,A1
UEB,LSC0,2357,VER-AMI-FJO,VERBO,Mirada fija y sostenida dirigida hacia la primera persona. (Generada Gemini),NO,1 seña,NO,SI,Unimanual (tipo 0),V,Sin especificar,Sin especificar,Sin especificar,Sin especificar,02357_veramifijo.mp4,VER AMI FJO,test3,31,A1
UEB,LSC0,2358,VER-OTRO-FIJO,VERBO,Mirada fija dirigida hacia un tercero u objeto determinado. (Generada Gemini),NO,1 seña,NO,SI,Unimanual (tipo 0),V,Sin especificar,Sin especificar,Sin especificar,Sin especificar,02358_verotrofij.mp4,VER OTRO FIJO,test3,31,A1
UEB,LSC0,2359,VER-ITERATIVO,VERBO,Acción repetitiva de mirar u observar en múltiples ocasiones. (Generada Gemini),NO,1 seña,NO,SI,Unimanual (tipo 0),V,Sin especificar,Sin especificar,Sin especificar,Sin especificar,02359_veriterati.mp4,VER ITERATIVO,test3,31,A1
UEB,LSC0,2360,VER-CIRCULAR,VERBO,Acción de mirar describiendo un recorrido circular o panorámico. (Generada Gemini),NO,1 seña,NO,SI,Unimanual (tipo 0),V,Sin especificar,Sin especificar,Sin especificar,Sin especificar,02360_vercircula.mp4,VER CIRCULAR,test1,27,A2
UEB,LSC0,2361,VER-RESULTATIVO,VERBO,Acción de mirar que concluye con la focalización en un resultado u objeto. (Generada Gemini),NO,1 seña,NO,SI,Unimanual en contacto (tipo X),V,Sin especificar,Sin especificar,Sin especificar,Sin especificar,02361_verresulta.mp4,VER RESULTATIVO,test3,31,A1
UEB,LSC0,2362,VER-IMPERATIVO,VERBO,Mandato o instrucción imperativa de mirar u observar algo. (Generada Gemini),NO,1 seña,NO,SI,Unimanual (tipo 0),V,Sin especificar,Sin especificar,Sin especificar,Sin especificar,02362_verimperat.mp4,VER IMPERATIVO,test3,45,A2
UEB,LSC0,2363,VER-ARRIBA-ABAJO,VERBO,Acción de examinar visualmente un objeto o persona de arriba abajo. (Generada Gemini),NO,1 seña,NO,SI,Unimanual (tipo 0),V,Sin especificar,Sin especificar,Sin especificar,Sin especificar,02363_verarribaa.mp4,VER ARRIBA ABAJO,test3,31,A1
UEB,LSC0,2364,VER-DOS-PERSONAS-OTRO,VERBO,Intercambio visual de observación entre dos personas hacia un tercero. (Generada Gemini),SI,2 señas,NO,SI,Simétrica (tipo I),V,Sin especificar,Sin especificar,Sin especificar,Sin especificar,02364_verdospers.mp4,VER DOS PERSONAS OTRO,test3,31,A1
UEB,LSC0,2365,VER-DOS-PERSONAS-MISMAS,VERBO,Acción en que dos personas se miran recíprocamente entre sí. (Generada Gemini),SI,2 señas,NO,SI,Simétrica (tipo I),V,Sin especificar,Sin especificar,Sin especificar,Sin especificar,02365_verdospers.mp4,VER DOS PERSONAS MISMAS,test3,31,A1
UEB,LSC0,2366,VIAJAR-AVION-MUCHO,VERBO,Realizar desplazamientos aéreos frecuentes o prolongados. (Generada Gemini),SI,2 señas,NO,SI,Simétrica (tipo I),Y,Sin especificar,Sin especificar,Sin especificar,Sin especificar,02366_viajaravio.mp4,VIAJAR AVION MUCHO,test1,23,A2
UEB,LSC0,2367,VIAJAR-PLANETA,VERBO,Desplazarse o recorrer diversos lugares a escala global o planetaria. (Generada Gemini),SI,2 señas,NO,SI,Asimétrica (tipo III),Gl,X,Sin especificar,Sin especificar,Sin especificar,02367_viajarplan.mp4,VIAJAR PLANETA,test2,2,A2
UEB,LSC0,2368,ENTREGAR-TRES,VERBO,Acción de repartir o ceder exactamente tres elementos. (Generada Gemini),NO,1 seña,NO,SI,Simétrica (tipo I),Qf,Sin especificar,Sin especificar,Sin especificar,Sin especificar,02368_entregartr.mp4,ENTREGAR TRES,test1,15,A1
UEB,LSC0,2369,ENTREGAR-MUCHO,VERBO,Acción de repartir o ceder gran cantidad de bienes o elementos. (Generada Gemini),SI,2 señas,NO,SI,Simétrica (tipo I),Qf,Qe,J,Sin especificar,Sin especificar,02369_entregarmu.mp4,ENTREGAR MUCHO,test3,7,A1
UEB,LSC0,2370,ESCRIBIR-CONTINUO,VERBO,Acción de redactar o trazar signos de forma ininterrumpida. (Generada Gemini),NO,1 seña,NO,SI,Asimétrica (tipo III),B,X,Sin especificar,Sin especificar,Sin especificar,02370_escribirco.mp4,ESCRIBIR CONTINUO,test3,13,A1
UEB,LSC0,2371,ESCRIBIR-CONTINUO-ESFUERZO,VERBO,Acción de escritura continuada que demanda alta fatiga o concentración. (Generada Gemini),NO,1 seña,NO,SI,Asimétrica (tipo III),Bl,Xt,Sin especificar,Sin especificar,Sin especificar,02371_escribirco.mp4,ESCRIBIR CONTINUO ESFUERZO,test2,49,A1
UEB,LSC0,2372,ESCRIBIR-MUCHO,VERBO,Acción de redactar textos extensos o en gran volumen. (Generada Gemini),SI,2 señas,NO,SI,Asimétrica (tipo III),Bl,Xt,Jb,Sin especificar,Sin especificar,02372_escribirmu.mp4,ESCRIBIR MUCHO,test3,82,A1
UEB,LSC0,2373,CAER(REEMPLAZA 0073),VERBO,Precipitarse desde una altura o perder el equilibrio (reemplaza entrada anterior). (RAE),NO,1 seña,NO,SI,Asimétrica (tipo III),V,Bl,Sin especificar,Sin especificar,Sin especificar,02373_caer.mp4,CAER REEMPLAZA 0073,test3,66,A1
UEB,LSC0,2374,CAMINAR-INCEPTIVO,VERBO,Aspecto verbal que denota el inicio o comienzo de la marcha o caminata. (Generada Gemini),NO,2 señas,NO,SI,Unimanual (tipo 0),P,Sin especificar,Sin especificar,Sin especificar,Sin especificar,02374_caminarinc.mp4,CAMINAR INCEPTIVO,test3,45,A2
UEB,LSC0,2375,CRITICAR-INCEPTIVO,VERBO,Aspecto verbal que denota el inicio o arranque de una crítica o murmuración. (Generada Gemini),NO,1 seña,NO,SI,Asimétrica (tipo III),B,Pc,Sin especificar,Sin especificar,Sin especificar,02375_criticarin.mp4,CRITICAR INCEPTIVO,test1,64,A1
UEB,LSC0,2376,AYUDAR-INCEPTIVO,VERBO,Aspecto verbal que denota el comienzo repentino de una acción de ayuda. (Generada Gemini),NO,1 seña,SI,SI,Simétrica (tipo I),Bl,Sin especificar,Sin especificar,Sin especificar,Sin especificar,02376_ayudarince.mp4,AYUDAR INCEPTIVO,test2,39,A1
UEB,LSC0,2377,CONTAR-INCEPTIVO,VERBO,Aspecto verbal que marca el inicio de la narración o conteo. (Generada Gemini),SI,2 señas,NO,SI,Simétrica (tipo I),J,Sin especificar,Sin especificar,Sin especificar,Sin especificar,02377_contarince.mp4,CONTAR INCEPTIVO,test3,45,A2
UEB,LSC0,2378,CAMINAR-INCEPTIVO-NO-REALIZADO,VERBO,Intento de comenzar a caminar que finalmente no se concreta. (Generada Gemini),SI,2 señas,NO,SI,Unimanual en contacto (tipo X),P,Sin especificar,Sin especificar,Sin especificar,Sin especificar,02378_caminarinc.mp4,CAMINAR INCEPTIVO NO REALIZADO,test3,45,A2
UEB,LSC0,2379,CRITICAR-INCEPTIVO-NO-REALIZADO,VERBO,Intento de comenzar a criticar que queda suspendido o sin efecto. (Generada Gemini),NO,1 seña,NO,SI,Unimanual en contacto (tipo X),Pc,Sin especificar,Sin especificar,Sin especificar,Sin especificar,02379_criticarin.mp4,CRITICAR INCEPTIVO NO REALIZADO,test4,3,A1
UEB,LSC0,2380,AYUDAR-INCEPTIVO-NO-REALIZADO,VERBO,Propósito de auxiliar que se inicia pero no llega a ejecutarse. (Generada Gemini),NO,1 seña,NO,SI,Asimétrica (tipo III),Bl,Sin especificar,Sin especificar,Sin especificar,Sin especificar,02380_ayudarince.mp4,AYUDAR INCEPTIVO NO REALIZADO,test1,22,A2
UEB,LSC0,2381,CONTAR-INCEPTIVO-NO-REALIZADO,VERBO,Amago o inicio de relatar algo que no llega a narrarse. (Generada Gemini),NO,1 seña,NO,SI,Simétrica (tipo I),J,Sin especificar,Sin especificar,Sin especificar,Sin especificar,02381_contarince.mp4,CONTAR INCEPTIVO NO REALIZADO,test3,45,A2
UEB,LSC0,2382,LANZAR-BALA-LENTO,VERBO,Propulsión de la bala con un ritmo de ejecución pausado o moderado. (Generada Gemini),SI,2 señas,NO,SI,Unimanual (tipo 0),C,Sin especificar,Sin especificar,Sin especificar,Sin especificar,02382_lanzarbala.mp4,LANZAR BALA LENTO,test1,8,A1
UEB,LSC0,2383,POSIBLE,ADVERBIO,"Que puede ser o suceder, factible. (RAE)",NO,1 seña,NO,SI,Simétrica (tipo I),S,Sin especificar,Sin especificar,Sin especificar,Sin especificar,02383_posible.mp4,POSIBLE,test1,55,A1
FENASCOL III,LSC1,2384,AVENA,SUSTANTIVO,Planta gramínea cuyos frutos en grano se usan como alimento nutritivo. (RAE),NO,1 seña,NO,SI,Simétrica (tipo I),Bl,A,Sin especificar,Sin especificar,Sin especificar,02384_avena.mp4,AVENA,test3,86,B2
FENASCOL III,LSC0,2385,VIVO-OJO,ADJETIVO,"Expresión de perspicacia, agudeza visual o estar alerta. (RAE)",SI,2 señas,NO,SI,Unimanual en contacto (tipo X),P,V,Sin especificar,Sin especificar,Sin especificar,02385_vivoojo.mp4,VIVO OJO,test4,38,A1
FENASCOL III,LSC0,2386,VIVO-OJO-V,ADJETIVO,Variante de seña para estado de alerta y agudeza perceptiva. (Generada Gemini),SI,2 señas,SI,SI,Unimanual en contacto (tipo X),P,V,Sin especificar,Sin especificar,Sin especificar,02386_vivoojov.mp4,VIVO OJO V,test3,61,A1
FENASCOL III,LSC0,2387,VIVO-INTELIGENTE,ADJETIVO,"Persona astuta, despierta, avispada o de gran agudeza mental. (RAE)",SI,3 señas,NO,SI,Unimanual en contacto (tipo X),X,P,Sin especificar,Sin especificar,Sin especificar,02387_vivointeli.mp4,VIVO INTELIGENTE,test2,84,A2
FENASCOL III,LSC0,2388,BACHILLERATO 1,SUSTANTIVO,Ciclo de estudios de enseñanza secundaria previa a la universidad. (RAE),NO,1 seña,SI,SI,Unimanual en contacto (tipo X),B,Sin especificar,Sin especificar,Sin especificar,Sin especificar,02388_bachillera.mp4,BACHILLERATO 1,test2,16,A1
UEB,LSC0,2389,BACHILLERATO 2,SUSTANTIVO,Variante de seña para el nivel educativo de bachillerato. (Generada Gemini),NO,1 seña,NO,SI,Unimanual (tipo 0),Be,Sin especificar,Sin especificar,Sin especificar,Sin especificar,02389_bachillera.mp4,BACHILLERATO 2,test3,47,A2
FENASCOL III,LSC1,2390,BALSAMO,SUSTANTIVO,Bálsamo; líquido aromático o ungüento que alivia heridas o dolores. (RAE),SI,2 señas,NO,SI,Asimétrica (tipo III),C,Bl,Sin especificar,Sin especificar,Sin especificar,02390_balsamo.mp4,BALSAMO,test2,6,B1
FENASCOL III,LSC1,2391,BAZUCO,SUSTANTIVO,Sustancia estupefaciente derivada de la pasta básica de cocaína. (RAE),NO,1 seña,NO,SI,Unimanual en contacto (tipo X),Pc,Sin especificar,Sin especificar,Sin especificar,Sin especificar,02391_bazuco.mp4,BAZUCO,test3,7,B2
FENASCOL III,LSC1,2392,BECA,SUSTANTIVO,Ayuda económica monetaria para cursar estudios o investigaciones. (RAE),NO,1 seña,NO,SI,Simétrica (tipo I),Af,J,Sin especificar,Sin especificar,Sin especificar,02392_beca.mp4,BECA,test4,26,B2
FENASCOL III,LSC1,2393,BLANDO,SUSTANTIVO,"Cedo al tacto, que no ofrece resistencia a ser deformado. (RAE)",NO,1 seña,NO,SI,Simétrica (tipo I),Qa,Sin especificar,Sin especificar,Sin especificar,Sin especificar,02393_blando.mp4,BLANDO,test3,23,B1
FENASCOL III,LSC1,2394,BLOCK,SUSTANTIVO,Bloc; libreta de hojas de papel unidas por un extremo. (RAE),SI,2 señas,NO,SI,Asimétrica (tipo III),Bl,Ql,Qe,Sin especificar,Sin especificar,02394_block.mp4,BLOCK,test4,58,B1
UEB,LSC1,2395,BLOQUEAR-REDES,VERBO,Restringir el acceso o inhabilitar cuentas en plataformas de redes sociales. (Generada Gemini),NO,1 seña,NO,SI,Asimétrica (tipo III),O,Be,Sin especificar,Sin especificar,Sin especificar,02395_bloquearre.mp4,BLOQUEAR REDES,test1,56,B1
FENASCOL III,LSC1,2396,BLOQUEADOR SOLAR,SUSTANTIVO,Producto cosmético protector frente a la radiación ultravioleta del sol. (RAE),SI,3 señas,NO,SI,Asimétrica (tipo III),O,Bl,B,Sin especificar,Sin especificar,02396_bloqueador.mp4,BLOQUEADOR SOLAR,test1,82,B1
FENASCOL III,LSC0,2397,BOBO 1,ADJETIVO,"Tonto, falto de entendimiento o escasa inteligencia. (RAE)",NO,1 seña,NO,SI,Simétrica (tipo I),Qf,Sin especificar,Sin especificar,Sin especificar,Sin especificar,02397_bobo1.mp4,BOBO 1,test4,3,A1
FENASCOL III,LSC0,2398,BOBO 2,ADJETIVO,Variante de seña para calificar a alguien de ingenuo o necio. (Generada Gemini),NO,1 seña,NO,SI,Unimanual (tipo 0),Gl,Sin especificar,Sin especificar,Sin especificar,Sin especificar,02398_bobo2.mp4,BOBO 2,test3,45,A2
UEB,LSC0,2399,BOBO-GENERAL,ADJETIVO,Condición generalizada de necedad o falta de agudeza. (Generada Gemini),NO,1 seña,SI,SI,Unimanual (tipo 0),No,Sin especificar,Sin especificar,Sin especificar,Sin especificar,02399_bobogenera.mp4,BOBO GENERAL,test4,3,A1
FENASCOL III,LSC1,2400,BOMBA DE AIRE,SUSTANTIVO,Dispositivo mecánico para comprimir e impulsar aire hacia neumáticos u objetos inflables. (RAE),NO,1 seña,NO,SI,Asimétrica (tipo III),A,Xf,Sin especificar,Sin especificar,Sin especificar,02400_bombadeair.mp4,BOMBA DE AIRE,test4,27,B1
FENASCOL III,LSC1,2401,BRANDY,SUSTANTIVO,Bebida alcohólica destilada procedente del vino añejado. (RAE),NO,1 seña,SI,SI,Unimanual en contacto (tipo X),Be,Sin especificar,Sin especificar,Sin especificar,Sin especificar,02401_brandy.mp4,BRANDY,test2,68,B1
FENASCOL III,LSC1,2402,BROCHA,SUSTANTIVO,Pincel grueso empleado para aplicar pintura u otros revestimientos. (RAE),SI,2 señas,NO,SI,Asimétrica (tipo III),C,Be,Sin especificar,Sin especificar,Sin especificar,02402_brocha.mp4,BROCHA,test4,88,B1
FENASCOL III,LSC0,2403,BRUTO 1,ADJETIVO,"Falto de cultura, tosco, áspero o de escaso raciocinio. (RAE)",SI,2 señas,NO,SI,Asimétrica (tipo III),A,B,Sin especificar,Sin especificar,Sin especificar,02403_bruto1.mp4,BRUTO 1,test1,64,A1
UEB,LSC0,2404,BRUTO 2,ADJETIVO,Variante de seña para tosquedad o falta de refinamiento. (Generada Gemini),SI,2 señas,NO,SI,Asimétrica (tipo III),L,A,Sin especificar,Sin especificar,Sin especificar,02404_bruto2.mp4,BRUTO 2,test4,11,A2
UEB,LSC0,2405,BRUTO 3,ADJETIVO,Variante morfológica para indicar carencia de luces o tosquedad. (Generada Gemini),SI,2 señas,NO,SI,Unimanual en contacto (tipo X),L,A,Sin especificar,Sin especificar,Sin especificar,02405_bruto3.mp4,BRUTO 3,test4,6,A1
FENASCOL III,LSC0,2406,BRUTO 4,ADJETIVO,Variante léxica complementaria para el concepto de rudeza. (Generada Gemini),SI,2 señas,NO,SI,Unimanual en contacto (tipo X),Xc,Pc,Sin especificar,Sin especificar,Sin especificar,02406_bruto4.mp4,BRUTO 4,test3,61,A1
FENASCOL III,LSC1,2407,BUHO,SUSTANTIVO,Búho; ave rapaz nocturna de cabeza grande y ojos frontales. (RAE),NO,1 seña,NO,SI,Simétrica (tipo I),I,Sin especificar,Sin especificar,Sin especificar,Sin especificar,02407_buho.mp4,BUHO,test4,44,B2
FENASCOL III,LSC1,2408,CAFETERIA,SUSTANTIVO,Cafetería; establecimiento donde se sirven cafés y bebidas ligeras. (RAE),SI,2 señas,NO,SI,Asimétrica (tipo III),Ok,Bl,Sin especificar,Sin especificar,Sin especificar,02408_cafeteria.mp4,CAFETERIA,test1,55,B1
FENASCOL III,LSC1,2409,CALENDARIO 1,SUSTANTIVO,"Sistema de distribución del tiempo en días, semanas y meses. (RAE)",NO,1 seña,NO,SI,Asimétrica (tipo III),J,Je,Sin especificar,Sin especificar,Sin especificar,02409_calendario.mp4,CALENDARIO 1,test4,32,B1
FENASCOL III,LSC1,2410,CALENDARIO 2,SUSTANTIVO,Variante de seña para el almanaque o calendario impreso/digital. (Generada Gemini),SI,3 señas,NO,SI,Asimétrica (tipo III),J,Je,No,Sin especificar,Sin especificar,02410_calendario.mp4,CALENDARIO 2,test4,36,B1
UEB,LSC1,2411,CALENDARIO 3,SUSTANTIVO,Variante morfológica o espacial para la representación del calendario. (Generada Gemini),NO,1 seña,SI,SI,Asimétrica (tipo III),Bl,No,Sin especificar,Sin especificar,Sin especificar,02411_calendario.mp4,CALENDARIO 3,test4,36,B1
FENASCOL III,LSC0,2412,CAMBIO-REPENTINO,ADJETIVO,Modificación o viraje drástico e imprevisto en una situación o estado. (RAE),NO,1 seña,NO,SI,Unimanual (tipo 0),B,Sin especificar,Sin especificar,Sin especificar,Sin especificar,02412_cambiorepe.mp4,CAMBIO REPENTINO,test3,70,A2
FENASCOL III,LSC1,2413,CAMINO,SUSTANTIVO,Franja de terreno utilizada para transitar o viajar de un lugar a otro. (RAE),NO,1 seña,NO,SI,Simétrica (tipo I),Bl,Sin especificar,Sin especificar,Sin especificar,Sin especificar,02413_camino.mp4,CAMINO,test2,72,B2
FENASCOL III,LSC1,2414,CAMPAMENTO,SUSTANTIVO,Lugar al aire libre donde se acampa temporalmente con tiendas o refugios. (RAE),NO,1 seña,NO,SI,Simétrica (tipo I),U,Sin especificar,Sin especificar,Sin especificar,Sin especificar,02414_campamento.mp4,CAMPAMENTO,test1,55,B1
FENASCOL III,LSC1,2415,CANSOSO,ADJETIVO,"Que causa cansancio, fatiga o fastidio excesivo. (RAE)",NO,1 seña,SI,SI,Simétrica (tipo I),F,Sin especificar,Sin especificar,Sin especificar,Sin especificar,02415_cansoso.mp4,CANSOSO,test3,41,B2
FENASCOL III,LSC1,2416,CARNET 1,SUSTANTIVO,Documento de identidad o credencial que acredita a una persona. (RAE),NO,1 seña,NO,SI,Simétrica (tipo I),Xc,Sin especificar,Sin especificar,Sin especificar,Sin especificar,02416_carnet1.mp4,CARNET 1,test1,18,B2
UEB,LSC1,2417,CARNET 2,SUSTANTIVO,"Variante de seña para credencial, carné o tarjeta de identificación. (Generada Gemini)",SI,2 señas,NO,SI,Simétrica (tipo I),P,Xc,Sin especificar,Sin especificar,Sin especificar,02417_carnet2.mp4,CARNET 2,test2,47,B2
FENASCOL III,LSC1,2418,CASCADA,SUSTANTIVO,Caída caudalosa de agua desde cierta altura por un desnivel en el terreno. (RAE),NO,1 seña,NO,SI,Asimétrica (tipo III),Bl,J,Sin especificar,Sin especificar,Sin especificar,02418_cascada.mp4,CASCADA,test1,67,B2
FENASCOL III,LSC0,2419,CASTIGO 1,VERBO,Pena o sanción impuesta a alguien por una falta o delito cometido. (RAE),NO,1 seña,NO,SI,Asimétrica (tipo III),S,P,Sin especificar,Sin especificar,Sin especificar,02419_castigo1.mp4,CASTIGO 1,test1,37,A1
UEB,LSC0,2420,CASTIGO 2,VERBO,Variante de seña para sanción o medida punitiva. (Generada Gemini),NO,1 seña,NO,SI,Asimétrica (tipo III),S,Bl,Sin especificar,Sin especificar,Sin especificar,02420_castigo2.mp4,CASTIGO 2,test2,6,A2
FENASCOL III,LSC1,2421,CATARATA,SUSTANTIVO,Caída grande de agua o alteración visual en la opacidad del cristalino del ojo. (RAE),SI,2 señas,NO,SI,Simétrica (tipo I),Qe,J,Sin especificar,Sin especificar,Sin especificar,02421_catarata.mp4,CATARATA,test4,80,B1
FENASCOL III,LSC1,2422,CATEDRAL 1,SUSTANTIVO,Iglesia principal que es sede de un obispado o diócesis. (RAE),SI,2 señas,NO,SI,Simétrica (tipo I),J,F,Sin especificar,Sin especificar,Sin especificar,02422_catedral1.mp4,CATEDRAL 1,test3,87,B1
FENASCOL III,LSC1,2423,CATEDRAL 2,SUSTANTIVO,Variante de seña para templo catedralicio. (Generada Gemini),SI,2 señas,NO,SI,Asimétrica (tipo III),A,I,Sin especificar,Sin especificar,Sin especificar,02423_catedral2.mp4,CATEDRAL 2,test3,87,B1
UEB,LSC1,2424,PRINCIPAL,SUSTANTIVO,"Que tiene mayor importancia, valor o jerarquía entre varios. (RAE)",NO,1 seña,SI,SI,Unimanual en contacto (tipo X),A,Sin especificar,Sin especificar,Sin especificar,Sin especificar,02424_principal.mp4,PRINCIPAL,test3,76,B1
UEB,LSC1,2425,PRINCIPIO,SUSTANTIVO,"Primer instante del ser de algo, origen o regla fundamental. (RAE)",SI,2 señas,NO,SI,Asimétrica (tipo III),P,S,Sin especificar,Sin especificar,Sin especificar,02425_principio.mp4,PRINCIPIO,test3,82,B2
FENASCOL III,LSC1,2426,CEBRA,SUSTANTIVO,Mamífero équido africano caracterizado por su pelaje blanco con rayas negras. (RAE),SI,2 señas,NO,SI,Asimétrica (tipo III),H,V,Je,Sin especificar,Sin especificar,02426_cebra.mp4,CEBRA,test1,21,B2
FENASCOL III,LSC1,2427,CEMENTERIO 1,SUSTANTIVO,Lugar destinado a inhumar cadáveres o restos humanos. (RAE),SI,2 señas,NO,SI,Simétrica (tipo I),Bl,B,Sin especificar,Sin especificar,Sin especificar,02427_cementerio.mp4,CEMENTERIO 1,test3,23,B1
FENASCOL III,LSC1,2428,CEMENTERIO 2,SUSTANTIVO,Variante de seña para campo santo o cementerio. (Generada Gemini),SI,2 señas,NO,SI,Simétrica (tipo I),Bl,B,Sin especificar,Sin especificar,Sin especificar,02428_cementerio.mp4,CEMENTERIO 2,test4,74,B1
FENASCOL III,LSC1,2429,CEPILLO PARA EL PELO,SUSTANTIVO,Utensilio provisto de cerdas para peinar y desenredar el cabello. (RAE),NO,1 seña,NO,SI,Unimanual (tipo 0),Sin especificar,Sin especificar,Sin especificar,Sin especificar,Sin especificar,02429_cepillopar.mp4,CEPILLO PARA EL PELO,test4,88,B1
UEB,LSC1,2430,CREMA PARA DEPILAR,SUSTANTIVO,Producto cosmético formulado para facilitar la depilación del vello corporal. (Generada Gemini),SI,4 señas o más,NO,SI,Asimétrica (tipo III),Sin especificar,Sin especificar,Sin especificar,Sin especificar,Sin especificar,02430_cremaparad.mp4,CREMA PARA DEPILAR,test4,69,B1
UEB,LSC1,2431,CERA PARA DEPILAR,SUSTANTIVO,Sustancia resinosa o caliente usada para arrancar el vello desde la raíz. (Generada Gemini),SI,3 señas,NO,SI,Asimétrica (tipo III),Sin especificar,Sin especificar,Sin especificar,Sin especificar,Sin especificar,02431_ceraparade.mp4,CERA PARA DEPILAR,test4,88,B1
FENASCOL III,LSC1,2432,MAQUINA PARA DEPILAR,SUSTANTIVO,Aparato eléctrico o manual para rasurar o extraer el vello corporal. (Generada Gemini),NO,1 seña,NO,SI,Asimétrica (tipo III),Sin especificar,Sin especificar,Sin especificar,Sin especificar,Sin especificar,02432_maquinapar.mp4,MAQUINA PARA DEPILAR,test3,57,B1
FENASCOL III,LSC1,2433,CHAMPAÑA,SUSTANTIVO,Vino espumoso originario de la región francesa de Champaña (champán). (RAE),SI,2 señas,NO,SI,Semi-simétrica (tipo II),Sin especificar,Sin especificar,Sin especificar,Sin especificar,Sin especificar,02433_champaña.mp4,CHAMPANA,test4,1,B1
FENASCOL III,LSC1,2434,CHICHA,SUSTANTIVO,Bebida fermentada tradicional elaborada a base de maíz u otros frutos en América Latina. (RAE),SI,2 señas,NO,SI,Simétrica (tipo I),Sin especificar,Sin especificar,Sin especificar,Sin especificar,Sin especificar,02434_chicha.mp4,CHICHA,test3,86,B2
FENASCOL III,LSC1,2435,CHICLE,SUSTANTIVO,Goma de mascar aromatizada para masticar sin tragar. (RAE),NO,1 seña,NO,SI,Unimanual (tipo 0),Sin especificar,Sin especificar,Sin especificar,Sin especificar,Sin especificar,02435_chicle.mp4,CHICLE,test2,18,B1
FENASCOL III,LSC1,2436,CHOCOLATINA,SUSTANTIVO,Pequeña porción o barra de chocolate moldeada. (RAE),SI,2 señas,NO,SI,Semi-simétrica (tipo II),Bc,Bl,Sin especificar,Sin especificar,Sin especificar,02436_chocolatin.mp4,CHOCOLATINA,test2,18,B1
FENASCOL III,LSC1,2437,CHUZO,SUSTANTIVO,Arma blanca cortopunzante o establecimiento popular de comida rápida en Colombia. (RAE),NO,1 seña,NO,SI,Simétrica (tipo I),Sin especificar,Sin especificar,Sin especificar,Sin especificar,Sin especificar,02437_chuzo.mp4,CHUZO,test3,52,B1
FENASCOL III,LSC1,2438,CIERVO,SUSTANTIVO,Mamífero rumiante esbelto de pelaje pardo y cuernos ramificados (venado). (RAE),NO,1 seña,NO,SI,Simétrica (tipo I),Sin especificar,Sin especificar,Sin especificar,Sin especificar,Sin especificar,02438_ciervo.mp4,CIERVO,test1,21,B1
FENASCOL III,LSC1,2439,CIRCO,SUSTANTIVO,"Espectáculo itinerante con acróbatas, payasos y animales. (RAE)",SI,2 señas,NO,SI,Asimétrica (tipo III),Sin especificar,Sin especificar,Sin especificar,Sin especificar,Sin especificar,02439_circo.mp4,CIRCO,test1,21,B1
FENASCOL III,LSC1,2440,CISNE,SUSTANTIVO,"Ave anseriforme de gran tamaño, cuello largo y plumaje blanco. (RAE)",SI,2 señas,NO,SI,Asimétrica (tipo III),Sin especificar,Sin especificar,Sin especificar,Sin especificar,Sin especificar,02440_cisne.mp4,CISNE,test2,23,B2
FENASCOL III,LSC1,2441,CLAVO,SUSTANTIVO,Pieza metálica alargada con cabeza y punta para asegurar o fijar objetos. (RAE),SI,3 señas,NO,SI,Asimétrica (tipo III),Sin especificar,Sin especificar,Sin especificar,Sin especificar,Sin especificar,02441_clavo.mp4,CLAVO,test1,17,B2
FENASCOL III,LSC1,2442,CLOSET 1,SUSTANTIVO,Armario empotrado o mueble grande para guardar ropa y calzado (clóset). (RAE),SI,2 señas,NO,SI,Simétrica (tipo I),Sin especificar,Sin especificar,Sin especificar,Sin especificar,Sin especificar,02442_closet1.mp4,CLOSET 1,test1,74,B2
FENASCOL III,LSC1,2443,CLOSET 2,SUSTANTIVO,Variante de seña para armario o vestidor. (Generada Gemini),SI,3 señas,NO,SI,Asimétrica (tipo III),Sin especificar,Sin especificar,Sin especificar,Sin especificar,Sin especificar,02443_closet2.mp4,CLOSET 2,test3,15,B2
FENASCOL III,LSC1,2444,CLOSET 3,SUSTANTIVO,Variante morfológica para mueble ropero o clóset. (Generada Gemini),SI,2 señas,NO,SI,Simétrica (tipo I),P,B,Sin especificar,Sin especificar,Sin especificar,02444_closet3.mp4,CLOSET 3,test4,74,B1
FENASCOL III,LSC1,2445,COCAINA,SUSTANTIVO,Alcaloide estupefaciente y adictivo extraído de las hojas de la coca. (RAE),NO,1 seña,NO,SI,Unimanual en contacto (tipo X),Sin especificar,Sin especificar,Sin especificar,Sin especificar,Sin especificar,02445_cocaina.mp4,COCAINA,test3,19,B1
FENASCOL III,LSC1,2446,COLADA,SUSTANTIVO,Ropa sucia dispuesta para ser lavada o líquido espesado con almidón o harina. (RAE),SI,2 señas,NO,SI,Asimétrica (tipo III),Sin especificar,Sin especificar,Sin especificar,Sin especificar,Sin especificar,02446_colada.mp4,COLADA,test1,95,B2
FENASCOL III,LSC1,2447,COLADOR,SUSTANTIVO,Utensilio con malla o rejilla para separar los elementos sólidos de los líquidos. (RAE),SI,2 señas,NO,SI,Asimétrica (tipo III),Sin especificar,Sin especificar,Sin especificar,Sin especificar,Sin especificar,02447_colador.mp4,COLADOR,test1,67,B2
FENASCOL III,LSC1,2448,COLADOR DE CAFÉ,SUSTANTIVO,Filtro de tela o malla destinado a colar la infusión de café. (Generada Gemini),SI,2 señas,NO,SI,Asimétrica (tipo III),Sin especificar,Sin especificar,Sin especificar,Sin especificar,Sin especificar,02448_coladordec.mp4,COLADOR DE CAFE,test1,55,B1
FENASCOL III,LSC1,2449,COLISEO,SUSTANTIVO,Gran edificio o recinto cubierto destinado a espectáculos deportivos o culturales. (RAE),NO,1 seña,NO,SI,Simétrica (tipo I),Sin especificar,Sin especificar,Sin especificar,Sin especificar,Sin especificar,02449_coliseo.mp4,COLISEO,test4,3,B1
FENASCOL III,LSC1,2450,COMITÉ,SUSTANTIVO,Grupo de personas elegidas para desempeñar una labor o asunto específico. (RAE),NO,1 seña,SI,SI,Unimanual en contacto (tipo X),Sin especificar,Sin especificar,Sin especificar,Sin especificar,Sin especificar,02450_comite.mp4,COMITE,test1,97,B2
FENASCOL III,LSC1,2451,COMPOTA,SUSTANTIVO,"Postre elaborado con fruta cocida y triturada, a menudo sin azúcar añadido. (RAE)",SI,4 señas o más,NO,SI,Asimétrica (tipo III),Sin especificar,Sin especificar,Sin especificar,Sin especificar,Sin especificar,02451_compota.mp4,COMPOTA,test3,86,B2
FENASCOL III,LSC1,2452,CONTABILIDAD,SUSTANTIVO,Sistema de control y registro de los gastos e ingresos de una entidad. (RAE),NO,1 seña,SI,SI,Simétrica (tipo I),F,Sin especificar,Sin especificar,Sin especificar,Sin especificar,02452_contabilid.mp4,CONTABILIDAD,test4,14,B2
FENASCOL III,LSC1,2453,CONVENIO,SUSTANTIVO,"Acuerdo o pacto suscrito entre personas, instituciones o naciones. (RAE)",SI,2 señas,NO,SI,Simétrica (tipo I),Sin especificar,Sin especificar,Sin especificar,Sin especificar,Sin especificar,02453_convenio.mp4,CONVENIO,test1,97,B2
FENASCOL III,LSC1,2454,COPA 1,SUSTANTIVO,"Vaso con pie destinado a beber líquidos, especialmente vino. (RAE)",SI,3 señas,NO,SI,Unimanual (tipo 0),Sin especificar,Sin especificar,Sin especificar,Sin especificar,Sin especificar,02454_copa1.mp4,COPA 1,test3,7,B2
FENASCOL III,LSC1,2455,COPA 2,SUSTANTIVO,Variante de seña para vaso con pie o trofeo deportivo en forma de copa. (Generada Gemini),SI,3 señas,NO,SI,Unimanual (tipo 0),Tc,Sin especificar,Sin especificar,Sin especificar,Sin especificar,02455_copa2.mp4,COPA 2,test2,43,B2
FENASCOL III,LSC1,2456,CREMA HUMECTANTE,SUSTANTIVO,Loción cosmética formulada para hidratar y retener la humedad de la piel. (Generada Gemini),SI,2 señas,NO,SI,Asimétrica (tipo III),Sin especificar,Sin especificar,Sin especificar,Sin especificar,Sin especificar,02456_cremahumec.mp4,CREMA HUMECTANTE,test4,69,B1
FENASCOL III,LSC1,2457,CREMA PARA AFEITAR,SUSTANTIVO,Espuma o crema aplicada en el rostro para facilitar el rasurado de la barba. (Generada Gemini),SI,2 señas,NO,SI,Asimétrica (tipo III),Sin especificar,Sin especificar,Sin especificar,Sin especificar,Sin especificar,02457_cremaparaa.mp4,CREMA PARA AFEITAR,test4,69,B1
FENASCOL III,LSC1,2458,CREMATORIO,SUSTANTIVO,Instalación o horno destinado a incinerar cadáveres humanos. (RAE),SI,3 señas,NO,SI,Simétrica (tipo I),B,Q,A,Sin especificar,Sin especificar,02458_crematorio.mp4,CREMATORIO,test4,29,B2
FENASCOL III,LSC1,2459,PELO-CRESPO,SUSTANTIVO,"Cabello rizado, de bucles cerrados o textura encrespada. (Generada Gemini)",SI,2 señas,NO,SI,Unimanual en contacto (tipo X),Ok,F,Sin especificar,Sin especificar,Sin especificar,02459_pelocrespo.mp4,PELO CRESPO,test3,15,B2
UEB,LSC1,2460,CRISIS-GENERAL,SUSTANTIVO,Situación grave y decisiva de inestabilidad generalizada. (RAE),SI,2 señas,NO,SI,Asimétrica (tipo III),Sin especificar,Sin especificar,Sin especificar,Sin especificar,Sin especificar,02460_crisisgene.mp4,CRISIS GENERAL,test1,5,B1
FENASCOL III,LSC1,2461,CRISIS-CUELLO,SUSTANTIVO,Metáfora gestual de agobio o asfixia ante una situación crítica. (Generada Gemini),NO,1 seña,NO,SI,Unimanual en contacto (tipo X),Sin especificar,Sin especificar,Sin especificar,Sin especificar,Sin especificar,02461_crisiscuel.mp4,CRISIS CUELLO,test3,41,B2
FENASCOL III,LSC1,2462,CRUCETA,SUSTANTIVO,Pieza en forma de cruz empleada para fijar o unir elementos mecánicos. (RAE),SI,2 señas,NO,SI,Simétrica (tipo I),Sin especificar,Sin especificar,Sin especificar,Sin especificar,Sin especificar,02462_cruceta.mp4,CRUCETA,test4,88,B1
UEB,LSC1,2463,VOLAR-ALAS,VERBO,Acción de volar extendiendo y moviendo las alas en el aire. (Generada Gemini),NO,1 seña,NO,SI,Simétrica (tipo I),Sin especificar,Sin especificar,Sin especificar,Sin especificar,Sin especificar,02463_volaralas.mp4,VOLAR ALAS,test3,2,B1
FENASCOL III,LSC1,2464,CUCARRON,SUSTANTIVO,Escarabajo o insecto coleóptero de caparazón duro (cucarrón). (RAE),SI,2 señas,NO,SI,Asimétrica (tipo III),Sin especificar,Sin especificar,Sin especificar,Sin especificar,Sin especificar,02464_cucarron.mp4,CUCARRON,test4,60,B1
FENASCOL III,LSC1,2465,CUCHARON,SUSTANTIVO,Cuchara grande de mango largo empleada para servir sopas y guisos. (RAE),SI,2 señas,NO,SI,Unimanual (tipo 0),Sin especificar,Sin especificar,Sin especificar,Sin especificar,Sin especificar,02465_cucharon.mp4,CUCHARON,test2,18,B1
FENASCOL III,LSC0,2466,CUCHILLO (COCINA),SUSTANTIVO,Instrumento cortante de hoja ancha usado en la preparación de alimentos. (RAE),NO,1 seña,NO,SI,Simétrica (tipo I),Sin especificar,Sin especificar,Sin especificar,Sin especificar,Sin especificar,02466_cuchilloco.mp4,CUCHILLO COCINA,test1,53,A2
FENASCOL III,LSC0,2467,CUCHILLO (COMEDOR),SUSTANTIVO,Cuchillo de mesa empleado para cortar los alimentos durante la comida. (Generada Gemini),NO,1 seña,NO,SI,Simétrica (tipo I),H,Sin especificar,Sin especificar,Sin especificar,Sin especificar,02467_cuchilloco.mp4,CUCHILLO COMEDOR,test1,53,A2
UEB,LSC0,2468,CUMPLIDO-PUNTUAL,SUSTANTIVO,Persona que llega a tiempo o cumple exactamente con sus horarios. (RAE),NO,1 seña,NO,SI,Unimanual (tipo 0),Sin especificar,Sin especificar,Sin especificar,Sin especificar,Sin especificar,02468_cumplidopu.mp4,CUMPLIDO PUNTUAL,test1,8,A1
UEB,LSC0,2469,CUMPLIDO-EVENTO,SUSTANTIVO,Realización o ejecución exitosa de un evento programado. (Generada Gemini),NO,1 seña,NO,SI,Semi-simétrica (tipo II),Sin especificar,Sin especificar,Sin especificar,Sin especificar,Sin especificar,02469_cumplidoev.mp4,CUMPLIDO EVENTO,test2,49,A1
FENASCOL III,LSC0,2470,CUMPLIDO-CORRECTO,SUSTANTIVO,Acción realizada conforme a las reglas o normas de cortesía. (RAE),NO,1 seña,NO,SI,Simétrica (tipo I),Sin especificar,Sin especificar,Sin especificar,Sin especificar,Sin especificar,02470_cumplidoco.mp4,CUMPLIDO CORRECTO,test3,83,A1
FENASCOL III,LSC1,2471,CURRÍCULO,SUSTANTIVO,Plan de estudios o relación de títulos e historial académico/laboral. (RAE),SI,2 señas,SI,SI,Asimétrica (tipo III),Sin especificar,Sin especificar,Sin especificar,Sin especificar,Sin especificar,02471_curriculo.mp4,CURRICULO,test4,26,B2
FENASCOL III,LSC1,2472,DEFENSA,VERBO,"Acción de proteger, amparar o resguardar frente a un ataque o riesgo. (RAE)",NO,1 seña,NO,SI,Simétrica (tipo I),Sin especificar,Sin especificar,Sin especificar,Sin especificar,Sin especificar,02472_defensa.mp4,DEFENSA,test4,22,B2
FENASCOL III,LSC0,2473,DEJARSE-LLEVAR-HOCICO 1,VERBO,Modo de actuar influenciable o manipulable por lo que dicen los demás. (Generada Gemini),NO,1 seña,NO,SI,Simétrica (tipo I),Sin especificar,Sin especificar,Sin especificar,Sin especificar,Sin especificar,02473_dejarselle.mp4,DEJARSE LLEVAR HOCICO 1,test1,51,A1
UEB,LSC0,2474,DEJARSE-LLEVAR-HOCICO 2,VERBO,Variante de seña para dejarse influenciar por habladurías. (Generada Gemini),NO,1 seña,NO,SI,Unimanual en contacto (tipo X),Ok,Sin especificar,Sin especificar,Sin especificar,Sin especificar,02474_dejarselle.mp4,DEJARSE LLEVAR HOCICO 2,test3,45,A2
FENASCOL III,LSC1,2475,DELINEADOR 1,SUSTANTIVO,Lápiz o cosmético empleado para trazar contornos en los ojos o labios. (RAE),NO,1 seña,NO,SI,Unimanual (tipo 0),Sin especificar,Sin especificar,Sin especificar,Sin especificar,Sin especificar,02475_delineador.mp4,DELINEADOR 1,test1,81,B2
FENASCOL III,LSC1,2476,DELINEADOR 2,SUSTANTIVO,Variante de seña para el cosmético delineador. (Generada Gemini),NO,1 seña,NO,SI,Unimanual (tipo 0),Sin especificar,Sin especificar,Sin especificar,Sin especificar,Sin especificar,02476_delineador.mp4,DELINEADOR 2,test3,15,B2
FENASCOL III,LSC1,2477,DEMOCRACIA,SUSTANTIVO,Sistema político en el que la soberanía reside en el pueblo. (RAE),NO,1 seña,SI,SI,Simétrica (tipo I),Sin especificar,Sin especificar,Sin especificar,Sin especificar,Sin especificar,02477_democracia.mp4,DEMOCRACIA,test4,71,B2
FENASCOL III,LSC1,2478,DERECHO (FACULTAD DEL HOMBRE),SUSTANTIVO,Prerrogativa o potestad inherente a la naturaleza humana. (RAE),NO,1 seña,NO,SI,Unimanual (tipo 0),Sin especificar,Sin especificar,Sin especificar,Sin especificar,Sin especificar,02478_derechofac.mp4,DERECHO FACULTAD DEL HOMBRE,test4,83,B2
FENASCOL III,LSC1,2479,DERECHO (PROFESIÓN),SUSTANTIVO,Ciencia jurídica o ejercicio legal de la abogacía. (RAE),NO,1 seña,NO,SI,Unimanual (tipo 0),Sin especificar,Sin especificar,Sin especificar,Sin especificar,Sin especificar,02479_derechopro.mp4,DERECHO PROFESION,test1,5,B1
UEB,LSC1,2480,DERECHA-LATERAL,SUSTANTIVO,Ubicación o costado situado en el lado opuesto a la izquierda. (RAE),NO,1 seña,NO,SI,Unimanual (tipo 0),Sin especificar,Sin especificar,Sin especificar,Sin especificar,Sin especificar,02480_derechalat.mp4,DERECHA LATERAL,test3,2,B1
UEB,LSC1,2481,DERECHO-DIRECCION,SUSTANTIVO,"Orientación en línea recta, sin desviaciones. (RAE)",NO,1 seña,NO,SI,Unimanual en contacto (tipo X),Be,Sin especificar,Sin especificar,Sin especificar,Sin especificar,02481_derechodir.mp4,DERECHO DIRECCION,test1,18,B2
UEB,LSC0,2482,IZQUIERDA,SUSTANTIVO,Lado opuesto a la derecha. (RAE),NO,1 seña,NO,SI,Unimanual (tipo 0),Sin especificar,Sin especificar,Sin especificar,Sin especificar,Sin especificar,02482_izquierda.mp4,IZQUIERDA,test1,31,A2
UEB,LSC1,2483,DESIERTO-SOL,SUSTANTIVO,Región árida desprovista de vegetación expuesta a intensa radiación solar. (RAE),SI,2 señas,NO,SI,Asimétrica (tipo III),Sin especificar,Sin especificar,Sin especificar,Sin especificar,Sin especificar,02483_desiertoso.mp4,DESIERTO SOL,test2,34,B1
FENASCOL III,LSC1,2484,DESIERTO-SECO,SUSTANTIVO,Paraje desértico caracterizado por la sequedad extrema del suelo. (RAE),SI,2 señas,NO,SI,Asimétrica (tipo III),Sin especificar,Sin especificar,Sin especificar,Sin especificar,Sin especificar,02484_desiertose.mp4,DESIERTO SECO,test2,34,B1
FENASCOL III,LSC1,2485,DESPENSA 1,SUSTANTIVO,Lugar o armario donde se guardan comestibles y provisiones. (RAE),SI,2 señas,NO,SI,Simétrica (tipo I),Sin especificar,Sin especificar,Sin especificar,Sin especificar,Sin especificar,02485_despensa1.mp4,DESPENSA 1,test4,29,B2
FENASCOL III,LSC1,2486,DESPENSA 2,SUSTANTIVO,Variante de seña para almacén de víveres o despensa. (Generada Gemini),SI,3 señas,NO,SI,Simétrica (tipo I),Sin especificar,Sin especificar,Sin especificar,Sin especificar,Sin especificar,02486_despensa2.mp4,DESPENSA 2,test3,15,B2
FENASCOL III,LSC1,2487,DETENER CAPTURAR,VERBO,Aprehender o retener a una persona por la fuerza o autoridad legal. (RAE),NO,1 seña,NO,SI,Simétrica (tipo I),Sin especificar,Sin especificar,Sin especificar,Sin especificar,Sin especificar,02487_detenercap.mp4,DETENER CAPTURAR,test4,22,B2
FENASCOL III,LSC1,2488,DETENIDO,SUSTANTIVO,Persona privada de libertad por orden de autoridad competente. (RAE),SI,2 señas,NO,SI,Asimétrica (tipo III),Sin especificar,Sin especificar,Sin especificar,Sin especificar,Sin especificar,02488_detenido.mp4,DETENIDO,test4,83,B2
FENASCOL III,LSC1,2489,DIPLOMADO-D,SUSTANTIVO,Programa académico corto de especialización o actualización profesional (modalidad D). (Generada Gemini),NO,1 seña,NO,SI,Simétrica (tipo I),D,Sin especificar,Sin especificar,Sin especificar,Sin especificar,02489_diplomadod.mp4,DIPLOMADO D,test4,26,B2
FENASCOL III,LSC1,2490,DIPLOMADO-L,SUSTANTIVO,Programa académico corto de especialización o actualización profesional (modalidad L). (Generada Gemini),NO,1 seña,NO,SI,Simétrica (tipo I),Sin especificar,Sin especificar,Sin especificar,Sin especificar,Sin especificar,02490_diplomadol.mp4,DIPLOMADO L,test4,26,B2
UEB,LSC1,2491,DIVERSIDAD-V,SUSTANTIVO,Variante de seña para diversidad o pluralidad con configuración en V. (Generada Gemini),SI,3 señas,NO,SI,Asimétrica (tipo III),Sin especificar,Sin especificar,Sin especificar,Sin especificar,Sin especificar,02491_diversidad.mp4,DIVERSIDAD V,test1,83,B1
FENASCOL III,LSC1,2492,DIVERSIDAD-X,SUSTANTIVO,Variante de seña para diversidad o pluralidad con configuración en X. (Generada Gemini),NO,1 seña,NO,SI,Simétrica (tipo I),Sin especificar,Sin especificar,Sin especificar,Sin especificar,Sin especificar,02492_diversidad.mp4,DIVERSIDAD X,test1,83,B1
UEB,LSC1,2493,DOCTORADO-PUÑO,SUSTANTIVO,Grado académico de doctorado representado mediante configuración de puño. (Generada Gemini),SI,2 señas,NO,SI,Asimétrica (tipo III),Sin especificar,Sin especificar,Sin especificar,Sin especificar,Sin especificar,02493_doctoradop.mp4,DOCTORADO PUNO,test3,67,B1
FENASCOL III,LSC1,2494,DOCTORADO-L,SUSTANTIVO,Variante de seña para el grado de doctorado con configuración en L. (Generada Gemini),SI,2 señas,NO,SI,Asimétrica (tipo III),Sin especificar,Sin especificar,Sin especificar,Sin especificar,Sin especificar,02494_doctoradol.mp4,DOCTORADO L,test4,74,B1
FENASCOL III,LSC1,2495,DOLAR,SUSTANTIVO,Dólar; moneda oficial de los Estados Unidos y otros países. (RAE),NO,1 seña,SI,SI,Asimétrica (tipo III),Sin especificar,Sin especificar,Sin especificar,Sin especificar,Sin especificar,02495_dolar.mp4,DOLAR,test4,14,B2
FENASCOL III,LSC1,2496,DROGADICTO,ADJETIVO,Persona dependiente o adicta al consumo habitual de drogas ilícitas. (RAE),SI,2 señas,NO,SI,Asimétrica (tipo III),Cb,Ok,Sin especificar,Sin especificar,Sin especificar,02496_drogadicto.mp4,DROGADICTO,test3,19,B1
FENASCOL III,LSC1,2497,DROGAS-Q,SUSTANTIVO,Variante de seña para sustancias estupefacientes o medicamentos con configuración Q. (Generada Gemini),NO,1 seña,NO,SI,Asimétrica (tipo III),Sin especificar,Sin especificar,Sin especificar,Sin especificar,Sin especificar,02497_drogasq.mp4,DROGAS Q,test3,19,B1
UEB,LSC1,2498,DROGAS-CABEZA,SUSTANTIVO,Variante gestual para sustancias que afectan el sistema nervioso o mente. (Generada Gemini),NO,1 seña,NO,SI,Unimanual en contacto (tipo X),Sin especificar,Sin especificar,Sin especificar,Sin especificar,Sin especificar,02498_drogascabe.mp4,DROGAS CABEZA,test2,6,B1
FENASCOL III,LSC0,2499,DURO-DEDOS,SUSTANTIVO,Rigidez o tensión física expresada mediante los dedos. (Generada Gemini),NO,1 seña,NO,SI,Asimétrica (tipo III),Sin especificar,Sin especificar,Sin especificar,Sin especificar,Sin especificar,02499_durodedos.mp4,DURO DEDOS,test4,47,A1
FENASCOL III,LSC1,2500,ERIZO-DE-MAR,SUSTANTIVO,Invertebrado marino de cuerpo globoso cubierto de espinas móviles. (RAE),SI,2 señas,NO,SI,Asimétrica (tipo III),Sin especificar,Sin especificar,Sin especificar,Sin especificar,Sin especificar,02500_erizodemar.mp4,ERIZO DE MAR,test3,81,B1
FENASCOL III,LSC1,2501,ESCARABAJO,SUSTANTIVO,Insecto coleóptero de cuerpo robusto y caparazón duro. (RAE),NO,1 seña,SI,SI,Unimanual en contacto (tipo X),Sin especificar,Sin especificar,Sin especificar,Sin especificar,Sin especificar,02501_escarabajo.mp4,ESCARABAJO,test3,23,B1
FENASCOL III,LSC1,2502,ESCORPION,SUSTANTIVO,Arácnido carnívoro provisto de una cola articulada con aguijón venenoso. (RAE),NO,1 seña,NO,SI,Asimétrica (tipo III),Sin especificar,Sin especificar,Sin especificar,Sin especificar,Sin especificar,02502_escorpion.mp4,ESCORPION,test3,15,B1
FENASCOL III,LSC1,2503,ESMALTE,SUSTANTIVO,Líquido cosmético para dar brillo y color a las uñas o capa vitrificada. (RAE),NO,1 seña,NO,SI,Asimétrica (tipo III),Sin especificar,Sin especificar,Sin especificar,Sin especificar,Sin especificar,02503_esmalte.mp4,ESMALTE,test2,62,B1
FENASCOL III,LSC1,2504,POLICIA,SUSTANTIVO,Policía; cuerpo encargado de velar por el mantenimiento del orden público y la seguridad. (RAE),NO,1 seña,NO,SI,Unimanual en contacto (tipo X),Be,Sin especificar,Sin especificar,Sin especificar,Sin especificar,02504_policia.mp4,POLICIA,test3,56,B2
FENASCOL III,LSC0,2505,ESTARCAMBIADO-VOLTEADO,ADJETIVO,"Estado de alteración, giro o cambio total en la disposición de algo. (Generada Gemini)",NO,1 seña,NO,SI,Semi-simétrica (tipo II),Sin especificar,Sin especificar,Sin especificar,Sin especificar,Sin especificar,02505_estarcambi.mp4,ESTARCAMBIADO VOLTEADO,test3,13,A1
FENASCOL III,LSC0,2506,ESTAR CONFORME,ADJETIVO,Estar de acuerdo o satisfecho con una situación o acuerdo. (RAE),NO,1 seña,NO,SI,Unimanual en contacto (tipo X),Sin especificar,Sin especificar,Sin especificar,Sin especificar,Sin especificar,02506_estarconfo.mp4,ESTAR CONFORME,test2,9,A1
FENASCOL III,LSC0,2507,ESTÍMULO,SUSTANTIVO,Agente físico o químico que despierta una reacción funcional en un organismo. (RAE),NO,1 seña,NO,SI,Asimétrica (tipo III),Sin especificar,Sin especificar,Sin especificar,Sin especificar,Sin especificar,02507_estimulo.mp4,ESTIMULO,test2,39,A2
FENASCOL III,LSC0,2508,ÁNIMO,SUSTANTIVO,"Disposición del alma, valor, energía o esfuerzo para obrar. (RAE)",NO,1 seña,NO,SI,Simétrica (tipo I),Sin especificar,Sin especificar,Sin especificar,Sin especificar,Sin especificar,02508_animo.mp4,ANIMO,test4,38,A1
FENASCOL III,LSC1,2509,EVALUACIÓN,SUSTANTIVO,"Acción y efecto de evaluar, estimar o juzgar el valor o rendimiento de algo. (RAE)",NO,1 seña,NO,SI,Unimanual (tipo 0),Sin especificar,Sin especificar,Sin especificar,Sin especificar,Sin especificar,02509_evaluacion.mp4,EVALUACION,test4,25,B2
FENASCOL III,LSC1,2510,EXPRIMIDOR-MANUAL,SUSTANTIVO,Utensilio mecánico accionado a mano para extraer el zumo de cítricos. (RAE),SI,2 señas,NO,SI,Asimétrica (tipo III),Sin especificar,Sin especificar,Sin especificar,Sin especificar,Sin especificar,02510_exprimidor.mp4,EXPRIMIDOR MANUAL,test4,88,B1
UEB,LSC1,2511,EXPRIMIDOR-ELECTRICO,SUSTANTIVO,Electrodoméstico motorizado para extraer jugo de frutas cítricas. (RAE),SI,2 señas,NO,SI,Asimétrica (tipo III),C,Gl,Sin especificar,Sin especificar,Sin especificar,02511_exprimidor.mp4,EXPRIMIDOR ELECTRICO,test2,54,B1
FENASCOL III,LSC0,2512,EXTROVERTIDO,SUSTANTIVO,"Persona abierta, comunicativa y sociable hacia el exterior. (RAE)",SI,2 señas,SI,SI,Simétrica (tipo I),Sin especificar,Sin especificar,Sin especificar,Sin especificar,Sin especificar,02512_extroverti.mp4,EXTROVERTIDO,test4,80,A1
UEB,LSC1,2513,INDUSTRIA,SUSTANTIVO,Conjunto de operaciones para la transformación de materias primas en productos. (RAE),NO,1 seña,NO,SI,Asimétrica (tipo III),Sin especificar,Sin especificar,Sin especificar,Sin especificar,Sin especificar,02513_industria.mp4,INDUSTRIA,test2,52,B2
FENASCOL III,LSC1,2514,FÁBRICA,SUSTANTIVO,Establecimiento industrial equipado con maquinaria para la fabricación de bienes. (RAE),NO,1 seña,SI,SI,Simétrica (tipo I),Sin especificar,Sin especificar,Sin especificar,Sin especificar,Sin especificar,02514_fabrica.mp4,FABRICA,test1,17,B2
FENASCOL III,LSC1,2515,FEROZ (ANIMAL),SUSTANTIVO,"Agresivo, salvaje o cruel por naturaleza. (RAE)",NO,1 seña,NO,SI,Simétrica (tipo I),Sin especificar,Sin especificar,Sin especificar,Sin especificar,Sin especificar,02515_ferozanima.mp4,FEROZ ANIMAL,test3,15,B1
FENASCOL III,LSC1,2516,FIJAR RESIDENCIA,SUSTANTIVO,Establecer de forma permanente el domicilio o lugar de vivienda en un sitio. (RAE),NO,1 seña,NO,SI,Simétrica (tipo I),Sin especificar,Sin especificar,Sin especificar,Sin especificar,Sin especificar,02516_fijarresid.mp4,FIJAR RESIDENCIA,test4,22,B2
FENASCOL III,LSC1,2517,FISCALÍA,SUSTANTIVO,Fiscalía; institución pública encargada de la investigación de delitos. (RAE),NO,1 seña,SI,SI,Asimétrica (tipo III),Sin especificar,Sin especificar,Sin especificar,Sin especificar,Sin especificar,02517_fiscalia.mp4,FISCALIA,test3,56,B2
FENASCOL III,LSC1,2518,FLAMENCO-ANIMAL,SUSTANTIVO,Ave zancuda de plumaje rosado y largo pico curvado (flamenco). (RAE),SI,2 señas,NO,SI,Asimétrica (tipo III),Sin especificar,Sin especificar,Sin especificar,Sin especificar,Sin especificar,02518_flamencoan.mp4,FLAMENCO ANIMAL,test4,60,B1
FENASCOL III,LSC1,2519,FLEXIBLE,SUSTANTIVO,Que se doblará fácilmente sin romperse o adaptable a los cambios. (RAE),NO,1 seña,NO,SI,Simétrica (tipo I),Qe,Sin especificar,Sin especificar,Sin especificar,Sin especificar,02519_flexible.mp4,FLEXIBLE,test3,86,B1
UEB,LSC0,2520,VENTAJA-PECHO,SUSTANTIVO,"Superioridad o beneficio obtenido frente a otros, expresado a nivel corporal. (Generada Gemini)",NO,1 seña,SI,SI,Unimanual en contacto (tipo X),Ok,Sin especificar,Sin especificar,Sin especificar,Sin especificar,02520_ventajapec.mp4,VENTAJA PECHO,test1,72,A2
UEB,LSC0,2521,VENTAJA-BOLSILLO,SUSTANTIVO,Beneficio económico o ventaja material favorable. (Generada Gemini),NO,1 seña,SI,SI,Unimanual en contacto (tipo X),Ok,Sin especificar,Sin especificar,Sin especificar,Sin especificar,02521_ventajabol.mp4,VENTAJA BOLSILLO,test1,72,A2
FENASCOL III,LSC0,2522,GANANCIA-BOLSA,SUSTANTIVO,"Beneficio económico, dividendo o lucro obtenido en transacciones. (Generada Gemini)",SI,2 señas,NO,SI,Asimétrica (tipo III),S,Jc,Sin especificar,Sin especificar,Sin especificar,02522_gananciabo.mp4,GANANCIA BOLSA,test1,72,A2
FENASCOL III,LSC1,2523,GARBANZOS,SUSTANTIVO,Semilla comestible de la planta leguminosa del garbanzo. (RAE),SI,2 señas,NO,SI,Unimanual (tipo 0),J,B,Sin especificar,Sin especificar,Sin especificar,02523_garbanzos.mp4,GARBANZOS,test3,86,B2
FENASCOL III,LSC1,2524,GASTOS-DEDO,SUSTANTIVO,Representación gestual o contable de desembolsos económicos. (Generada Gemini),NO,1 seña,SI,SI,Asimétrica (tipo III),Bl,Pl,Sin especificar,Sin especificar,Sin especificar,02524_gastosdedo.mp4,GASTOS DEDO,test1,18,B2
FENASCOL III,LSC1,2525,GASTOS-PULGAR,SUSTANTIVO,Variante de seña para erogaciones o egresos financieros. (Generada Gemini),NO,1 seña,SI,SI,Asimétrica (tipo III),Bl,A,Sin especificar,Sin especificar,Sin especificar,02525_gastospulg.mp4,GASTOS PULGAR,test2,47,B2
UEB,LSC1,2526,GASTOS-BOLSILLO,SUSTANTIVO,Dinero gastado de los propios fondos o recursos personales (gastos de bolsillo). (RAE),NO,1 seña,NO,SI,Simétrica (tipo I),J,Sin especificar,Sin especificar,Sin especificar,Sin especificar,02526_gastosbols.mp4,GASTOS BOLSILLO,test4,14,B2
FENASCOL III,LSC1,2527,GRANIZO,SUSTANTIVO,Precipitación en forma de grumos de hielo que caen de las nubes. (RAE),NO,1 seña,NO,NO,Simétrica (tipo I),Ok,Sin especificar,Sin especificar,Sin especificar,Sin especificar,02527_granizo.mp4,GRANIZO,test2,37,B1
FENASCOL III,LSC1,2528,GUANABANA 1,SUSTANTIVO,"Fruta tropical de pulpa blanca, jugosa y sabor agridulce (guanábana). (RAE)",SI,2 señas,NO,SI,Asimétrica (tipo III),Gl,Qe,Sin especificar,Sin especificar,Sin especificar,02528_guanabana1.mp4,GUANABANA 1,test2,49,B1
FENASCOL III,LSC1,2529,GUANABANA 2,SUSTANTIVO,Variante de seña para el fruto de la guanábana. (Generada Gemini),SI,2 señas,SI,SI,Asimétrica (tipo III),Gl,Ok,Sin especificar,Sin especificar,Sin especificar,02529_guanabana2.mp4,GUANABANA 2,test2,49,B1
FENASCOL III,LSC0,2530,HABLAR BOBADAS-BASURA,VERBO,"Expresar tonterías, disparates o comentarios sin sentido. (Generada Gemini)",SI,2 señas,NO,SI,Asimétrica (tipo III),Qa,O,B,Sin especificar,Sin especificar,02530_hablarboba.mp4,HABLAR BOBADAS BASURA,test3,45,A2
FENASCOL III,LSC0,2531,HABLAR MUCHO-VIOLIN,VERBO,"Hablar en exceso, de forma incesante o exagerada. (Generada Gemini)",NO,1 seña,SI,SI,Simétrica (tipo I),Ok,Sin especificar,Sin especificar,Sin especificar,Sin especificar,02531_hablarmuch.mp4,HABLAR MUCHO VIOLIN,test3,24,A1
FENASCOL III,LSC0,2532,HABLAR PAJA-CIRCULO,VERBO,Conversar superficialmente o decir habladurías sin contenido real. (Generada Gemini),NO,1 seña,NO,SI,Simétrica (tipo I),P,Sin especificar,Sin especificar,Sin especificar,Sin especificar,02532_hablarpaja.mp4,HABLAR PAJA CIRCULO,test4,3,A1
FENASCOL III,LSC0,2533,ESPALDA-DAÑO,SUSTANTIVO,"Lesión, dolor o afectación en la zona dorsal de la espalda. (Generada Gemini)",SI,2 señas,NO,SI,Asimétrica (tipo III),B,S,Sin especificar,Sin especificar,Sin especificar,02533_espaldadan.mp4,ESPALDA DANO,test4,10,A2
FENASCOL III,LSC0,2534,HACERSE EL BOBO,ADJETIVO,"Fingir ignorancia, inocencia o despiste ante una situación. (RAE)",NO,1 seña,NO,SI,Simétrica (tipo I),P,Sin especificar,Sin especificar,Sin especificar,Sin especificar,02534_hacerseelb.mp4,HACERSE EL BOBO,test4,3,A2
UEB,LSC0,2535,NO-QUERER-EVITAR,VERBO,Negativa o falta de voluntad para impedir que algo suceda. (Generada Gemini),SI,2 señas,SI,SI,Simétrica (tipo I),N,Sin especificar,Sin especificar,Sin especificar,Sin especificar,02535_noquererev.mp4,NO QUERER EVITAR,test1,22,A2
FENASCOL III,LSC1,2536,HEROINA-DROGA,SUSTANTIVO,Sustancia estupefaciente semisintética altamente adictiva (heroína). (RAE),NO,1 seña,NO,SI,Unimanual en contacto (tipo X),A,S,Sin especificar,Sin especificar,Sin especificar,02536_heroinadro.mp4,HEROINA DROGA,test2,6,B1
FENASCOL III,LSC1,2537,HERRAMIENTA-Q,SUSTANTIVO,Instrumento o útil de trabajo con seña especificada con configuración Q. (Generada Gemini),NO,1 seña,NO,SI,Asimétrica (tipo III),Q,V,Sin especificar,Sin especificar,Sin especificar,02537_herramient.mp4,HERRAMIENTA Q,test4,74,B1
FENASCOL III,LSC1,2538,INSTRUMENTO-Q,SUSTANTIVO,Objeto o dispositivo técnico asociado con configuración Q. (Generada Gemini),NO,1 seña,SI,SI,Asimétrica (tipo III),Q,H,Sin especificar,Sin especificar,Sin especificar,02538_instrument.mp4,INSTRUMENTO Q,test4,74,B1
FENASCOL III,LSC1,2539,HIELO,SUSTANTIVO,Agua congelada en estado sólido a baja temperatura. (RAE),NO,1 seña,SI,SI,Unimanual en contacto (tipo X),R,Sin especificar,Sin especificar,Sin especificar,Sin especificar,02539_hielo.mp4,HIELO,test2,37,B1
FENASCOL III,LSC1,2540,HIERRO,SUSTANTIVO,"Elemento químico metálico, magnético, maleable y de color gris plateado. (RAE)",NO,1 seña,SI,SI,Unimanual en contacto (tipo X),X,Sin especificar,Sin especificar,Sin especificar,Sin especificar,02540_hierro.mp4,HIERRO,test3,7,B1
FENASCOL III,LSC1,2541,DISPARAR-ARMA,VERBO,Accionar un arma de fuego para propulsar un proyectil. (RAE),NO,1 seña,NO,SI,Unimanual (tipo 0),L,Xt,Sin especificar,Sin especificar,Sin especificar,02541_dispararar.mp4,DISPARAR ARMA,test3,2,B1
FENASCOL III,LSC0,2542,MATAR-CUCHILLO,VERBO,Provocar la muerte a alguien empleando un arma blanca (cuchillo). (RAE),NO,1 seña,NO,SI,Asimétrica (tipo III),S,Bl,Sin especificar,Sin especificar,Sin especificar,02542_matarcuchi.mp4,MATAR CUCHILLO,test1,71,A2
FENASCOL III,LSC0,2543,MATAR-GENERAL,VERBO,Acción genérica de quitar la vida a un ser vivo. (RAE),NO,1 seña,SI,SI,Asimétrica (tipo III),B,P,Sin especificar,Sin especificar,Sin especificar,02543_matargener.mp4,MATAR GENERAL,test3,60,A1
FENASCOL III,LSC0,2544,AHORCAR-SOGA,VERBO,Privar de la vida a alguien ajusticiándolo con una soga al cuello. (RAE),SI,2 señas,NO,SI,Unimanual (tipo 0),S,Sin especificar,Sin especificar,Sin especificar,Sin especificar,02544_ahorcarsog.mp4,AHORCAR SOGA,test2,41,A1
UEB,LSC0,2545,AHORCAR-MANOS,VERBO,Variante gestual para la acción de estrangulamiento o ahorcamiento. (Generada Gemini),SI,2 señas,NO,SI,Simétrica (tipo I),C,Sin especificar,Sin especificar,Sin especificar,Sin especificar,02545_ahorcarman.mp4,AHORCAR MANOS,test1,72,A1
FENASCOL III,LSC1,2546,IGUANA,SUSTANTIVO,Gran reptil escamoso arborícola de América tropical con una cresta dorsal espinosa. (RAE),SI,2 señas,NO,SI,Unimanual (tipo 0),A,J,Sin especificar,Sin especificar,Sin especificar,02546_iguana.mp4,IGUANA,test1,21,B1
FENASCOL III,LSC1,2547,IMPUESTOS,SUSTANTIVO,Tributos obligatorios exigidos por el Estado para financiar los gastos públicos. (RAE),NO,1 seña,SI,SI,Asimétrica (tipo III),B,Xf,Sin especificar,Sin especificar,Sin especificar,02547_impuestos.mp4,IMPUESTOS,test4,14,B2
FENASCOL III,LSC1,2548,FUEGO,SUSTANTIVO,Calor y luz producidos por la combustión de materias inflamables. (RAE),NO,1 seña,NO,SI,Simétrica (tipo I),Jb,Sin especificar,Sin especificar,Sin especificar,Sin especificar,02548_fuego.mp4,FUEGO,test4,27,B1
FENASCOL III,LSC1,2549,INTEGRACIÓN,SUSTANTIVO,Acción y efecto de integrar o unificar partes en un todo. (RAE),NO,1 seña,NO,SI,Simétrica (tipo I),J,Sin especificar,Sin especificar,Sin especificar,Sin especificar,02549_integracio.mp4,INTEGRACION,test2,52,B2
FENASCOL III,LSC1,2550,INTERESES,SUSTANTIVO,Valor acumulado por el uso de capital prestado o rédito financiero. (RAE),NO,1 seña,SI,SI,Simétrica (tipo I),H,Sin especificar,Sin especificar,Sin especificar,Sin especificar,02550_intereses.mp4,INTERESES,test4,14,B2
FENASCOL III,LSC1,2551,JABON DE ROPA,SUSTANTIVO,Detergente o jabón sólido/líquido destinado al lavado de prendas textiles. (RAE),SI,2 señas,NO,SI,Asimétrica (tipo III),Gl,B,Sin especificar,Sin especificar,Sin especificar,02551_jabonderop.mp4,JABON DE ROPA,test2,59,B1
FENASCOL III,LSC1,2552,JARDÍN INFANTIL,SUSTANTIVO,Institución educativa para la enseñanza preescolar de niños pequeños. (RAE),NO,1 seña,NO,SI,Asimétrica (tipo III),Qf,XXe,Sin especificar,Sin especificar,Sin especificar,02552_jardininfa.mp4,JARDIN INFANTIL,test2,85,B1
FENASCOL III,LSC0,2553,JUSTO,ADJETIVO,"Que obra con justicia, equidad y razón. (RAE)",NO,1 seña,NO,SI,Simétrica (tipo I),Tb,Sin especificar,Sin especificar,Sin especificar,Sin especificar,02553_justo.mp4,JUSTO,test3,83,A1
UEB,LSC0,2554,INJUSTO,ADJETIVO,"Falto de justicia, equidad o razón; arbitrario. (RAE)",NO,1 seña,NO,SI,Simétrica (tipo I),Ok,Sin especificar,Sin especificar,Sin especificar,Sin especificar,02554_injusto.mp4,INJUSTO,test1,37,A1
FENASCOL III,LSC0,2555,PROMETER,VERBO,Obligarse uno mismo a hacer o dar algo mediante promesa formal. (RAE),NO,1 seña,NO,SI,Semi-simétrica (tipo II),B,Sin especificar,Sin especificar,Sin especificar,Sin especificar,02555_prometer.mp4,PROMETER,test4,68,A2
FENASCOL III,LSC0,2556,JURAR,VERBO,Afirmar o negar algo poniendo a Dios o algo sagrado por testigo. (RAE),SI,2 señas,NO,SI,Unimanual en contacto (tipo X),T,Sin especificar,Sin especificar,Sin especificar,Sin especificar,02556_jurar.mp4,JURAR,test1,2,A1
FENASCOL III,LSC1,2557,KUMIS,SUSTANTIVO,Bebida láctea fermentada de sabor ácido tradicional. (RAE),NO,1 seña,NO,SI,Unimanual (tipo 0),K,Sin especificar,Sin especificar,Sin especificar,Sin especificar,02557_kumis.mp4,KUMIS,test1,95,B2
UEB,LSC1,2558,PELO-LACIO,SUSTANTIVO,"Cabello liso, sin rizos ni ondas. (Generada Gemini)",SI,2 señas,NO,SI,Unimanual en contacto (tipo X),Ok,B,Sin especificar,Sin especificar,Sin especificar,02558_pelolacio.mp4,PELO LACIO,test4,74,B1
FENASCOL III,LSC1,2559,LAVARSE-MANOS,VERBO,Acción de asear las manos usando agua y jabón. (RAE),NO,1 seña,NO,SI,Simétrica (tipo I),C,Sin especificar,Sin especificar,Sin especificar,Sin especificar,02559_lavarseman.mp4,LAVARSE MANOS,test2,10,B1
FENASCOL III,LSC1,2560,LAVAR-PLATOS,VERBO,Acción de limpiar los utensilios de cocina y vajilla usados al comer. (RAE),NO,1 seña,NO,SI,Simétrica (tipo I),Bl,Sin especificar,Sin especificar,Sin especificar,Sin especificar,02560_lavarplato.mp4,LAVAR PLATOS,test2,18,B1
FENASCOL III,LSC1,2561,LAZO-SALTAR,VERBO,Cuerda o soga ligera empleada como juego o ejercicio físico para saltar. (RAE),NO,1 seña,NO,SI,Simétrica (tipo I),Xf,Sin especificar,Sin especificar,Sin especificar,Sin especificar,02561_lazosaltar.mp4,LAZO SALTAR,test4,64,B1
FENASCOL III,LSC1,2562,LECHE EN POLVO,SUSTANTIVO,Leche deshidratada en polvo obtenida por evaporación. (RAE),NO,1 seña,SI,SI,Unimanual en contacto (tipo X),A,Sin especificar,Sin especificar,Sin especificar,Sin especificar,02562_lecheenpol.mp4,LECHE EN POLVO,test2,10,B1
FENASCOL III,LSC0,2563,LENTO-TORTUGA,ADJETIVO,Metáfora gestual que compara la lentitud de movimiento con una tortuga. (Generada Gemini),NO,1 seña,NO,SI,Asimétrica (tipo III),A,C,Sin especificar,Sin especificar,Sin especificar,02563_lentotortu.mp4,LENTO TORTUGA,test2,85,A2
FENASCOL III,LSC0,2564,LENTO-PALMA,ADJETIVO,Variante de seña para indicar velocidad reducida o lentitud. (Generada Gemini),NO,1 seña,NO,SI,Simétrica (tipo I),Bl,Sin especificar,Sin especificar,Sin especificar,Sin especificar,02564_lentopalma.mp4,LENTO PALMA,test2,85,A2
FENASCOL III,LSC0,2565,TENER-EN-CUENTA-AMENAZA,VERBO,Considerar o advertir un riesgo o amenaza inminente. (Generada Gemini),SI,3 señas,NO,SI,Unimanual en contacto (tipo X),J,Ok,Bl,Sin especificar,Sin especificar,02565_tenerencue.mp4,TENER EN CUENTA AMENAZA,test4,47,A1
UEB,LSC0,2566,TENER-EN-CUENTA-GENERAL,FUNCION,"Considerar, valorar o tener presente un asunto o advertencia. (RAE)",SI,2 señas,NO,SI,Unimanual en contacto (tipo X),J,Ok,Sin especificar,Sin especificar,Sin especificar,02566_tenerencue.mp4,TENER EN CUENTA GENERAL,test4,20,A1
UEB,LSC0,2567,ESPERAR-PALMA-CONTINUO,VERBO,Acción prolongada de aguardar con la palma de la mano dispuesta. (Generada Gemini),NO,1 seña,NO,SI,Unimanual (tipo 0),Bl,Sin especificar,Sin especificar,Sin especificar,Sin especificar,02567_esperarpal.mp4,ESPERAR PALMA CONTINUO,test2,49,A1
UEB,LSC0,2568,ESPERAR-PALMA-DIMINUTIVO,VERBO,Acción breve o ligera de aguardar o esperar. (Generada Gemini),NO,1 seña,NO,SI,Unimanual (tipo 0),Bl,Sin especificar,Sin especificar,Sin especificar,Sin especificar,02568_esperarpal.mp4,ESPERAR PALMA DIMINUTIVO,test2,49,A1
UEB,LSC0,2569,ESPERAR-PALMA-IMPERATIVO,VERBO,Mandato o instrucción directa de aguardar o esperar. (Generada Gemini),NO,1 seña,NO,SI,Unimanual (tipo 0),Bl,Sin especificar,Sin especificar,Sin especificar,Sin especificar,02569_esperarpal.mp4,ESPERAR PALMA IMPERATIVO,test2,49,A1
UEB,LSC0,2570,PENSAR-CORREGIR,VERBO,Proceso cognitivo de rectificar o enmendar un pensamiento o error previo. (Generada Gemini),SI,2 señas,SI,SI,Asimétrica (tipo III),P,Bl,Xf,Sin especificar,Sin especificar,02570_pensarcorr.mp4,PENSAR CORREGIR,test1,36,A1
FENASCOL III,LSC1,2571,LOMBRIS,SUSTANTIVO,Lombriz; animal invertebrado de cuerpo anillado y alargado que vive en la tierra o agua. (RAE),NO,1 seña,NO,SI,Asimétrica (tipo III),Bl,Tf,Sin especificar,Sin especificar,Sin especificar,02571_lombris.mp4,LOMBRIS,test1,21,B2
UEB,LSC0,2572,LUGAR-L,SUSTANTIVO,Ubicación o espacio físico representado mediante configuración en L. (Generada Gemini),NO,1 seña,NO,SI,Simétrica (tipo I),L,Sin especificar,Sin especificar,Sin especificar,Sin especificar,02572_lugarl.mp4,LUGAR L,test3,13,A1
FENASCOL III,LSC0,2573,LUGAR-GENERAL,SUSTANTIVO,"Espacio genérico, sitio o localización indeterminada. (RAE)",NO,1 seña,NO,SI,Simétrica (tipo I),P,Sin especificar,Sin especificar,Sin especificar,Sin especificar,02573_lugargener.mp4,LUGAR GENERAL,test3,7,A2
FENASCOL III,LSC0,2574,LUJOSO,SUSTANTIVO,"Que tiene lujo, suntuosidad, gran coste o elegancia excesiva. (RAE)",NO,1 seña,SI,SI,Unimanual en contacto (tipo X),P,Sin especificar,Sin especificar,Sin especificar,Sin especificar,02574_lujoso.mp4,LUJOSO,test2,19,A2
FENASCOL III,LSC1,2575,LUJOSO-LUGAR,SUSTANTIVO,Espacio físico caracterizado por su suntuosidad y gran ostentación. (Generada Gemini),SI,2 señas,SI,SI,Asimétrica (tipo III),P,Gl,J,Sin especificar,Sin especificar,02575_lujosoluga.mp4,LUJOSO LUGAR,test3,70,B2
FENASCOL III,LSC1,2576,MACHETE,SUSTANTIVO,Herramienta de corte consistente en un cuchillo largo y ancho. (RAE),NO,1 seña,NO,SI,Unimanual (tipo 0),Bl,Sin especificar,Sin especificar,Sin especificar,Sin especificar,02576_machete.mp4,MACHETE,test1,12,B1
FENASCOL III,LSC1,2577,MADERA-PALO,SUSTANTIVO,Material leñoso obtenido del tronco de los árboles. (RAE),NO,1 seña,NO,SI,Unimanual (tipo 0),P,Sin especificar,Sin especificar,Sin especificar,Sin especificar,02577_maderapalo.mp4,MADERA PALO,test1,46,B1
FENASCOL III,LSC1,2578,MAESTRÍA,SUSTANTIVO,Estudios de posgrado posteriores al grado de licenciatura o pregrado. (RAE),NO,1 seña,NO,SI,Asimétrica (tipo III),L,We,Sin especificar,Sin especificar,Sin especificar,02578_maestria.mp4,MAESTRIA,test4,26,B2
FENASCOL III,LSC1,2579,MALETÍN 1,SUSTANTIVO,Bolso de mano o pequeño maletín rígido para transportar documentos u objetos. (RAE),NO,1 seña,NO,SI,Unimanual en contacto (tipo X),A,Sin especificar,Sin especificar,Sin especificar,Sin especificar,02579_maletin1.mp4,MALETIN 1,test2,72,B2
FENASCOL III,LSC1,2580,MALETÍN 2,SUSTANTIVO,Variante de seña para maletín o bolso portafolios. (Generada Gemini),NO,1 seña,NO,SI,Unimanual (tipo 0),S,Sin especificar,Sin especificar,Sin especificar,Sin especificar,02580_maletin2.mp4,MALETIN 2,test2,47,B2
FENASCOL III,LSC1,2581,MALTEADA,SUSTANTIVO,Bebida espumosa elaborada a base de leche batida y helado. (RAE),SI,2 señas,NO,SI,Asimétrica (tipo III),C,Q,Ok,Sin especificar,Sin especificar,02581_malteada.mp4,MALTEADA,test3,78,B1
FENASCOL III,LSC1,2582,MANSO,SUSTANTIVO,"Dócil, apacible, tranquilo y de noble condición. (RAE)",NO,1 seña,NO,SI,Asimétrica (tipo III),B,Qf,Sin especificar,Sin especificar,Sin especificar,02582_manso.mp4,MANSO,test1,28,B2
FENASCOL III,LSC1,2583,MARACUYA,SUSTANTIVO,"Fruto tropical comestible de la pasionaria, de pulpa jugosa y ácida (maracuyá). (RAE)",NO,1 seña,NO,SI,Simétrica (tipo I),Gl,Sin especificar,Sin especificar,Sin especificar,Sin especificar,02583_maracuya.mp4,MARACUYA,test2,49,B1
FENASCOL III,LSC1,2584,MARIHUANA,SUSTANTIVO,Sustancia estupefaciente obtenida de los cogollos de la planta Cannabis sativa. (RAE),NO,1 seña,NO,SI,Unimanual en contacto (tipo X),Ok,Sin especificar,Sin especificar,Sin especificar,Sin especificar,02584_marihuana.mp4,MARIHUANA,test3,19,B1
FENASCOL III,LSC1,2585,MASATO,SUSTANTIVO,"Bebida fermentada tradicional a base de maíz, arroz o yuca dulce. (RAE)",NO,1 seña,NO,SI,Asimétrica (tipo III),Qf,S,Sin especificar,Sin especificar,Sin especificar,02585_masato.mp4,MASATO,test1,16,B1
FENASCOL III,LSC0,2586,ME-CONTARON-POR-AHÍ,VERBO,Recibir información o chisme a través de rumores o fuentes indirectas. (Generada Gemini),NO,1 seña,NO,SI,Simétrica (tipo I),Bl,Sin especificar,Sin especificar,Sin especificar,Sin especificar,02586_mecontaron.mp4,ME CONTARON POR AHI,test4,3,A1
UEB,LSC0,2587,ME-ENTERE-OIDO,VERBO,Acción de enterarse o enterarse de algo mediante la percepción auditiva o chismes. (Generada Gemini),NO,1 seña,NO,SI,Unimanual en contacto (tipo X),J,P,Sin especificar,Sin especificar,Sin especificar,02587_meentereoi.mp4,ME ENTERE OIDO,test3,31,A1
FENASCOL III,LSC0,2588,ME-ENTERE-OJO,VERBO,Acción de percatarse o enterarse de un suceso mediante la observación visual directa. (Generada Gemini),NO,1 seña,NO,SI,Unimanual en contacto (tipo X),J,P,Sin especificar,Sin especificar,Sin especificar,02588_meentereoj.mp4,ME ENTERE OJO,test3,31,A1
UEB,LSC0,2589,MEMORIA 1,SUSTANTIVO,Facultad psíquica para retener y recordar información o recuerdos. (RAE),NO,1 seña,NO,SI,Unimanual en contacto (tipo X),X,Sin especificar,Sin especificar,Sin especificar,Sin especificar,02589_memoria1.mp4,MEMORIA 1,test4,89,A1
FENASCOL III,LSC0,2590,MEMORIA 2,SUSTANTIVO,"Variante de seña para recuerdo, memoria o dispositivo de almacenamiento digital. (Generada Gemini)",NO,1 seña,NO,SI,Unimanual en contacto (tipo X),Ma,Sin especificar,Sin especificar,Sin especificar,Sin especificar,02590_memoria2.mp4,MEMORIA 2,test1,69,A2
FENASCOL III,LSC1,2591,MÓDULOS,SUSTANTIVO,Unidades independientes o secciones estructurales de un programa o sistema. (RAE),NO,1 seña,SI,SI,Asimétrica (tipo III),B,C,Sin especificar,Sin especificar,Sin especificar,02591_modulos.mp4,MODULOS,test3,76,B1
FENASCOL III,LSC1,2592,MOLDE 1,SUSTANTIVO,Pieza o matriz hueca usada para dar forma a una materia. (RAE),SI,2 señas,SI,SI,Asimétrica (tipo III),Xe,Gl,Sin especificar,Sin especificar,Sin especificar,02592_molde1.mp4,MOLDE 1,test1,17,B2
FENASCOL III,LSC1,2593,MOLDE 2,SUSTANTIVO,Variante de seña para molde o patrón de fundición/modelado. (Generada Gemini),SI,2 señas,NO,SI,Asimétrica (tipo III),O,Gl,Sin especificar,Sin especificar,Sin especificar,02593_molde2.mp4,MOLDE 2,test3,15,B2
FENASCOL III,LSC1,2594,MONEDA,SUSTANTIVO,Pieza metálica acuñada usada como medio legal de pago. (RAE),NO,1 seña,NO,SI,Unimanual (tipo 0),Ok,Sin especificar,Sin especificar,Sin especificar,Sin especificar,02594_moneda.mp4,MONEDA,test4,14,B2
FENASCOL III,LSC1,2595,MORENA,SUSTANTIVO,Persona de piel de tez tostada o trigueña. (RAE),NO,1 seña,SI,SI,Unimanual en contacto (tipo X),N,Sin especificar,Sin especificar,Sin especificar,Sin especificar,02595_morena.mp4,MORENA,test4,60,B1
FENASCOL III,LSC1,2596,MOTOR,SUSTANTIVO,Máquina capaz de transformar energía en trabajo mecánico o movimiento. (RAE),NO,1 seña,SI,SI,Semi-simétrica (tipo II),S,Sin especificar,Sin especificar,Sin especificar,Sin especificar,02596_motor.mp4,MOTOR,test4,61,B1
FENASCOL III,LSC1,2597,MURCIÉLAGO,SUSTANTIVO,Mamífero volador nocturno dotado de alas membranosas. (RAE),SI,2 señas,NO,SI,Simétrica (tipo I),Xe,X,Sin especificar,Sin especificar,Sin especificar,02597_murcielago.mp4,MURCIELAGO,test4,60,B1
FENASCOL III,LSC1,2598,NAVAJA,SUSTANTIVO,Cuchillo de hoja plegable que se guarda dentro del mango. (RAE),NO,1 seña,NO,SI,Simétrica (tipo I),Xt,Sin especificar,Sin especificar,Sin especificar,Sin especificar,02598_navaja.mp4,NAVAJA,test3,86,B2
FENASCOL III,LSC1,2599,NIEVE,SUSTANTIVO,Agua congelada cristalizada que cae de las nubes en forma de copos blancos. (RAE),NO,1 seña,NO,SI,Simétrica (tipo I),J,Sin especificar,Sin especificar,Sin especificar,Sin especificar,02599_nieve.mp4,NIEVE,test2,37,B1
FENASCOL III,LSC0,2600,DISGUSTO-PECHO-CIRCULO,ADJETIVO,"Sensación de malestar emocional, frustración o dolor expresada en el pecho. (Generada Gemini)",NO,1 seña,SI,SI,Unimanual en contacto (tipo X),J,Sin especificar,Sin especificar,Sin especificar,Sin especificar,02600_disgustope.mp4,DISGUSTO PECHO CIRCULO,test4,10,A2
FENASCOL III,LSC0,2601,NO SENTIR PENA 1,ADJETIVO,"Ausencia de vergüenza, remordimiento o timidez ante una situación. (RAE)",NO,1 seña,SI,SI,Simétrica (tipo I),P,Sin especificar,Sin especificar,Sin especificar,Sin especificar,02601_nosentirpe.mp4,NO SENTIR PENA 1,test4,10,A2
FENASCOL III,LSC0,2602,NO SENTIR PENA 2,ADJETIVO,Variante de seña para carecer de pena o desparpajo. (Generada Gemini),NO,1 seña,SI,SI,Simétrica (tipo I),Je,Sin especificar,Sin especificar,Sin especificar,Sin especificar,02602_nosentirpe.mp4,NO SENTIR PENA 2,test2,6,A2
FENASCOL III,LSC0,2603,NO SER CAPAZ-M,ADJETIVO,"Incapacidad física, mental o emocional para realizar una tarea. (Generada Gemini)",NO,1 seña,SI,SI,Simétrica (tipo I),J,Sin especificar,Sin especificar,Sin especificar,Sin especificar,02603_nosercapaz.mp4,NO SER CAPAZ M,test4,56,A2
FENASCOL III,LSC1,2604,PELO-ONDULADO,SUSTANTIVO,Cabello que presenta ondas suaves y flexibles. (Generada Gemini),SI,2 señas,NO,SI,Unimanual en contacto (tipo X),P,Sin especificar,Sin especificar,Sin especificar,Sin especificar,02604_peloondula.mp4,PELO ONDULADO,test3,70,B2
FENASCOL III,LSC1,2605,MEDIOCRE,ADJETIVO,"De calidad media baja, escaso mérito o escasa competencia. (RAE)",NO,1 seña,SI,SI,Unimanual (tipo 0),J,Sin especificar,Sin especificar,Sin especificar,Sin especificar,02605_mediocre.mp4,MEDIOCRE,test1,94,B2
FENASCOL III,LSC1,2606,PALOMA,SUSTANTIVO,"Ave columbriforme de cabeza pequeña, pico corto y vuelo ágil. (RAE)",SI,2 señas,SI,SI,Asimétrica (tipo III),Lc,Pc,Bl,Pc,Sin especificar,02606_paloma.mp4,PALOMA,test3,7,B1
FENASCOL III,LSC1,2607,PALOMITAS DE MAÍZ 1,SUSTANTIVO,Granos de maíz tostados que estallan al calor (crispetas/pajitas). (RAE),NO,1 seña,SI,SI,Asimétrica (tipo III),Bl,Gl,G,Sin especificar,Sin especificar,02607_palomitasd.mp4,PALOMITAS DE MAIZ 1,test4,40,B1
FENASCOL III,LSC1,2608,PALOMITAS DE MAÍZ 2,SUSTANTIVO,Variante de seña para el maíz soplado o crispetas. (Generada Gemini),NO,1 seña,SI,SI,Asimétrica (tipo III),Bl,Gl,G,Sin especificar,Sin especificar,02608_palomitasd.mp4,PALOMITAS DE MAIZ 2,test4,40,B1
FENASCOL III,LSC1,2609,PAÑUELO FACIAL,SUSTANTIVO,Pañuelo de papel desechable empleado para la higiene del rostro. (RAE),SI,2 señas,SI,SI,Compuestas (tipo C),O,Ok,Bl,Sin especificar,Sin especificar,02609_pañuelofa.mp4,PANUELO FACIAL,test3,29,B1
FENASCOL III,LSC1,2610,PAPAS-FRANCESAS-1,SUSTANTIVO,Bastones de papa fritos en aceite caliente. (RAE),SI,2 señas,SI,SI,Asimétrica (tipo III),S,XX,Je,B,Sin especificar,02610_papasfranc.mp4,PAPAS FRANCESAS 1,test3,86,B2
UEB,LSC1,2611,PAPAS-FRANCESAS-2,SUSTANTIVO,Variante de seña para las papas a la francesa. (Generada Gemini),SI,2 señas,SI,SI,Compuestas (tipo C),S,XX,Je,Sin especificar,Sin especificar,02611_papasfranc.mp4,PAPAS FRANCESAS 2,test2,47,B2
FENASCOL III,LSC1,2612,PAPAS FRITAS,SUSTANTIVO,Rodajas de papa finas crujientes fritas en aceite. (RAE),SI,2 señas,SI,SI,Asimétrica (tipo III),S,XX,C,Ta,Sin especificar,02612_papasfrita.mp4,PAPAS FRITAS,test2,18,B1
FENASCOL III,LSC1,2613,PAPAYUELA,SUSTANTIVO,"Fruta de la familia de las caricáceas, pariente de la papaya, usada en postres. (RAE)",SI,2 señas,NO,SI,Simétrica (tipo I),Jc,Qe,Sin especificar,Sin especificar,Sin especificar,02613_papayuela.mp4,PAPAYUELA,test2,17,B1
UEB,LSC1,2614,OLLA A PRESIÓN,SUSTANTIVO,Recipiente hermético para cocinar alimentos con vapor a alta presión. (RAE),SI,2 señas,NO,SI,Compuestas (tipo C),Xf,P,Jc,Sin especificar,Sin especificar,02614_ollaapresi.mp4,OLLA A PRESION,test2,26,B1
FENASCOL III,LSC1,2615,PAPEL 1,SUSTANTIVO,Hoja delgada hecha con fibras de celulosa. (RAE),NO,1 seña,SI,SI,Semi-simétrica (tipo II),Bl,Sin especificar,Sin especificar,Sin especificar,Sin especificar,02615_papel1.mp4,PAPEL 1,test4,9,B2
FENASCOL III,LSC1,2616,PAPEL 2,SUSTANTIVO,Variante de seña para pliego u hoja de papel. (Generada Gemini),NO,1 seña,SI,SI,Asimétrica (tipo III),Bl,Nc,No,Sin especificar,Sin especificar,02616_papel2.mp4,PAPEL 2,test1,66,B2
FENASCOL III,LSC1,2617,PAPEL BOND CARTA,SUSTANTIVO,Papel de alta calidad de formato estándar carta (21.6 x 27.9 cm). (Generada Gemini),SI,2 señas,SI,SI,Compuestas (tipo C),Ok,Bl,Sin especificar,Sin especificar,Sin especificar,02617_papelbondc.mp4,PAPEL BOND CARTA,test1,66,B2
FENASCOL III,LSC1,2618,PAPEL BOND OFICIO,SUSTANTIVO,Papel de alta calidad de formato largo oficio (21.6 x 35.6 cm). (Generada Gemini),SI,2 señas,SI,SI,Compuestas (tipo C),Ok,Bl,Sin especificar,Sin especificar,Sin especificar,02618_papelbondo.mp4,PAPEL BOND OFICIO,test1,66,B2
FENASCOL III,LSC1,2619,PARA MIS ADENTROS,VERBO,Reflexión o pensamiento íntimo que se guarda en privado. (RAE),NO,1 seña,SI,SI,Unimanual en contacto (tipo X),N,Sin especificar,Sin especificar,Sin especificar,Sin especificar,02619_paramisade.mp4,PARA MIS ADENTROS,test3,82,B2
FENASCOL III,LSC1,2620,PAVO-NEGRO,SUSTANTIVO,Ave gallinácea grande de plumaje oscuro (pavo común). (RAE),SI,2 señas,NO,SI,Asimétrica (tipo III),Je,Tc,Sin especificar,Sin especificar,Sin especificar,02620_pavonegro.mp4,PAVO NEGRO,test4,60,B1
FENASCOL III,LSC0,2621,A-PACES,SUSTANTIVO,"En abundancia, de manera desahogada o en gran cantidad. (RAE)",NO,1 seña,SI,SI,Semi-simétrica (tipo II),J,Sin especificar,Sin especificar,Sin especificar,Sin especificar,02621_apaces.mp4,A PAZ,test2,56,A1
FENASCOL III,LSC1,2622,PEGANTE (BOXER),SUSTANTIVO,Adhesivo sintético de contacto de uso industrial y zapatero (bóxer). (Generada Gemini),SI,2 señas,SI,SI,Compuestas (tipo C),Ta,Tb,O,Sin especificar,Sin especificar,02622_pegantebox.mp4,PEGANTE BOXER,test4,88,B1
FENASCOL III,LSC0,2623,PENSAR MAL DE ALGO O ALGUIEN,VERBO,"Desconfiar, sospechar o atribuir malas intenciones a alguien. (RAE)",SI,2 señas,NO,SI,Unimanual en contacto (tipo X),P,Bl,Sin especificar,Sin especificar,Sin especificar,02623_pensarmald.mp4,PENSAR MAL DE ALGO O ALGUIEN,test1,64,A1
FENASCOL III,LSC1,2624,PEPINO COHOMBRO,SUSTANTIVO,Hortaliza cilíndrica alargada de pulpa acuosa y piel verde (pepino). (RAE),SI,2 señas,NO,SI,Compuestas (tipo C),Sin especificar,Sin especificar,Sin especificar,Sin especificar,Sin especificar,02624_pepinocoho.mp4,PEPINO COHOMBRO,test2,23,B2
FENASCOL III,LSC1,2625,PESTAÑINA,SUSTANTIVO,"Cosmético empleado para maquillar, oscurecer y alargar las pestañas (rímel). (RAE)",NO,1 seña,NO,SI,Unimanual (tipo 0),P,Sin especificar,Sin especificar,Sin especificar,Sin especificar,02625_pestañina.mp4,PESTANINA,test4,69,B1
FENASCOL III,LSC1,2626,PIMIENTA,SUSTANTIVO,Especie picante obtenida de los frutos del pimentero. (RAE),NO,1 seña,NO,SI,Asimétrica (tipo III),O,G,Sin especificar,Sin especificar,Sin especificar,02626_pimienta.mp4,PIMIENTA,test2,54,B1
FENASCOL III,LSC1,2627,PIRAÑA,SUSTANTIVO,Pez carnívoro de agua dulce de los ríos de Sudamérica con dientes afilados. (RAE),SI,2 señas,NO,SI,Asimétrica (tipo III),Be,C,O,Sin especificar,Sin especificar,02627_piraña.mp4,PIRANA,test3,52,B1
FENASCOL III,LSC1,2628,PISO,SUSTANTIVO,Superficie inferior de una habitación o suelo de un edificio. (RAE),NO,1 seña,NO,SI,Unimanual (tipo 0),Bl,Sin especificar,Sin especificar,Sin especificar,Sin especificar,02628_piso.mp4,PISO,test3,36,B2
FENASCOL III,LSC1,2629,PLATO DESHECHABLE,SUSTANTIVO,Vajilla ligera de un solo uso fabricada en cartón o plástico. (RAE),SI,2 señas,NO,SI,Simétrica (tipo I),Xc,Xf,Sin especificar,Sin especificar,Sin especificar,02629_platodesec.mp4,PLATO DESHECHABLE,test3,86,B1
FENASCOL III,LSC1,2630,PLAZO-CORTE,SUSTANTIVO,Fecha límite o término establecido para finalizar un plazo o pago. (RAE),NO,1 seña,SI,SI,Asimétrica (tipo III),Qf,Bl,Sin especificar,Sin especificar,Sin especificar,02630_plazocorte.mp4,PLAZO CORTE,test1,56,B1
FENASCOL III,LSC1,2631,PLAZO-CUOTAS,SUSTANTIVO,Fraccionamiento de un pago total en partes periódicas. (RAE),NO,1 seña,SI,SI,Unimanual (tipo 0),Xt,Sin especificar,Sin especificar,Sin especificar,Sin especificar,02631_plazocuota.mp4,PLAZO CUOTAS,test1,56,B1
FENASCOL III,LSC1,2632,PLOMADA,SUSTANTIVO,Pesa de plomo suspendida de una cuerda para comprobar la verticalidad. (RAE),SI,2 señas,SI,SI,Compuestas (tipo C),Okp,C,Sin especificar,Sin especificar,Sin especificar,02632_plomada.mp4,PLOMADA,test1,46,B1
FENASCOL III,LSC0,2633,POBRECITO,ADJETIVO,Expresión de compasión o afecto hacia alguien en situación desfavorable. (RAE),NO,1 seña,SI,SI,Unimanual en contacto (tipo X),N,Sin especificar,Sin especificar,Sin especificar,Sin especificar,02633_pobrecito.mp4,POBRECITO,test3,57,A2
FENASCOL III,LSC1,2634,PODADORA DE ÁRBOLES,SUSTANTIVO,Herramienta o máquina destinada al corte y poda de ramas de árboles. (RAE),NO,1 seña,SI,SI,Simétrica (tipo I),S,Sin especificar,Sin especificar,Sin especificar,Sin especificar,02634_podadorade.mp4,PODADORA DE ARBOLES,test1,46,B1
FENASCOL III,LSC1,2635,PODADORA DE CÉSPED,SUSTANTIVO,Máquina empleada para cortar de forma uniforme el pasto o césped. (RAE),SI,2 señas,SI,SI,Compuestas (tipo C),P,S,Sin especificar,Sin especificar,Sin especificar,02635_podadorade.mp4,PODADORA DE CESPED,test3,57,B1
FENASCOL III,LSC1,2636,POLVO PARA EL CUERPO,SUSTANTIVO,Talco o polvo cosmético perfumado para la higiene corporal. (RAE),NO,1 seña,SI,SI,Unimanual (tipo 0),C,Sin especificar,Sin especificar,Sin especificar,Sin especificar,02636_polvoparae.mp4,POLVO PARA EL CUERPO,test3,29,B1
FENASCOL III,LSC1,2637,PONY MALTA,SUSTANTIVO,Bebida colombiana no alcohólica a base de malta de cebada. (Generada Gemini),SI,2 señas,SI,SI,Asimétrica (tipo III),Y,H,Za,Sin especificar,Sin especificar,02637_ponymalta.mp4,PONY MALTA,test4,1,B1
FENASCOL III,LSC1,2638,PORCENTAJE,SUSTANTIVO,Cantidad o proporción representada en tanto por ciento. (RAE),NO,1 seña,NO,SI,Unimanual (tipo 0),Ok,Sin especificar,Sin especificar,Sin especificar,Sin especificar,02638_porcentaje.mp4,PORCENTAJE,test1,94,B2
FENASCOL III,LSC1,2639,POSGRADO,SUSTANTIVO,Estudios universitarios posteriores al título de grado o licenciatura. (RAE),NO,1 seña,SI,SI,Simétrica (tipo I),L,Sin especificar,Sin especificar,Sin especificar,Sin especificar,02639_posgrado.mp4,POSGRADO,test4,26,B2
FENASCOL III,LSC1,2640,POSTRE,SUSTANTIVO,Plato dulce que se toma al final de la comida. (RAE),SI,2 señas,NO,SI,Asimétrica (tipo III),H,Bl,C,Sin especificar,Sin especificar,02640_postre.mp4,POSTRE,test2,18,B1
FENASCOL III,LSC0,2641,ME-PRESTAS,VERBO,Solicitud directa para que el interlocutor ceda temporalmente un objeto. (Generada Gemini),NO,1 seña,NO,SI,Simétrica (tipo I),Za,Sin especificar,Sin especificar,Sin especificar,Sin especificar,02641_meprestas.mp4,ME PRESTAS,test1,51,A1
FENASCOL III,LSC0,2642,TE-PRESTO,VERBO,Ofrecimiento de ceder temporalmente un objeto o bien al interlocutor. (Generada Gemini),NO,1 seña,NO,SI,Simétrica (tipo I),Za,Sin especificar,Sin especificar,Sin especificar,Sin especificar,02642_tepresto.mp4,TE PRESTO,test1,51,A1
FENASCOL III,LSC0,2643,LE-PRESTAS,VERBO,Acción de ceder temporalmente un objeto a un tercero. (Generada Gemini),NO,1 seña,NO,SI,Simétrica (tipo I),Za,Sin especificar,Sin especificar,Sin especificar,Sin especificar,02643_leprestas.mp4,LE PRESTAS,test1,51,A1
FENASCOL III,LSC1,2644,PROCESO,SUSTANTIVO,Conjunto de fases sucesivas de un fenómeno o trámite operativo. (RAE),NO,1 seña,NO,SI,Semi-simétrica (tipo II),Bl,Sin especificar,Sin especificar,Sin especificar,Sin especificar,02644_proceso.mp4,PROCESO,test2,52,B2
FENASCOL III,LSC1,2645,PROMOCIÓN,SUSTANTIVO,"Acción de promover, impulsar un producto, o ascenso de categoría. (RAE)",SI,2 señas,SI,SI,Compuestas (tipo C),Xf,Bl,Bc,Sin especificar,Sin especificar,02645_promocion.mp4,PROMOCION,test4,25,B2
FENASCOL III,LSC1,2646,PROPAGANDA,SUSTANTIVO,Difusión de ideas o publicidad comercial para influir en el público. (RAE),NO,1 seña,SI,SI,Simétrica (tipo I),Xf,Sin especificar,Sin especificar,Sin especificar,Sin especificar,02646_propaganda.mp4,PROPAGANDA,test1,18,B2
FENASCOL III,LSC0,2647,PROBAR,VERBO,Hacer prueba o examinar las cualidades de algo. (RAE),NO,1 seña,NO,SI,Unimanual (tipo 0),Bl,Sin especificar,Sin especificar,Sin especificar,Sin especificar,02647_probar.mp4,PROBAR,test4,20,A1
FENASCOL III,LSC1,2648,PÚBLICO 1,VERBO,Conjunto de personas reunidas en un lugar o destinatarias de un servicio. (RAE),NO,1 seña,SI,SI,Simétrica (tipo I),K,Sin especificar,Sin especificar,Sin especificar,Sin especificar,02648_publico1.mp4,PUBLICO 1,test1,28,B2
UEB,LSC1,2649,PÚBLICO 2,VERBO,Variante de seña para colectividad o audiencia pública. (Generada Gemini),NO,1 seña,SI,SI,Simétrica (tipo I),Qe,J,Sin especificar,Sin especificar,Sin especificar,02649_publico2.mp4,PUBLICO 2,test2,47,B2
FENASCOL III,LSC1,2650,PUERTO,SUSTANTIVO,Lugar en la costa o ribera acondicionado para el atracaje de embarcaciones. (RAE),NO,1 seña,SI,SI,Simétrica (tipo I),B,Sin especificar,Sin especificar,Sin especificar,Sin especificar,02650_puerto.mp4,PUERTO,test3,81,B1
FENASCOL III,LSC1,2651,PUNTILLA,SUSTANTIVO,Clavo pequeño de cabeza plana usado en carpintería y construcción. (RAE),SI,2 señas,NO,SI,Asimétrica (tipo III),Sin especificar,Xt,Pc,Sin especificar,Sin especificar,02651_puntilla.mp4,PUNTILLA,test1,17,B2
FENASCOL III,LSC0,2652,QUEDARSE SORDO,SUSTANTIVO,Pérdida sobrevenida o total de la capacidad auditiva. (Generada Gemini),NO,1 seña,NO,SI,Simétrica (tipo I),J,Qe,Sin especificar,Sin especificar,Sin especificar,02652_quedarseso.mp4,QUEDARSE SORDO,test3,55,A2
FENASCOL III,LSC0,2653,QUEJA 1,SUSTANTIVO,"Expresión de dolor, disgusto, inconformidad o pena. (RAE)",NO,1 seña,SI,SI,Unimanual en contacto (tipo X),Gl,Sin especificar,Sin especificar,Sin especificar,Sin especificar,02653_queja1.mp4,QUEJA 1,test1,0,A1
UEB,LSC0,2654,QUEJA 2,SUSTANTIVO,Variante de seña para manifestación de queja o reclamo. (Generada Gemini),NO,1 seña,SI,SI,Unimanual en contacto (tipo X),Ok,Sin especificar,Sin especificar,Sin especificar,Sin especificar,02654_queja2.mp4,QUEJA 2,test2,6,A2
FENASCOL III,LSC1,2655,RECIBO,SUSTANTIVO,"Documento en que se attesta o declara haber recibido dinero, mercancías o documentos. (RAE)",SI,2 señas,SI,SI,Compuestas (tipo C),L,Pc,Bl,Ql,Sin especificar,02655_recibo.mp4,RECIBO,test4,14,B2
FENASCOL III,LSC1,2656,PLÁSTICO 2,SUSTANTIVO,Variante morfológica o de seña para material plástico. (Generada Gemini),NO,1 seña,NO,SI,Semi-simétrica (tipo II),Ob,Sin especificar,Sin especificar,Sin especificar,Sin especificar,02656_plastico2.mp4,PLASTICO 2,test3,15,B2
FENASCOL III,LSC1,2657,RECTOR,SUSTANTIVO,Persona que dirige y gobierna una universidad o centro educativo superior. (RAE),NO,1 seña,NO,SI,Asimétrica (tipo III),Bl,A,Sin especificar,Sin especificar,Sin especificar,02657_rector.mp4,RECTOR,test3,22,B1
FENASCOL III,LSC1,2658,REFAJO,SUSTANTIVO,Bebida colombiana tradicional elaborada con cerveza y gaseosa de kola. (RAE),NO,1 seña,NO,SI,Simétrica (tipo I),A,Sin especificar,Sin especificar,Sin especificar,Sin especificar,02658_refajo.mp4,REFAJO,test3,7,B2
FENASCOL III,LSC1,2659,REFRIGERIO,SUSTANTIVO,Comida ligera que se toma para reparar las fuerzas. (RAE),SI,2 señas,NO,SI,Asimétrica (tipo III),Y,Qe,Sin especificar,Sin especificar,Sin especificar,02659_refrigerio.mp4,REFRIGERIO,test3,23,B1
FENASCOL III,LSC1,2660,REMOLINO-AGUA,SUSTANTIVO,Movimiento giratorio rápido de las aguas en remolino o vórtice. (RAE),NO,1 seña,NO,SI,Unimanual (tipo 0),P,Sin especificar,Sin especificar,Sin especificar,Sin especificar,02660_remolinoag.mp4,REMOLINO AGUA,test1,77,B1
FENASCOL III,LSC1,2661,REMOLINO-VIENTO,SUSTANTIVO,Torbellino o corriente de aire en forma de espiral. (RAE),NO,1 seña,NO,SI,Simétrica (tipo I),P,Sin especificar,Sin especificar,Sin especificar,Sin especificar,02661_remolinovi.mp4,REMOLINO VIENTO,test3,70,B2
FENASCOL III,LSC1,2662,REPARTIR-HOJAS,VERBO,Acción de distribuir o repartir pliegues u hojas de papel. (Generada Gemini),NO,1 seña,NO,SI,Semi-simétrica (tipo II),Xt,Sin especificar,Sin especificar,Sin especificar,Sin especificar,02662_repartirho.mp4,REPARTIR HOJAS,test1,66,B2
FENASCOL III,LSC1,2663,PELO-RIZADO,SUSTANTIVO,Cabello que presenta rizos u ondas pronunciadas. (Generada Gemini),NO,1 seña,NO,SI,Simétrica (tipo I),P,Sin especificar,Sin especificar,Sin especificar,Sin especificar,02663_pelorizado.mp4,PELO RIZADO,test3,70,B2
FENASCOL III,LSC1,2664,RON,SUSTANTIVO,Bebida alcohólica destilada que se obtiene a partir de la caña de azúcar. (RAE),NO,1 seña,SI,SI,Unimanual en contacto (tipo X),Hl,Sin especificar,Sin especificar,Sin especificar,Sin especificar,02664_ron.mp4,RON,test3,7,B2
FENASCOL III,LSC1,2665,SALA DE VELACIÓN,SUSTANTIVO,Establecimiento o recinto acondicionado para velar a los difuntos antes de su sepultura. (RAE),SI,2 señas,NO,SI,Simétrica (tipo I),B,P,Sin especificar,Sin especificar,Sin especificar,02665_saladevela.mp4,SALA DE VELACION,test3,23,B1
FENASCOL III,LSC1,2666,SALDO,SUSTANTIVO,"Diferencia entre el debe y el haber en una cuenta, o remanente. (RAE)",SI,2 señas,NO,SI,Asimétrica (tipo III),Qe,Y,Sin especificar,Sin especificar,Sin especificar,02666_saldo.mp4,SALDO,test4,14,B2
FENASCOL III,LSC1,2667,SALSA,SUSTANTIVO,Preparación culinaria líquida o espesa para acompañar alimentos / Género musical caribeño. (RAE),NO,1 seña,NO,SI,Semi-simétrica (tipo II),Bl,C,Sin especificar,Sin especificar,Sin especificar,02667_salsa.mp4,SALSA,test3,52,B1
FENASCOL III,LSC1,2668,SANCOCHO,SUSTANTIVO,"Sopa tradicional colombiana a base de carnes, plátano, yuca y mazorca. (RAE)",SI,2 señas,NO,SI,Semi-simétrica (tipo II),Bl,O,C,Sin especificar,Sin especificar,02668_sancocho.mp4,SANCOCHO,test3,52,B1
FENASCOL III,LSC1,2669,SECUESTRO,VERBO,Acción de retener ilegalmente a una persona para exigir rescate. (RAE),SI,2 señas,NO,SI,Semi-simétrica (tipo II),Ql,Sin especificar,Sin especificar,Sin especificar,Sin especificar,02669_secuestro.mp4,SECUESTRO,test4,22,B2
FENASCOL III,LSC1,2670,SELLO,SUSTANTIVO,Timbre o cuño empleado para estampar marcas oficiales en documentos. (RAE),NO,1 seña,NO,SI,Asimétrica (tipo III),Bl,S,Sin especificar,Sin especificar,Sin especificar,02670_sello.mp4,SELLO,test1,18,B2
FENASCOL III,LSC0,2671,APROPIADO,ADJETIVO,"Adecuado, oportuno o conveniente para un fin. (RAE)",NO,1 seña,SI,SI,Semi-simétrica (tipo II),N,Sin especificar,Sin especificar,Sin especificar,Sin especificar,02671_apropiado.mp4,APROPIADO,test1,55,A1
FENASCOL III,LSC0,2672,SER CONVINCENTE DE PALABRA,ADJETIVO,Facultad de persuadir o convencer mediante argumentos orales eficaces. (Generada Gemini),SI,2 señas,SI,SI,Compuestas (tipo C),P,Ok,Sin especificar,Sin especificar,Sin especificar,02672_serconvinc.mp4,SER CONVINCENTE DE PALABRA,test1,51,A1
FENASCOL III,LSC1,2673,SERVICIOS,SUSTANTIVO,Prestaciones de utilidad pública o servicios básicos domiciliarios. (RAE),NO,1 seña,SI,SI,Semi-simétrica (tipo II),Bl,Sin especificar,Sin especificar,Sin especificar,Sin especificar,02673_servicios.mp4,SERVICIOS,test4,14,B2
FENASCOL III,LSC1,2674,SIERRA ELÉCTRICA,SUSTANTIVO,Máquina cortadora provista de hoja dentada impulsada por un motor eléctrico. (RAE),SI,2 señas,SI,SI,Semi-simétrica (tipo II),S,Sin especificar,Sin especificar,Sin especificar,Sin especificar,02674_sierraelec.mp4,SIERRA ELECTRICA,test3,57,B1
FENASCOL III,LSC1,2675,SERRUCHO,SUSTANTIVO,Herramienta manual de corte provista de una hoja dentada metálica. (RAE),NO,1 seña,NO,SI,Semi-simétrica (tipo II),B,Sin especificar,Sin especificar,Sin especificar,Sin especificar,02675_serrucho.mp4,SERRUCHO,test3,86,B1
FENASCOL III,LSC0,2676,SIN NADA QUE HACER-ILY,VERBO,Expresión gestual o dactilológica (I Love You) de inactividad o tiempo libre. (Generada Gemini),NO,1 seña,SI,SI,Unimanual (tipo 0),Ul,Sin especificar,Sin especificar,Sin especificar,Sin especificar,02676_sinnadaque.mp4,SIN NADA QUE HACER ILY,test3,45,A2
FENASCOL III,LSC1,2677,SUICIDIO 1,VERBO,Acción de quitarse voluntariamente la propia vida. (RAE),SI,2 señas,SI,SI,Compuestas (tipo C),A,Al,S,Sin especificar,Sin especificar,02677_suicidio1.mp4,SUICIDIO 1,test3,92,B2
FENASCOL III,LSC1,2678,SUICIDIO 2,VERBO,Variante de seña para la acción autolítica o suicidio. (Generada Gemini),SI,2 señas,SI,SI,Compuestas (tipo C),A,P,Xe,Sin especificar,Sin especificar,02678_suicidio2.mp4,SUICIDIO 2,test3,92,B2
FENASCOL III,LSC1,2679,SUICIDIO 3,VERBO,Variante morfológica complementaria para suicidio. (Generada Gemini),SI,2 señas,SI,SI,Unimanual en contacto (tipo X),A,P,Sin especificar,Sin especificar,Sin especificar,02679_suicidio3.mp4,SUICIDIO 3,test3,92,B2
FENASCOL III,LSC0,2680,SUMISO-CALLADO,ADJETIVO,"Persona obediente, silenciosa y de carácter sumiso. (RAE)",SI,2 señas,SI,SI,Asimétrica (tipo III),P,C,B,Sin especificar,Sin especificar,02680_sumisocall.mp4,SUMISO CALLADO,test2,44,A1
UEB,LSC0,2681,SUMISO-OREJAS,ADJETIVO,Variante gestual corporal para denotar suma obediencia o docilidad. (Generada Gemini),NO,1 seña,SI,SI,Simétrica (tipo I),V,Z,Sin especificar,Sin especificar,Sin especificar,02681_sumisoorej.mp4,SUMISO OREJAS,test1,72,A1
FENASCOL III,LSC0,2682,SUSTO-PUÑO,SUSTANTIVO,Impresión repentina de miedo manifestada con gesto en el puño. (Generada Gemini),NO,1 seña,NO,SI,Unimanual en contacto (tipo X),S,Sin especificar,Sin especificar,Sin especificar,Sin especificar,02682_sustopuño.mp4,SUSTO PUNO,test4,47,A1
FENASCOL III,LSC1,2683,BAR,SUSTANTIVO,Establecimiento donde se sirven bebidas y aperitivos para consumir en el mismo lugar. (RAE),NO,1 seña,NO,SI,Asimétrica (tipo III),Be,A,Sin especificar,Sin especificar,Sin especificar,02683_bar.mp4,BAR,test1,55,B1
FENASCOL III,LSC1,2684,TAMAL 1,SUSTANTIVO,Plato tradicional de masa de maíz rellena de carnes y envuelta en hojas. (RAE),NO,1 seña,NO,SI,Asimétrica (tipo III),Jc,S,Sin especificar,Sin especificar,Sin especificar,02684_tamal1.mp4,TAMAL 1,test3,86,B2
FENASCOL III,LSC1,2685,TAMAL 2,SUSTANTIVO,Variante de seña para el tamal tradicional. (Generada Gemini),NO,1 seña,NO,SI,Semi-simétrica (tipo II),B,Sin especificar,Sin especificar,Sin especificar,Sin especificar,02685_tamal2.mp4,TAMAL 2,test2,47,B2
FENASCOL III,LSC1,2686,TAMARINDO,SUSTANTIVO,Árbol tropical y su fruto de pulpa ácida comestible. (RAE),NO,1 seña,NO,SI,Simétrica (tipo I),Pa,Pc,Sin especificar,Sin especificar,Sin especificar,02686_tamarindo.mp4,TAMARINDO,test2,49,B1
FENASCOL III,LSC1,2687,TAMPÓN,SUSTANTIVO,Cuerpo cilíndrico de material absorbente para uso higiénico femenino. (RAE),NO,1 seña,NO,SI,Unimanual (tipo 0),P,Sin especificar,Sin especificar,Sin especificar,Sin especificar,02687_tampon.mp4,TAMPON,test2,59,B1
FENASCOL III,LSC1,2688,TARJETA DE CRÉDITO,SUSTANTIVO,Documento plástico emitido por un banco para efectuar pagos a crédito. (RAE),SI,2 señas,SI,SI,Asimétrica (tipo III),Xc,Bl,S,Sin especificar,Sin especificar,02688_tarjetadec.mp4,TARJETA DE CREDITO,test4,14,B2
FENASCOL III,LSC1,2689,TARJETA DE DÉBITO,SUSTANTIVO,Tarjeta bancaria vinculada a una cuenta para pagos con fondos propios. (RAE),SI,2 señas,SI,SI,Asimétrica (tipo III),Xc,Xt,Sin especificar,Sin especificar,Sin especificar,02689_tarjetaded.mp4,TARJETA DE DEBITO,test4,14,B2
FENASCOL III,LSC1,2690,TEATRO,SUSTANTIVO,Edificio o lugar destinado a la representación de obras dramáticas y espectáculos. (RAE),NO,1 seña,NO,SI,Semi-simétrica (tipo II),J,Sin especificar,Sin especificar,Sin especificar,Sin especificar,02690_teatro.mp4,TEATRO,test4,3,B1
FENASCOL III,LSC1,2691,TECHO,SUSTANTIVO,Parte superior que cubre y resguarda el interior de una edificación. (RAE),NO,1 seña,NO,SI,Unimanual (tipo 0),Qf,Sin especificar,Sin especificar,Sin especificar,Sin especificar,02691_techo.mp4,TECHO,test1,17,B2
FENASCOL III,LSC1,2692,TECNOLOGIA,SUSTANTIVO,Conjunto de teorías y de técnicas que permiten el aprovechamiento práctico del conocimiento científico. (RAE),NO,1 seña,SI,SI,Asimétrica (tipo III),Bl,V,Sin especificar,Sin especificar,Sin especificar,02692_tecnologia.mp4,TECNOLOGIA,test3,67,B1
FENASCOL III,LSC1,2693,TENER DOS CARAS 1,ADJETIVO,"Persona hipócrita, falsa o que actúa con doblez según le convenga. (RAE)",NO,1 seña,SI,SI,Unimanual (tipo 0),Jc,Sin especificar,Sin especificar,Sin especificar,Sin especificar,02693_tenerdosca.mp4,TENER DOS CARAS 1,test3,0,B2
FENASCOL III,LSC1,2694,TENER DOS CARAS 2,ADJETIVO,Variante de seña para la falsedad o doble faz personal. (Generada Gemini),SI,2 señas,SI,SI,Unimanual (tipo 0),P,V,Sin especificar,Sin especificar,Sin especificar,02694_tenerdosca.mp4,TENER DOS CARAS 2,test2,47,B2
FENASCOL III,LSC1,2695,TERMO,SUSTANTIVO,Recipiente de doble pared con vacío intermedio para conservar la temperatura de líquidos. (RAE),SI,2 señas,NO,SI,Compuestas (tipo C),C,Gl,Sin especificar,Sin especificar,Sin especificar,02695_termo.mp4,TERMO,test1,67,B2
FENASCOL III,LSC1,2696,TERNERO,SUSTANTIVO,Cría de la vaca que aún no ha cumplido un año. (RAE),SI,2 señas,NO,SI,Compuestas (tipo C),L,Bl,Sin especificar,Sin especificar,Sin especificar,02696_ternero.mp4,TERNERO,test1,13,B1
UEB,LSC1,2697,TESTIGO,SUSTANTIVO,Persona que presencia o da fe de un acontecimiento o hecho. (RAE),NO,1 seña,NO,SI,Unimanual (tipo 0),T,Sin especificar,Sin especificar,Sin especificar,Sin especificar,02697_testigo.mp4,TESTIGO,test3,82,B2
UEB,LSC1,2698,TESTIMONIO,SUSTANTIVO,Declaración que hace un testigo para probar un hecho. (RAE),NO,1 seña,NO,SI,Compuestas (tipo C),T,J,Sin especificar,Sin especificar,Sin especificar,02698_testimonio.mp4,TESTIMONIO,test3,82,B2
UEB,LSC0,2699,TETERO,SUSTANTIVO,Biberón; recipiente con tetina para alimentar a los lactantes (tetero). (RAE),NO,1 seña,NO,SI,Unimanual en contacto (tipo X),A,Sin especificar,Sin especificar,Sin especificar,Sin especificar,02699_tetero.mp4,TETERO,test1,53,A2
UEB,LSC1,2700,TINA,SUSTANTIVO,Recipiente grande o bañera para asearse o contener líquidos. (RAE),SI,2 señas,SI,SI,Compuestas (tipo C),P,Bl,J,Sin especificar,Sin especificar,02700_tina.mp4,TINA,test2,10,B1
UEB,LSC1,2701,TONTO-OREJA,SUSTANTIVO,Calificativo despectivo coloquial de necedad o escaso entendimiento. (RAE),NO,1 seña,SI,SI,Unimanual en contacto (tipo X),Bl,Sin especificar,Sin especificar,Sin especificar,Sin especificar,02701_tontooreja.mp4,TONTO OREJA,test3,82,B2
UEB,LSC1,2702,TORMENTA,SUSTANTIVO,"Perturbación atmosférica violenta con lluvia, viento y rayos. (RAE)",SI,2 señas,NO,SI,Compuestas (tipo C),Gl,P,Sin especificar,Sin especificar,Sin especificar,02702_tormenta.mp4,TORMENTA,test4,27,B1
UEB,LSC1,2703,TORNILLO,SUSTANTIVO,Pieza metálica cilíndrica con rosca y cabeza para sujetar objetos. (RAE),NO,1 seña,NO,SI,Asimétrica (tipo III),S,P,Sin especificar,Sin especificar,Sin especificar,02703_tornillo.mp4,TORNILLO,test1,17,B2
UEB,LSC1,2704,TOTAL 1,SUSTANTIVO,"Suma entera, completo o globalidad de algo. (RAE)",NO,1 seña,SI,SI,Semi-simétrica (tipo II),Pc,Sin especificar,Sin especificar,Sin especificar,Sin especificar,02704_total1.mp4,TOTAL 1,test2,52,B2
UEB,LSC1,2705,TOTAL 2,SUSTANTIVO,Variante de seña para totalidad o resultado final. (Generada Gemini),NO,1 seña,SI,SI,Simétrica (tipo I),Pc,Sin especificar,Sin especificar,Sin especificar,Sin especificar,02705_total2.mp4,TOTAL 2,test2,47,B2
UEB,LSC1,2706,TRANSPORTADOR-MAT,SUSTANTIVO,Instrumento geométrico en forma de semicírculo para medir ángulos. (RAE),NO,1 seña,SI,SI,Asimétrica (tipo III),P,Tc,Sin especificar,Sin especificar,Sin especificar,02706_transporta.mp4,TRANSPORTADOR MAT,test3,2,B1
UEB,LSC1,2707,PIEL-TRIGUEÑA,ADJETIVO,"Tono de piel de color canela, tostado o moreno claro. (RAE)",SI,2 señas,NO,SI,Semi-simétrica (tipo II),S,N,Sin especificar,Sin especificar,Sin especificar,02707_pieltrigue.mp4,PIEL TRIGUENA,test2,23,B2
UEB,LSC1,2708,TUBO,SUSTANTIVO,Pieza hueca cilíndrica abierta por uno o ambos extremos para conducir fluidos. (RAE),SI,1 seña,SI,SI,Simétrica (tipo I),Xc,Sin especificar,Sin especificar,Sin especificar,Sin especificar,02708_tubo.mp4,TUBO,test2,10,B1
UEB,LSC1,2709,TUERCA,SUSTANTIVO,Pieza metálica con un orificio roscado que se ajusta a un tornillo. (RAE),NO,1 seña,NO,SI,Asimétrica (tipo III),P,Xc,Sin especificar,Sin especificar,Sin especificar,02709_tuerca.mp4,TUERCA,test1,17,B2
UEB,LSC0,2710,SERVIR-VALIDO,VERBO,"Ser útil, idóneo o prestar utilidad para un propósito. (RAE)",NO,1 seña,SI,SI,Simétrica (tipo I),Bl,Sin especificar,Sin especificar,Sin especificar,Sin especificar,02710_servirvali.mp4,SERVIR VALIDO,test4,30,A2
UEB,LSC0,2711,VAMOS A VER,VERBO,"Expresión para indicar expectativa, duda o aplazamiento de un juicio. (RAE)",SI,2 señas,SI,SI,Compuestas (tipo C),P,J,Sin especificar,Sin especificar,Sin especificar,02711_vamosaver.mp4,VAMOS A VER,test4,20,A1
UEB,LSC1,2712,VARIEDAD,SUSTANTIVO,"Diferencia, pluralidad o conjunto de cosas diversas. (RAE)",NO,1 seña,NO,SI,Simétrica (tipo I),X,Xe,Sin especificar,Sin especificar,Sin especificar,02712_variedad.mp4,VARIEDAD,test1,94,B2
UEB,LSC1,2713,VASO DESECHABLE,SUSTANTIVO,Recipiente de un solo uso para beber líquidos. (RAE),SI,2 señas,NO,SI,Asimétrica (tipo III),Bl,C,S,Sin especificar,Sin especificar,02713_vasodesech.mp4,VASO DESECHABLE,test2,10,B1
UEB,LSC1,2714,VELOZ,ADJETIVO,Que se mueve o marcha con gran rapidez. (RAE),NO,1 seña,SI,SI,Semi-simétrica (tipo II),J,Sin especificar,Sin especificar,Sin especificar,Sin especificar,02714_veloz.mp4,VELOZ,test3,70,B2
UEB,LSC1,2715,VIDRIO,SUSTANTIVO,"Material duro, frágil y transparente obtenido por fusión de arena de sílice. (RAE)",SI,1 seña,NO,SI,Unimanual en contacto (tipo X),X,J,Sin especificar,Sin especificar,Sin especificar,02715_vidrio.mp4,VIDRIO,test1,17,B2
UEB,LSC1,2716,VODKA,SUSTANTIVO,"Bebida alcohólica destilada de alta graduación, originaria de Europa oriental. (RAE)",NO,1 seña,SI,SI,Unimanual en contacto (tipo X),V,Sin especificar,Sin especificar,Sin especificar,Sin especificar,02716_vodka.mp4,VODKA,test4,1,B1
UEB,LSC1,2717,WHISKY,SUSTANTIVO,Bebida alcohólica destilada a partir de la fermentación de granos de cebada u otros cereales. (RAE),NO,1 seña,NO,SI,Unimanual (tipo 0),W,Sin especificar,Sin especificar,Sin especificar,Sin especificar,02717_whisky.mp4,WHISKY,test1,16,B1
UEB,LSC0,2718,YA NO,ADVERBIO,Expresión temporal que denota cese o interrupción de una situación pasada. (RAE),NO,1 seña,SI,SI,Semi-simétrica (tipo II),Okf,Sin especificar,Sin especificar,Sin especificar,Sin especificar,02718_yano.mp4,YA NO,test1,55,A1
UEB,LSC0,2719,YA PASO,ADJETIVO,"Expresión que indica que un suceso, dificultad o tiempo adversos han concluido. (RAE)",NO,1 seña,SI,SI,Unimanual en contacto (tipo X),Bl,Sin especificar,Sin especificar,Sin especificar,Sin especificar,02719_yapaso.mp4,YA PASO,test1,55,A1
UEB,LSC1,2720,ZAPATERÍA,SUSTANTIVO,Establecimiento comercial donde se fabrican o venden zapatos. (RAE),SI,2 señas,NO,SI,Compuestas (tipo C),P,S,Xt,Sin especificar,Sin especificar,02720_zapateria.mp4,ZAPATERIA,test1,18,B2
UEB,LSC1,2721,ZOOLÓGICO,SUSTANTIVO,Parque o institución donde se exhiben animales vivos al público. (RAE),SI,2 señas,NO,SI,Simétrica (tipo I),P,Gl,Sin especificar,Sin especificar,Sin especificar,02721_zoologico.mp4,ZOOLOGICO,test1,5,B1
UEB,LSC0,2722,ABARCAR 1,VERBO,"Rodear con los brazos, incluir o comprender varias cosas. (RAE)",NO,1 seña,SI,SI,Simétrica (tipo I),J,S,Sin especificar,Sin especificar,Sin especificar,02722_abarcar1.mp4,ABARCAR 1,test2,41,A1
UEB,LSC0,2723,ABARCAR 2,VERBO,Variante de seña para comprender o abarcar un dominio. (Generada Gemini),NO,1 seña,SI,SI,Simétrica (tipo I),J,S,Sin especificar,Sin especificar,Sin especificar,02723_abarcar2.mp4,ABARCAR 2,test1,69,A2
UEB,LSC0,2724,ABOFETEAR,VERBO,Dar bofetadas o golpes con la mano abierta en el rostro. (RAE),NO,1 seña,NO,SI,Unimanual en contacto (tipo X),Bl,Sin especificar,Sin especificar,Sin especificar,Sin especificar,02724_abofetear.mp4,ABOFETEAR,test1,86,A1
UEB,LSC0,2725,ABONAR,VERBO,Pagar una cantidad debida / Echar abono a la tierra para fertilizarla. (RAE),NO,1 seña,SI,SI,Semi-simétrica (tipo II),Bl,Sin especificar,Sin especificar,Sin especificar,Sin especificar,02725_abonar.mp4,ABONAR,test4,68,A2
UEB,LSC0,2726,ABSORBER INHALAR,VERBO,Retener un líquido o sustancia por capilaridad o inspirar aire/gases. (RAE),NO,1 seña,SI,SI,Simétrica (tipo I),Jc,Qe,Sin especificar,Sin especificar,Sin especificar,02726_absorberin.mp4,ABSORBER INHALAR,test1,20,A2
UEB,LSC0,2727,ABUSAR ABUSO 1,VERBO,"Hacer uso excesivo, injusto o abusivo de algo o alguien. (RAE)",NO,1 seña,SI,SI,Asimétrica (tipo III),Bl,Vl,Sin especificar,Sin especificar,Sin especificar,02727_abusarabus.mp4,ABUSAR ABUSO 1,test1,37,A1
UEB,LSC0,2728,ABUSAR ABUSO 2,VERBO,Variante de seña para el abuso o extralimitación de poder. (Generada Gemini),NO,1 seña,SI,SI,Unimanual en contacto (tipo X),A,Sin especificar,Sin especificar,Sin especificar,Sin especificar,02728_abusarabus.mp4,ABUSAR ABUSO 2,test3,61,A1
UEB,LSC1,2729,ACERCAR (PERSONAS),VERBO,Propiciar la proximidad física o el acercamiento afectivo entre personas. (RAE),NO,1 seña,SI,SI,Simétrica (tipo I),Bl,Sin especificar,Sin especificar,Sin especificar,Sin especificar,02729_acercarper.mp4,ACERCAR PERSONAS,test1,28,B2
UEB,LSC1,2730,ACERCAR (COSAS),VERBO,Poner un objeto más cerca de otro en el espacio. (RAE),NO,1 seña,SI,SI,Simétrica (tipo I),Bl,Sin especificar,Sin especificar,Sin especificar,Sin especificar,02730_acercarcos.mp4,ACERCAR COSAS,test4,51,B2
UEB,LSC0,2731,ACERTAR 1,VERBO,"Dar en el blanco, adivinar o resolver acertadamente algo. (RAE)",NO,1 seña,SI,SI,Unimanual (tipo 0),Ok,J,Sin especificar,Sin especificar,Sin especificar,02731_acertar1.mp4,ACERTAR 1,test2,9,A1
UEB,LSC0,2732,ACERTAR 2,VERBO,Variante de seña para dar con la respuesta correcta o acertar. (Generada Gemini),NO,1 seña,SI,SI,Semi-simétrica (tipo II),P,Sin especificar,Sin especificar,Sin especificar,Sin especificar,02732_acertar2.mp4,ACERTAR 2,test2,6,A2
UEB,LSC0,2733,ACLAMAR,VERBO,Dar voces de alabanza o aprobación en favor de alguien. (RAE),SI,2 señas,SI,SI,Simétrica (tipo I),J,Sin especificar,Sin especificar,Sin especificar,Sin especificar,02733_aclamar.mp4,ACLAMAR,test4,20,A1
UEB,LSC1,2734,ACOMODAR,VERBO,"Ajustar, colocar o adaptar algo de modo conveniente. (RAE)",NO,1 seña,SI,SI,Semi-simétrica (tipo II),Gl,Sin especificar,Sin especificar,Sin especificar,Sin especificar,02734_acomodar.mp4,ACOMODAR,test2,52,B2
UEB,LSC0,2735,ACOSAR 1,VERBO,"Perseguir con insistencia y sin tregua a alguien, o importunarlo. (RAE)",NO,1 seña,SI,SI,Simétrica (tipo I),A,Sin especificar,Sin especificar,Sin especificar,Sin especificar,02735_acosar1.mp4,ACOSAR 1,test2,41,A1
UEB,LSC0,2736,ACOSAR 2,VERBO,Variante de seña para el hostigamiento o acoso. (Generada Gemini),NO,1 seña,SI,SI,Semi-simétrica (tipo II),J,Sin especificar,Sin especificar,Sin especificar,Sin especificar,02736_acosar2.mp4,ACOSAR 2,test1,22,A2
UEB,LSC0,2737,ACOSAR,VERBO,"Perseguir, hostigar o cercar agobiantemente a una persona. (RAE)",SI,2 señas,SI,SI,Asimétrica (tipo III),Bl,P,Sin especificar,Sin especificar,Sin especificar,02737_acosar.mp4,ACOSAR,test4,68,A2
UEB,LSC1,2738,ACUNAR MECER (EN BRAZOS),VERBO,Mecer a un infante en los brazos para inducirle el sueño. (Generada Gemini),NO,1 seña,NO,SI,Simétrica (tipo I),Qf,Sin especificar,Sin especificar,Sin especificar,Sin especificar,02738_acunarmece.mp4,ACUNAR MECER EN BRAZOS,test1,53,B1
UEB,LSC1,2739,ACUNAR MECER (EN CUNA),VERBO,Mecer el lecho o cuna de un niño para calmarlo. (Generada Gemini),NO,1 seña,SI,SI,Simétrica (tipo I),S,Sin especificar,Sin especificar,Sin especificar,Sin especificar,02739_acunarmece.mp4,ACUNAR MECER EN CUNA,test1,53,B1
UEB,LSC0,2740,ACURRUCAR ENCOGER AGACHAR,VERBO,"Encoger el cuerpo contraído por frío, miedo o búsqueda de refugio. (RAE)",NO,1 seña,NO,SI,Asimétrica (tipo III),Bl,V,XX,Sin especificar,Sin especificar,02740_acurrucare.mp4,ACURRUCAR ENCOGER AGACHAR,test4,10,A2
UEB,LSC0,2741,ADAPTAR ADAPTACIÓN 1,VERBO,"Acomodar, ajustar o modificar algo para que sea apto en otro uso o entorno. (RAE)",NO,1 seña,SI,SI,Asimétrica (tipo III),Ea,Qe,C,Qe,Sin especificar,02741_adaptarada.mp4,ADAPTAR ADAPTACION 1,test3,70,A2
UEB,LSC0,2742,ADAPTAR ADAPTACIÓN 2,VERBO,Variante de seña para la adaptación o acomodación a un contexto. (Generada Gemini),NO,1 seña,SI,SI,Simétrica (tipo I),J,Sin especificar,Sin especificar,Sin especificar,Sin especificar,02742_adaptarada.mp4,ADAPTAR ADAPTACION 2,test3,45,A2
UEB,LSC1,2743,ADELANTAR,VERBO,Hacer avanzar algo o ponerlo delante de su posición previa. (RAE),NO,1 seña,SI,SI,Unimanual (tipo 0),Bl,Sin especificar,Sin especificar,Sin especificar,Sin especificar,02743_adelantar.mp4,ADELANTAR,test4,51,B2
UEB,LSC0,2744,ADIESTRAR INSTRUIR,VERBO,"Enseñar, entrenar o instruir a alguien en un arte, oficio o habilidad. (RAE)",NO,1 seña,SI,SI,Simétrica (tipo I),Qe,Sin especificar,Sin especificar,Sin especificar,Sin especificar,02744_adiestrari.mp4,ADIESTRAR INSTRUIR,test4,30,A2
UEB,LSC0,2745,ADJUNTAR-CLIP,VERBO,Añadir un archivo o documento digital empleando el icono de clip. (Generada Gemini),NO,1 seña,SI,SI,Asimétrica (tipo III),Be,Z,Sin especificar,Sin especificar,Sin especificar,02745_adjuntarcl.mp4,ADJUNTAR CLIP,test2,32,A2
UEB,LSC0,2746,ANEXAR-HOJA,VERBO,Agregar o adjuntar un pliego u hoja de papel a un expediente. (Generada Gemini),NO,1 seña,NO,SI,Semi-simétrica (tipo II),B,Sin especificar,Sin especificar,Sin especificar,Sin especificar,02746_anexarhoja.mp4,ANEXAR HOJA,test2,59,A2
UEB,LSC0,2747,ADMIRAR 1,VERBO,"Contemplar con agrado, sorpresa o consideración excepcional. (RAE)",NO,1 seña,SI,SI,Unimanual en contacto (tipo X),J,Sin especificar,Sin especificar,Sin especificar,Sin especificar,02747_admirar1.mp4,ADMIRAR 1,test2,84,A2
UEB,LSC0,2748,ADMIRAR 2,VERBO,Variante de seña para la admiración o asombro estético. (Generada Gemini),NO,1 seña,SI,SI,Unimanual en contacto (tipo X),Bl,Sin especificar,Sin especificar,Sin especificar,Sin especificar,02748_admirar2.mp4,ADMIRAR 2,test4,11,A2
UEB,LSC0,2749,ADMITIR ADMISIÓN,VERBO,"Dar entrada o aceptar a alguien en una institución, curso o empleo. (RAE)",SI,2 señas,SI,SI,Compuestas (tipo C),S,Bl,Be,Sin especificar,Sin especificar,02749_admitiradm.mp4,ADMITIR ADMISION,test4,68,A2
UEB,LSC0,2750,ADOBAR,VERBO,Sazonar carnes u otros alimentos con condimentos o especias. (RAE),SI,2 señas,SI,SI,Compuestas (tipo C),C,Bl,C,Sin especificar,Sin especificar,02750_adobar.mp4,ADOBAR,test1,53,A2
UEB,LSC0,2751,ADOPTAR ADOPTIVO,VERBO,Recibir legalmente por hijo a quien no lo es biológicamente. (RAE),NO,1 seña,SI,SI,Simétrica (tipo I),J,S,Sin especificar,Sin especificar,Sin especificar,02751_adoptarado.mp4,ADOPTAR ADOPTIVO,test3,7,A1
UEB,LSC0,2752,ADORAR,VERBO,Reverenciar con suma devoción a un ser divino o profesar gran amor. (RAE),NO,1 seña,NO,SI,Simétrica (tipo I),B,Sin especificar,Sin especificar,Sin especificar,Sin especificar,02752_adorar.mp4,ADORAR,test3,81,A1
UEB,LSC0,2753,ADORMILAR,VERBO,Causar o sentir ligera somnolencia o sopor. (RAE),NO,1 seña,NO,SI,Unimanual en contacto (tipo X),Pa,Pc,Sin especificar,Sin especificar,Sin especificar,02753_adormilar.mp4,ADORMILAR,test4,10,A2
UEB,LSC0,2754,ADORNAR ADORNO,VERBO,embellecer algo añadiéndole elementos decorativos. (RAE),NO,1 seña,SI,SI,Simétrica (tipo I),Qe,J,Sin especificar,Sin especificar,Sin especificar,02754_adornarado.mp4,ADORNAR ADORNO,test2,12,A2
UEB,LSC0,2755,AFRONTAR,VERBO,"Hacer frente a un peligro, problema o situación adversa. (RAE)",NO,1 seña,SI,SI,Simétrica (tipo I),Bl,Sin especificar,Sin especificar,Sin especificar,Sin especificar,02755_afrontar.mp4,AFRONTAR,test2,58,A1
UEB,LSC1,2756,AGARRAR,VERBO,Asir o prender con fuerza a alguien o algo con las manos. (RAE),NO,1 seña,NO,SI,Asimétrica (tipo III),J,S,Sin especificar,Sin especificar,Sin especificar,02756_agarrar.mp4,AGARRAR,test4,51,B2
UEB,LSC0,2757,AGOTAR 1,VERBO,"Consumir por completo una provisión, recurso o paciencia. (RAE)",NO,1 seña,SI,SI,Semi-simétrica (tipo II),J,Sin especificar,Sin especificar,Sin especificar,Sin especificar,02757_agotar1.mp4,AGOTAR 1,test1,55,A1
UEB,LSC0,2758,AGOTAR 2,VERBO,Variante de seña para cansancio extremo o agotamiento de existencias. (Generada Gemini),NO,1 seña,SI,SI,Simétrica (tipo I),J,S,Sin especificar,Sin especificar,Sin especificar,02758_agotar2.mp4,AGOTAR 2,test3,13,A2
UEB,LSC0,2759,AJUSTAR,VERBO,Hacer concordar o encajar exactamente una pieza o acuerdo con otro. (RAE),NO,1 seña,SI,SI,Semi-simétrica (tipo II),J,Sin especificar,Sin especificar,Sin especificar,Sin especificar,02759_ajustar.mp4,AJUSTAR,test1,48,A2
UEB,LSC0,2760,ALCANZAR,VERBO,"Llegar a tocar, golpear, igualar o alcanzar una meta u objeto. (RAE)",NO,1 seña,SI,SI,Unimanual (tipo 0),J,S,Sin especificar,Sin especificar,Sin especificar,02760_alcanzar.mp4,ALCANZAR,test2,41,A1
UEB,LSC0,2761,ALCANZAR (ALGO),VERBO,Llegar a tomar o tocar un objeto situado a cierta distancia. (RAE),SI,2 señas,SI,SI,Compuestas (tipo C),P,C,O,Sin especificar,Sin especificar,02761_alcanzaral.mp4,ALCANZAR ALGO,test1,31,A2
UEB,LSC1,2762,ALCANZAR (A ALGUIEN),VERBO,Juntarse con alguien que va adelante o atraparle. (RAE),NO,1 seña,SI,SI,Semi-simétrica (tipo II),P,Sin especificar,Sin especificar,Sin especificar,Sin especificar,02762_alcanzaraa.mp4,ALCANZAR A ALGUIEN,test1,28,B2
UEB,LSC0,2763,ALCANZAR (EN PUNTAJES),VERBO,Igualar la puntuación o rendimiento de un competidor. (Generada Gemini),NO,1 seña,SI,SI,Semi-simétrica (tipo II),Ql,Sin especificar,Sin especificar,Sin especificar,Sin especificar,02763_alcanzaren.mp4,ALCANZAR EN PUNTAJES,test4,1,A1
UEB,LSC1,2764,ALERTAR,VERBO,Avisar o prevenir a alguien sobre un peligro o riesgo inminente. (RAE),NO,1 seña,SI,SI,Unimanual en contacto (tipo X),P,Sin especificar,Sin especificar,Sin especificar,Sin especificar,02764_alertar.mp4,ALERTAR,test4,22,B2
UEB,LSC0,2765,ALISAR,VERBO,"Dejar una superficie llana, lisa y sin arrugas ni asperezas. (RAE)",NO,1 seña,NO,SI,Semi-simétrica (tipo II),Bl,Sin especificar,Sin especificar,Sin especificar,Sin especificar,02765_alisar.mp4,ALISAR,test2,5,A2
UEB,LSC0,2766,ALIVIAR ALIVIADO,VERBO,"Disminuir la gravedad de una enfermedad, dolor o pena. (RAE)",NO,1 seña,NO,SI,Simétrica (tipo I),Qe,Af,Sin especificar,Sin especificar,Sin especificar,02766_aliviarali.mp4,ALIVIAR ALIVIADO,test3,60,A1
UEB,LSC1,2767,ALOJAR ALOJAMIENTO,VERBO,"Dar hospedaje, aposento o morada a alguien. (RAE)",SI,2 señas,SI,SI,Compuestas (tipo C),B,C,Qe,Sin especificar,Sin especificar,02767_alojaraloj.mp4,ALOJAR ALOJAMIENTO,test4,84,B1
UEB,LSC0,2768,ALTERNAR ALTERNARSE 1,VERBO,Sucederse alternativamente dos o más personas o cosas. (RAE),NO,1 seña,SI,SI,Simétrica (tipo I),P,Sin especificar,Sin especificar,Sin especificar,Sin especificar,02768_alternaral.mp4,ALTERNAR ALTERNARSE 1,test3,28,A1
UEB,LSC0,2769,ALTERNAR ALTERNARSE 2,VERBO,Variante de seña para el intercambio o alternancia sucesiva. (Generada Gemini),NO,1 seña,SI,SI,Semi-simétrica (tipo II),P,Sin especificar,Sin especificar,Sin especificar,Sin especificar,02769_alternaral.mp4,ALTERNAR ALTERNARSE 2,test1,69,A2
UEB,LSC0,2770,AMAÑAR,VERBO,"Aclimatar, habituar o amaestrarse en un lugar u oficio. (RAE / Regionalismo)",SI,2 señas,SI,SI,Simétrica (tipo I),Bl,Y,Sin especificar,Sin especificar,Sin especificar,02770_amañar.mp4,AMANAR,test4,68,A2
UEB,LSC1,2771,AMASAR,VERBO,Trabajar una mezcla de harina o masa con las manos para unificarla. (RAE),NO,1 seña,SI,SI,Simétrica (tipo I),Jc,S,Sin especificar,Sin especificar,Sin especificar,02771_amasar.mp4,AMASAR,test1,46,B1
UEB,LSC0,2772,AMONESTAR,VERBO,"Advertir, prevenir o reprender formalmente a alguien por su conducta. (RAE)",NO,1 seña,SI,SI,Compuestas (tipo C),P,P,Sin especificar,Sin especificar,Sin especificar,02772_amonestar.mp4,AMONESTAR,test2,84,A2
UEB,LSC1,2773,AMPUTAR,VERBO,Extirpar una extremidad del cuerpo mediante intervención quirúrgica. (RAE),SI,2 señas,NO,SI,Asimétrica (tipo III),B,V,Sin especificar,Sin especificar,Sin especificar,02773_amputar.mp4,AMPUTAR,test2,61,B2
UEB,LSC0,2774,ANULAR CANCELAR,VERBO,"Dejar sin efecto un documento, contrato, evento o disposición. (RAE)",NO,1 seña,SI,SI,Asimétrica (tipo III),B,P,Sin especificar,Sin especificar,Sin especificar,02774_anularcanc.mp4,ANULAR CANCELAR,test3,70,A2
UEB,LSC0,2775,APLAUDIR (OYENTES),VERBO,Golpear las manos repetidamente en señal de aprobación o regocijo. (RAE),NO,1 seña,NO,SI,Semi-simétrica (tipo II),Bl,Sin especificar,Sin especificar,Sin especificar,Sin especificar,02775_aplaudiroy.mp4,APLAUDIR OYENTES,test1,72,A1
UEB,LSC0,2776,APLAUDIR (SORDOS),VERBO,Agitar las manos en alto con los dedos abiertos como señal de aplauso visual en la comunidad sorda. (Generada Gemini),NO,1 seña,NO,SI,Simétrica (tipo I),J,Sin especificar,Sin especificar,Sin especificar,Sin especificar,02776_aplaudirso.mp4,APLAUDIR SORDOS,test1,72,A1
UEB,LSC1,2777,ARRASTRAR (COSAS),VERBO,Tirar de un objeto por el suelo sin alzarlo. (RAE),NO,1 seña,SI,SI,Unimanual (tipo 0),Xf,Sin especificar,Sin especificar,Sin especificar,Sin especificar,02777_arrastrarc.mp4,ARRASTRAR COSAS,test3,2,B1
UEB,LSC1,2778,ARRASTRAR (ANIMAL),VERBO,Desplazar un animal su cuerpo apoyado por el suelo. (RAE),NO,1 seña,SI,SI,Semi-simétrica (tipo II),B,Sin especificar,Sin especificar,Sin especificar,Sin especificar,02778_arrastrara.mp4,ARRASTRAR ANIMAL,test3,15,B1
UEB,LSC1,2779,ARRASTRAR (PERSONA),VERBO,Llevar a alguien por el suelo tirando de él. (RAE),NO,1 seña,SI,SI,Semi-simétrica (tipo II),B,Sin especificar,Sin especificar,Sin especificar,Sin especificar,02779_arrastrarp.mp4,ARRASTRAR PERSONA,test4,51,B2
UEB,LSC0,2780,ARRIESGAR RIESGO,VERBO,Poner algo o a alguien en posible peligro de pérdida o daño. (RAE),NO,1 seña,SI,SI,Unimanual en contacto (tipo X),P,Xe,Sin especificar,Sin especificar,Sin especificar,02780_arriesgarr.mp4,ARRIESGAR RIESGO,test2,41,A1
UEB,LSC0,2781,ASALTAR ASALTO,VERBO,Atacar sorpresivamente a alguien para robarle o dañar. (RAE),NO,1 seña,SI,SI,Simétrica (tipo I),P,X,Sin especificar,Sin especificar,Sin especificar,02781_asaltarasa.mp4,ASALTAR ASALTO,test1,64,A1
UEB,LSC0,2782,ASCENDER ASCENSO,VERBO,Subir de un puesto inferior a otro de mayor jerarquía o categoría. (RAE),NO,1 seña,SI,SI,Unimanual (tipo 0),Qf,Sin especificar,Sin especificar,Sin especificar,Sin especificar,02782_ascenderas.mp4,ASCENDER ASCENSO,test1,31,A2
UEB,LSC1,2783,ASCENDER (TRABAJO ESCALAFÓN),VERBO,Promoción oficial en la escala jerárquica laboral o académica. (Generada Gemini),NO,1 seña,SI,SI,Semi-simétrica (tipo II),Qf,Sin especificar,Sin especificar,Sin especificar,Sin especificar,02783_ascendertr.mp4,ASCENDER TRABAJO ESCALAFON,test2,31,B1
UEB,LSC0,2784,ASIGNAR DELEGAR,VERBO,"Otorgar o conferir una función, tarea o responsabilidad a alguien. (RAE)",NO,1 seña,SI,SI,Simétrica (tipo I),Xf,Sin especificar,Sin especificar,Sin especificar,Sin especificar,02784_asignardel.mp4,ASIGNAR DELEGAR,test2,39,A2
UEB,LSC1,2785,ASOMBRAR ATERRARSE 1,VERBO,"Causar gran admiración, sorpresa o pavor repentino. (RAE)",NO,1 seña,SI,SI,Asimétrica (tipo III),B,V,Sin especificar,Sin especificar,Sin especificar,02785_asombrarat.mp4,ASOMBRAR ATERRARSE 1,test3,41,B2
UEB,LSC1,2786,ASOMBRAR ATERRARSE 2,VERBO,Variante de seña para asombro o sobresalto profundo. (Generada Gemini),NO,1 seña,SI,SI,Semi-simétrica (tipo II),J,Sin especificar,Sin especificar,Sin especificar,Sin especificar,02786_asombrarat.mp4,ASOMBRAR ATERRARSE 2,test2,47,B2
UEB,LSC1,2787,ATRAPAR,VERBO,"Asir, coger o pillar a alguien o algo que huye o se mueve. (RAE)",NO,1 seña,SI,SI,Asimétrica (tipo III),J,S,Sin especificar,Sin especificar,Sin especificar,02787_atrapar.mp4,ATRAPAR,test2,20,B2
UEB,LSC0,2788,AVANZAR 1,VERBO,"Moverse hacia adelante, progresar en una tarea o camino. (RAE)",SI,2 señas,SI,SI,Simétrica (tipo I),B,Sin especificar,Sin especificar,Sin especificar,Sin especificar,02788_avanzar1.mp4,AVANZAR 1,test3,66,A1
UEB,LSC0,2789,AVANZAR 2,VERBO,Variante de seña para el progreso o avance continuado. (Generada Gemini),NO,1 seña,SI,SI,Semi-simétrica (tipo II),B,Sin especificar,Sin especificar,Sin especificar,Sin especificar,02789_avanzar2.mp4,AVANZAR 2,test1,69,A2
UEB,LSC1,2790,AZOTAR,VERBO,"Golpear fuertemente con azotes, fustas o por la fuerza del viento/agua. (RAE)",NO,1 seña,SI,SI,Unimanual (tipo 0),Xf,Sin especificar,Sin especificar,Sin especificar,Sin especificar,02790_azotar.mp4,AZOTAR,test1,46,B1
UEB,LSC0,2791,BLOQUEAR,VERBO,"Impedir el funcionamiento, paso o realización de un proceso. (RAE)",NO,1 seña,SI,SI,Semi-simétrica (tipo II),B,Sin especificar,Sin especificar,Sin especificar,Sin especificar,02791_bloquear.mp4,BLOQUEAR,test3,70,A2
UEB,LSC1,2792,BOMBARDEAR,VERBO,Atacar arrojando bombas u hostigar masivamente con información/preguntas. (RAE),SI,3 señas,SI,SI,Compuestas (tipo C),Y,P,S,Sin especificar,Sin especificar,02792_bombardear.mp4,BOMBARDEAR,test4,27,B1
UEB,LSC1,2793,CELEBRAR,VERBO,Conmemorar un acontecimiento festivo o realizar una ceremonia. (RAE),NO,1 seña,NO,SI,Simétrica (tipo I),J,Sin especificar,Sin especificar,Sin especificar,Sin especificar,02793_celebrar.mp4,CELEBRAR,test1,91,B1
UEB,LSC0,2794,COLECCIONAR,VERBO,Reunir objetos de una misma clase por afición o interés sistemático. (RAE),NO,1 seña,SI,SI,Asimétrica (tipo III),Bl,Jc,Qe,Sin especificar,Sin especificar,02794_colecciona.mp4,COLECCIONAR,test2,12,A2
UEB,LSC1,2795,COMPARAR,VERBO,"Examinar dos o más cosas para descubrir sus relaciones, semejanzas o diferencias. (RAE)",NO,1 seña,SI,SI,Semi-simétrica (tipo II),Bl,Sin especificar,Sin especificar,Sin especificar,Sin especificar,02795_comparar.mp4,COMPARAR,test1,28,B2
UEB,LSC0,2796,CONDECORAR,VERBO,Otorgar una condecoración o medalla en reconocimiento de méritos. (RAE),SI,2 señas,SI,SI,Asimétrica (tipo III),V,Okf,Sin especificar,Sin especificar,Sin especificar,02796_condecorar.mp4,CONDECORAR,test3,57,A2
UEB,LSC0,2797,CONFRONTAR,VERBO,"Carear, comparar o enfrentarse deliberadamente con alguien. (RAE)",NO,1 seña,SI,SI,Semi-simétrica (tipo II),C,S,Sin especificar,Sin especificar,Sin especificar,02797_confrontar.mp4,CONFRONTAR,test4,20,A1
UEB,LSC0,2798,CONGELAR,VERBO,Hacer pasar un líquido a estado sólido por descenso de temperatura. (RAE),NO,1 seña,SI,SI,Asimétrica (tipo III),Jc,Gl,Sin especificar,Sin especificar,Sin especificar,02798_congelar.mp4,CONGELAR,test1,20,A2
UEB,LSC0,2799,CORREGIR CORRECCIÓN,VERBO,"Enmendar, subsanar o rectificar errores o defectos. (RAE)",NO,1 seña,SI,SI,Asimétrica (tipo III),Bl,Xe,Sin especificar,Sin especificar,Sin especificar,02799_corregirco.mp4,CORREGIR CORRECCION,test3,70,A2
UEB,LSC0,2800,CORROER,VERBO,Desgastar lentamente una superficie o material mediante acción química o fricción. (RAE),NO,1 seña,SI,SI,Asimétrica (tipo III),S,O,Sin especificar,Sin especificar,Sin especificar,02800_corroer.mp4,CORROER,test1,58,A2
UEB,LSC0,2801,CUAJAR,VERBO,Poner espeso un líquido o transformarlo en una masa sólida. (RAE),NO,1 seña,SI,SI,Simétrica (tipo I),Xc,Sin especificar,Sin especificar,Sin especificar,Sin especificar,02801_cuajar.mp4,CUAJAR,test1,20,A2
UEB,LSC1,2802,DEPORTAR,VERBO,Expulsar legalmente a alguien de un país hacia el extranjero. (RAE),SI,2 señas,SI,SI,Simétrica (tipo I),Jc,S,Jc,S,Sin especificar,02802_deportar.mp4,DEPORTAR,test4,22,B2
UEB,LSC0,2803,DESGASTAR DETERIORO,VERBO,Consumir o estropear algo poco a poco por el uso continuo. (RAE),SI,2 señas,SI,SI,Simétrica (tipo I),J,G,Qe,A,Sin especificar,02803_desgastard.mp4,DESGASTAR DETERIORO,test1,18,A2
UEB,LSC1,2804,DESINFECTAR,VERBO,Destruir los gérmenes patógenos o limpiar de infección un lugar. (RAE),SI,2 señas,SI,SI,Asimétrica (tipo III),Bl,Gl,Bl,Sin especificar,Sin especificar,02804_desinfecta.mp4,DESINFECTAR,test1,56,B1
UEB,LSC0,2805,DESLIZAR,VERBO,Resbalar suavemente una superficie sobre otra. (RAE),NO,1 seña,SI,SI,Semi-simétrica (tipo II),Bl,Sin especificar,Sin especificar,Sin especificar,Sin especificar,02805_deslizar.mp4,DESLIZAR,test2,5,A2
UEB,LSC0,2806,DESNUDAR,VERBO,Quitar toda la ropa a alguien o dejar al descubierto algo. (RAE),NO,1 seña,SI,SI,Asimétrica (tipo III),Bl,N,Sin especificar,Sin especificar,Sin especificar,02806_desnudar.mp4,DESNUDAR,test1,18,A2
UEB,LSC1,2807,DISFRUTAR,VERBO,"Gozar, experimentar agrado o aprovechar con placer algo. (RAE)",NO,1 seña,SI,SI,Semi-simétrica (tipo II),N,Sin especificar,Sin especificar,Sin especificar,Sin especificar,02807_disfrutar.mp4,DISFRUTAR,test4,51,B2
UEB,LSC0,2808,DISPERSAR 1,VERBO,Hacer que las cosas o personas amontonadas se extiendan en distintas direcciones. (RAE),NO,1 seña,SI,SI,Semi-simétrica (tipo II),P,Sin especificar,Sin especificar,Sin especificar,Sin especificar,02808_dispersar1.mp4,DISPERSAR 1,test2,41,A1
UEB,LSC0,2809,DISPERSAR 2,VERBO,Variante de seña para diseminar o dispersar. (Generada Gemini),NO,1 seña,SI,SI,Semi-simétrica (tipo II),Qe,J,Sin especificar,Sin especificar,Sin especificar,02809_dispersar2.mp4,DISPERSAR 2,test1,69,A2
UEB,LSC0,2810,ELEGIR ESCOGER,VERBO,Seleccionar a alguien o algo entre varias opciones por preferencia. (RAE),NO,1 seña,SI,SI,Unimanual (tipo 0),Ta,Tb,Sin especificar,Sin especificar,Sin especificar,02810_elegiresco.mp4,ELEGIR ESCOGER,test2,84,A2
UEB,LSC1,2811,ENCANTAR (HECHIZAR),VERBO,"Someter a la influencia de un hechizo, sortilegio o magia. (RAE)",NO,1 seña,SI,SI,Simétrica (tipo I),G,Sin especificar,Sin especificar,Sin especificar,Sin especificar,02811_encantarhe.mp4,ENCANTAR HECHIZAR,test3,82,B2
FENASCOL IV,LSC1,2812,ENCANTAR (CAUSAR PLACER),VERBO,"Gozar, fascinar o agradar sumamente a alguien. (RAE)",NO,2 señas,SI,SI,Asimétrica (tipo III),P,S,Sin especificar,Sin especificar,Sin especificar,02812_encantarca.mp4,ENCANTAR CAUSAR PLACER,test1,28,B2
FENASCOL IV,LSC0,2813,ENFLAQUECER,VERBO,"Perder carnes, adelgazar o debilitar la contextura corporal. (RAE)",NO,1 seña,SI,SI,Asimétrica (tipo III),J,I,Sin especificar,Sin especificar,Sin especificar,02813_enflaquece.mp4,ENFLAQUECER,test4,8,A2
FENASCOL IV,LSC0,2814,ENFRENTAR 1,VERBO,Poner frente a frente o hacer frente a un problema o rival. (RAE),NO,1 seña,SI,SI,Semi-simétrica (tipo II),P,Sin especificar,Sin especificar,Sin especificar,Sin especificar,02814_enfrentar1.mp4,ENFRENTAR 1,test2,41,A1
FENASCOL IV,LSC0,2815,ENFRENTAR 2,VERBO,Variante de seña para la confrontación o careo. (Generada Gemini),NO,1 seña,SI,SI,Semi-simétrica (tipo II),Bl,Sin especificar,Sin especificar,Sin especificar,Sin especificar,02815_enfrentar2.mp4,ENFRENTAR 2,test3,45,A2
FENASCOL IV,LSC1,2816,ENGANCHAR,VERBO,"Sujetar algo mediante un gancho, traba o atracción. (RAE)",NO,1 seña,SI,SI,Compuestas (tipo C),P,Xe,Sin especificar,Sin especificar,Sin especificar,02816_enganchar.mp4,ENGANCHAR,test4,51,B2
FENASCOL IV,LSC0,2817,EQUIVOCAR,VERBO,"Cometer un error, yerro o confundir un juicio o concepto. (RAE)",NO,1 seña,SI,SI,Unimanual en contacto (tipo X),V,Sin especificar,Sin especificar,Sin especificar,Sin especificar,02817_equivocar.mp4,EQUIVOCAR,test3,50,A2
FENASCOL IV,LSC0,2818,ESCONDER (COSAS),VERBO,Poner un objeto en un lugar oculto donde no pueda ser visto ni hallado. (RAE),NO,1 seña,SI,SI,Compuestas (tipo C),Bl,P,Sin especificar,Sin especificar,Sin especificar,02818_esconderco.mp4,ESCONDER COSAS,test3,70,A2
FENASCOL IV,LSC0,2819,ESCONDER (PERSONAS),VERBO,Ocultar a alguien para que no sea encontrado. (RAE),SI,2 señas,SI,SI,Compuestas (tipo C),Bl,Bl,B,Sin especificar,Sin especificar,02819_esconderpe.mp4,ESCONDER PERSONAS,test4,3,A2
FENASCOL IV,LSC0,2820,ESCONDER (ANIMALES),VERBO,Poner a buen resguardo u ocultar animales de la vista. (Generada Gemini),NO,1 seña,SI,SI,Asimétrica (tipo III),B,P,Sin especificar,Sin especificar,Sin especificar,02820_esconderan.mp4,ESCONDER ANIMALES,test3,45,A2
FENASCOL IV,LSC0,2821,ESTALLAR,VERBO,Reventar o romperse violentamente con ruido un cuerpo bajo presión. (RAE),NO,1 seña,SI,SI,Simétrica (tipo I),O,J,Sin especificar,Sin especificar,Sin especificar,02821_estallar.mp4,ESTALLAR,test1,21,A2
FENASCOL IV,LSC1,2822,ESTANCAR,VERBO,Detener o parar la corriente de un líquido o el curso de un asunto. (RAE),NO,1 seña,SI,SI,Simétrica (tipo I),Bl,Sin especificar,Sin especificar,Sin especificar,Sin especificar,02822_estancar.mp4,ESTANCAR,test1,67,B2
FENASCOL IV,LSC1,2823,EXAGERAR EXAGERADO,VERBO,Dar a algo proporciones mayores o más graves de las que tiene en realidad. (RAE),NO,1 seña,SI,SI,Compuestas (tipo C),P,Gl,Sin especificar,Sin especificar,Sin especificar,02823_exagerarex.mp4,EXAGERAR EXAGERADO,test4,25,B2
FENASCOL IV,LSC1,2824,EXHIBIR,VERBO,Mostrar o exponer algo públicamente para que sea visto. (RAE),NO,1 seña,SI,SI,Asimétrica (tipo III),Bl,P,Sin especificar,Sin especificar,Sin especificar,02824_exhibir.mp4,EXHIBIR,test1,18,B2
FENASCOL IV,LSC0,2825,EXPORTAR,VERBO,Vender y enviar mercancías propias hacia otros países. (RAE),NO,1 seña,SI,SI,Simétrica (tipo I),J,S,J,S,Sin especificar,02825_exportar.mp4,EXPORTAR,test2,19,A2
FENASCOL IV,LSC0,2826,EXTRAÑAR,VERBO,"Echar de menos a alguien o algo, o causar extrañeza y sorpresa. (RAE)",NO,1 seña,SI,SI,Asimétrica (tipo III),P,X,Bl,Sin especificar,Sin especificar,02826_extrañar.mp4,EXTRANAR,test4,3,A2
FENASCOL IV,LSC0,2827,FALLAR 1,VERBO,"Cometer un fallo, error o no lograr el efecto pretendido. (RAE)",NO,1 seña,SI,SI,Unimanual en contacto (tipo X),P,Sin especificar,Sin especificar,Sin especificar,Sin especificar,02827_fallar1.mp4,FALLAR 1,test2,9,A1
FENASCOL IV,LSC0,2828,FALLAR 2,VERBO,"Variante de seña para error, falla o sentencia judicial. (Generada Gemini)",NO,1 seña,SI,SI,Asimétrica (tipo III),Bl,Xf,Sin especificar,Sin especificar,Sin especificar,02828_fallar2.mp4,FALLAR 2,test2,6,A2
FENASCOL IV,LSC1,2829,FASCINAR 1,VERBO,Atraer o cautivar irresistiblemente la atención y el agrado de alguien. (RAE),NO,1 seña,SI,SI,Simétrica (tipo I),Bl,Sin especificar,Sin especificar,Sin especificar,Sin especificar,02829_fascinar1.mp4,FASCINAR 1,test3,68,B2
FENASCOL IV,LSC0,2830,FASCINAR 2,VERBO,Variante de seña para fascinación o encanto profundo. (Generada Gemini),NO,1 seña,SI,SI,Unimanual en contacto (tipo X),S,Sin especificar,Sin especificar,Sin especificar,Sin especificar,02830_fascinar2.mp4,FASCINAR 2,test4,11,A2
FENASCOL IV,LSC1,2831,FLOTAR,VERBO,Mantenerse un cuerpo en la superficie de un líquido sin hundirse. (RAE),NO,1 seña,SI,SI,Simétrica (tipo I),J,Sin especificar,Sin especificar,Sin especificar,Sin especificar,02831_flotar.mp4,FLOTAR,test2,10,B1
FENASCOL IV,LSC1,2832,FORZAR,VERBO,Obligar a alguien a hacer algo contra su voluntad o vencer una resistencia. (RAE),NO,1 seña,SI,SI,Asimétrica (tipo III),P,S,Sin especificar,Sin especificar,Sin especificar,02832_forzar.mp4,FORZAR,test4,22,B2
FENASCOL IV,LSC0,2833,FREIR,VERBO,Cocinar un alimento sumergiéndolo en aceite o grasa hirviendo (freír). (RAE),NO,1 seña,SI,SI,Semi-simétrica (tipo II),Gl,Sin especificar,Sin especificar,Sin especificar,Sin especificar,02833_freir.mp4,FREIR,test2,26,A1
FENASCOL IV,LSC1,2834,GRABAR (SONIDO),VERBO,Registrar sonidos o voces en un soporte magnético o digital. (RAE),NO,1 seña,SI,SI,Simétrica (tipo I),P,Sin especificar,Sin especificar,Sin especificar,Sin especificar,02834_grabarsoni.mp4,GRABAR SONIDO,test2,11,B1
FENASCOL IV,LSC1,2835,GRABAR (VÍDEO),VERBO,Registrar imágenes en movimiento y audio en medios digitales o analógicos. (RAE),NO,1 seña,SI,SI,Asimétrica (tipo III),B,U,Sin especificar,Sin especificar,Sin especificar,02835_grabarvide.mp4,GRABAR VIDEO,test4,41,B1
FENASCOL IV,LSC1,2836,IMITAR,VERBO,"Obrar imitando las acciones, modales o características de otra persona o modelo. (RAE)",NO,1 seña,SI,SI,Asimétrica (tipo III),Bl,Jc,Qe,Sin especificar,Sin especificar,02836_imitar.mp4,IMITAR,test1,28,B2
FENASCOL IV,LSC1,2837,IMPONER,VERBO,"Poner una obligación, carga o castigo con autoridad o fuerza. (RAE)",NO,1 seña,SI,SI,Asimétrica (tipo III),Bl,S,Sin especificar,Sin especificar,Sin especificar,02837_imponer.mp4,IMPONER,test4,22,B2
FENASCOL IV,LSC1,2838,INCORPORAR,VERBO,Unir algo a otra cosa para que forme parte de un todo. (RAE),NO,1 seña,SI,SI,Asimétrica (tipo III),Jc,Qe,O,Sin especificar,Sin especificar,02838_incorporar.mp4,INCORPORAR,test2,52,B2
FENASCOL IV,LSC1,2839,INMISCUIR,VERBO,Meterse en asuntos ajenos o intervenir sin que le concierna. (RAE),NO,1 seña,SI,SI,Asimétrica (tipo III),Jc,Qe,O,Sin especificar,Sin especificar,02839_inmiscuir.mp4,INMISCUIR,test4,22,B2
FENASCOL IV,LSC0,2840,INTERPONER (INTERVENIR),VERBO,"Interceder, mediar o interponerse en un conflicto o asunto. (RAE)",SI,2 señas,SI,SI,Compuestas (tipo C),P,Bl,Sin especificar,Sin especificar,Sin especificar,02840_interponer.mp4,INTERPONER INTERVENIR,test2,84,A2
FENASCOL IV,LSC1,2841,INTERPONER (COLOCAR ENTRE),VERBO,Colocar un objeto o barrera entre dos cosas. (RAE),NO,1 seña,SI,SI,Semi-simétrica (tipo II),Ql,Sin especificar,Sin especificar,Sin especificar,Sin especificar,02841_interponer.mp4,INTERPONER COLOCAR ENTRE,test3,2,B1
FENASCOL IV,LSC1,2842,INVADIR,VERBO,Ocupar por la fuerza o irrumpir desmesuradamente en un espacio ajeno. (RAE),NO,1 seña,SI,SI,Asimétrica (tipo III),J,S,Sin especificar,Sin especificar,Sin especificar,02842_invadir.mp4,INVADIR,test3,2,B1
FENASCOL IV,LSC1,2843,IRRADIAR,VERBO,"Emitir rayos, luz, energía, calor o ondas electromagnéticas. (RAE)",NO,1 seña,SI,SI,Simétrica (tipo I),Qe,J,Sin especificar,Sin especificar,Sin especificar,02843_irradiar.mp4,IRRADIAR,test2,26,B1
FENASCOL IV,LSC0,2844,IRRUMPIR,VERBO,Entrar impetuosamente y de forma imprevista en un lugar. (RAE),SI,2 señas,SI,SI,Asimétrica (tipo III),A,B,Be,Sin especificar,Sin especificar,02844_irrumpir.mp4,IRRUMPIR,test1,71,A1
FENASCOL IV,LSC1,2845,JUSTIFICAR,VERBO,"Probar la inocencia, veracidad o legitimidad de un hecho con razones. (RAE)",NO,1 seña,SI,SI,Semi-simétrica (tipo II),Bl,Sin especificar,Sin especificar,Sin especificar,Sin especificar,02845_justificar.mp4,JUSTIFICAR,test3,82,B2
FENASCOL IV,LSC0,2846,LUCHAR,VERBO,"Combatir, batallar o esforzarse con ahínco por conseguir un fin. (RAE)",NO,1 seña,SI,SI,Semi-simétrica (tipo II),L,Sin especificar,Sin especificar,Sin especificar,Sin especificar,02846_luchar.mp4,LUCHAR,test4,68,A2
FENASCOL IV,LSC1,2847,LUSTRAR,VERBO,Dar brillo a una superficie o calzado frotándola. (RAE),SI,2 señas,SI,SI,Asimétrica (tipo III),B,A,J,Sin especificar,Sin especificar,02847_lustrar.mp4,LUSTRAR,test2,23,B2
FENASCOL IV,LSC0,2848,MADRUGAR,VERBO,Levantarse muy temprano por la mañana. (RAE),NO,1 seña,SI,SI,Simétrica (tipo I),S,J,Sin especificar,Sin especificar,Sin especificar,02848_madrugar.mp4,MADRUGAR,test3,13,A2
FENASCOL IV,LSC1,2849,MANIPULAR,VERBO,"Operar con las manos o manejar un objeto, o influir taimadamente en personas. (RAE)",NO,1 seña,SI,SI,Unimanual (tipo 0),Ul,Sin especificar,Sin especificar,Sin especificar,Sin especificar,02849_manipular.mp4,MANIPULAR,test3,2,B1
FENASCOL IV,LSC0,2850,MOJAR,VERBO,"Empapar, humedecer o bañar algo con un líquido. (RAE)",NO,1 seña,SI,SI,Semi-simétrica (tipo II),Jc,Sin especificar,Sin especificar,Sin especificar,Sin especificar,02850_mojar.mp4,MOJAR,test1,20,A2
FENASCOL IV,LSC0,2851,OFRECER - VOLUTARIADO,VERBO,Prestar servicios de manera voluntaria y altruista sin remuneración. (Generada Gemini),NO,1 seña,SI,SI,Simétrica (tipo I),N,Sin especificar,Sin especificar,Sin especificar,Sin especificar,02851_ofrecervol.mp4,OFRECER VOLUTARIADO,test4,68,A2
FENASCOL IV,LSC0,2852,OFRECER - OFERTA,SUSTANTIVO,Manifestar la disposición de dar o vender algo a un precio o condición. (RAE),NO,1 seña,SI,SI,Simétrica (tipo I),Bl,Sin especificar,Sin especificar,Sin especificar,Sin especificar,02852_ofrecerofe.mp4,OFRECER OFERTA,test2,39,A2
FENASCOL IV,LSC0,2853,OPINAR - QUE PIENSA,VERBO,Manifestar el parecer o juicio personal sobre un asunto. (RAE),NO,1 seña,SI,SI,Compuestas (tipo C),P,B,Sin especificar,Sin especificar,Sin especificar,02853_opinarquep.mp4,OPINAR QUE PIENSA,test4,20,A1
FENASCOL IV,LSC1,2854,OPINAR - MANO FORMA O,VERBO,Variante gestual con configuración de mano específica para emitir una opinión. (Generada Gemini),NO,1 seña,NO,SI,Asimétrica (tipo III),B,O,Sin especificar,Sin especificar,Sin especificar,02854_opinarmano.mp4,OPINAR MANO FORMA O,test4,74,B1
FENASCOL IV,LSC0,2855,OPINAR - DEDOS CERRADOS,VERBO,Variante morfológica de seña para expresar un punto de vista. (Generada Gemini),NO,1 seña,NO,NO,Asimétrica (tipo III),B,Qe,Sin especificar,Sin especificar,Sin especificar,02855_opinardedo.mp4,OPINAR DEDOS CERRADOS,test4,11,A2
FENASCOL IV,LSC0,2856,PESAR (PERSONAS),VERBO,Determinar el peso corporal de un ser humano mediante una báscula. (RAE),NO,1 seña,NO,SI,Asimétrica (tipo III),A,P,Sin especificar,Sin especificar,Sin especificar,02856_pesarperso.mp4,PESAR PERSONAS,test2,12,A1
FENASCOL IV,LSC0,2857,PESAR (COSAS),VERBO,Medir la masa o peso de un objeto material. (RAE),NO,1 seña,NO,NO,Simétrica (tipo I),Bl,Bl,Sin especificar,Sin especificar,Sin especificar,02857_pesarcosas.mp4,PESAR COSAS,test2,12,A1
FENASCOL IV,LSC1,2858,PULIR,VERBO,Alisar y dar brillo a una superficie quitando imperfecciones. (RAE),NO,1 seña,NO,SI,Unimanual (tipo 0),S,Sin especificar,Sin especificar,Sin especificar,Sin especificar,02858_pulir.mp4,PULIR,test2,23,B2
FENASCOL IV,LSC0,2859,RECUPERAR (OBJETOS),VERBO,Volver a hallar o tener lo que antes se había perdido. (RAE),NO,1 seña,NO,SI,Unimanual (tipo 0),S,Sin especificar,Sin especificar,Sin especificar,Sin especificar,02859_recuperaro.mp4,RECUPERAR OBJETOS,test4,3,A2
FENASCOL IV,LSC1,2860,RECUPERAR (MATERIAS),VERBO,Aprobar asignaturas pendientes o exámenes no superados previamente. (Generada Gemini),NO,1 seña,SI,SI,Asimétrica (tipo III),B,R,Sin especificar,Sin especificar,Sin especificar,02860_recuperarm.mp4,RECUPERAR MATERIAS,test1,56,B1
FENASCOL IV,LSC1,2861,RECUPERAR (SALUD),VERBO,Restablecerse de una enfermedad o recobrar las fuerzas físicas. (RAE),NO,1 seña,NO,SI,Simétrica (tipo I),Bl,Bl,Sin especificar,Sin especificar,Sin especificar,02861_recuperars.mp4,RECUPERAR SALUD,test4,76,B2
FENASCOL IV,LSC0,2862,REGOCIJAR REGOCIJO,SUSTANTIVO,"Causar alegría, júbilo o contento intenso. (RAE)",NO,1 seña,NO,SI,Unimanual en contacto (tipo X),Qa,Sin especificar,Sin especificar,Sin especificar,Sin especificar,02862_regocijarr.mp4,REGOCIJAR REGOCIJO,test3,27,A1
FENASCOL IV,LSC1,2863,RESIDIR,VERBO,Estar establecido y vivir habitualmente en un lugar. (RAE),NO,1 seña,NO,NO,Simétrica (tipo I),A,A,Sin especificar,Sin especificar,Sin especificar,02863_residir.mp4,RESIDIR,test1,28,B2
FENASCOL IV,LSC0,2864,RONCAR.1,VERBO,Emitir ronquidos sonoros al respirar durmiendo. (RAE),NO,1 seña,NO,SI,Unimanual (tipo 0),G,Sin especificar,Sin especificar,Sin especificar,Sin especificar,02864_roncar1.mp4,RONCAR.1,test3,24,A1
FENASCOL IV,LSC0,2865,RONCAR.2,VERBO,Variante de seña para el acto de roncar. (Generada Gemini),NO,1 seña,NO,SI,Unimanual en contacto (tipo X),R,Sin especificar,Sin especificar,Sin especificar,Sin especificar,02865_roncar2.mp4,RONCAR.2,test4,11,A2
FENASCOL IV,LSC1,2866,ROTAR,VERBO,Girar un cuerpo sobre su propio eje. (RAE),NO,1 seña,NO,SI,Semi-simétrica (tipo II),A,A,Sin especificar,Sin especificar,Sin especificar,02866_rotar.mp4,ROTAR,test3,23,B1
FENASCOL IV,LSC0,2867,TURNAR,VERBO,Sucederse las personas alternativamente para hacer algo. (RAE),NO,1 seña,NO,SI,Semi-simétrica (tipo II),P,P,Sin especificar,Sin especificar,Sin especificar,02867_turnar.mp4,TURNAR,test2,39,A2
FENASCOL IV,LSC1,2868,TURNAR - PULGARES,VERBO,Variante gestual para indicar relevo o turno utilizando los pulgares. (Generada Gemini),NO,1 seña,NO,NO,Semi-simétrica (tipo II),A,A,Sin especificar,Sin especificar,Sin especificar,02868_turnarpulg.mp4,TURNAR PULGARES,test3,2,B1
FENASCOL IV,LSC0,2869,ABANICO,SUSTANTIVO,Instrumento semicircular plegable que se agita para producir fresco con aire. (RAE),NO,1 seña,NO,NO,Unimanual (tipo 0),Xf,Sin especificar,Sin especificar,Sin especificar,Sin especificar,02869_abanico.mp4,ABANICO,test1,58,A2
FENASCOL IV,LSC1,2870,ABORTO,SUSTANTIVO,Interrupción del embarazo antes de que el feto pueda sobrevivir fuera del útero. (RAE),NO,1 seña,NO,SI,Unimanual en contacto (tipo X),O,J,Sin especificar,Sin especificar,Sin especificar,02870_aborto.mp4,ABORTO,test2,75,B1
FENASCOL IV,LSC1,2871,ACERA,SUSTANTIVO,Orilla de la calle o vía pública pavimentada destinada al tránsito de peatones. (RAE),NO,1 seña,NO,NO,Asimétrica (tipo III),B,V,Sin especificar,Sin especificar,Sin especificar,02871_acera.mp4,ACERA,test2,34,B2
FENASCOL IV,LSC1,2872,ACTA,SUSTANTIVO,Documento oficial escrito que registra lo sucedido en una junta o reunión. (RAE),NO,1 seña,NO,SI,Asimétrica (tipo III),Bl,Bl,A,Sin especificar,Sin especificar,02872_acta.mp4,ACTA,test3,56,B2
FENASCOL IV,LSC0,2873,ACTUAL,ADJETIVO,Del tiempo presente o que ocurre en el momento actual. (RAE),NO,1 seña,NO,SI,Simétrica (tipo I),Y,Y,Sin especificar,Sin especificar,Sin especificar,02873_actual.mp4,ACTUAL,test2,45,A1
FENASCOL IV,LSC0,2874,ADHERENCIA ADHERIR,SUSTANTIVO,"Pegarse, unirse o sujetarse fuertemente una cosa a otra. (RAE)",NO,1 seña,NO,SI,Simétrica (tipo I),Bl,Bl,Sin especificar,Sin especificar,Sin especificar,02874_adherencia.mp4,ADHERENCIA ADHERIR,test2,41,A1
FENASCOL IV,LSC1,2875,ADHESIVO,SUSTANTIVO,Sustancia o material que sirve para pegar dos superficies. (RAE),SI,2 señas,NO,NO,Simétrica (tipo I),Bl,Bl,B,Tb,Sin especificar,02875_adhesivo.mp4,ADHESIVO,test4,88,B1
FENASCOL IV,LSC0,2876,ADORABLE,ADJETIVO,Que merece ser adorado o que inspira extrema ternura y agrado. (RAE),NO,1 seña,NO,SI,Simétrica (tipo I),S,S,Sin especificar,Sin especificar,Sin especificar,02876_adorable.mp4,ADORABLE,test2,23,A1
FENASCOL IV,LSC0,2877,AFÁN,SUSTANTIVO,"Empeño, deseo ardiente o esfuerzo vehemente por lograr algo. (RAE)",NO,1 seña,NO,SI,Simétrica (tipo I),S,S,Sin especificar,Sin especificar,Sin especificar,02877_afan.mp4,AFAN,test4,68,A2
FENASCOL IV,LSC1,2878,AFEMINADO,ADJETIVO,"Que muestra modales, rasgos o ademanes considerados propios de mujer. (RAE)",NO,1 seña,NO,NO,Semi-simétrica (tipo II),Tb,Tb,Sin especificar,Sin especificar,Sin especificar,02878_afeminado.mp4,AFEMINADO,test1,33,B1
FENASCOL IV,LSC1,2879,AFICHE,SUSTANTIVO,Cartel impreso con imágenes y textos destinado a la publicidad o propaganda. (RAE),NO,1 seña,NO,SI,Simétrica (tipo I),A,A,Sin especificar,Sin especificar,Sin especificar,02879_afiche.mp4,AFICHE,test1,18,B2
FENASCOL IV,LSC1,2880,AGRADABLE,ADJETIVO,"Que produce agrado, gusto, placer o complacencia. (RAE)",NO,1 seña,NO,NO,Simétrica (tipo I),Bl,Bl,Sin especificar,Sin especificar,Sin especificar,02880_agradable.mp4,AGRADABLE,test1,33,B1
FENASCOL IV,LSC1,2881,AGUACERO,SUSTANTIVO,"Lluvia repentina, fuerte y por lo general de corta duración. (RAE)",NO,1 seña,NO,NO,Simétrica (tipo I),G,G,Sin especificar,Sin especificar,Sin especificar,02881_aguacero.mp4,AGUACERO,test1,67,B2
FENASCOL IV,LSC1,2882,ALA,SUSTANTIVO,Apéndice u órgano plano que permite volar a las aves e insectos. (RAE),NO,1 seña,NO,SI,Unimanual (tipo 0),B,Sin especificar,Sin especificar,Sin especificar,Sin especificar,02882_ala.mp4,ALA,test1,21,B2
FENASCOL IV,LSC1,2883,ÁLBUM,SUSTANTIVO,"Libro en blanco para coleccionar fotos, sellos o discos. (RAE)",SI,3 señas,NO,SI,Semi-simétrica (tipo II),Bl,Bl,Cb,Cb,Sin especificar,02883_album.mp4,ALBUM,test3,86,B1
FENASCOL IV,LSC1,2884,ALCANTARILLA,SUSTANTIVO,Conducto subterráneo para evacuar aguas residuales y pluviales. (RAE),NO,3 señas,NO,SI,Simétrica (tipo I),Cb,Cb,Ok,Sin especificar,Sin especificar,02884_alcantaril.mp4,ALCANTARILLA,test2,10,B1
FENASCOL IV,LSC1,2885,ALIADO,SUSTANTIVO,Que se ha aliado o confederado con otro para un fin común. (RAE),NO,1 seña,NO,SI,Semi-simétrica (tipo II),Okb,Okb,Sin especificar,Sin especificar,Sin especificar,02885_aliado.mp4,ALIADO,test4,84,B1
FENASCOL IV,LSC1,2886,ALMA,SUSTANTIVO,Principio vital o parte espiritual e inmortal del ser humano. (RAE),NO,1 seña,NO,SI,Asimétrica (tipo III),Cl,Okf,Sin especificar,Sin especificar,Sin especificar,02886_alma.mp4,ALMA,test4,63,B2
FENASCOL IV,LSC1,2887,ALMOJÁBANA,SUSTANTIVO,Panecillo tradicional colombiano elaborado a base de harina de maíz y cuajada. (RAE),NO,1 seña,NO,SI,Asimétrica (tipo III),Cb,B,Sin especificar,Sin especificar,Sin especificar,02887_almojabana.mp4,ALMOJABANA,test3,86,B2
FENASCOL IV,LSC1,2888,ALTERNATIVA,SUSTANTIVO,Opción entre dos o más cosas o cursos de acción posibles. (RAE),NO,1 seña,NO,SI,Asimétrica (tipo III),J,V,Sin especificar,Sin especificar,Sin especificar,02888_alternativ.mp4,ALTERNATIVA,test4,26,B2
FENASCOL IV,LSC0,2889,ALUMBRADO,SUSTANTIVO,Sistema de iluminación pública en calles y espacios urbanos. (RAE),NO,1 seña,NO,SI,Simétrica (tipo I),O,O,Jb,Jb,Sin especificar,02889_alumbrado.mp4,ALUMBRADO,test4,43,A2
FENASCOL IV,LSC1,2890,ALUMINIO,SUSTANTIVO,"Elemento químico metálico, ligero, maleable y de color plateado. (RAE)",SI,2 señas,NO,SI,Unimanual en contacto (tipo X),X,Xf,Xf,Sin especificar,Sin especificar,02890_aluminio.mp4,ALUMINIO,test4,88,B1
FENASCOL IV,LSC1,2891,ALZA,SUSTANTIVO,"Aumento o elevación de precios, tarifas o niveles. (RAE)",SI,2 señas,NO,SI,Simétrica (tipo I),Xf,Xf,Bl,Bl,Sin especificar,02891_alza.mp4,ALZA,test4,14,B2
FENASCOL IV,LSC1,2892,AMBIENTADOR,SUSTANTIVO,Sustancia o artefacto para aromatizar o purificar el aire de una estancia. (RAE),SI,2 señas,NO,SI,Asimétrica (tipo III),Oke,J,Sin especificar,Sin especificar,Sin especificar,02892_ambientado.mp4,AMBIENTADOR,test1,67,B2
FENASCOL IV,LSC1,2893,AMENAZA - ESPERE,SUSTANTIVO,Advertencia de prevención o aviso con tono de advertencia contenida. (Generada Gemini),NO,1 seña,NO,SI,Unimanual (tipo 0),B,Sin especificar,Sin especificar,Sin especificar,Sin especificar,02893_amenazaesp.mp4,AMENAZA ESPERE,test1,69,B2
FENASCOL IV,LSC1,2894,AMENAZA - POSITIVO,SUSTANTIVO,Advertencia de riesgo planteada bajo una premisa o condición afirmativa. (Generada Gemini),NO,1 seña,NO,SI,Asimétrica (tipo III),P,P,Sin especificar,Sin especificar,Sin especificar,02894_amenazapos.mp4,AMENAZA POSITIVO,test1,69,B2
FENASCOL IV,LSC1,2895,AMPOLLAS,SUSTANTIVO,Vesícula pequeña llena de líquido que se forma en la piel por fricción o quemadura. (RAE),SI,2 señas,NO,SI,Asimétrica (tipo III),P,O,Sin especificar,Sin especificar,Sin especificar,02895_ampollas.mp4,AMPOLLAS,test3,46,B2
FENASCOL IV,LSC1,2896,ÁNGEL,SUSTANTIVO,Ser celestial e inmaterial mensajero de Dios según las religiones monoteístas. (RAE),NO,1 seña,NO,SI,Semi-simétrica (tipo II),B,B,Sin especificar,Sin especificar,Sin especificar,02896_angel.mp4,ANGEL,test3,87,B1
FENASCOL IV,LSC0,2897,ANTENA,SUSTANTIVO,Dispositivo conductor para emitir o recibir ondas electromagnéticas. (RAE),NO,1 seña,NO,SI,Asimétrica (tipo III),D,J,Sin especificar,Sin especificar,Sin especificar,02897_antena.mp4,ANTENA,test2,15,A2
FENASCOL IV,LSC0,2898,ANTIFAZ,SUSTANTIVO,Máscara pequeña que cubre la parte de los ojos y la cara. (RAE),NO,1 seña,NO,SI,Simétrica (tipo I),Lc,Lc,Sin especificar,Sin especificar,Sin especificar,02898_antifaz.mp4,ANTIFAZ,test4,44,A2
FENASCOL IV,LSC0,2899,APTO,ADJETIVO,"Capaz, idóneo o hábil para hacer algo o cumplir un propósito. (RAE)",NO,1 seña,NO,SI,Simétrica (tipo I),N,N,Sin especificar,Sin especificar,Sin especificar,02899_apto.mp4,APTO,test4,68,A2
FENASCOL IV,LSC1,2900,ARCILLA,SUSTANTIVO,"Tierra compuesta por silicatos de alúmina, moldeable al mezclarse con agua. (RAE)",NO,1 seña,NO,SI,Simétrica (tipo I),A,A,Sin especificar,Sin especificar,Sin especificar,02900_arcilla.mp4,ARCILLA,test2,34,B1
FENASCOL IV,LSC0,2901,AROMA,SUSTANTIVO,Olor muy agradable y fragante. (RAE),NO,1 seña,NO,SI,Unimanual en contacto (tipo X),J,Sin especificar,Sin especificar,Sin especificar,Sin especificar,02901_aroma.mp4,AROMA,test2,73,A2
UEB,LSC1,2902,ARRUGA (PIEL) 1,SUSTANTIVO,Pliegue o surco que se forma en la piel por la edad o la expresión. (RAE),NO,1 seña,NO,SI,Simétrica (tipo I),Ok,Ok,Sin especificar,Sin especificar,Sin especificar,02902_arrugapiel.mp4,ARRUGA PIEL 1,test2,23,B2
UEB,LSC1,2903,ARRUGA (PIEL) 2,SUSTANTIVO,Variante de seña para pliegues cutáneos o arrugas. (Generada Gemini),NO,1 seña,NO,SI,Simétrica (tipo I),Gl,Gl,Sin especificar,Sin especificar,Sin especificar,02903_arrugapiel.mp4,ARRUGA PIEL 2,test3,15,B2
UEB,LSC0,2904,ARZOBISPO,SUSTANTIVO,Obispo titular de una archidiócesis o cabeza de una provincia eclesiástica. (RAE),NO,1 seña,NO,SI,Simétrica (tipo I),B,B,Sin especificar,Sin especificar,Sin especificar,02904_arzobispo.mp4,ARZOBISPO,test3,7,A2
UEB,LSC1,2905,ASCO,SUSTANTIVO,Impresión desagradable causada por algo que repugna. (RAE),NO,1 seña,NO,SI,Simétrica (tipo I),J,J,Sin especificar,Sin especificar,Sin especificar,02905_asco.mp4,ASCO,test2,6,B1
UEB,LSC1,2906,ASFIXIA,SUSTANTIVO,Suspensión o dificultad grave de la respiración. (RAE),NO,1 seña,NO,SI,Simétrica (tipo I),J,J,Sin especificar,Sin especificar,Sin especificar,02906_asfixia.mp4,ASFIXIA,test2,6,B1
UEB,LSC1,2907,ASTRÓNOMO,SUSTANTIVO,Científico especializado en el estudio de los cuerpos celestes y el universo. (RAE),SI,2 señas,NO,SI,Unimanual (tipo 0),Cb,C,C,Sin especificar,Sin especificar,02907_astronomo.mp4,ASTRONOMO,test3,67,B1
FENASCOL IV,LSC0,2908,ASUNTO,SUSTANTIVO,"Materia, cuestión o negocio de que se trata. (RAE)",NO,1 seña,NO,SI,Asimétrica (tipo III),Ob,B,Sin especificar,Sin especificar,Sin especificar,02908_asunto.mp4,ASUNTO,test2,12,A2
FENASCOL IV,LSC1,2909,ATRACCIÓN ATRAER 1,SUSTANTIVO,Fuerza que inclina a alguien hacia otra persona o cosa. (RAE),NO,1 seña,NO,SI,Unimanual en contacto (tipo X),U,Sin especificar,Sin especificar,Sin especificar,Sin especificar,02909_atracciona.mp4,ATRACCION ATRAER 1,test3,2,B1
FENASCOL IV,LSC1,2910,ATRACCIÓN 2,SUSTANTIVO,Variante de seña para atracción o encanto irresistible. (Generada Gemini),NO,1 seña,NO,SI,Simétrica (tipo I),U,U,Sin especificar,Sin especificar,Sin especificar,02910_atraccion2.mp4,ATRACCION 2,test2,47,B2
FENASCOL IV,LSC1,2911,ATREVIDO ATREVIMIENTO,ADJETIVO,"Osado, que tiene audacia o falta de respeto prudente. (RAE)",NO,1 seña,NO,SI,Unimanual en contacto (tipo X),A,Sin especificar,Sin especificar,Sin especificar,Sin especificar,02911_atrevidoat.mp4,ATREVIDO ATREVIMIENTO,test3,0,B2
FENASCOL IV,LSC1,2912,AUTISMO,SUSTANTIVO,Trastorno del neurodesarrollo caracterizado por alteración en la interacción social y comunicación. (RAE),NO,1 seña,NO,SI,Unimanual (tipo 0),P,Sin especificar,Sin especificar,Sin especificar,Sin especificar,02912_autismo.mp4,AUTISMO,test3,41,B2
FENASCOL IV,LSC0,2913,AUTOMATA,SUSTANTIVO,Máquina que imita los movimientos de un ser vivo (autómata). (RAE),NO,1 seña,NO,SI,Semi-simétrica (tipo II),J,J,Sin especificar,Sin especificar,Sin especificar,02913_automata.mp4,AUTOMATA,test1,88,A2
FENASCOL IV,LSC0,2914,SOLO-INVOLUNTARIO,ADJETIVO,Acción realizada de forma solitaria o espontánea sin premeditación. (Generada Gemini),NO,1 seña,NO,SI,Unimanual en contacto (tipo X),P,Sin especificar,Sin especificar,Sin especificar,Sin especificar,02914_soloinvolu.mp4,SOLO INVOLUNTARIO,test1,22,A2
FENASCOL IV,LSC1,2915,AUTOMÁTICO,ADJETIVO,Que funciona por sí mismo mediante mecanismos internos sin intervención directa. (RAE),SI,2 señas,SI,SI,Unimanual en contacto (tipo X),P,Gl,Gl,Sin especificar,Sin especificar,02915_automatico.mp4,AUTOMATICO,test3,2,B1
FENASCOL IV,LSC0,2916,AUTÓNOMO,ADJETIVO,"Que goza de autonomía, independencia o autogobierno. (RAE)",NO,1 seña,NO,SI,Unimanual en contacto (tipo X),A,Sin especificar,Sin especificar,Sin especificar,Sin especificar,02916_autonomo.mp4,AUTONOMO,test3,57,A2
FENASCOL IV,LSC1,2917,AUTORIZAR AUTORIZACIÓN,VERBO,"Dar poder, facultad o permiso para hacer algo. (RAE)",SI,2 señas,NO,SI,Unimanual (tipo 0),P,Bl,S,Sin especificar,Sin especificar,02917_autorizara.mp4,AUTORIZAR AUTORIZACION,test4,83,B2
FENASCOL IV,LSC1,2918,AUTORIDAD,SUSTANTIVO,Potestad o facultad que se tiene para dar órdenes o exigir obediencia. (RAE),NO,1 seña,NO,SI,Unimanual en contacto (tipo X),A,S,Sin especificar,Sin especificar,Sin especificar,02918_autoridad.mp4,AUTORIDAD,test1,5,B1
FENASCOL IV,LSC1,2919,AUTOSERVICIO,SUSTANTIVO,Establecimiento comercial donde los clientes se sirven directamente los productos. (RAE),SI,2 señas,NO,SI,Semi-simétrica (tipo II),J,J,A,Sin especificar,Sin especificar,02919_autoservic.mp4,AUTOSERVICIO,test4,14,B2
FENASCOL IV,LSC1,2920,AVANZADO,ADJETIVO,Que ha progresado o se halla adelantado en un proceso o conocimiento. (RAE),NO,1 seña,NO,SI,Semi-simétrica (tipo II),Ql,Ql,Sin especificar,Sin especificar,Sin especificar,02920_avanzado.mp4,AVANZADO,test4,25,B2
FENASCOL IV,LSC1,2921,AVENTURA (SEXUAL),SUSTANTIVO,Relación amorosa o erótica de carácter pasajero o furtivo. (RAE),SI,2 señas,NO,SI,Semi-simétrica (tipo II),Bl,Bl,Bl,P,Sin especificar,02921_aventurase.mp4,AVENTURA SEXUAL,test1,9,B1
FENASCOL IV,LSC1,2922,AVENTURA,SUSTANTIVO,Empresa de gran riesgo o suceso inusual y emocionante. (RAE),NO,1 seña,SI,SI,Unimanual en contacto (tipo X),A,X,Sin especificar,Sin especificar,Sin especificar,02922_aventura.mp4,AVENTURA,test4,84,B1
FENASCOL IV,LSC1,2923,AVISO,SUSTANTIVO,"Noticia, advertencia o consejo que se comunica a alguien. (RAE)",SI,2 señas,NO,SI,Simétrica (tipo I),A,A,Bl,Bl,Sin especificar,02923_aviso.mp4,AVISO,test3,82,B2
FENASCOL IV,LSC0,2924,BABOSA,SUSTANTIVO,Molusco gasterópodo terrestre sin concha de cuerpo blando y viscoso. (RAE),NO,1 seña,NO,SI,Asimétrica (tipo III),Okp,S,Sin especificar,Sin especificar,Sin especificar,02924_babosa.mp4,BABOSA,test4,8,A2
FENASCOL IV,LSC1,2925,BAFLE,SUSTANTIVO,Caja acústica que contiene altavoces para amplificar el sonido. (RAE),SI,3 señas,NO,SI,Unimanual en contacto (tipo X),P,S,Cf,Sin especificar,Sin especificar,02925_bafle.mp4,BAFLE,test3,39,B2
FENASCOL IV,LSC1,2926,BAILARINA,SUSTANTIVO,Persona que se dedica al arte de la danza. (RAE),SI,2 señas,NO,SI,Asimétrica (tipo III),V,J,J,J,Sin especificar,02926_bailarina.mp4,BAILARINA,test2,85,B1
FENASCOL IV,LSC1,2927,BALANCEO 1,SUSTANTIVO,Movimiento oscilatorio de un lado a otro. (RAE),NO,1 seña,NO,SI,Semi-simétrica (tipo II),Pc,Pc,Sin especificar,Sin especificar,Sin especificar,02927_balanceo1.mp4,BALANCEO 1,test3,70,B2
FENASCOL IV,LSC0,2928,BALANZA,SUSTANTIVO,Instrumento para medir la masa o peso de los cuerpos. (RAE),NO,1 seña,NO,SI,Semi-simétrica (tipo II),Bl,Bl,Sin especificar,Sin especificar,Sin especificar,02928_balanza.mp4,BALANZA,test4,25,A2
FENASCOL IV,LSC1,2929,BALANCEO 2,SUSTANTIVO,Variante de seña para la acción de mecerse u oscilar. (Generada Gemini),NO,1 seña,NO,SI,Unimanual (tipo 0),P,Sin especificar,Sin especificar,Sin especificar,Sin especificar,02929_balanceo2.mp4,BALANCEO 2,test3,70,B2
FENASCOL IV,LSC1,2930,BALLET,SUSTANTIVO,Danza clásica académica representada con coreografía escénica. (RAE),SI,2 señas,NO,SI,Simétrica (tipo I),Be,Be,Be,Be,Sin especificar,02930_ballet.mp4,BALLET,test2,85,B1
FENASCOL IV,LSC1,2931,BANQUETE 1,SUSTANTIVO,Comida espléndida o festiva con muchos invitados. (RAE),SI,2 señas,NO,SI,Compuestas (tipo C),Bl,C,Sin especificar,Sin especificar,Sin especificar,02931_banquete1.mp4,BANQUETE 1,test2,18,B1
FENASCOL IV,LSC1,2932,BANQUETE 2,SUSTANTIVO,Variante de seña para comida o festín de banquete. (Generada Gemini),SI,2 señas,NO,SI,Unimanual en contacto (tipo X),Q,Jc,Jc,Sin especificar,Sin especificar,02932_banquete2.mp4,BANQUETE 2,test2,18,B1
FENASCOL IV,LSC1,2933,BETÚN,SUSTANTIVO,"Crema o cera empleada para limpiar, nutrir y dar brillo al calzado. (RAE)",NO,1 seña,NO,SI,Asimétrica (tipo III),Cl,C,Bl,B,Sin especificar,02933_betun.mp4,BETUN,test2,23,B2
FENASCOL IV,LSC1,2934,BILINGÜISMO,SUSTANTIVO,Uso habitual de dos lenguas distintas por una comunidad o individuo. (RAE),SI,2 señas,NO,SI,Asimétrica (tipo III),C,V,L,Sin especificar,Sin especificar,02934_bilinguism.mp4,BILINGUISMO,test4,73,B2
FENASCOL IV,LSC0,2935,BILLETE,SUSTANTIVO,Papel moneda de curso legal emitido por un banco central. (RAE),NO,1 seña,SI,SI,Simétrica (tipo I),Cb,Cb,Sin especificar,Sin especificar,Sin especificar,02935_billete.mp4,BILLETE,test2,48,A1
FENASCOL IV,LSC1,2936,BILLETE (LOTERÍA),SUSTANTIVO,Documento impreso que participa en un sorteo de lotería. (RAE),NO,1 seña,NO,SI,Semi-simétrica (tipo II),Bl,Bl,Sin especificar,Sin especificar,Sin especificar,02936_billetelot.mp4,BILLETE LOTERIA,test1,18,B2
FENASCOL IV,LSC1,2937,BILLETERA 1,SUSTANTIVO,Pequeña cartera plegable para llevar billetes y tarjetas. (RAE),SI,3 señas,NO,SI,Semi-simétrica (tipo II),Bl,Bl,Q,Sin especificar,Sin especificar,02937_billetera1.mp4,BILLETERA 1,test4,87,B2
FENASCOL IV,LSC0,2938,BILLETERA 2,SUSTANTIVO,Variante de seña para cartera de bolsillo (billetera). (Generada Gemini),NO,1 seña,NO,SI,Simétrica (tipo I),Bl,Bl,Sin especificar,Sin especificar,Sin especificar,02938_billetera2.mp4,BILLETERA 2,test4,11,A2
FENASCOL IV,LSC0,2939,BINGO,SUSTANTIVO,Juego de azar basado en la extracción aleatoria de números impresos en cartones. (RAE),NO,1 seña,NO,SI,Asimétrica (tipo III),Tb,Bl,Sin especificar,Sin especificar,Sin especificar,02939_bingo.mp4,BINGO,test4,36,A2
FENASCOL IV,LSC1,2940,BIOPSIA,SUSTANTIVO,Extracción y examen microscópico de una muestra de tejido biológico. (RAE),SI,2 señas,NO,SI,Asimétrica (tipo III),Tb,S,Bl,Bl,Sin especificar,02940_biopsia.mp4,BIOPSIA,test1,58,B2
FENASCOL IV,LSC1,2941,BISTURÍ,SUSTANTIVO,Instrumento quirúrgico en forma de pequeño cuchillo de hoja fina. (RAE),NO,1 seña,NO,SI,Asimétrica (tipo III),A,Bl,Sin especificar,Sin especificar,Sin especificar,02941_bisturi.mp4,BISTURI,test4,9,B2
FENASCOL IV,LSC1,2942,BIZCO,ADJETIVO,Que padece estrabismo o desviación en la alineación de los ojos. (RAE),NO,1 seña,NO,SI,Simétrica (tipo I),Ok,Ok,Sin especificar,Sin especificar,Sin especificar,02942_bizco.mp4,BIZCO,test1,81,B2
FENASCOL IV,LSC1,2943,BOBADA,SUSTANTIVO,"Dicho o hecho necio, simple o sin importancia. (RAE)",SI,2 señas,NO,SI,Unimanual en contacto (tipo X),P,Cb,O,Jb,Sin especificar,02943_bobada.mp4,BOBADA,test3,82,B2
FENASCOL IV,LSC1,2944,BOCADILLO,SUSTANTIVO,Dulce tradicional de pulpa de guayaba condensada con azúcar. (RAE),SI,2 señas,NO,SI,Unimanual en contacto (tipo X),H,H,H,Sin especificar,Sin especificar,02944_bocadillo.mp4,BOCADILLO,test1,16,B1
FENASCOL IV,LSC0,2945,BODEGA,SUSTANTIVO,Local o espacio subterráneo para almacenar mercancías o vino. (RAE),NO,1 seña,NO,SI,Simétrica (tipo I),J,J,Sin especificar,Sin especificar,Sin especificar,02945_bodega.mp4,BODEGA,test4,43,A2
FENASCOL IV,LSC0,2946,BOFETADA,SUSTANTIVO,Golpe dado con la mano abierta en el rostro. (RAE),NO,1 seña,NO,SI,Unimanual en contacto (tipo X),Bl,Sin especificar,Sin especificar,Sin especificar,Sin especificar,02946_bofetada.mp4,BOFETADA,test1,86,A1
FENASCOL IV,LSC1,2947,BOLETA-ROMPE,SUSTANTIVO,Entrada o tiquete que se desgarra o corta en el control de acceso. (Generada Gemini),SI,2 señas,NO,SI,Simétrica (tipo I),Cb,Cb,Pc,Pc,Sin especificar,02947_boletaromp.mp4,BOLETA ROMPE,test2,47,B2
UEB,LSC1,2948,BOLETA-GENERAL,SUSTANTIVO,"Ticket, tiquete o entrada general para un evento. (RAE)",NO,1 seña,NO,SI,Asimétrica (tipo III),XX,Bl,Sin especificar,Sin especificar,Sin especificar,02948_boletagene.mp4,BOLETA GENERAL,test1,5,B1
FENASCOL IV,LSC1,2949,BOLICHE,SUSTANTIVO,Juego deportivo que consiste en derribar pinos lanzando una bola pesada. (RAE),SI,2 señas,NO,SI,Simétrica (tipo I),Jc,Jc,S,J,Sin especificar,02949_boliche.mp4,BOLICHE,test4,51,B2
FENASCOL IV,LSC0,2950,BOLSA,SUSTANTIVO,"Recipiente flexible de papel, plástico o tela para transportar cosas. (RAE)",NO,1 seña,NO,SI,Simétrica (tipo I),Af,Af,Sin especificar,Sin especificar,Sin especificar,02950_bolsa.mp4,BOLSA,test3,42,A2
FENASCOL IV,LSC1,2951,BOMBA (EXPLOSIVO),SUSTANTIVO,Artefacto cargado con material explosivo destinado a detonar destructivamente. (RAE),NO,1 seña,NO,SI,Simétrica (tipo I),S,S,J,J,Sin especificar,02951_bombaexplo.mp4,BOMBA EXPLOSIVO,test4,27,B1
FENASCOL IV,LSC0,2952,BOMBA (DE AIRE),SUSTANTIVO,Dispositivo mecánico para inflar objetos mediante inyección de aire. (RAE),NO,1 seña,NO,SI,Semi-simétrica (tipo II),Af,Af,Sin especificar,Sin especificar,Sin especificar,02952_bombadeair.mp4,BOMBA DE AIRE,test2,15,A2
FENASCOL IV,LSC0,2953,BOMBILLO,SUSTANTIVO,Dispositivo eléctrico que produce luz mediante incandescencia o tecnología LED. (RAE),NO,1 seña,NO,SI,Unimanual (tipo 0),Jc,Sin especificar,Sin especificar,Sin especificar,Sin especificar,02953_bombillo.mp4,BOMBILLO,test2,15,A2
FENASCOL IV,LSC0,2954,BOTONES (ACCESORIO),SUSTANTIVO,Pequeña pieza abrochadora de ropa. (RAE),NO,1 seña,NO,SI,Unimanual (tipo 0),Okb,Sin especificar,Sin especificar,Sin especificar,Sin especificar,02954_botonesacc.mp4,BOTONES ACCESORIO,test3,42,A2
FENASCOL IV,LSC0,2955,BOTONES (MAQUINA),SUSTANTIVO,Pulsador eléctrico para activar un mecanismo. (RAE),NO,1 seña,NO,SI,Asimétrica (tipo III),P,Bl,Sin especificar,Sin especificar,Sin especificar,02955_botonesmaq.mp4,BOTONES MAQUINA,test2,15,A2
FENASCOL IV,LSC0,2956,BRUJO-1,SUSTANTIVO,Persona a la que se atribuyen facultades mágicas o prácticas de brujería. (RAE),NO,1 seña,NO,SI,Unimanual (tipo 0),Xe,Sin especificar,Sin especificar,Sin especificar,Sin especificar,02956_brujo1.mp4,BRUJO 1,test3,81,A1
UEB,LSC0,2957,BRUJO-2,SUSTANTIVO,Variante de seña para hechicero o brujo. (Generada Gemini),NO,1 seña,NO,SI,Unimanual en contacto (tipo X),Sin especificar,Xe,Sin especificar,Sin especificar,Sin especificar,02957_brujo2.mp4,BRUJO 2,test4,80,A2
FENASCOL IV,LSC0,2958,CABALGATA,SUSTANTIVO,Desfile o marcha festiva realizada a caballo. (RAE),NO,1 seña,NO,SI,Semi-simétrica (tipo II),S,S,Sin especificar,Sin especificar,Sin especificar,02958_cabalgata.mp4,CABALGATA,test1,31,A2
FENASCOL IV,LSC1,2959,CADENA,SUSTANTIVO,Serie de eslabones metálicos enlazados entre sí. (RAE),NO,1 seña,NO,SI,Semi-simétrica (tipo II),Ok,Ok,Sin especificar,Sin especificar,Sin especificar,02959_cadena.mp4,CADENA,test1,17,B2
FENASCOL IV,LSC0,2960,CAJÓN 1,SUSTANTIVO,Compartimento deslizante extraíble de un mueble o escritorio. (RAE),NO,1 seña,NO,SI,Unimanual (tipo 0),Jc,S,Sin especificar,Sin especificar,Sin especificar,02960_cajon1.mp4,CAJON 1,test2,56,A1
FENASCOL IV,LSC1,2961,CAJÓN 2,SUSTANTIVO,Variante de seña para gaveta o cajón. (Generada Gemini),NO,1 seña,NO,SI,Semi-simétrica (tipo II),Bl,Bl,Bl,Bl,Sin especificar,02961_cajon2.mp4,CAJON 2,test2,47,B2
FENASCOL IV,LSC1,2962,CAL,SUSTANTIVO,"Óxido de calcio, sustancia blanca usada en construcción y albañilería. (RAE)",SI,2 señas,NO,SI,Asimétrica (tipo III),Xf,C,Bl,Sin especificar,Sin especificar,02962_cal.mp4,CAL,test1,67,B2
FENASCOL IV,LSC1,2963,CALAMBRE,SUSTANTIVO,"Contracción muscular involuntaria, dolorosa y repentina. (RAE)",NO,1 seña,NO,SI,Simétrica (tipo I),V,V,XX,XX,Sin especificar,02963_calambre.mp4,CALAMBRE,test2,6,B1
FENASCOL IV,LSC0,2964,CÁLIZ,SUSTANTIVO,Copa litúrgica empleada en la misa para contener el vino sacramental. (RAE),NO,1 seña,NO,SI,Asimétrica (tipo III),C,Bl,Sin especificar,Sin especificar,Sin especificar,02964_caliz.mp4,CALIZ,test2,28,A2
FENASCOL IV,LSC0,2965,CAMPANA 1,SUSTANTIVO,Instrumento metálico hueco en forma de copa invertida que suena al golpearla. (RAE),NO,1 seña,NO,SI,Unimanual (tipo 0),Xf,Sin especificar,Sin especificar,Sin especificar,Sin especificar,02965_campana1.mp4,CAMPANA 1,test4,69,A1
FENASCOL IV,LSC0,2966,CAMPANA 2,SUSTANTIVO,Variante de seña para campana o dispositivo sonoro. (Generada Gemini),NO,1 seña,NO,SI,Unimanual (tipo 0),Xf,Sin especificar,Sin especificar,Sin especificar,Sin especificar,02966_campana2.mp4,CAMPANA 2,test4,11,A2
FENASCOL IV,LSC1,2967,CAMPEONATO,SUSTANTIVO,Torneo o competición deportiva para disputar un título. (RAE),SI,3 señas,NO,SI,Simétrica (tipo I),J,J,D,D,G,02967_campeonato.mp4,CAMPEONATO,test4,64,B1
FENASCOL IV,LSC0,2968,CANA,SUSTANTIVO,Pelo de color blanco o gris que sale en la cabeza. (RAE),NO,1 seña,NO,SI,Unimanual en contacto (tipo X),N,Sin especificar,Sin especificar,Sin especificar,Sin especificar,02968_cana.mp4,CANA,test1,29,A2
FENASCOL IV,LSC0,2969,CANASTA CANASTO 1,SUSTANTIVO,Recipiente tejido de mimbre u otro material para transportar cosas. (RAE),NO,1 seña,NO,SI,Unimanual (tipo 0),S,Sin especificar,Sin especificar,Sin especificar,Sin especificar,02969_canastacan.mp4,CANASTA CANASTO 1,test4,43,A1
FENASCOL IV,LSC1,2970,CANASTA CANASTO 2,SUSTANTIVO,Variante de seña para canasto o cesta de almacenamiento. (Generada Gemini),SI,2 señas,NO,SI,Simétrica (tipo I),J,J,S,Sin especificar,Sin especificar,02970_canastacan.mp4,CANASTA CANASTO 2,test3,15,B2
FENASCOL IV,LSC0,2971,CANDADO,SUSTANTIVO,Dispositivo de seguridad con arco metálico que se cierra mediante llave o combinación. (RAE),NO,1 seña,NO,SI,Simétrica (tipo I),Okb,Okb,Sin especificar,Sin especificar,Sin especificar,02971_candado.mp4,CANDADO,test3,70,A2
FENASCOL IV,LSC0,2972,CANDELABRO,SUSTANTIVO,Candelabro; candelero grande con varios brazos para poner velas. (RAE),NO,1 seña,NO,SI,Simétrica (tipo I),Je,Je,Sin especificar,Sin especificar,Sin especificar,02972_candelabro.mp4,CANDELABRO,test1,86,A2
FENASCOL IV,LSC0,2973,CANDELERO,SUSTANTIVO,Pieza o soporte hueco para afirmar una vela o candela. (RAE),NO,1 seña,NO,SI,Asimétrica (tipo III),Jb,Xf,Sin especificar,Sin especificar,Sin especificar,02973_candelero.mp4,CANDELERO,test1,86,A2
FENASCOL IV,LSC0,2974,CANDIDATO,SUSTANTIVO,"Persona que aspira a un cargo, empleo, dignidad o reconocimiento. (RAE)",NO,1 seña,NO,SI,Semi-simétrica (tipo II),Bl,Bl,Sin especificar,Sin especificar,Sin especificar,02974_candidato.mp4,CANDIDATO,test3,83,A1
FENASCOL IV,LSC1,2975,CANTALETA,SUSTANTIVO,Repetición molesta y pesada de una queja o regaño. (RAE),NO,1 seña,NO,SI,Simétrica (tipo I),J,J,Sin especificar,Sin especificar,Sin especificar,02975_cantaleta.mp4,CANTALETA,test2,6,B1
FENASCOL IV,LSC1,2976,CAÑA,SUSTANTIVO,"Tallo hueco, nudoso y resistente de algunas gramíneas o plantas. (RAE)",SI,2 señas,NO,SI,Unimanual en contacto (tipo X),H,S,S,Sin especificar,Sin especificar,02976_caña.mp4,CANA,test2,49,B1
FENASCOL IV,LSC0,2977,CARGO,SUSTANTIVO,"Empleo, oficio, dignidad o responsabilidad asignada a alguien. (RAE)",NO,1 seña,NO,SI,Simétrica (tipo I),Jb,Jb,Sin especificar,Sin especificar,Sin especificar,02977_cargo.mp4,CARGO,test2,39,A2
FENASCOL IV,LSC0,2978,CARRERAS,SUSTANTIVO,Competiciones de velocidad o prisa excesiva al desplazarse. (RAE),NO,1 seña,NO,SI,Simétrica (tipo I),B,B,Sin especificar,Sin especificar,Sin especificar,02978_carreras.mp4,CARRERAS,test1,78,A2
FENASCOL IV,LSC1,2979,CÁSCARA,SUSTANTIVO,"Capa exterior dura que cubre frutos, semillas u huevos. (RAE)",NO,1 seña,NO,SI,Simétrica (tipo I),C,Xt,Sin especificar,Sin especificar,Sin especificar,02979_cascara.mp4,CASCARA,test2,54,B1
FENASCOL IV,LSC1,2980,CAUCHO,SUSTANTIVO,Sustancia elástica obtenida del látex de plantas o sintética. (RAE),NO,1 seña,NO,SI,Simétrica (tipo I),Xt,Xt,Sin especificar,Sin especificar,Sin especificar,02980_caucho.mp4,CAUCHO,test3,36,B2
FENASCOL IV,LSC1,2981,CENICERO,SUSTANTIVO,Recipiente para depositar la ceniza y colillas de cigarrillos. (RAE),Sin especificar,Sin especificar,NO,SI,Compuestas (tipo C),V,Sin especificar,Sin especificar,Sin especificar,Sin especificar,02981_cenicero.mp4,CENICERO,test1,56,B1
FENASCOL IV,LSC0,2982,CENIZA,SUSTANTIVO,Polvo de color gris que queda tras la combustión de algo. (RAE),NO,1 seña,NO,SI,Asimétrica (tipo III),Jb,Q,Sin especificar,Sin especificar,Sin especificar,02982_ceniza.mp4,CENIZA,test1,76,A2
FENASCOL IV,LSC0,2983,CERCA,SUSTANTIVO,Valla o tapia que rodea un terreno o propiedad. (RAE),NO,1 seña,NO,SI,Simétrica (tipo I),Jb,Jb,Sin especificar,Sin especificar,Sin especificar,02983_cerca.mp4,CERCA,test1,31,A2
FENASCOL IV,LSC0,2984,CHAMPIÑONES,SUSTANTIVO,Hongo comestible de sombrero redondeado y pie blanco (champiñón). (RAE),NO,1 seña,NO,SI,Asimétrica (tipo III),P,Jb,Sin especificar,Sin especificar,Sin especificar,02984_chapiñone.mp4,CHAMPINONES,test3,42,A2
FENASCOL IV,LSC1,2985,CHISPA,SUSTANTIVO,Partícula encendida que salta de un fuego o chispa eléctrica. (RAE),NO,1 seña,NO,SI,Semi-simétrica (tipo II),Okc,Okc,Sin especificar,Sin especificar,Sin especificar,02985_chispa.mp4,CHISPA,test1,67,B2
FENASCOL IV,LSC0,2986,COMETA (JUEGO),SUSTANTIVO,Armazón ligera de papel o tela que se remonta en el aire sujeta por un hilo (cometa/papalote). (RAE),NO,1 seña,NO,SI,Asimétrica (tipo III),A,Xe,Xe,Sin especificar,Sin especificar,02986_cometajueg.mp4,COMETA JUEGO,test1,66,A2
FENASCOL IV,LSC1,2987,COMETA (ASTRO),SUSTANTIVO,Cuerpo celeste del sistema solar formado por hielo y rocas con órbita elíptica. (RAE),NO,1 seña,NO,SI,Unimanual (tipo 0),O,Ok,Sin especificar,Sin especificar,Sin especificar,02987_cometaastr.mp4,COMETA ASTRO,test4,74,B1
FENASCOL IV,LSC1,2988,COMISIÓN (COMITÉ),SUSTANTIVO,Grupo de personas delegadas para un asunto específico. (RAE),NO,1 seña,NO,SI,Simétrica (tipo I),Cl,Cl,Sin especificar,Sin especificar,Sin especificar,02988_comisionco.mp4,COMISION COMITE,test1,97,B2
FENASCOL IV,LSC1,2989,COMISIÓN (GANANCIA),SUSTANTIVO,Porcentaje de dinero cobrado por realizar una transacción comercial. (RAE),SI,2 señas,NO,SI,Unimanual en contacto (tipo X),C,Okc,Sin especificar,Sin especificar,Sin especificar,02989_comisionga.mp4,COMISION GANANCIA,test4,14,B2
FENASCOL IV,LSC0,2990,CÓMODO-1,ADJETIVO,"Que proporciona comodidad, bienestar o desahogo físico. (RAE)",NO,1 seña,NO,SI,Semi-simétrica (tipo II),B,B,Sin especificar,Sin especificar,Sin especificar,02990_comodo1.mp4,COMODO 1,test3,60,A1
UEB,LSC0,2991,CÓMODO-2,ADJETIVO,Variante de seña para confort o comodidad. (Generada Gemini),Sin especificar,Sin especificar,NO,NO,Sin especificar,Sin especificar,Sin especificar,Sin especificar,Sin especificar,Sin especificar,02991_comodo2.mp4,COMODO 2,test2,6,A2
UEB,LSC1,2992,INCOMODO,ADJETIVO,"Que causa molestia, incomodidad o desasosiego. (RAE)",NO,1 seña,NO,SI,Unimanual en contacto (tipo X),J,Sin especificar,Sin especificar,Sin especificar,Sin especificar,02992_incomodo.mp4,INCOMODO,test3,41,B2
FENASCOL IV,LSC0,2993,COMPAÑERO DE INFANCIA,SUSTANTIVO,Amistad conservada desde los primeros años de la niñez. (Generada Gemini),NO,1 seña,NO,SI,Simétrica (tipo I),Bl,Bl,Sin especificar,Sin especificar,Sin especificar,02993_compañero.mp4,COMPANERO DE INFANCIA,test3,82,A1
FENASCOL IV,LSC0,2994,CONCIENCIA,SUSTANTIVO,Propiedad del espíritu humano de reconocerse en sus atributos y juicios morales. (RAE),NO,1 seña,NO,SI,Simétrica (tipo I),Bl,Bl,Sin especificar,Sin especificar,Sin especificar,02994_conciencia.mp4,CONCIENCIA,test2,44,A1
FENASCOL IV,LSC1,2995,CONCURSO,SUSTANTIVO,Competencia o certamen convocado para premiar un mérito o destreza. (RAE),NO,1 seña,NO,SI,Semi-simétrica (tipo II),P,P,Sin especificar,Sin especificar,Sin especificar,02995_concurso.mp4,CONCURSO,test4,25,B2
FENASCOL IV,LSC1,2996,CONGESTIÓN (PERSONAS),SUSTANTIVO,Acumulación excesiva de personas en un espacio reducido. (RAE),NO,1 seña,NO,SI,Semi-simétrica (tipo II),Jc,Jc,Sin especificar,Sin especificar,Sin especificar,02996_congestion.mp4,CONGESTION PERSONAS,test1,28,B2
FENASCOL IV,LSC1,2997,CONTEXTO,SUSTANTIVO,"Entorno físico o situación política, histórica o cultural en que ocurre un hecho. (RAE)",NO,1 seña,NO,SI,Asimétrica (tipo III),P,J,Sin especificar,Sin especificar,Sin especificar,02997_contexto.mp4,CONTEXTO,test3,82,B2
FENASCOL IV,LSC1,2998,CORRESPONDENCIA,SUSTANTIVO,"Intercambio de cartas, mensajes o correspondencia postal y digital. (RAE)",NO,1 seña,NO,SI,Unimanual en contacto (tipo X),H,B,Bl,Bl,Sin especificar,02998_correspond.mp4,CORRESPONDENCIA,test2,48,B2
FENASCOL IV,LSC0,2999,CORRIENTE (ELÉCTIRCA),SUSTANTIVO,Flujo de carga eléctrica a través de un conductor. (RAE),NO,1 seña,NO,SI,Simétrica (tipo I),XXc,XXc,J,J,Sin especificar,02999_corrientee.mp4,CORRIENTE ELECTIRCA,test2,15,A2
FENASCOL IV,LSC0,3000,CORRIENTE (AGUA),SUSTANTIVO,Flujo continuo de agua en un río o caudal. (RAE),NO,1 seña,NO,SI,Unimanual en contacto (tipo X),A,J,J,Sin especificar,Sin especificar,03000_corrientea.mp4,CORRIENTE AGUA,test1,20,A2
FENASCOL IV,LSC1,3001,CORTOCIRCUITO,SUSTANTIVO,Falla eléctrica por contacto accidental entre dos conductores de distinta polaridad. (RAE),NO,1 seña,NO,SI,Simétrica (tipo I),P,P,J,J,Sin especificar,03001_cortocircu.mp4,CORTOCIRCUITO,test3,2,B1
FENASCOL IV,LSC1,3002,CREMALLERA,SUSTANTIVO,Cierre formado por dos tiras de dientes metálicos o plásticos entrelazados. (RAE),NO,1 seña,NO,SI,Asimétrica (tipo III),V,Xt,Sin especificar,Sin especificar,Sin especificar,03002_cremallera.mp4,CREMALLERA,test4,88,B1
FENASCOL IV,LSC0,3003,CRÍTICA-1,SUSTANTIVO,Examen y juicio sobre la bondad o defecto de una obra o conducta. (RAE),NO,1 seña,NO,SI,Unimanual en contacto (tipo X),Xt,Xt,Sin especificar,Sin especificar,Sin especificar,03003_critica1.mp4,CRITICA 1,test3,83,A1
UEB,LSC0,3004,CRÍTICA-2,SUSTANTIVO,Variante de seña para la acción de criticar o censurar. (Generada Gemini),NO,1 seña,NO,SI,Asimétrica (tipo III),Xt,S,Sin especificar,Sin especificar,Sin especificar,03004_critica2.mp4,CRITICA 2,test2,6,A2
FENASCOL IV,LSC0,3005,CUAJADA 1,SUSTANTIVO,Parte sólida y coagulada de la leche cuajada. (RAE),NO,1 seña,NO,SI,Unimanual en contacto (tipo X),Ok,Cf,Cf,Sin especificar,Sin especificar,03005_cuajada1.mp4,CUAJADA 1,test3,64,A2
FENASCOL IV,LSC0,3006,CUAJADA 2,SUSTANTIVO,Variante de seña para el producto lácteo de cuajada. (Generada Gemini),NO,1 seña,NO,SI,Unimanual en contacto (tipo X),Ok,Cl,Sin especificar,Sin especificar,Sin especificar,03006_cuajada2.mp4,CUAJADA 2,test3,64,A2
FENASCOL IV,LSC1,3007,CUCHILLA,SUSTANTIVO,Hoja de acero cortante usada en herramientas o instrumentos. (RAE),NO,1 seña,NO,SI,Asimétrica (tipo III),Bl,B,Bl,Sin especificar,Sin especificar,03007_cuchilla.mp4,CUCHILLA,test1,12,B1
FENASCOL IV,LSC1,3008,CUNA,SUSTANTIVO,Lecho pequeño con barandillas para acostar y mecer a los bebés. (RAE),NO,1 seña,NO,SI,Simétrica (tipo I),U,U,Sin especificar,Sin especificar,Sin especificar,03008_cuna.mp4,CUNA,test1,53,B1
FENASCOL IV,LSC1,3009,CURVA 1,SUSTANTIVO,Cambio gradual de dirección en una línea o trayectoria. (RAE),NO,1 seña,NO,SI,Semi-simétrica (tipo II),B,B,Sin especificar,Sin especificar,Sin especificar,03009_curva1.mp4,CURVA 1,test3,70,B2
FENASCOL IV,LSC0,3010,CURVA 2,SUSTANTIVO,Variante de seña para un trayecto curvo o sinuoso. (Generada Gemini),NO,1 seña,NO,SI,Unimanual (tipo 0),B,Sin especificar,Sin especificar,Sin especificar,Sin especificar,03010_curva2.mp4,CURVA 2,test4,11,A2
FENASCOL IV,LSC1,3011,CURVA (LÍNEA) 3,SUSTANTIVO,Variante morfológica para trazo curvo o delineación geométrica. (Generada Gemini),NO,1 seña,NO,SI,Unimanual (tipo 0),B,Sin especificar,Sin especificar,Sin especificar,Sin especificar,03011_curvalinea.mp4,CURVA LINEA 3,test4,70,B1
FENASCOL IV,LSC1,3012,DANZA,SUSTANTIVO,Baile; ejecución de movimientos corporales rítmicos al compás de la música. (RAE),NO,1 seña,NO,SI,Simétrica (tipo I),Xe,Xe,Sin especificar,Sin especificar,Sin especificar,03012_danza.mp4,DANZA,test4,51,B2
FENASCOL IV,LSC1,3013,DESAFÍO,SUSTANTIVO,Reto o empresa difícil a la que hay que enfrentarse con decisión. (RAE),NO,1 seña,NO,SI,Simétrica (tipo I),P,P,Sin especificar,Sin especificar,Sin especificar,03013_desafio.mp4,DESAFIO,test4,84,B1
FENASCOL IV,LSC1,3014,DESIGUAL,ADJETIVO,"Que no es igual, disconforme, variable o desproporcionado. (RAE)",NO,1 seña,NO,SI,Semi-simétrica (tipo II),Ql,Ql,Sin especificar,Sin especificar,Sin especificar,03014_desigual.mp4,DESIGUAL,test1,94,B2
FENASCOL IV,LSC1,3015,DESUBICADO 1,ADJETIVO,Que ha perdido la noción del lugar donde está o desorientado en su entorno. (RAE),NO,1 seña,NO,SI,Asimétrica (tipo III),N,B,Sin especificar,Sin especificar,Sin especificar,03015_desubicado.mp4,DESUBICADO 1,test3,82,B2
FENASCOL IV,LSC0,3016,DESUBICADO 2,ADJETIVO,Variante de seña para desorientación o falta de ubicación. (Generada Gemini),NO,1 seña,NO,SI,Simétrica (tipo I),J,J,Sin especificar,Sin especificar,Sin especificar,03016_desubicado.mp4,DESUBICADO 2,test3,45,A2
FENASCOL IV,LSC0,3017,DISCRECIÓN,SUSTANTIVO,"Sensatez, tacto y reserva en el hablar o en el obrar. (RAE)",NO,1 seña,NO,SI,Simétrica (tipo I),Ok,Ok,Sin especificar,Sin especificar,Sin especificar,03017_discrecion.mp4,DISCRECION,test2,84,A2
FENASCOL IV,LSC1,3018,DISGREGACIÓN,SUSTANTIVO,Separación o desintegración de elementos unidos o compactos. (RAE),NO,1 seña,NO,SI,Semi-simétrica (tipo II),Jb,Jb,Sin especificar,Sin especificar,Sin especificar,03018_disgregaci.mp4,DISGREGACION,test2,52,B2
FENASCOL IV,LSC1,3019,DOCUMENTO,SUSTANTIVO,"Escrito que asevera, prueba o acredita un hecho, identidad o derecho. (RAE)",NO,1 seña,NO,SI,Simétrica (tipo I),Bl,Bl,Sin especificar,Sin especificar,Sin especificar,03019_documento.mp4,DOCUMENTO,test3,82,B2
FENASCOL IV,LSC1,3020,DULZURA,SUSTANTIVO,"Cualidad de dulce, suavidad o amabilidad en el trato. (RAE)",NO,1 seña,NO,SI,Unimanual en contacto (tipo X),H,Qe,Qe,Sin especificar,Sin especificar,03020_dulzura.mp4,DULZURA,test2,64,B2
FENASCOL IV,LSC1,3021,DURABLE,ADJETIVO,Que dura mucho tiempo o resiste al desgaste. (RAE),NO,1 seña,NO,SI,Asimétrica (tipo III),Bl,Bl,Sin especificar,Sin especificar,Sin especificar,03021_durable.mp4,DURABLE,test3,23,B1
FENASCOL IV,LSC1,3022,ECLIPSE,SUSTANTIVO,Ocultación transitoria total o parcial de un astro por interposición de otro. (RAE),NO,1 seña,NO,SI,Semi-simétrica (tipo II),Ok,Ok,Sin especificar,Sin especificar,Sin especificar,03022_eclipse.mp4,ECLIPSE,test4,74,B1
FENASCOL IV,LSC1,3023,EFICIENTE,ADJETIVO,Que realiza una función con capacidad y óptimo uso de recursos. (RAE),NO,1 seña,NO,SI,Unimanual en contacto (tipo X),A,Qe,Qe,Sin especificar,Sin especificar,03023_eficiente.mp4,EFICIENTE,test2,52,B2
FENASCOL IV,LSC1,3024,EFICAZ,ADJETIVO,Que produce el efecto deseado o cumple adecuadamente su propósito. (RAE),NO,1 seña,NO,SI,Simétrica (tipo I),Bl,Bl,Ok,Ok,Sin especificar,03024_eficaz.mp4,EFICAZ,test4,25,B2
FENASCOL IV,LSC1,3025,ELÁSTICO,ADJETIVO,"Que tiene elasticidad, flexibilidad o capacidad de estirarse y recuperar su forma. (RAE)",NO,1 seña,NO,SI,Simétrica (tipo I),S,S,Sin especificar,Sin especificar,Sin especificar,03025_elastico.mp4,ELASTICO,test1,74,B2
FENASCOL IV,LSC1,3026,EMBLEMA,SUSTANTIVO,Símbolo o representación figurada de un concepto o colectividad. (RAE),NO,1 seña,NO,SI,Asimétrica (tipo III),B,G,Sin especificar,Sin especificar,Sin especificar,03026_emblema.mp4,EMBLEMA,test4,84,B1
FENASCOL IV,LSC1,3027,EMBUDO,SUSTANTIVO,Pieza cónica ancha por arriba y con tubo estrecho abajo para trasvasar líquidos. (RAE),NO,1 seña,NO,SI,Simétrica (tipo I),Cb,Cb,Sin especificar,Sin especificar,Sin especificar,03027_embudo.mp4,EMBUDO,test3,2,B2
FENASCOL IV,LSC1,3028,EMPALME,SUSTANTIVO,"Unión o enlace entre dos piezas, cables o tramos de vía. (RAE)",NO,1 seña,NO,SI,Simétrica (tipo I),Bl,Bl,Sin especificar,Sin especificar,Sin especificar,03028_empalme.mp4,EMPALME,test1,74,B2
FENASCOL IV,LSC0,3029,EMPATE EMPATAR,VERBO,Igualdad de tantos o puntos entre competidores en un juego o disputa. (RAE),NO,1 seña,NO,SI,Simétrica (tipo I),Qf,Qf,Sin especificar,Sin especificar,Sin especificar,03029_empateempa.mp4,EMPATE EMPATAR,test4,1,A1
FENASCOL IV,LSC0,3030,ENCENDEDOR,SUSTANTIVO,Dispositivo portátil que produce una llama para encender fuego (mechero). (RAE),NO,1 seña,NO,SI,Unimanual (tipo 0),A,Sin especificar,Sin especificar,Sin especificar,Sin especificar,03030_encendedor.mp4,ENCENDEDOR,test2,15,A2
FENASCOL IV,LSC0,3031,EQUILIBRIO-1,SUSTANTIVO,Estado en que las fuerzas que actúan sobre un cuerpo se compensan. (RAE),NO,1 seña,NO,SI,Simétrica (tipo I),Bl,Bl,Sin especificar,Sin especificar,Sin especificar,03031_equilibrio.mp4,EQUILIBRIO 1,test2,41,A1
UEB,LSC1,3032,EQUILIBRIO-2,SUSTANTIVO,Variante de seña para la estabilidad o equilibrio físico/emocional. (Generada Gemini),NO,1 seña,NO,SI,Asimétrica (tipo III),P,Y,Sin especificar,Sin especificar,Sin especificar,03032_equilibrio.mp4,EQUILIBRIO 2,test2,6,B2
FENASCOL IV,LSC1,3033,EQUIPAJE,SUSTANTIVO,Conjunto de maletas y enseres que se llevan al viajar. (RAE),NO,1 seña,NO,SI,Simétrica (tipo I),Af,Af,Sin especificar,Sin especificar,Sin especificar,03033_equipaje.mp4,EQUIPAJE,test2,72,B2
FENASCOL IV,LSC0,3034,EQUIPO,SUSTANTIVO,Grupo de personas organizadas para un fin o material deportivo/técnico. (RAE),NO,1 seña,NO,SI,Simétrica (tipo I),C,C,Sin especificar,Sin especificar,Sin especificar,03034_equipo.mp4,EQUIPO,test1,48,A2
FENASCOL IV,LSC1,3035,ERIZADO 1,ADJETIVO,Que tiene los pelos o púas levantados o de punta. (RAE),NO,1 seña,NO,SI,Simétrica (tipo I),J,J,Sin especificar,Sin especificar,Sin especificar,03035_erizado1.mp4,ERIZADO 1,test2,23,B2
FENASCOL IV,LSC1,3036,ERIZADO 2,ADJETIVO,Variante de seña para la condición de vello erizado. (Generada Gemini),NO,1 seña,NO,SI,Unimanual en contacto (tipo X),J,S,Sin especificar,Sin especificar,Sin especificar,03036_erizado2.mp4,ERIZADO 2,test2,47,B2
FENASCOL IV,LSC0,3037,ESCLAVO,SUSTANTIVO,Persona jurídicamente privada de libertad y sometida a la voluntad de un dueño. (RAE),NO,1 seña,NO,SI,Simétrica (tipo I),Af,Af,Sin especificar,Sin especificar,Sin especificar,03037_esclavo.mp4,ESCLAVO,test2,44,A1
FENASCOL IV,LSC1,3038,ESPERANZA,SUSTANTIVO,Estado de ánimo optimista en que se espera conseguir lo que se desea. (RAE),NO,1 seña,NO,SI,Simétrica (tipo I),Nb,Nb,Sin especificar,Sin especificar,Sin especificar,03038_esperanza.mp4,ESPERANZA,test1,33,B1
FENASCOL IV,LSC1,3039,ESPINA,SUSTANTIVO,Púa delgada y puntiaguda que nace en el tallo de algunas plantas o en peces. (RAE),NO,1 seña,NO,SI,Asimétrica (tipo III),Bl,Ok,Sin especificar,Sin especificar,Sin especificar,03039_espina.mp4,ESPINA,test4,60,B1
FENASCOL IV,LSC0,3040,ESPINILLA,SUSTANTIVO,Acné o pequeño grano inflamado en la piel del rostro (comedón). (RAE),NO,1 seña,NO,SI,Unimanual en contacto (tipo X),Ob,Sin especificar,Sin especificar,Sin especificar,Sin especificar,03040_espinilla.mp4,ESPINILLA,test4,8,A2
FENASCOL IV,LSC1,3041,ESPÍRITU,SUSTANTIVO,"Entidad inmaterial, alma o esencia racional del ser humano. (RAE)",NO,1 seña,NO,SI,Semi-simétrica (tipo II),Nc,Nc,Sin especificar,Sin especificar,Sin especificar,03041_espiritu.mp4,ESPIRITU,test4,84,B1
FENASCOL IV,LSC1,3042,ESPONJILLA,SUSTANTIVO,Esponja de malla metálica o sintética para fregar utensilios de cocina. (RAE),NO,1 seña,NO,SI,Simétrica (tipo I),Qa,Qa,Al,Sin especificar,Sin especificar,03042_esponjilla.mp4,ESPONJILLA,test4,88,B1
FENASCOL IV,LSC1,3043,ESPOSAS,SUSTANTIVO,Grilletes de metal unidos por una cadena para inmovilizar las muñecas. (RAE),NO,1 seña,NO,SI,Semi-simétrica (tipo II),N,N,Al,Al,Sin especificar,03043_esposas.mp4,ESPOSAS,test3,15,B1
FENASCOL IV,LSC1,3044,ESTAMPADO,ADJETIVO,Tela o superficie que presenta dibujos o impresiones de colores. (RAE),NO,1 seña,NO,SI,Simétrica (tipo I),Bl,Bl,Sin especificar,Sin especificar,Sin especificar,03044_estampado.mp4,ESTAMPADO,test2,23,B2
FENASCOL IV,LSC1,3045,ESTAMPILLA 1,SUSTANTIVO,Pequeño sello postal adhesivo requerido para franqueo de correspondencia. (RAE),NO,1 seña,NO,SI,Unimanual en contacto (tipo X),H,Bl,H,Sin especificar,Sin especificar,03045_estampilla.mp4,ESTAMPILLA 1,test1,18,B2
FENASCOL IV,LSC0,3046,ESTAMPILLA 2,SUSTANTIVO,Variante de seña para sello postal o estampilla fiscal. (Generada Gemini),NO,1 seña,NO,SI,Unimanual en contacto (tipo X),A,Bl,Sin especificar,Sin especificar,Sin especificar,03046_estampilla.mp4,ESTAMPILLA 2,test1,69,A2
FENASCOL IV,LSC1,3047,ESTATUTO,SUSTANTIVO,Conjunto de normas legales por las que se rige una corporación o entidad. (RAE),NO,1 seña,NO,SI,Asimétrica (tipo III),B,C,Sin especificar,Sin especificar,Sin especificar,03047_estatuto.mp4,ESTATUTO,test4,83,B2
FENASCOL IV,LSC1,3048,ESTÉRIL (TIERRA),ADJETIVO,Terreno improductivo que no da frutos ni vegetación. (RAE),NO,1 seña,NO,SI,Simétrica (tipo I),Gl,Gl,Sin especificar,Sin especificar,Sin especificar,03048_esteriltie.mp4,ESTERIL TIERRA,test3,36,B2
FENASCOL IV,LSC1,3049,ESTÉRIL (PERSONA),ADJETIVO,Incapaz de procrear o reproducirse biológicamente. (RAE),SI,2 señas,NO,SI,Unimanual en contacto (tipo X),A,P,Sin especificar,Sin especificar,Sin especificar,03049_esterilper.mp4,ESTERIL PERSONA,test4,24,B2
FENASCOL IV,LSC1,3050,ESTOPA,SUSTANTIVO,"Parte gruesa y basta del lino o cáñamo que queda al rastrillar, usada para limpieza. (RAE)",NO,1 seña,NO,SI,Asimétrica (tipo III),C,Bl,B,B,Sin especificar,03050_estopa.mp4,ESTOPA,test4,88,B1
FENASCOL IV,LSC1,3051,ESTRATEGIA,SUSTANTIVO,Conjunto de acciones planificadas para alcanzar un objetivo determinado. (RAE),NO,1 seña,NO,SI,Semi-simétrica (tipo II),Xf,Xf,Sin especificar,Sin especificar,Sin especificar,03051_estrategia.mp4,ESTRATEGIA,test4,25,B2
FENASCOL IV,LSC0,3052,ESTREÑIMINENTO,SUSTANTIVO,Dificultad o retraso en la evacuación intestinal (estreñimiento). (RAE),NO,1 seña,NO,SI,Semi-simétrica (tipo II),A,S,Sin especificar,Sin especificar,Sin especificar,03052_estreñimi.mp4,ESTRENIMINENTO,test1,18,A2
FENASCOL IV,LSC0,3053,ESTRUCTURA-1,SUSTANTIVO,Distribución y orden de las partes que componen un todo. (RAE),NO,1 seña,NO,SI,Semi-simétrica (tipo II),H,H,Sin especificar,Sin especificar,Sin especificar,03053_estructura.mp4,ESTRUCTURA 1,test2,56,A1
UEB,LSC0,3054,ESTRUCTURA-2,SUSTANTIVO,Variante de seña para armazón o estructura organizativa. (Generada Gemini),NO,1 seña,NO,SI,Simétrica (tipo I),O,O,J,J,Sin especificar,03054_estructura.mp4,ESTRUCTURA 2,test1,69,A2
FENASCOL IV,LSC1,3055,ESTUCHE,SUSTANTIVO,Caja o funda pequeña para guardar y proteger objetos. (RAE),NO,1 seña,NO,SI,Semi-simétrica (tipo II),Bl,Bl,Sin especificar,Sin especificar,Sin especificar,03055_estuche.mp4,ESTUCHE,test1,17,B2
FENASCOL IV,LSC0,3056,ETERNO,ADJETIVO,Que no tiene principio ni fin; sin límite temporal. (RAE),NO,1 seña,NO,SI,Unimanual (tipo 0),B,Sin especificar,Sin especificar,Sin especificar,Sin especificar,03056_eterno.mp4,ETERNO,test1,55,A1
UEB,LSC1,3057,INFINITO,ADJETIVO,Que no tiene fin o término cuantificable. (RAE),NO,1 seña,NO,SI,Simétrica (tipo I),R,R,Sin especificar,Sin especificar,Sin especificar,03057_infinito.mp4,INFINITO,test1,19,B2
FENASCOL IV,LSC0,3058,EVANGELIO-CATOLICO,VERBO,Libros sagrados de la vida y doctrina de Jesucristo según la tradición católica. (Generada Gemini),NO,1 seña,NO,SI,Asimétrica (tipo III),B,Bl,Sin especificar,Sin especificar,Sin especificar,03058_evangelioc.mp4,EVANGELIO CATOLICO,test1,2,A1
UEB,LSC0,3059,EVANGELIO-CRISTIANO,SUSTANTIVO,Conjunto de textos doctrinales del Nuevo Testamento en el cristianismo. (Generada Gemini),NO,1 seña,NO,SI,Unimanual (tipo 0),E,Sin especificar,Sin especificar,Sin especificar,Sin especificar,03059_evangelioc.mp4,EVANGELIO CRISTIANO,test1,2,A1
FENASCOL IV,LSC1,3060,EVIDENCIA-1,SUSTANTIVO,Certeza manifiesta y perceptible de una cosa que no admite duda. (RAE),SI,2 señas,NO,SI,Asimétrica (tipo III),P,B,S,Sin especificar,Sin especificar,03060_evidencia1.mp4,EVIDENCIA 1,test3,82,B2
UEB,LSC0,3061,EVIDENCIA-2,SUSTANTIVO,Variante de seña para prueba o evidencia clara. (Generada Gemini),NO,1 seña,NO,SI,Asimétrica (tipo III),B,Ne,Sin especificar,Sin especificar,Sin especificar,03061_evidencia2.mp4,EVIDENCIA 2,test2,6,A2
FENASCOL IV,LSC0,3062,EXHIBICIONISTA,ADJETIVO,Persona que exhibe indebidamente su cuerpo o se muestra complacida en exponerse. (RAE),NO,1 seña,NO,SI,Asimétrica (tipo III),B,P,Sin especificar,Sin especificar,Sin especificar,03062_exhibicion.mp4,EXHIBICIONISTA,test4,68,A2
FENASCOL IV,LSC0,3063,EXPOSICIÓN 1,SUSTANTIVO,"Presentación pública de un tema, obra o artefacto. (RAE)",NO,1 seña,NO,SI,Simétrica (tipo I),Bl,Bl,Sin especificar,Sin especificar,Sin especificar,03063_exposicion.mp4,EXPOSICION 1,test2,56,A1
FENASCOL IV,LSC0,3064,EXPOSICIÓN 2,SUSTANTIVO,Variante de seña para muestra o exhibición pública. (Generada Gemini),NO,1 seña,NO,SI,Simétrica (tipo I),Bl,Bl,Sin especificar,Sin especificar,Sin especificar,03064_exposicion.mp4,EXPOSICION 2,test4,11,A2
FENASCOL IV,LSC1,3065,EXPOSICIÓN (DISCURSO),SUSTANTIVO,Discurso o explicación oral desarrollada ante un auditorio. (RAE),NO,1 seña,NO,SI,Unimanual (tipo 0),B,Ob,J,Sin especificar,Sin especificar,03065_exposicion.mp4,EXPOSICION DISCURSO,test1,5,B1
FENASCOL IV,LSC0,3066,EXPRESIÓN,SUSTANTIVO,"Manifestación de un sentimiento, idea o pensamiento. (RAE)",NO,1 seña,NO,SI,Simétrica (tipo I),O,O,J,J,Sin especificar,03066_expresion.mp4,EXPRESION,test2,84,A2
FENASCOL IV,LSC1,3067,EXPRESIVO,ADJETIVO,Que manifiesta con viveza los afectos y sentimientos. (RAE),NO,1 seña,NO,SI,Simétrica (tipo I),O,O,J,J,Jb,03067_expresivo.mp4,EXPRESIVO,test2,64,B2
FENASCOL IV,LSC1,3068,EXTENSIÓN,SUSTANTIVO,Acción de extender o tamaño y dimensión espacial de algo. (RAE),NO,1 seña,NO,SI,Simétrica (tipo I),Qe,Qe,J,J,Sin especificar,03068_extension.mp4,EXTENSION,test3,2,B1
FENASCOL IV,LSC1,3069,FANÁTICO FANATISMO,ADJETIVO,Persona que defiende con pasión desmedida e intolerancia creencias u opiniones. (RAE),SI,2 señas,NO,SI,Simétrica (tipo I),S,S,Sin especificar,Sin especificar,Sin especificar,03069_fanaticofa.mp4,FANATICO FANATISMO,test3,41,B2
FENASCOL IV,LSC1,3070,FANTASÍA (IMAGINACIÓN),SUSTANTIVO,Facultad de la mente para reproducir o crear imágenes ideales. (RAE),NO,1 seña,NO,SI,Simétrica (tipo I),P,Jb,Sin especificar,Sin especificar,Sin especificar,03070_fantasiaim.mp4,FANTASIA IMAGINACION,test3,82,B2
FENASCOL IV,LSC1,3071,FANTASÍA (JOYA),SUSTANTIVO,Joya de imitación fabricada con materiales no preciosos. (RAE),SI,2 señas,NO,SI,Asimétrica (tipo III),J,P,Be,Sin especificar,Sin especificar,03071_fantasiajo.mp4,FANTASIA JOYA,test2,23,B2
FENASCOL IV,LSC0,3072,FANTASMA (Una Mano),SUSTANTIVO,Representación espectral o aparición de un difunto con una mano. (RAE),NO,1 seña,NO,SI,Unimanual (tipo 0),Jb,Sin especificar,Sin especificar,Sin especificar,Sin especificar,03072_fantasmaun.mp4,FANTASMA Una Mano,test4,37,A2
FENASCOL IV,LSC0,3073,FANTASMA (Dos Manos),SUSTANTIVO,Variante gestual bilateral para la representación de espíritus o fantasmas. (Generada Gemini),NO,1 seña,NO,SI,Simétrica (tipo I),Jb,Jb,Sin especificar,Sin especificar,Sin especificar,03073_fantasmado.mp4,FANTASMA Dos Manos,test4,11,A2
FENASCOL IV,LSC1,3074,FARO,SUSTANTIVO,Torre alta situada en la costa con luz potente para guiar a la navegación. (RAE),NO,1 seña,NO,SI,Asimétrica (tipo III),Jc,S,Sin especificar,Sin especificar,Sin especificar,03074_faro.mp4,FARO,test2,99,B2
FENASCOL IV,LSC1,3075,FAROL,SUSTANTIVO,Farol; fanal o linterna portátil provista de cristales para alumbrar. (RAE),NO,1 seña,NO,SI,Asimétrica (tipo III),Xf,Jc,Sin especificar,Sin especificar,Sin especificar,03075_farol.mp4,FAROL,test2,99,B2
FENASCOL IV,LSC1,3076,FERIA (Aplauso),SUSTANTIVO,Certamen o exposición mercantil o festiva popular. (RAE),NO,1 seña,NO,SI,Simétrica (tipo I),J,J,Sin especificar,Sin especificar,Sin especificar,03076_feriaaplau.mp4,FERIA Aplauso,test1,91,B1
FENASCOL IV,LSC1,3077,FERIA (Carpa Aplauso),SUSTANTIVO,Espacio ferial itinerante bajo carpa para espectáculos o muestras comerciales. (Generada Gemini),SI,2 señas,NO,SI,Simétrica (tipo I),H,H,XXe,XXe,Sin especificar,03077_feriacarpa.mp4,FERIA Carpa Aplauso,test4,3,B1
FENASCOL IV,LSC1,3078,FIRMA FIRMAR,SUSTANTIVO,Nombre y apellido o rúbrica que una persona escribe para dar validez a un documento. (RAE),NO,1 seña,NO,SI,Asimétrica (tipo III),Bl,P,Sin especificar,Sin especificar,Sin especificar,03078_firmafirma.mp4,FIRMA FIRMAR,test1,18,B2
FENASCOL IV,LSC0,3079,FIRME FIRMEZA (Dos Dedos),ADJETIVO,"Sólido, constante o seguro en sus decisiones o estructura. (RAE)",NO,1 seña,NO,SI,Asimétrica (tipo III),Bl,V,Sin especificar,Sin especificar,Sin especificar,03079_firmefirme.mp4,FIRME FIRMEZA Dos Dedos,test3,70,A2
FENASCOL IV,LSC0,3080,FIRME FIRMEZA (Cuatro Dedos),SUSTANTIVO,Variante de seña para solidez o firmeza absoluta. (Generada Gemini),NO,1 seña,NO,SI,Asimétrica (tipo III),B,Bl,Sin especificar,Sin especificar,Sin especificar,03080_firmefirme.mp4,FIRME FIRMEZA Cuatro Dedos,test2,85,A2
FENASCOL IV,LSC1,3081,FLECHA,SUSTANTIVO,Arma arrojadiza puntiaguda o símbolo indicador de dirección. (RAE),SI,2 señas,NO,SI,Unimanual en contacto (tipo X),Nb,Nb,Sin especificar,Sin especificar,Sin especificar,03081_flecha.mp4,FLECHA,test3,2,B1
FENASCOL IV,LSC0,3082,FLEXIÓN (Rodillas),SUSTANTIVO,Movimiento de doblar la articulación de las piernas (rodillas). (RAE),NO,1 seña,NO,SI,Asimétrica (tipo III),B,V,Sin especificar,Sin especificar,Sin especificar,03082_flexionrod.mp4,FLEXION Rodillas,test4,34,A2
FENASCOL IV,LSC0,3083,FLEXIÓN (Brazos),SUSTANTIVO,Ejercicio físico de doblar los brazos contra el suelo o resistencia. (RAE),NO,1 seña,NO,SI,Asimétrica (tipo III),J,J,Sin especificar,Sin especificar,Sin especificar,03083_flexionbra.mp4,FLEXION Brazos,test4,34,A2
FENASCOL IV,LSC1,3084,FLOTADOR,SUSTANTIVO,Dispositivo inflable o de corcho diseñado para mantenerse a flote en el agua. (RAE),NO,1 seña,NO,SI,Simétrica (tipo I),Cl,Cl,Sin especificar,Sin especificar,Sin especificar,03084_flotador.mp4,FLOTADOR,test3,81,B1
FENASCOL IV,LSC1,3085,FOGATA,SUSTANTIVO,Hoguera encendida al aire libre con leña. (RAE),SI,2 señas,NO,SI,Semi-simétrica (tipo II),P,P,Jc,Jc,Sin especificar,03085_fogata.mp4,FOGATA,test4,27,B1
FENASCOL IV,LSC0,3086,FOTOGRAFÍA CÁMARA FOTOGRÁFICA,SUSTANTIVO,Imagen obtenida mediante el registro óptico de la luz o aparato para tomarla. (RAE),NO,1 seña,NO,SI,Semi-simétrica (tipo II),Cb,Cb,Sin especificar,Sin especificar,Sin especificar,03086_fotografia.mp4,FOTOGRAFIA CAMARA FOTOGRAFICA,test2,32,A2
FENASCOL IV,LSC0,3087,FRASCO (Grande),SUSTANTIVO,Recipiente de vidrio o plástico de gran capacidad para líquidos. (RAE),NO,1 seña,NO,SI,Semi-simétrica (tipo II),C,F,Sin especificar,Sin especificar,Sin especificar,03087_frascogran.mp4,FRASCO Grande,test4,69,A1
FENASCOL IV,LSC0,3088,FRASCO (Pequeño),SUSTANTIVO,Recipiente reducido de vidrio o plástico para muestras o esencias. (RAE),NO,1 seña,NO,SI,Semi-simétrica (tipo II),Cf,Xl,Sin especificar,Sin especificar,Sin especificar,03088_frascopequ.mp4,FRASCO Pequeno,test4,69,A1
FENASCOL IV,LSC0,3089,FRENO FRENAR,SUSTANTIVO,Dispositivo para disminuir la velocidad o detener un vehículo. (RAE),NO,1 seña,NO,SI,Unimanual (tipo 0),Gl,Sin especificar,Sin especificar,Sin especificar,Sin especificar,03089_frenofrena.mp4,FRENO FRENAR,test1,78,A2
FENASCOL IV,LSC0,3090,FRONTERA 1,SUSTANTIVO,Línea de separación territorial entre dos países soberanos. (RAE),NO,1 seña,NO,SI,Semi-simétrica (tipo II),B,B,Sin especificar,Sin especificar,Sin especificar,03090_frontera1.mp4,FRONTERA 1,test2,90,A1
FENASCOL IV,LSC0,3091,FRONTERA 2,SUSTANTIVO,Variante de seña para límite territorial o frontera. (Generada Gemini),NO,1 seña,NO,SI,Semi-simétrica (tipo II),B,B,Sin especificar,Sin especificar,Sin especificar,03091_frontera2.mp4,FRONTERA 2,test1,69,A2
FENASCOL IV,LSC1,3092,FUGA,SUSTANTIVO,Acción de huir o escapar de un lugar de reclusión o peligro. (RAE),NO,1 seña,NO,SI,Asimétrica (tipo III),B,P,Sin especificar,Sin especificar,Sin especificar,03092_fuga.mp4,FUGA,test2,20,B2
FENASCOL IV,LSC1,3093,FUGITIVO,SUSTANTIVO,Persona que huye de la justicia o de la autoridad. (RAE),NO,1 seña,NO,SI,Asimétrica (tipo III),B,P,Sin especificar,Sin especificar,Sin especificar,03093_fugitivo.mp4,FUGITIVO,test4,22,B2
FENASCOL IV,LSC1,3094,FUNDADOR,SUSTANTIVO,"Persona que establece, crea o funda una institución u organización. (RAE)",SI,2 señas,NO,SI,Asimétrica (tipo III),Jc,B,A,Sin especificar,Sin especificar,03094_fundador.mp4,FUNDADOR,test4,84,B1
FENASCOL IV,LSC0,3095,GANCHO,SUSTANTIVO,Pieza curva de metal o madera para colgar objetos o ropa. (RAE),NO,1 seña,NO,SI,Simétrica (tipo I),Xe,Xe,Sin especificar,Sin especificar,Sin especificar,03095_gancho.mp4,GANCHO,test2,5,A2
FENASCOL IV,LSC0,3096,GANCHO (ROPERO),SUSTANTIVO,Percha o gancho de armario diseñado específicamente para ropa. (RAE),NO,1 seña,NO,SI,Asimétrica (tipo III),P,Xe,Sin especificar,Sin especificar,Sin especificar,03096_ganchorope.mp4,GANCHO ROPERO,test3,42,A2
FENASCOL IV,LSC0,3097,GANCHO (ROPA),SUSTANTIVO,Broche o gancho de sujeción textil en prendas. (RAE),NO,1 seña,NO,SI,Unimanual en contacto (tipo X),Tl,Sin especificar,Sin especificar,Sin especificar,Sin especificar,03097_ganchoropa.mp4,GANCHO ROPA,test3,42,A2
FENASCOL IV,LSC1,3098,GARROTE,SUSTANTIVO,Palo grueso y pesado que se puede usar como arma o bastón. (RAE),SI,2 señas,NO,SI,Semi-simétrica (tipo II),Cl,Cl,S,S,Sin especificar,03098_garrote.mp4,GARROTE,test1,12,B1
FENASCOL IV,LSC0,3099,GAS (Mano Cerrada),SUSTANTIVO,Sustancia gaseosa comprimida representada con configuración cerrada. (Generada Gemini),NO,1 seña,NO,SI,Unimanual en contacto (tipo X),S,Sin especificar,Sin especificar,Sin especificar,Sin especificar,03099_gasmanocer.mp4,GAS Mano Cerrada,test1,62,A2
FENASCOL IV,LSC0,3100,GAS (Mano Abierta),SUSTANTIVO,Sustancia gaseosa en expansión o flujo libre. (Generada Gemini),NO,1 seña,NO,SI,Unimanual en contacto (tipo X),Bl,Sin especificar,Sin especificar,Sin especificar,Sin especificar,03100_gasmanoabi.mp4,GAS Mano Abierta,test1,62,A2
FENASCOL IV,LSC1,3101,GAS (Cerrar Llave),SUSTANTIVO,Acción de interrumpir el suministro de gas cerrando la válvula. (RAE),SI,2 señas,NO,SI,Unimanual en contacto (tipo X),A,G,Sin especificar,Sin especificar,Sin especificar,03101_gascerrarl.mp4,GAS Cerrar Llave,test2,10,B1
FENASCOL IV,LSC0,3102,GASOLINA,SUSTANTIVO,Combustible líquido derivado del petróleo empleado en motores de combustión. (RAE),NO,1 seña,NO,SI,Asimétrica (tipo III),O,L,Sin especificar,Sin especificar,Sin especificar,03102_gasolina.mp4,GASOLINA,test1,62,A2
FENASCOL IV,LSC0,3103,GENERAL (MILITAR),SUSTANTIVO,Oficial general de máxima graduación en las fuerzas armadas. (RAE),NO,1 seña,NO,SI,Unimanual en contacto (tipo X),G,Sin especificar,Sin especificar,Sin especificar,Sin especificar,03103_generalmil.mp4,GENERAL MILITAR,test3,83,A1
FENASCOL IV,LSC1,3104,GENTE 1,SUSTANTIVO,Conjunto de personas o multitud. (RAE),SI,2 señas,NO,SI,Unimanual en contacto (tipo X),Xl,Jc,Jc,Sin especificar,Sin especificar,03104_gente1.mp4,GENTE 1,test1,28,B2
FENASCOL IV,LSC0,3105,GENTE 2,SUSTANTIVO,Variante de seña para aglomeración o conjunto de personas. (Generada Gemini),NO,1 seña,NO,SI,Simétrica (tipo I),Q,Q,Sin especificar,Sin especificar,Sin especificar,03105_gente2.mp4,GENTE 2,test2,41,A2
FENASCOL IV,LSC1,3106,GESTIÓN (Acción),SUSTANTIVO,Conjunto de trámites y acciones para resolver un asunto. (RAE),NO,1 seña,NO,SI,Simétrica (tipo I),S,S,Sin especificar,Sin especificar,Sin especificar,03106_gestionacc.mp4,GESTION Accion,test1,5,B1
FENASCOL IV,LSC1,3107,GESTIÓN (2),SUSTANTIVO,Variante de seña para dirección o administración ejecutiva. (Generada Gemini),NO,1 seña,NO,SI,Asimétrica (tipo III),J,A,Sin especificar,Sin especificar,Sin especificar,03107_gestion2.mp4,GESTION 2,test2,33,B2
FENASCOL IV,LSC0,3108,GRANO (ALIMENTO),SUSTANTIVO,"Semilla o fruto de los cereales (arroz, trigo, maíz). (RAE)",NO,1 seña,NO,SI,Asimétrica (tipo III),Oke,B,Sin especificar,Sin especificar,Sin especificar,03108_granoalime.mp4,GRANO ALIMENTO,test4,19,A1
FENASCOL IV,LSC0,3109,GRASA,SUSTANTIVO,Sustancia orgánica untuosa de origen animal o vegetal compuesta por lípidos. (RAE),NO,1 seña,NO,SI,Asimétrica (tipo III),B,N,Sin especificar,Sin especificar,Sin especificar,03109_grasa.mp4,GRASA,test4,19,A1
FENASCOL IV,LSC0,3110,GRASOSO,ADJETIVO,Que tiene grasa en exceso o textura pringosa. (RAE),NO,1 seña,NO,SI,Asimétrica (tipo III),B,N,Sin especificar,Sin especificar,Sin especificar,03110_grasoso.mp4,GRASOSO,test4,8,A2
FENASCOL IV,LSC1,3111,GRIETA,SUSTANTIVO,Abertura larga y estrecha en la superficie de un sólido o terreno. (RAE),NO,1 seña,NO,SI,Semi-simétrica (tipo II),B,B,Sin especificar,Sin especificar,Sin especificar,03111_grieta.mp4,GRIETA,test2,34,B1
FENASCOL IV,LSC0,3112,GRILLO,SUSTANTIVO,Insecto ortóptero saltador de color oscuro que produce sonido estridente nocturno. (RAE),NO,1 seña,NO,SI,Asimétrica (tipo III),B,XXc,Sin especificar,Sin especificar,Sin especificar,03112_grillo.mp4,GRILLO,test1,76,A2
FENASCOL IV,LSC0,3113,GRITO,SUSTANTIVO,Voz muy esforzada y levantada emitida con agudeza. (RAE),NO,1 seña,NO,SI,Unimanual en contacto (tipo X),J,Sin especificar,Sin especificar,Sin especificar,Sin especificar,03113_grito.mp4,GRITO,test3,24,A1
FENASCOL IV,LSC1,3114,GUARDAESPALDA,SUSTANTIVO,Persona encargada de la protección y escolta personal de otra (guardaespaldas). (RAE),SI,2 señas,NO,SI,Compuestas (tipo C),A,Bl,Sin especificar,Sin especificar,Sin especificar,03114_guardaespa.mp4,GUARDAESPALDA,test4,84,B1
FENASCOL IV,LSC1,3115,GUÍA,SUSTANTIVO,"Persona que conduce, orienta o dirige a otra en un camino o conocimiento. (RAE)",NO,1 seña,NO,SI,Asimétrica (tipo III),A,Bl,Sin especificar,Sin especificar,Sin especificar,03115_guia.mp4,GUIA,test1,28,B2
FENASCOL IV,LSC1,3116,HACIENDA,SUSTANTIVO,Finca agrícola extensa o conjunto de bienes y riqueza pública/privada. (RAE),NO,2 señas,NO,SI,Compuestas (tipo C),Bl,Sin especificar,Sin especificar,Sin especificar,Sin especificar,03116_hacienda.mp4,HACIENDA,test3,76,B1
FENASCOL IV,LSC1,3117,HAMACA,SUSTANTIVO,Cama colgante de red o tela que se mece sujeta por sus extremos. (RAE),NO,1 seña,NO,SI,Simétrica (tipo I),V,Sin especificar,Sin especificar,Sin especificar,Sin especificar,03117_hamaca.mp4,HAMACA,test1,46,B1
FENASCOL IV,LSC1,3118,HERVOR,SUSTANTIVO,Movimiento tumultuoso del agua u otro líquido cuando entra en ebullición. (RAE),NO,1 seña,NO,SI,Semi-simétrica (tipo II),O,Gl,Sin especificar,Sin especificar,Sin especificar,03118_hervor.mp4,HERVOR,test1,67,B2
FENASCOL IV,LSC0,3119,HIPISMO HIPPIE,SUSTANTIVO,Perteneciente al movimiento contracultural pacifista de los años 60 o hípico ecuestre. (RAE),NO,1 seña,NO,SI,Simétrica (tipo I),V,Sin especificar,Sin especificar,Sin especificar,Sin especificar,03119_hipismohip.mp4,HIPISMO HIPPIE,test4,79,A1
FENASCOL IV,LSC0,3120,HOMENAJE (Honrar),SUSTANTIVO,Demostración pública de respeto y admiración hacia alguien. (RAE),NO,1 seña,NO,SI,Simétrica (tipo I),V,Sin especificar,Sin especificar,Sin especificar,Sin especificar,03120_homenaje1.mp4,HOMENAJE Honrar,test2,44,A1
FENASCOL IV,LSC0,3121,HOMENAJE (Quitar el sombrero),SUSTANTIVO,Gesto tradicional de cortesía descubriendo la cabeza en señal de respeto. (Generada Gemini),NO,1 seña,NO,SI,Simétrica (tipo I),Xf,Sin especificar,Sin especificar,Sin especificar,Sin especificar,03121_homenaje2.mp4,HOMENAJE Quitar el sombrero,test1,72,A1
FENASCOL IV,LSC0,3122,HONRADO,ADJETIVO,"Que actúa con rectitud, honradez y probidad moral. (RAE)",SI,2 señas,NO,SI,Simétrica (tipo I),V,Ok,Sin especificar,Sin especificar,Sin especificar,03122_honrado.mp4,HONRADO,test3,57,A2
FENASCOL IV,LSC0,3123,HOSTIA,SUSTANTIVO,Oblea de pan ácimo consagrada en la eucaristía cristiana. (RAE),NO,1 seña,NO,SI,Simétrica (tipo I),Xc,Sin especificar,Sin especificar,Sin especificar,Sin especificar,03123_hostia.mp4,HOSTIA,test2,28,A2
FENASCOL IV,LSC0,3124,HUELLA (PIES),SUSTANTIVO,Impresión que deja el pie calzado o descalzo sobre el suelo. (RAE),NO,1 seña,NO,SI,Simétrica (tipo I),Bl,Sin especificar,Sin especificar,Sin especificar,Sin especificar,03124_huellapies.mp4,HUELLA PIES,test4,8,A2
FENASCOL IV,LSC1,3125,HUELLA (DACTILAR),SUSTANTIVO,Impresión dejada por los dibujos papilares de las yemas de los dedos. (RAE),NO,1 seña,NO,SI,Asimétrica (tipo III),Bl,J,Sin especificar,Sin especificar,Sin especificar,03125_huelladact.mp4,HUELLA DACTILAR,test3,86,B1
FENASCOL IV,LSC1,3126,IMPORTACIÓN,SUSTANTIVO,Introducción legal de mercancías extranjeras en un país. (RAE),NO,1 seña,NO,SI,Simétrica (tipo I),Q,J,Sin especificar,Sin especificar,Sin especificar,03126_importacio.mp4,IMPORTACION,test2,72,B2
FENASCOL IV,LSC1,3127,IMPREVISTO,ADJETIVO,"Suceso imprevisto, circunstancia o acontecimiento no planeado. (RAE)",NO,1 seña,SI,SI,Asimétrica (tipo III),P,Sin especificar,Sin especificar,Sin especificar,Sin especificar,03127_imprevisto.mp4,IMPREVISTO,test3,82,B2
FENASCOL IV,LSC1,3128,INCÓMODO (Dos Manos Sobre el cuerpo),ADJETIVO,Sensación de incomodidad o desasosiego físico manifestada sobre el cuerpo. (Generada Gemini),NO,1 seña,NO,SI,Semi-simétrica (tipo II),J,Sin especificar,Sin especificar,Sin especificar,Sin especificar,03128_incomodo1.mp4,INCOMODO Dos Manos Sobre el cuerpo,test2,6,B2
FENASCOL IV,LSC0,3129,INCÓMODO (Una Mano Sobre el Cuerpo),ADJETIVO,Variante unilateral de incomodidad corporal. (Generada Gemini),NO,1 seña,NO,SI,Unimanual en contacto (tipo X),J,Sin especificar,Sin especificar,Sin especificar,Sin especificar,03129_incomodo2.mp4,INCOMODO Una Mano Sobre el Cuerpo,test2,41,A2
FENASCOL IV,LSC0,3130,INCÓMODO (Dos Manos Sin Tocar el Cuerpo),ADJETIVO,Sensación de incomodidad ambiental o espacial sin contacto físico. (Generada Gemini),NO,1 seña,NO,SI,Semi-simétrica (tipo II),J,Sin especificar,Sin especificar,Sin especificar,Sin especificar,03130_incomodo3.mp4,INCOMODO Dos Manos Sin Tocar el Cuerpo,test1,66,A2
FENASCOL IV,LSC1,3131,INCUBADORA,SUSTANTIVO,Aparato para mantener a los recién nacidos prematuros en condiciones controladas de temperatura y humedad. (RAE),SI,2 señas,NO,SI,Compuestas (tipo C),G,Cl,Sin especificar,Sin especificar,Sin especificar,03131_incubadora.mp4,INCUBADORA,test1,53,B1
FENASCOL IV,LSC0,3132,INCUMPLIDO INCUMPLIR 1,ADJETIVO,"Que falta a su palabra, obligación o compromiso contraído. (RAE)",NO,1 seña,NO,SI,Unimanual (tipo 0),Ok,Sin especificar,Sin especificar,Sin especificar,Sin especificar,03132_incumplido.mp4,INCUMPLIDO INCUMPLIR 1,test2,9,A1
FENASCOL IV,LSC0,3133,INCUMPLIDO INCUMPLIR 2,ADJETIVO,Variante de seña para falta de cumplimiento o incumplimiento. (Generada Gemini),NO,1 seña,NO,SI,Semi-simétrica (tipo II),Bl,Sin especificar,Sin especificar,Sin especificar,Sin especificar,03133_incumplido.mp4,INCUMPLIDO INCUMPLIR 2,test1,69,A2
FENASCOL IV,LSC1,3134,INDOCUMENTADO,ADJETIVO,Que carece de documentos de identidad oficiales o papeles en regla. (RAE),NO,1 seña,NO,SI,Semi-simétrica (tipo II),Bl,Sin especificar,Sin especificar,Sin especificar,Sin especificar,03134_indocument.mp4,INDOCUMENTADO,test1,5,B1
FENASCOL IV,LSC1,3135,INDUCCIÓN ORIENTAR,SUSTANTIVO,Proceso de introducción y orientación inicial para personal nuevo o estudiantes. (RAE),NO,1 seña,NO,SI,Asimétrica (tipo III),A,Bl,Sin especificar,Sin especificar,Sin especificar,03135_inducciono.mp4,INDUCCION ORIENTAR,test2,85,B1
FENASCOL IV,LSC0,3136,INMENSO,ADJETIVO,"Muy grande, extraordinariamente amplio o sin medida visible. (RAE)",NO,1 seña,NO,SI,Simétrica (tipo I),Xc,Sin especificar,Sin especificar,Sin especificar,Sin especificar,03136_inmenso.mp4,INMENSO,test2,12,A1
FENASCOL IV,LSC1,3137,INSEPARABLE (COSAS),ADJETIVO,Cosas unidas fuertemente que no pueden separarse. (Generada Gemini),NO,1 seña,NO,SI,Simétrica (tipo I),Gl,Sin especificar,Sin especificar,Sin especificar,Sin especificar,03137_inseparabl.mp4,INSEPARABLE COSAS,test2,52,B2
FENASCOL IV,LSC1,3138,INSEPARABLE (PERSONAS),ADJETIVO,Personas con una amistad tan estrecha que no se apartan jamás. (Generada Gemini),NO,1 seña,NO,SI,Simétrica (tipo I),Q,Sin especificar,Sin especificar,Sin especificar,Sin especificar,03138_inseparabl.mp4,INSEPARABLE PERSONAS,test3,0,B2
FENASCOL IV,LSC0,3139,INSEPARABLE (2 PERSONAS),ADJETIVO,Vínculo estrecho e inquebrantable entre dos individuos. (Generada Gemini),NO,1 seña,NO,SI,Unimanual (tipo 0),H,Sin especificar,Sin especificar,Sin especificar,Sin especificar,03139_inseparabl.mp4,INSEPARABLE 2 PERSONAS,test2,41,A2
FENASCOL IV,LSC1,3140,INSULTO,SUSTANTIVO,Dicho o hecho ofensivo dirigido a ultrajar a alguien. (RAE),SI,2 señas,NO,SI,Compuestas (tipo C),J,Be,Pc,Sin especificar,Sin especificar,03140_insulto.mp4,INSULTO,test3,41,B2
FENASCOL IV,LSC1,3141,INTENCIÓN,SUSTANTIVO,Determinación de la voluntad de lograr un fin determinado. (RAE),SI,2 señas,NO,SI,Compuestas (tipo C),P,Bl,Sin especificar,Sin especificar,Sin especificar,03141_intencion.mp4,INTENCION,test4,25,B2
FENASCOL IV,LSC1,3142,INTERFERENCIA INTERVENIR (COSAS),SUSTANTIVO,Interrupción o alteración en el funcionamiento de un mecanismo o transmisión. (RAE),NO,1 seña,SI,SI,Semi-simétrica (tipo II),P,Sin especificar,Sin especificar,Sin especificar,Sin especificar,03142_interferen.mp4,INTERFERENCIA INTERVENIR COSAS,test3,2,B1
FENASCOL IV,LSC1,3143,INTERFERENCIA INTERVENIR (RELACIONES PERSONALES),Sin especificar,Inmiscuirse indebidamente en los asuntos de otros. (Generada Gemini),NO,1 seña,NO,SI,Semi-simétrica (tipo II),P,Sin especificar,Sin especificar,Sin especificar,Sin especificar,03143_interferen.mp4,INTERFERENCIA INTERVENIR RELACIONES PERSONALES,test3,68,B2
FENASCOL IV,LSC1,3144,INTERMEDIARIO INDIRECTO,SUSTANTIVO,Persona o entidad que media de forma indirecta en una transacción o acuerdo. (RAE),NO,1 seña,NO,SI,Semi-simétrica (tipo II),P,Sin especificar,Sin especificar,Sin especificar,Sin especificar,03144_intermedia.mp4,INTERMEDIARIO INDIRECTO,test1,28,B2
FENASCOL IV,LSC1,3145,INTERNACIONAL,ADJETIVO,Que atañe a dos o más naciones o se extiende fuera de las fronteras de un país. (RAE),NO,1 seña,NO,SI,Asimétrica (tipo III),S,I,Sin especificar,Sin especificar,Sin especificar,03145_internacio.mp4,INTERNACIONAL,test1,28,B2
FENASCOL IV,LSC1,3146,INTERNADO INTERNAR 1,SUSTANTIVO,Establecimiento docente donde los alumnos residen mientras estudian. (RAE),SI,2 señas,NO,SI,Compuestas (tipo C),Bl,Sin especificar,Sin especificar,Sin especificar,Sin especificar,03146_internadoi.mp4,INTERNADO INTERNAR 1,test4,26,B2
FENASCOL IV,LSC1,3147,INTERNADO INTERNAR 2,SUSTANTIVO,Variante de seña para régimen de internado. (Generada Gemini),SI,2 señas,NO,SI,Asimétrica (tipo III),Q,O,Bl,S,Sin especificar,03147_internadoi.mp4,INTERNADO INTERNAR 2,test2,47,B2
FENASCOL IV,LSC0,3148,INTERNO,SUSTANTIVO,Situado en la parte interior de algo o alumno que vive en un internado. (RAE),NO,1 seña,NO,SI,Asimétrica (tipo III),Q,O,Sin especificar,Sin especificar,Sin especificar,03148_interno.mp4,INTERNO,test2,19,A2
FENASCOL IV,LSC0,3149,INTÉRPRETE INTERPRETAR,SUSTANTIVO,Persona que traduce oralmente o en lengua de señas de una lengua a otra. (RAE),NO,1 seña,NO,SI,Asimétrica (tipo III),Bl,H,Sin especificar,Sin especificar,Sin especificar,03149_interprete.mp4,INTERPRETE INTERPRETAR,test2,19,A2
FENASCOL IV,LSC0,3150,INTERRUMPIR,VERBO,Cortar la continuidad de algo o detener un proceso a mitad de su ejecución. (RAE),NO,1 seña,NO,SI,Asimétrica (tipo III),H,V,Sin especificar,Sin especificar,Sin especificar,03150_interrumpi.mp4,INTERRUMPIR,test1,18,A2
FENASCOL IV,LSC1,3151,INUNDACIÓN,SUSTANTIVO,Ocupación por el agua de zonas o terrenos que habitualmente están secos. (RAE),SI,2 señas,NO,SI,Compuestas (tipo C),A,J,Sin especificar,Sin especificar,Sin especificar,03151_inundacion.mp4,INUNDACION,test2,34,B1
FENASCOL IV,LSC0,3152,INÚTIL NO SERVIR,ADJETIVO,"Incapaz de producir provecho, utilidad o de cumplir su función. (RAE)",NO,1 seña,NO,SI,Compuestas (tipo C),Q,J,Sin especificar,Sin especificar,Sin especificar,03152_inutilnose.mp4,INUTIL NO SERVIR,test3,70,A2
FENASCOL IV,LSC0,3153,INVENTO,SUSTANTIVO,"Creación, diseño o producción de algo nuevo que no existía previamente. (RAE)",NO,1 seña,NO,SI,Compuestas (tipo C),I,C,O,J,Sin especificar,03153_invento.mp4,INVENTO,test3,70,A2
FENASCOL IV,LSC0,3154,JINETE,SUSTANTIVO,Persona que monta a caballo con destreza. (RAE),NO,1 seña,NO,SI,Semi-simétrica (tipo II),S,Sin especificar,Sin especificar,Sin especificar,Sin especificar,03154_jinete.mp4,JINETE,test4,68,A2
FENASCOL IV,LSC1,3155,JUANETE,SUSTANTIVO,Protrusión ósea dolorosa en la articulación de la base del dedo gordo del pie. (RAE),NO,1 seña,NO,SI,Asimétrica (tipo III),Be,O,C,Sin especificar,Sin especificar,03155_juanete.mp4,JUANETE,test2,61,B2
FENASCOL IV,LSC0,3156,JUBILACIÓN,SUSTANTIVO,Situación de retiro laboral tras cumplir los requisitos de edad y cotización. (RAE),NO,1 seña,NO,SI,Unimanual (tipo 0),Sin especificar,Sin especificar,Sin especificar,Sin especificar,Sin especificar,03156_jubilacion.mp4,JUBILACION,test3,83,A1
FENASCOL IV,LSC1,3157,JUBILADO,ADJETIVO,Persona que ha pasado a la situación de jubilación y percibe pensión. (RAE),SI,2 señas,NO,SI,Compuestas (tipo C),K,Sin especificar,Sin especificar,Sin especificar,Sin especificar,03157_jubilado.mp4,JUBILADO,test1,72,B1
FENASCOL IV,LSC0,3158,LADEADO LADEAR,ADJETIVO,Inclinado hacia un lado u orientar oblicuamente. (RAE),NO,1 seña,NO,SI,Simétrica (tipo I),Bl,Sin especificar,Sin especificar,Sin especificar,Sin especificar,03158_ladeadolad.mp4,LADEADO LADEAR,test1,31,A2
FENASCOL IV,LSC0,3159,LADRIDO LADRAR,SUSTANTIVO,Voz emitido por los perros u cánidos. (RAE),NO,1 seña,NO,SI,Unimanual (tipo 0),J,G,Sin especificar,Sin especificar,Sin especificar,03159_ladridolad.mp4,LADRIDO LADRAR,test1,31,A2
FENASCOL IV,LSC0,3160,LÁGRIMA,SUSTANTIVO,Gota de líquido salado segregada por las glándulas lagrimales del ojo. (RAE),NO,1 seña,NO,SI,Compuestas (tipo C),Tb,Ta,Sin especificar,Sin especificar,Sin especificar,03160_lagrima.mp4,LAGRIMA,test4,59,A1
FENASCOL IV,LSC0,3161,LAGRIMEO,SUSTANTIVO,Emisión constante e involuntaria de lágrimas. (RAE),NO,1 seña,NO,SI,Unimanual en contacto (tipo X),P,Sin especificar,Sin especificar,Sin especificar,Sin especificar,03161_lagrimeo.mp4,LAGRIMEO,test4,10,A2
FENASCOL IV,LSC1,3162,LÁTIGO,SUSTANTIVO,Instrumento azotador formado por una correa larga y un mango. (RAE),SI,1 seña,NO,SI,Compuestas (tipo C),Okf,Xf,Sin especificar,Sin especificar,Sin especificar,03162_latigo.mp4,LATIGO,test1,46,B1
FENASCOL IV,LSC1,3163,LEAL LEALTAD,ADJETIVO,"Fiel, constante en el afecto, cumplimiento de deberes y fidelidad. (RAE)",SI,2 señas,NO,SI,Compuestas (tipo C),S,Be,Sin especificar,Sin especificar,Sin especificar,03163_leallealta.mp4,LEAL LEALTAD,test1,28,B2
FENASCOL IV,LSC0,3164,LIBERTAD,SUSTANTIVO,Facultad natural del ser humano para obrar de una manera u otra o no obrar. (RAE),NO,1 seña,NO,SI,Semi-simétrica (tipo II),L,Sin especificar,Sin especificar,Sin especificar,Sin especificar,03164_libertad.mp4,LIBERTAD,test3,83,A1
FENASCOL IV,LSC0,3165,LIMOSNERO,SUSTANTIVO,Persona que pide limosna públicamente para subsistir. (RAE),NO,1 seña,NO,SI,Unimanual (tipo 0),Cl,Sin especificar,Sin especificar,Sin especificar,Sin especificar,03165_limosnero.mp4,LIMOSNERO,test2,19,A2
FENASCOL IV,LSC0,3166,LISTA (Mano),SUSTANTIVO,Relación ordenada de elementos representada con seña manual. (Generada Gemini),NO,1 seña,NO,SI,Semi-simétrica (tipo II),Bl,Ql,Sin especificar,Sin especificar,Sin especificar,03166_listamano.mp4,LISTA Mano,test1,15,A1
FENASCOL IV,LSC0,3167,LISTA (L),SUSTANTIVO,Variante de seña para enumeración o lista con configuración L. (Generada Gemini),NO,1 seña,NO,SI,Asimétrica (tipo III),Bl,L,Sin especificar,Sin especificar,Sin especificar,03167_listal.mp4,LISTA L,test1,15,A1
FENASCOL IV,LSC0,3168,LISTO 1,ADJETIVO,"Preparado, dispuesto o agudo de ingenio y perspicaz. (RAE)",NO,1 seña,NO,SI,Simétrica (tipo I),L,Sin especificar,Sin especificar,Sin especificar,Sin especificar,03168_listo1.mp4,LISTO 1,test3,83,A1
FENASCOL IV,LSC0,3169,LISTO 2,ADJETIVO,Variante de seña para agudeza mental o presteza. (Generada Gemini),Sin especificar,Sin especificar,NO,SI,Simétrica (tipo I),L,Sin especificar,Sin especificar,Sin especificar,Sin especificar,03169_listo2.mp4,LISTO 2,test2,6,A2
FENASCOL IV,LSC1,3170,LLAGA,SUSTANTIVO,Úlcera o herida abierta en la piel o tejidos mucosos. (RAE),NO,1 seña,NO,SI,Asimétrica (tipo III),S,Cl,Sin especificar,Sin especificar,Sin especificar,03170_llaga.mp4,LLAGA,test2,6,B1
FENASCOL IV,LSC0,3171,LLAMATIVO,SUSTANTIVO,Que llama fuertemente la atención por su colorido o brillantez. (RAE),NO,1 seña,NO,SI,Compuestas (tipo C),P,Gl,Sin especificar,Sin especificar,Sin especificar,03171_llamativo.mp4,LLAMATIVO,test3,54,A2
FENASCOL IV,LSC1,3172,LLANO LLANURA,ADJETIVO,Terreno plano y extenso sin elevaciones significativas. (RAE),NO,1 seña,NO,SI,Semi-simétrica (tipo II),Bl,Sin especificar,Sin especificar,Sin especificar,Sin especificar,03172_llanollanu.mp4,LLANO LLANURA,test2,34,B1
FENASCOL IV,LSC0,3173,LLANTO,SUSTANTIVO,Emanación abundante de lágrimas acompañada de sollozos o lamentos. (RAE),NO,1 seña,NO,SI,Simétrica (tipo I),P,Sin especificar,Sin especificar,Sin especificar,Sin especificar,03173_llanto.mp4,LLANTO,test4,10,A2
FENASCOL IV,LSC0,3174,LLOVIZNA,SUSTANTIVO,Lluvia muy menuda y ligera que cae suavemente. (RAE),NO,1 seña,NO,SI,Simétrica (tipo I),G,Sin especificar,Sin especificar,Sin especificar,Sin especificar,03174_llovizna.mp4,LLOVIZNA,test1,81,A2
FENASCOL IV,LSC1,3175,LUTO,SUSTANTIVO,Signo exterior de dolor y vestimenta negra en señal de duelo por un fallecido. (RAE),SI,2 señas,NO,SI,Compuestas (tipo C),P,Cl,Sin especificar,Sin especificar,Sin especificar,03175_luto.mp4,LUTO,test3,41,B2
FENASCOL IV,LSC1,3176,MACHO 1,SUSTANTIVO,Animal de sexo masculino. (RAE),NO,2 señas,NO,SI,Compuestas (tipo C),P,S,Sin especificar,Sin especificar,Sin especificar,03176_macho1.mp4,MACHO 1,test1,1,B2
UEB,LSC0,3177,MACHO 2,SUSTANTIVO,Variante de seña para género masculino en animales. (Generada Gemini),NO,1 seña,NO,SI,Unimanual en contacto (tipo X),C,S,Sin especificar,Sin especificar,Sin especificar,03177_macho2.mp4,MACHO 2,test2,41,A2
FENASCOL IV,LSC1,3178,MACHO 3,SUSTANTIVO,Variante morfológica complementaria para macho. (Generada Gemini),SI,2 señas,NO,SI,Compuestas (tipo C),P,Okf,S,Sin especificar,Sin especificar,03178_macho3.mp4,MACHO 3,test4,55,B2
FENASCOL IV,LSC0,3179,MAGIA,SUSTANTIVO,Arte o ciencia oculta con que se pretende producir efectos extraordinarios. (RAE),NO,1 seña,NO,SI,Simétrica (tipo I),Q,J,Sin especificar,Sin especificar,Sin especificar,03179_magia.mp4,MAGIA,test2,56,A1
FENASCOL IV,LSC0,3180,MANIQUÍ,SUSTANTIVO,Figura articulada con forma humana usada para exhibir ropa en vitrinas (maniquí). (RAE),NO,1 seña,NO,SI,Semi-simétrica (tipo II),J,Sin especificar,Sin especificar,Sin especificar,Sin especificar,03180_maniqui.mp4,MANIQUI,test3,42,A2
FENASCOL IV,LSC0,3181,MAQUINA DE AFEITAR (ELÉCTRICA),SUSTANTIVO,Aparato eléctrico empleado para rasurar el vello facial. (RAE),NO,1 seña,NO,SI,Unimanual en contacto (tipo X),S,Sin especificar,Sin especificar,Sin especificar,Sin especificar,03181_maquinadea.mp4,MAQUINA DE AFEITAR ELECTRICA,test2,59,A2
FENASCOL IV,LSC1,3182,MARAVILLOSO 1,ADJETIVO,"Que causa gran admiración, asombro o deleite extraordinario. (RAE)",NO,1 seña,NO,SI,Simétrica (tipo I),Q,J,Sin especificar,Sin especificar,Sin especificar,03182_maravillos.mp4,MARAVILLOSO 1,test1,33,B1
FENASCOL IV,LSC1,3183,MARAVILLOSO 2,ADJETIVO,Variante de seña para magnificencia o maravilla. (Generada Gemini),SI,3 señas,NO,SI,Compuestas (tipo C),P,J,Sin especificar,Sin especificar,Sin especificar,03183_maravillos.mp4,MARAVILLOSO 2,test2,47,B2
FENASCOL IV,LSC0,3184,MARGARITA,SUSTANTIVO,Planta herbácea de flores blancas con centro amarillo. (RAE),NO,1 seña,NO,SI,Asimétrica (tipo III),P,Ta,Tb,Sin especificar,Sin especificar,03184_margarita.mp4,MARGARITA,test4,19,A1
FENASCOL IV,LSC0,3185,MARIONETA,SUSTANTIVO,Muñeco articulado que se mueve mediante hilos o varillas. (RAE),NO,1 seña,NO,SI,Unimanual (tipo 0),Ul,Sin especificar,Sin especificar,Sin especificar,Sin especificar,03185_marioneta.mp4,MARIONETA,test1,31,A2
FENASCOL IV,LSC1,3186,MASAJE 1,SUSTANTIVO,Aplicación de masajes corporales con frotamiento terapéutico o relajante. (RAE),NO,1 seña,NO,SI,Semi-simétrica (tipo II),J,Sin especificar,Sin especificar,Sin especificar,Sin especificar,03186_masaje1.mp4,MASAJE 1,test1,32,B2
FENASCOL IV,LSC0,3187,MASAJE 2,SUSTANTIVO,Variante de seña para la acción de masajear. (Generada Gemini),NO,1 seña,NO,SI,Simétrica (tipo I),J,Cl,A,Sin especificar,Sin especificar,03187_masaje2.mp4,MASAJE 2,test1,66,A2
FENASCOL IV,LSC0,3188,MATERIALES 1,SUSTANTIVO,Elementos o sustancias necesarios para realizar una obra o tarea. (RAE),NO,1 seña,NO,SI,Semi-simétrica (tipo II),J,Sin especificar,Sin especificar,Sin especificar,Sin especificar,03188_materiales.mp4,MATERIALES 1,test3,42,A2
FENASCOL IV,LSC1,3189,MATERIALES 2,SUSTANTIVO,Variante de seña para insumos o materiales de trabajo. (Generada Gemini),SI,2 señas,NO,SI,Asimétrica (tipo III),Bl,A,J,Sin especificar,Sin especificar,03189_materiales.mp4,MATERIALES 2,test3,15,B2
FENASCOL IV,LSC0,3190,MAZAMORRA,SUSTANTIVO,Postre o plato tradicional colombiano a base de maíz cocido en leche o agua. (RAE),NO,1 seña,NO,SI,Semi-simétrica (tipo II),Af,Sin especificar,Sin especificar,Sin especificar,Sin especificar,03190_mazamorra.mp4,MAZAMORRA,test3,64,A2
FENASCOL IV,LSC0,3191,MAZORCA,SUSTANTIVO,Inflorescencia de la planta del maíz compuesta por granos alineados. (RAE),NO,1 seña,NO,SI,Simétrica (tipo I),Xf,Sin especificar,Sin especificar,Sin especificar,Sin especificar,03191_mazorca.mp4,MAZORCA,test1,58,A2
FENASCOL IV,LSC0,3192,MEDALLA 1,SUSTANTIVO,Pieza de metal acuñada en forma de moneda conmemorativa o premio. (RAE),NO,1 seña,NO,SI,Compuestas (tipo C),Xc,Sin especificar,Sin especificar,Sin especificar,Sin especificar,03192_medalla1.mp4,MEDALLA 1,test4,69,A1
FENASCOL IV,LSC0,3193,MEDALLA 2,SUSTANTIVO,Variante de seña para distinción o medalla honorífica. (Generada Gemini),NO,1 seña,NO,SI,Unimanual en contacto (tipo X),Xc,Sin especificar,Sin especificar,Sin especificar,Sin especificar,03193_medalla2.mp4,MEDALLA 2,test2,6,A2
FENASCOL IV,LSC1,3194,MERCANCÍA,SUSTANTIVO,Cualquier cosa mueble susceptible de ser comercializada o vendida. (RAE),SI,2 señas,NO,SI,Simétrica (tipo I),J,Xf,Sin especificar,Sin especificar,Sin especificar,03194_mercancia.mp4,MERCANCIA,test1,18,B2
FENASCOL IV,LSC0,3195,MODELO,SUSTANTIVO,"Arquetipo, patrón o ejemplar que se imita o reproduce. (RAE)",NO,1 seña,NO,SI,Asimétrica (tipo III),J,P,Sin especificar,Sin especificar,Sin especificar,03195_modelo.mp4,MODELO,test2,12,A2
FENASCOL IV,LSC0,3196,MODELO MODELAJE,SUSTANTIVO,Profesión o actividad de exhibir prendas de moda o poses artísticas. (RAE),NO,1 seña,NO,SI,Asimétrica (tipo III),J,Tb,Sin especificar,Sin especificar,Sin especificar,03196_modelomode.mp4,MODELO MODELAJE,test2,12,A2
FENASCOL IV,LSC0,3197,MONSTRUO,SUSTANTIVO,Ser fantástico de apariencia espantosa o criatura desproporcionada. (RAE),NO,1 seña,NO,SI,Simétrica (tipo I),Gl,Sin especificar,Sin especificar,Sin especificar,Sin especificar,03197_monstruo.mp4,MONSTRUO,test3,54,A2
FENASCOL IV,LSC1,3198,MUÑECO,SUSTANTIVO,Figura de juguete con forma humana o animal. (RAE),NO,1 seña,NO,SI,Semi-simétrica (tipo II),Bl,Sin especificar,Sin especificar,Sin especificar,Sin especificar,03198_muñeco.mp4,MUNECO,test4,29,B2
FENASCOL IV,LSC0,3199,NACIONAL 1,ADJETIVO,Relativo a una nación o natural de ella. (RAE),NO,1 seña,NO,SI,Unimanual (tipo 0),P,Sin especificar,Sin especificar,Sin especificar,Sin especificar,03199_nacional1.mp4,NACIONAL 1,test2,56,A1
FENASCOL IV,LSC1,3200,NACIONAL 2,ADJETIVO,Variante de seña para el ámbito o identidad nacional. (Generada Gemini),NO,1 seña,NO,SI,Compuestas (tipo C),H,J,Sin especificar,Sin especificar,Sin especificar,03200_nacional2.mp4,NACIONAL 2,test2,47,B2
FENASCOL IV,LSC0,3201,POKER,SUSTANTIVO,Juego de cartas de apuestas basado en la combinación de manos (póker). (RAE),NO,1 seña,NO,SI,Semi-simétrica (tipo II),Je,Sin especificar,Sin especificar,Sin especificar,Sin especificar,03201_poker.mp4,POKER,test4,1,A1
FENASCOL IV,LSC1,3202,NAIPE - CARTAS,SUSTANTIVO,Baraja de naipes empleados en juegos de mesa y azar. (RAE),NO,2 señas,NO,SI,Compuestas (tipo C),Je,Q,Sin especificar,Sin especificar,Sin especificar,03202_naipecarta.mp4,NAIPE CARTAS,test4,51,B2
FENASCOL IV,LSC0,3203,NARIGUERA NARIGÓN,SUSTANTIVO,Adorno nasal o persona dotada de una nariz grande. (RAE),NO,1 seña,NO,SI,Unimanual en contacto (tipo X),Ta,Sin especificar,Sin especificar,Sin especificar,Sin especificar,03203_narigueran.mp4,NARIGUERA NARIGON,test2,19,A2
FENASCOL IV,LSC0,3204,NOTICIA NOTICIERO,SUSTANTIVO,Información sobre un hecho reciente difundida en medios de comunicación. (RAE),NO,2 señas,NO,SI,Unimanual (tipo 0),S,Sin especificar,Sin especificar,Sin especificar,Sin especificar,03204_noticianot.mp4,NOTICIA NOTICIERO,test2,56,A1
FENASCOL IV,LSC0,3205,NOVELA (Mano Abierta),SUSTANTIVO,Obra literaria narrativa de larga extensión representada con seña abierta. (RAE),NO,1 seña,NO,SI,Unimanual en contacto (tipo X),Je,Sin especificar,Sin especificar,Sin especificar,Sin especificar,03205_novela1.mp4,NOVELA Mano Abierta,test2,19,A2
FENASCOL IV,LSC0,3206,NOVELA (Mano Cerrada),SUSTANTIVO,Variante gestual con configuración cerrada para novela literaria. (Generada Gemini),NO,1 seña,NO,SI,Unimanual en contacto (tipo X),J,Sin especificar,Sin especificar,Sin especificar,Sin especificar,03206_novela2.mp4,NOVELA Mano Cerrada,test4,11,A2
FENASCOL IV,LSC0,3207,OBSESIÓN,SUSTANTIVO,Perturbación anímica producida por una idea fija persistente. (RAE),NO,1 seña,NO,SI,Unimanual en contacto (tipo X),Q,Sin especificar,Sin especificar,Sin especificar,Sin especificar,03207_obsesion.mp4,OBSESION,test4,89,A1
FENASCOL IV,LSC1,3208,OFRENDA 1,SUSTANTIVO,Donación u ofrenda entregada como muestra de respeto o devoción. (RAE),NO,1 seña,NO,SI,Simétrica (tipo I),Bl,Sin especificar,Sin especificar,Sin especificar,Sin especificar,03208_ofrenda1.mp4,OFRENDA 1,test4,3,B2
FENASCOL IV,LSC1,3209,OFRENDA 2,SUSTANTIVO,Variante de seña para ofrenda ritual o presente. (Generada Gemini),SI,2 señas,NO,SI,Compuestas (tipo C),N,Bl,Jc,Q,Sin especificar,03209_ofrenda2.mp4,OFRENDA 2,test2,47,B2
FENASCOL IV,LSC0,3210,OJALÁ,ADVERBIO,Expresión con que se denota un vivo deseo de que suceda algo. (RAE),NO,1 seña,NO,SI,Simétrica (tipo I),R,Sin especificar,Sin especificar,Sin especificar,Sin especificar,03210_ojala.mp4,OJALA,test4,38,A1
FENASCOL IV,LSC1,3211,OLIMPIADA 1,SUSTANTIVO,Competición deportiva internacional cuatrienal (olimpiada / juegos olímpicos). (RAE),NO,1 seña,NO,SI,Semi-simétrica (tipo II),Ok,Sin especificar,Sin especificar,Sin especificar,Sin especificar,03211_olimpiada1.mp4,OLIMPIADA 1,test4,64,B1
FENASCOL IV,LSC1,3212,OLIMPIADA 2,SUSTANTIVO,Variante de seña para los juegos o certámenes olímpicos. (Generada Gemini),NO,1 seña,NO,SI,Semi-simétrica (tipo II),Tb,Sin especificar,Sin especificar,Sin especificar,Sin especificar,03212_olimpiada2.mp4,OLIMPIADA 2,test2,43,B2
FENASCOL IV,LSC1,3213,OSCILACIÓN (VAIVÉN) 1,SUSTANTIVO,Movimiento repetido de un lado a otro (vaivén). (RAE),NO,1 seña,SI,SI,Unimanual (tipo 0),P,Sin especificar,Sin especificar,Sin especificar,Sin especificar,03213_oscilacion.mp4,OSCILACION VAIVEN 1,test3,70,B2
FENASCOL IV,LSC1,3214,OSCILACIÓN (VAIVÉN) 2,SUSTANTIVO,Variante de seña para el movimiento oscilatorio o vaivén. (Generada Gemini),SI,2 señas,SI,SI,Unimanual (tipo 0),P,Q,Sin especificar,Sin especificar,Sin especificar,03214_oscilacion.mp4,OSCILACION VAIVEN 2,test3,70,B2
FENASCOL IV,LSC1,3215,OSCILACIÓN (FLUCTUACIÓN) 1,SUSTANTIVO,Variación o fluctuación constante de un valor o estado. (RAE),NO,1 seña,SI,SI,Semi-simétrica (tipo II),J,Sin especificar,Sin especificar,Sin especificar,Sin especificar,03215_oscilacion.mp4,OSCILACION FLUCTUACION 1,test4,32,B1
FENASCOL IV,LSC1,3216,OSCILACIÓN (FLUCTUACIÓN) 2,SUSTANTIVO,Variante de seña para la fluctuación o inestabilidad oscilatoria. (Generada Gemini),Sin especificar,Sin especificar,SI,SI,Compuestas (tipo C),J,P,Sin especificar,Sin especificar,Sin especificar,03216_oscilacion.mp4,OSCILACION FLUCTUACION 2,test3,70,B2
FENASCOL IV,LSC1,3217,PAISAJE,SUSTANTIVO,Extensión de terreno vista desde un lugar y considerada como espectáculo visual. (RAE),Sin especificar,Sin especificar,NO,SI,Compuestas (tipo C),L,J,Sin especificar,Sin especificar,Sin especificar,03217_paisaje.mp4,PAISAJE,test2,34,B1
FENASCOL IV,LSC1,3218,PARRILLA,SUSTANTIVO,Armazón de hierro con barras para asar alimentos al fuego. (RAE),Sin especificar,Sin especificar,NO,SI,Semi-simétrica (tipo II),Je,Sin especificar,Sin especificar,Sin especificar,Sin especificar,03218_parrilla.mp4,PARRILLA,test3,62,B2
FENASCOL IV,LSC1,3219,PARPADEO,SUSTANTIVO,Acción de abrir y cerrar rápidamente los párpados de los ojos. (RAE),Sin especificar,Sin especificar,NO,SI,Unimanual (tipo 0),Tc,Sin especificar,Sin especificar,Sin especificar,Sin especificar,03219_parpadeo.mp4,PARPADEO,test1,81,B2
FENASCOL IV,LSC1,3220,PARQUE DE JUEGOS,SUSTANTIVO,Área recreativa equipada con juegos infantiles y columpios. (RAE),Sin especificar,Sin especificar,NO,SI,Compuestas (tipo C),J,XX,Sin especificar,Sin especificar,Sin especificar,03220_parquedeju.mp4,PARQUE DE JUEGOS,test4,64,B1
FENASCOL IV,LSC1,3221,PARROCO SACERDOTE,SUSTANTIVO,Sacerdote que tiene a su cargo una parroquia (párroco). (RAE),Sin especificar,Sin especificar,NO,SI,Unimanual en contacto (tipo X),Pa,Sin especificar,Sin especificar,Sin especificar,Sin especificar,03221_parrocosac.mp4,PARROCO SACERDOTE,test1,5,B1
FENASCOL IV,LSC1,3222,PARTIDO CONSERVADOR 1,SUSTANTIVO,Agrupación política de tendencia conservadora y tradicional. (RAE),Sin especificar,Sin especificar,NO,SI,Unimanual (tipo 0),P,Y,Sin especificar,Sin especificar,Sin especificar,03222_partidocon.mp4,PARTIDO CONSERVADOR 1,test1,84,B2
FENASCOL IV,LSC1,3223,PARTIDO CONSERVADOR 2,SUSTANTIVO,Variante de seña para la organización política conservadora. (Generada Gemini),Sin especificar,Sin especificar,NO,SI,Asimétrica (tipo III),Q,C,Sin especificar,Sin especificar,Sin especificar,03223_partidocon.mp4,PARTIDO CONSERVADOR 2,test1,84,B2
FENASCOL IV,LSC1,3224,PARTIDO LIBERAL 1,SUSTANTIVO,Agrupación política de tendencia liberal y reformista. (RAE),Sin especificar,Sin especificar,NO,SI,Unimanual (tipo 0),P,L,Sin especificar,Sin especificar,Sin especificar,03224_partidolib.mp4,PARTIDO LIBERAL 1,test1,84,B2
FENASCOL IV,LSC1,3225,PARTIDO LIBERAL 2,SUSTANTIVO,Variante de seña para la organización política liberal. (Generada Gemini),Sin especificar,Sin especificar,NO,SI,Asimétrica (tipo III),Q,L,Sin especificar,Sin especificar,Sin especificar,03225_partidolib.mp4,PARTIDO LIBERAL 2,test1,84,B2
FENASCOL IV,LSC1,3226,PARTIDO (DEPORTE),SUSTANTIVO,Encuentro o competencia deportiva entre dos equipos o contendientes. (RAE),Sin especificar,Sin especificar,NO,SI,Semi-simétrica (tipo II),P,Sin especificar,Sin especificar,Sin especificar,Sin especificar,03226_partidodep.mp4,PARTIDO DEPORTE,test2,43,B2
FENASCOL IV,LSC1,3227,PATALETA,SUSTANTIVO,Berrinche o rabieta violenta manifestada por niños con patadas y llanto. (RAE),Sin especificar,Sin especificar,NO,SI,Semi-simétrica (tipo II),S,Sin especificar,Sin especificar,Sin especificar,Sin especificar,03227_pataleta.mp4,PATALETA,test2,6,B1
FENASCOL IV,LSC0,3228,PECADO 1,SUSTANTIVO,Transgresión voluntaria de una ley o precepto religioso moral. (RAE),Sin especificar,Sin especificar,NO,SI,Unimanual (tipo 0),P,Sin especificar,Sin especificar,Sin especificar,Sin especificar,03228_pecado1.mp4,PECADO 1,test3,84,A1
FENASCOL IV,LSC0,3229,PECADO 2,SUSTANTIVO,Variante de seña para falta o transgresión moral (pecado). (Generada Gemini),Sin especificar,Sin especificar,NO,SI,Unimanual en contacto (tipo X),Bc,Sin especificar,Sin especificar,Sin especificar,Sin especificar,03229_pecado2.mp4,PECADO 2,test2,6,A2
FENASCOL IV,LSC0,3230,PECADO 3,SUSTANTIVO,Variante morfológica complementaria para pecado. (Generada Gemini),Sin especificar,Sin especificar,NO,SI,Simétrica (tipo I),X,Sin especificar,Sin especificar,Sin especificar,Sin especificar,03230_pecado3.mp4,PECADO 3,test1,15,A1
FENASCOL IV,LSC0,3231,PECADO 4,SUSTANTIVO,Variante léxica complementaria de seña para falta religiosa. (Generada Gemini),Sin especificar,Sin especificar,NO,SI,Semi-simétrica (tipo II),Bl,Sin especificar,Sin especificar,Sin especificar,Sin especificar,03231_pecado4.mp4,PECADO 4,test1,15,A1
FENASCOL IV,LSC0,3232,PEDAZO 1,SUSTANTIVO,Porción separada de un todo. (RAE),Sin especificar,Sin especificar,NO,SI,Simétrica (tipo I),G,Sin especificar,Sin especificar,Sin especificar,Sin especificar,03232_pedazo1.mp4,PEDAZO 1,test2,56,A1
FENASCOL IV,LSC0,3233,PEDAZO 2,SUSTANTIVO,Variante de seña para trozo o fragmento de algo. (Generada Gemini),Sin especificar,Sin especificar,NO,SI,Semi-simétrica (tipo II),Bl,Sin especificar,Sin especificar,Sin especificar,Sin especificar,03233_pedazo2.mp4,PEDAZO 2,test1,69,A2
FENASCOL IV,LSC0,3234,PERTENECER 1,VERBO,Ser propia de alguien una cosa o formar parte de una corporación. (RAE),Sin especificar,Sin especificar,NO,SI,Unimanual en contacto (tipo X),Bl,Sin especificar,Sin especificar,Sin especificar,Sin especificar,03234_pertenecer.mp4,PERTENECER 1,test2,41,A1
FENASCOL IV,LSC0,3235,PERTENECER 2,VERBO,Variante de seña para pertenencia o vinculación. (Generada Gemini),Sin especificar,Sin especificar,NO,SI,Asimétrica (tipo III),O,Q,Sin especificar,Sin especificar,Sin especificar,03235_pertenecer.mp4,PERTENECER 2,test1,69,A2
FENASCOL IV,LSC0,3236,PESAR (SENTIMIENTO),SUSTANTIVO,"Sentimiento de tristeza, aflicción o arrepentimiento profundo. (RAE)",Sin especificar,Sin especificar,NO,SI,Unimanual en contacto (tipo X),J,Sin especificar,Sin especificar,Sin especificar,Sin especificar,03236_pesarsenti.mp4,PESAR SENTIMIENTO,test1,0,A1
FENASCOL IV,LSC1,3237,PESEBRE 1,SUSTANTIVO,Comedero para el ganado / Representación plástica del nacimiento de Jesús (pesebre/nacimiento). (RAE),Sin especificar,Sin especificar,NO,SI,Simétrica (tipo I),J,Sin especificar,Sin especificar,Sin especificar,Sin especificar,03237_pesebre1.mp4,PESEBRE 1,test4,29,B2
FENASCOL IV,LSC1,3238,PESEBRE 2,SUSTANTIVO,Variante de seña para belén o pesebre navideño. (Generada Gemini),Sin especificar,Sin especificar,NO,SI,Semi-simétrica (tipo II),J,Sin especificar,Sin especificar,Sin especificar,Sin especificar,03238_pesebre2.mp4,PESEBRE 2,test2,47,B2
FENASCOL IV,LSC1,3239,PESO (CUALIDAD DE UN CUERPO),SUSTANTIVO,Fuerza con que la gravedad atrae a un cuerpo material. (RAE),Sin especificar,Sin especificar,NO,SI,Simétrica (tipo I),Bl,Sin especificar,Sin especificar,Sin especificar,Sin especificar,03239_pesocualid.mp4,PESO CUALIDAD DE UN CUERPO,test3,23,B1
FENASCOL IV,LSC1,3240,PIÑATA,SUSTANTIVO,Recipiente de cartón lleno de dulces y sorpresas que se rompe en fiestas (piñata). (RAE),Sin especificar,Sin especificar,NO,SI,Semi-simétrica (tipo II),S,Xf,Sin especificar,Sin especificar,Sin especificar,03240_piñata.mp4,PINATA,test1,91,B1
FENASCOL IV,LSC1,3241,PIRATA,SUSTANTIVO,Navegante que roba y asalta en el mar o infractor de derechos de autor. (RAE),Sin especificar,Sin especificar,NO,SI,Unimanual en contacto (tipo X),B,Sin especificar,Sin especificar,Sin especificar,Sin especificar,03241_pirata.mp4,PIRATA,test1,5,B1
FENASCOL IV,LSC1,3242,PORCIÓN 1,SUSTANTIVO,Cantidad o parte de un todo. (RAE),Sin especificar,Sin especificar,NO,SI,Asimétrica (tipo III),J,Gl,Sin especificar,Sin especificar,Sin especificar,03242_porcion1.mp4,PORCION 1,test2,52,B2
FENASCOL IV,LSC1,3243,PORCIÓN 2,SUSTANTIVO,Variante de seña para porción o ración fraccionada. (Generada Gemini),Sin especificar,Sin especificar,NO,SI,Asimétrica (tipo III),Bl,Qa,Sin especificar,Sin especificar,Sin especificar,03243_porcion2.mp4,PORCION 2,test2,47,B2
FENASCOL IV,LSC0,3244,PRUDENTE 1,ADJETIVO,"Que actúa con sensatez, cautela y moderación ante los riesgos. (RAE)",Sin especificar,Sin especificar,NO,SI,Simétrica (tipo I),J,Sin especificar,Sin especificar,Sin especificar,Sin especificar,03244_pudrente1.mp4,PRUDENTE 1,test2,58,A1
FENASCOL IV,LSC0,3245,PRUDENTE 2,ADJETIVO,Variante de seña para sensatez y prudencia. (Generada Gemini),Sin especificar,Sin especificar,NO,SI,Compuestas (tipo C),P,J,Sin especificar,Sin especificar,Sin especificar,03245_pudrente2.mp4,PRUDENTE 2,test2,6,A2
FENASCOL IV,LSC1,3246,PULIDO (COSA),ADJETIVO,Objeto que tiene una superficie lisa y brillante tras ser pulida. (RAE),Sin especificar,Sin especificar,NO,SI,Semi-simétrica (tipo II),B,Sin especificar,Sin especificar,Sin especificar,Sin especificar,03246_pulidocosa.mp4,PULIDO COSA,test4,88,B1
FENASCOL IV,LSC1,3247,PULIDA (PERSONA),SUSTANTIVO,"Persona educada, refinada y pulcra en sus modales. (RAE)",Sin especificar,Sin especificar,NO,SI,Semi-simétrica (tipo II),Bl,Sin especificar,Sin especificar,Sin especificar,Sin especificar,03247_pulidapers.mp4,PULIDA PERSONA,test1,28,B2
FENASCOL IV,LSC0,3248,REFLEXIÓN,SUSTANTIVO,Acción de pensar detenidamente en algo o considerar un asunto con madurez. (RAE),Sin especificar,Sin especificar,NO,SI,Semi-simétrica (tipo II),P,X,Sin especificar,Sin especificar,Sin especificar,03248_reflexion.mp4,REFLEXION,test2,84,A2
FENASCOL IV,LSC1,3249,REFUERZO,SUSTANTIVO,"Ayuda, apoyo o elemento añadido para hacer algo más fuerte o resistente. (RAE)",Sin especificar,Sin especificar,NO,SI,Semi-simétrica (tipo II),S,Sin especificar,Sin especificar,Sin especificar,Sin especificar,03249_refuerzo.mp4,REFUERZO,test3,23,B1
FENASCOL IV,LSC1,3250,REPRESENTANTE,SUSTANTIVO,Persona que actúa en nombre de otra o de una institución. (RAE),Sin especificar,Sin especificar,NO,SI,Semi-simétrica (tipo II),Bl,Sin especificar,Sin especificar,Sin especificar,Sin especificar,03250_representa.mp4,REPRESENTANTE,test4,84,B1
FENASCOL IV,LSC1,3251,RESORTE 1,SUSTANTIVO,Pieza elástica dispuesta en espiral que recupera su forma tras la presión. (RAE),Sin especificar,Sin especificar,NO,SI,Simétrica (tipo I),S,Sin especificar,Sin especificar,Sin especificar,Sin especificar,03251_resorte1.mp4,RESORTE 1,test3,23,B1
FENASCOL IV,LSC1,3252,RESORTE 2,SUSTANTIVO,Variante de seña para muelle o elemento elástico (resorte). (Generada Gemini),Sin especificar,Sin especificar,NO,SI,Semi-simétrica (tipo II),G,Sin especificar,Sin especificar,Sin especificar,Sin especificar,03252_resorte2.mp4,RESORTE 2,test4,74,B1
FENASCOL IV,LSC1,3253,RETO,SUSTANTIVO,Objetivo o empresa difícil que constituye un desafío para la inteligencia o habilidad. (RAE),Sin especificar,Sin especificar,NO,SI,Unimanual en contacto (tipo X),P,Xe,Sin especificar,Sin especificar,Sin especificar,03253_reto.mp4,RETO,test4,25,B2
FENASCOL IV,LSC1,3254,RETRASO,SUSTANTIVO,Demora o tardanza en la realización de una actividad o llegada. (RAE),Sin especificar,Sin especificar,NO,SI,Compuestas (tipo C),P,S,Bl,Sin especificar,Sin especificar,03254_retraso.mp4,RETRASO,test4,51,B2
FENASCOL IV,LSC1,3255,REVISTA,SUSTANTIVO,Publicación periódica en forma de cuaderno con artículos e imágenes. (RAE),Sin especificar,Sin especificar,NO,SI,Semi-simétrica (tipo II),Bl,Sin especificar,Sin especificar,Sin especificar,Sin especificar,03255_revista.mp4,REVISTA,test1,66,B2
FENASCOL IV,LSC1,3256,ROSA 1,SUSTANTIVO,"Flor del rosal, de pétalos vistosos y aroma agradable. (RAE)",Sin especificar,Sin especificar,NO,SI,Asimétrica (tipo III),C,Q,Gl,Sin especificar,Sin especificar,03256_rosa1.mp4,ROSA 1,test3,36,B2
FENASCOL IV,LSC1,3257,ROSA 2,SUSTANTIVO,Variante de seña para la flor del rosal o color rosa. (Generada Gemini),Sin especificar,Sin especificar,NO,SI,Unimanual en contacto (tipo X),Q,J,Sin especificar,Sin especificar,Sin especificar,03257_rosa2.mp4,ROSA 2,test3,15,B2
FENASCOL IV,LSC1,3258,SALADO,ADJETIVO,Que tiene sal o sabor propio de ella. / Dicho de una persona graciosa o desafortunada en Colombia. (RAE),Sin especificar,Sin especificar,NO,SI,Compuestas (tipo C),P,S,Sin especificar,Sin especificar,Sin especificar,03258_salado.mp4,SALADO,test3,52,B1
FENASCOL IV,LSC1,3259,SOLEDAD,SUSTANTIVO,Carencia voluntaria o involuntaria de compañía. (RAE),Sin especificar,Sin especificar,NO,SI,Unimanual (tipo 0),P,Sin especificar,Sin especificar,Sin especificar,Sin especificar,03259_soledad.mp4,SOLEDAD,test4,3,B2
FENASCOL IV,LSC1,3260,SOMBRA (PERSONA),ADJETIVO,Proyección oscura que proyecta un cuerpo al interponerse a la luz. (RAE),Sin especificar,Sin especificar,NO,SI,Unimanual (tipo 0),Q,J,Sin especificar,Sin especificar,Sin especificar,03260_sombrapers.mp4,SOMBRA PERSONA,test1,81,B2
FENASCOL IV,LSC1,3261,SOMBRA (BUSCAR LA ...),SUSTANTIVO,Acción de cobijarse o resguardarse de la luz solar directa bajo la sombra. (Generada Gemini),Sin especificar,Sin especificar,NO,SI,Unimanual (tipo 0),Ql,Sin especificar,Sin especificar,Sin especificar,Sin especificar,03261_sombrabusc.mp4,SOMBRA BUSCAR LA ...,test1,82,B1
FENASCOL IV,LSC1,3262,SOMBRA (ARTE),SUSTANTIVO,Efecto de sombreado en dibujo o artes plásticas. (RAE),Sin especificar,Sin especificar,NO,SI,Semi-simétrica (tipo II),Bl,Sin especificar,Sin especificar,Sin especificar,Sin especificar,03262_sombraarte.mp4,SOMBRA ARTE,test3,86,B1
FENASCOL IV,LSC1,3263,SOPLO,SUSTANTIVO,Acción de soplar o expeler aire con fuerza por la boca. (RAE),Sin especificar,Sin especificar,NO,SI,Unimanual (tipo 0),Bl,Sin especificar,Sin especificar,Sin especificar,Sin especificar,03263_soplo.mp4,SOPLO,test4,51,B2
FENASCOL IV,LSC1,3264,SUDOR,SUSTANTIVO,Líquido claro segregado por las glándulas sudoríparas de la piel. (RAE),Sin especificar,Sin especificar,NO,SI,Unimanual en contacto (tipo X),N,Sin especificar,Sin especificar,Sin especificar,Sin especificar,03264_sudor.mp4,SUDOR,test3,46,B2
FENASCOL IV,LSC1,3265,TELESCOPIO,SUSTANTIVO,Instrumento óptico para observar objetos lejanos y cuerpos celestes con detalle. (RAE),Sin especificar,Sin especificar,NO,SI,Semi-simétrica (tipo II),C,Sin especificar,Sin especificar,Sin especificar,Sin especificar,03265_telescopio.mp4,TELESCOPIO,test1,82,B1
FENASCOL IV,LSC1,3266,TEMBLOR TEMBLOROSO,ADJETIVO,Agitación o movimiento involuntario y trémulo del cuerpo. (RAE),Sin especificar,Sin especificar,NO,SI,Semi-simétrica (tipo II),J,Sin especificar,Sin especificar,Sin especificar,Sin especificar,03266_temblortem.mp4,TEMBLOR TEMBLOROSO,test1,32,B2
FENASCOL IV,LSC1,3267,TEMBLOR DE TIERRA,SUSTANTIVO,Sismo o sacudida leve de la corteza terrestre. (RAE),Sin especificar,Sin especificar,NO,SI,Simétrica (tipo I),J,Sin especificar,Sin especificar,Sin especificar,Sin especificar,03267_temblordet.mp4,TEMBLOR DE TIERRA,test2,34,B1
FENASCOL IV,LSC1,3268,TERREMOTO,SUSTANTIVO,Seísmo o sacudida violenta y destructiva de la superficie terrestre. (RAE),Sin especificar,Sin especificar,NO,SI,Simétrica (tipo I),S,Sin especificar,Sin especificar,Sin especificar,Sin especificar,03268_terremoto.mp4,TERREMOTO,test4,27,B1
FENASCOL IV,LSC1,3269,TORNEO 1,SUSTANTIVO,Competencia deportiva organizada con múltiples participantes o equipos. (RAE),Sin especificar,Sin especificar,NO,SI,Simétrica (tipo I),P,Sin especificar,Sin especificar,Sin especificar,Sin especificar,03269_torneo1.mp4,TORNEO 1,test2,43,B2
FENASCOL IV,LSC1,3270,TORNEO 2,SUSTANTIVO,Variante de seña para campeonato o justa deportiva. (Generada Gemini),Sin especificar,Sin especificar,NO,SI,Simétrica (tipo I),P,Sin especificar,Sin especificar,Sin especificar,Sin especificar,03270_torneo2.mp4,TORNEO 2,test2,43,B2
FENASCOL IV,LSC1,3271,TURNO 1,SUSTANTIVO,Orden sucesivo en que las personas realizan una acción o reciben un servicio. (RAE),Sin especificar,Sin especificar,NO,SI,Semi-simétrica (tipo II),P,Sin especificar,Sin especificar,Sin especificar,Sin especificar,03271_turno1.mp4,TURNO 1,test4,22,B2
FENASCOL IV,LSC1,3272,TURNO 2,SUSTANTIVO,Variante de seña para el turno u orden sucesivo. (Generada Gemini),Sin especificar,Sin especificar,NO,SI,Semi-simétrica (tipo II),A,Sin especificar,Sin especificar,Sin especificar,Sin especificar,03272_turno2.mp4,TURNO 2,test2,47,B2
FENASCOL IV,LSC1,3273,TURNO 3,SUSTANTIVO,Variante morfológica complementaria para turno. (Generada Gemini),Sin especificar,Sin especificar,NO,SI,Semi-simétrica (tipo II),A,Sin especificar,Sin especificar,Sin especificar,Sin especificar,03273_turno3.mp4,TURNO 3,test4,55,B2
FENASCOL IV,LSC1,3274,TUTOR,SUSTANTIVO,"Persona encargada de orientar, supervisar o educar a un alumno o menor. (RAE)",Sin especificar,Sin especificar,NO,SI,Semi-simétrica (tipo II),A,Sin especificar,Sin especificar,Sin especificar,Sin especificar,03274_tutor.mp4,TUTOR,test2,85,B1
FENASCOL IV,LSC1,3275,VALIOSO,ADJETIVO,"Que tiene alto valor, estimación o precio elevado. (RAE)",Sin especificar,Sin especificar,NO,SI,Simétrica (tipo I),Q,J,Sin especificar,Sin especificar,Sin especificar,03275_valioso.mp4,VALIOSO,test4,25,B2
FENASCOL IV,LSC1,3276,VALOR (DINERO),SUSTANTIVO,Equivalencia monetaria o precio de las cosas. (RAE),Sin especificar,Sin especificar,NO,SI,Unimanual (tipo 0),Q,Sin especificar,Sin especificar,Sin especificar,Sin especificar,03276_valordiner.mp4,VALOR DINERO,test4,14,B2
FENASCOL IV,LSC1,3277,VALOR (PERSONA),ADJETIVO,"Cualidad moral de coraje, audacia y firmeza de ánimo. (RAE)",Sin especificar,Sin especificar,NO,SI,Simétrica (tipo I),Q,J,Sin especificar,Sin especificar,Sin especificar,03277_valorperso.mp4,VALOR PERSONA,test3,0,B2
FENASCOL IV,LSC1,3278,VALORES,SUSTANTIVO,Principios morales o virtudes que caracterizan a una persona o sociedad. (RAE),Sin especificar,Sin especificar,NO,SI,Simétrica (tipo I),Q,J,Sin especificar,Sin especificar,Sin especificar,03278_valores.mp4,VALORES,test2,91,B2
FENASCOL IV,LSC1,3279,VANIDAD,SUSTANTIVO,"Arrogancia, presunción y deseo excesivo de ser admirado. (RAE)",Sin especificar,Sin especificar,NO,SI,Simétrica (tipo I),H,Ma,Sin especificar,Sin especificar,Sin especificar,03279_vanidad.mp4,VANIDAD,test1,33,B1
FENASCOL IV,LSC1,3280,VELA,SUSTANTIVO,Cilindro de cera con mecha para alumbrar / Lona grande de embarcación. (RAE),Sin especificar,Sin especificar,NO,SI,Unimanual (tipo 0),P,Sin especificar,Sin especificar,Sin especificar,Sin especificar,03280_vela.mp4,VELA,test1,17,B2
FENASCOL IV,LSC1,3281,VELATORIO,SUSTANTIVO,Lugar o ceremonia donde se vela a un difunto. (RAE),Sin especificar,Sin especificar,NO,SI,Simétrica (tipo I),P,Sin especificar,Sin especificar,Sin especificar,Sin especificar,03281_velatorio.mp4,VELATORIO,test1,91,B1
FENASCOL IV,LSC1,3282,VENENO 1,SUSTANTIVO,Sustancia tóxica capaz de destruir la salud o causar la muerte. (RAE),Sin especificar,Sin especificar,NO,SI,Semi-simétrica (tipo II),XX,Sin especificar,Sin especificar,Sin especificar,Sin especificar,03282_veneno1.mp4,VENENO 1,test2,98,B2
FENASCOL IV,LSC1,3283,VENENO 2,SUSTANTIVO,Variante de seña para sustancia tóxica o veneno. (Generada Gemini),Sin especificar,Sin especificar,NO,SI,Compuestas (tipo C),Xc,L,Tc,XX,Sin especificar,03283_veneno2.mp4,VENENO 2,test2,98,B2
FENASCOL IV,LSC1,3284,VISA 1,SUSTANTIVO,Documento oficial en pasaporte que autoriza la entrada a un país. (RAE),Sin especificar,Sin especificar,NO,SI,Asimétrica (tipo III),S,Bl,Sin especificar,Sin especificar,Sin especificar,03284_visa1.mp4,VISA 1,test3,57,B2
FENASCOL IV,LSC1,3285,VISA 2,SUSTANTIVO,Tarjeta de crédito o medio de pago electrónico (Visa). (RAE),Sin especificar,Sin especificar,NO,SI,Compuestas (tipo C),S,Bl,Vl,Sin especificar,Sin especificar,03285_visa2.mp4,VISA 2,test3,57,B2
FENASCOL VI,LSC1,3286,AVENTURA AMOROSA,SUSTANTIVO,Relación sentimental o romance pasajero. (RAE),SI,2 señas,NO,SI,Compuestas (tipo C),Bl,P,Sin especificar,Sin especificar,Sin especificar,03286_aventuraam.mp4,AVENTURA AMOROSA,test1,33,B1
UEB,LSC1,3287,FEMINISMO 1,SUSTANTIVO,Movimiento social y político que persigue la igualdad de derechos de la mujer. (RAE),SI,2 señas,NO,SI,Compuestas (tipo C),Ql,J,S,Sin especificar,Sin especificar,03287_feminismo1.mp4,FEMINISMO 1,test1,5,B1
FENASCOL VI,LSC1,3288,FEMINISMO 2,SUSTANTIVO,Variante de seña para la corriente ideológica feminista. (Generada Gemini),SI,2 señas,NO,SI,Compuestas (tipo C),Ta,S,Sin especificar,Sin especificar,Sin especificar,03288_feminismo2.mp4,FEMINISMO 2,test1,79,B1
FENASCOL VI,LSC1,3289,MATRIARCADO,SUSTANTIVO,Sociedad en que el mando o autoridad recae sobre las mujeres o madres. (RAE),SI,2 señas,NO,SI,Compuestas (tipo C),Bl,S,Sin especificar,Sin especificar,Sin especificar,03289_matriarcad.mp4,MATRIARCADO,test4,84,B1
FENASCOL VI,LSC1,3290,NOVIAZGO,SUSTANTIVO,Condición o período de relación amorosa formal entre dos novios. (RAE),NO,1 seña,NO,SI,Simétrica (tipo I),A,Sin especificar,Sin especificar,Sin especificar,Sin especificar,03290_noviazgo.mp4,NOVIAZGO,test2,64,B2
FENASCOL VI,LSC0,3291,PAREJA O COMPAÑERO(A) 1,SUSTANTIVO,Persona con la que se mantiene una relación afectiva o conyugal. (RAE),NO,1 seña,NO,SI,Unimanual (tipo 0),V,H,Sin especificar,Sin especificar,Sin especificar,03291_parejaocom.mp4,PAREJA O COMPANERO A 1,test4,80,A1
FENASCOL VI,LSC0,3292,PAREJA O COMPAÑERO(A) 2,SUSTANTIVO,Variante de seña para pareja sentimental o compañero de vida. (Generada Gemini),NO,1 seña,NO,SI,Simétrica (tipo I),A,Sin especificar,Sin especificar,Sin especificar,Sin especificar,03292_parejaocom.mp4,PAREJA O COMPANERO A 2,test2,6,A2
FENASCOL VI,LSC1,3293,PATRIARCADO,SUSTANTIVO,Sistema de organización social en que el hombre ejerce la autoridad principal. (RAE),SI,2 señas,NO,SI,Compuestas (tipo C),P,S,Sin especificar,Sin especificar,Sin especificar,03293_patriarcad.mp4,PATRIARCADO,test4,84,B1
FENASCOL VI,LSC1,3294,PREMATRIMONIAL,ADJETIVO,Que antecede o se realiza con anterioridad al matrimonio. (RAE),SI,2 señas,NO,SI,Asimétrica (tipo III),Bl,J,Tc,Sin especificar,Sin especificar,03294_prematrimo.mp4,PREMATRIMONIAL,test4,24,B2
UEB,LSC0,3295,VALORES-CABEZA-CORAZON,SUSTANTIVO,Principios morales arraigados en el pensamiento y el sentimiento humano. (Generada Gemini),NO,1 seña,NO,SI,Semi-simétrica (tipo II),Q,Sin especificar,Sin especificar,Sin especificar,Sin especificar,03295_valorescab.mp4,VALORES CABEZA CORAZON,test4,38,A1
FENASCOL VI,LSC1,3296,ADMIRAR 3,VERBO,Tercera variante morfológica de seña para admiración profunda. (Generada Gemini),NO,1 seña,NO,SI,Semi-simétrica (tipo II),XX,Sin especificar,Sin especificar,Sin especificar,Sin especificar,03296_admirar3.mp4,ADMIRAR 3,test4,74,B1
FENASCOL VI,LSC0,3297,AFECTO,SUSTANTIVO,Inclinación de amor o cariño hacia alguien. (RAE),NO,1 seña,NO,SI,Unimanual en contacto (tipo X),Q,J,Sin especificar,Sin especificar,Sin especificar,03297_afecto.mp4,AFECTO,test3,54,A2
FENASCOL VI,LSC0,3298,AMAR,VERBO,"Tener gran amor, afecto o inclinación apasionada hacia alguien o algo. (RAE)",NO,1 seña,NO,SI,Simétrica (tipo I),S,Sin especificar,Sin especificar,Sin especificar,Sin especificar,03298_amar.mp4,AMAR,test4,80,A1
FENASCOL VI,LSC0,3299,AMOR,SUSTANTIVO,"Sentimiento intenso del ser humano que, partiendo de su propia insuficiencia, necesita y busca el encuentro con otro ser. (RAE)",NO,1 seña,NO,SI,Simétrica (tipo I),S,Sin especificar,Sin especificar,Sin especificar,Sin especificar,03299_amor.mp4,AMOR,test4,80,A1
FENASCOL VI,LSC1,3300,ANSIEDAD,SUSTANTIVO,"Estado de zozobra, inquietud o aprensión persistente. (RAE)",NO,1 seña,NO,SI,Semi-simétrica (tipo II),G,Sin especificar,Sin especificar,Sin especificar,Sin especificar,03300_ansiedad.mp4,ANSIEDAD,test2,6,B1
FENASCOL VI,LSC1,3301,ATRACCIÓN 1,SUSTANTIVO,Fuerza que atrae o inclina el ánimo hacia algo o alguien. (RAE),NO,1 seña,NO,SI,Compuestas (tipo C),U,Sin especificar,Sin especificar,Sin especificar,Sin especificar,03301_atraccion1.mp4,ATRACCION 1,test1,33,B1
UEB,LSC1,3302,ATRACCIÓN-SEXUAL,SUSTANTIVO,Atracción física e impulso erótico hacia otra persona. (RAE),NO,1 seña,NO,SI,Simétrica (tipo I),X,Sin especificar,Sin especificar,Sin especificar,Sin especificar,03302_atraccions.mp4,ATRACCION SEXUAL,test1,9,B1
FENASCOL VI,LSC1,3303,DECEPCIÓN 1,SUSTANTIVO,Pesar causado por desengaño o incumplimiento de una esperanza. (RAE),NO,1 seña,NO,SI,Unimanual en contacto (tipo X),C,S,Sin especificar,Sin especificar,Sin especificar,03303_decepcion1.mp4,DECEPCION 1,test1,33,B1
UEB,LSC0,3304,DECEPCIÓN 2,SUSTANTIVO,Variante de seña para decepción o desilusión. (Generada Gemini),NO,1 seña,NO,SI,Semi-simétrica (tipo II),J,G,Sin especificar,Sin especificar,Sin especificar,03304_decepcion2.mp4,DECEPCION 2,test2,6,A2
FENASCOL VI,LSC1,3305,DESILUSIÓN,SUSTANTIVO,"Pérdida de la ilusión, esperanza o encanto ante algo. (RAE)",NO,1 seña,NO,SI,Unimanual en contacto (tipo X),N,Sin especificar,Sin especificar,Sin especificar,Sin especificar,03305_desilusion.mp4,DESILUSION,test1,33,B1
FENASCOL VI,LSC1,3306,FELIZ    FELICIDAD,ADJETIVO,Estado de grata satisfacción espiritual y física. (RAE),NO,1 seña,NO,SI,Simétrica (tipo I),J,Y,Sin especificar,Sin especificar,Sin especificar,03306_felizfelic.mp4,FELIZ FELICIDAD,test1,33,B1
FENASCOL VI,LSC1,3307,PLACER,VERBO,"Goce, agrado o satisfacción sensible del espíritu o los sentidos. (RAE)",NO,1 seña,NO,SI,Unimanual en contacto (tipo X),J,Sin especificar,Sin especificar,Sin especificar,Sin especificar,03307_placer.mp4,PLACER,test1,33,B1
FENASCOL VI,LSC1,3308,INTUICIÓN,SUSTANTIVO,Facultad de comprender las cosas instantáneamente sin razonamiento complejo. (RAE),NO,1 seña,NO,SI,Asimétrica (tipo III),P,G,Sin especificar,Sin especificar,Sin especificar,03308_intuicion.mp4,INTUICION,test3,82,B2
FENASCOL VI,LSC1,3309,PASIÓN,SUSTANTIVO,Inclinación o preferencia muy vehemente hacia algo o alguien. (RAE),NO,1 seña,NO,SI,Semi-simétrica (tipo II),Bl,Sin especificar,Sin especificar,Sin especificar,Sin especificar,03309_pasion.mp4,PASION,test1,33,B1
UEB,LSC1,3310,PRESENTIMIENTO,SUSTANTIVO,Sensación o pálpito de que algo va a suceder. (RAE),NO,2 señas,NO,SI,Unimanual en contacto (tipo X),N,P,Sin especificar,Sin especificar,Sin especificar,03310_presentimi.mp4,PRESENTIMIENTO,test3,82,B2
FENASCOL VI,LSC1,3311,SENTIMIENTOS,SUSTANTIVO,"Estado afectivo del ánimo hacia personas, objetos o ideas. (RAE)",NO,1 seña,NO,SI,Unimanual en contacto (tipo X),N,Sin especificar,Sin especificar,Sin especificar,Sin especificar,03311_sentimient.mp4,SENTIMIENTOS,test1,33,B1
UEB,LSC1,3312,SINCERIDAD,SUSTANTIVO,Cualidad de obrar y expresarse con veracidad sin fingimiento. (RAE),NO,1 seña,NO,SI,Asimétrica (tipo III),S,Gl,Sin especificar,Sin especificar,Sin especificar,03312_sinceridad.mp4,SINCERIDAD,test1,33,B1
UEB,LSC1,3313,TERNURA,SUSTANTIVO,"Cualidad de tierno, afectuoso, entrañable y dulce. (RAE)",SI,2 señas,SI,SI,Compuestas (tipo C),H,P,Bl,Sin especificar,Sin especificar,03313_ternura.mp4,TERNURA,test1,33,B1
FENASCOL VI,LSC1,3314,ANO,SUSTANTIVO,Orificio terminal del tubo digestivo por el cual se expulsan las heces. (RAE),NO,1 seña,NO,SI,Asimétrica (tipo III),Ob,P,Sin especificar,Sin especificar,Sin especificar,03314_ano.mp4,ANO,test3,2,B2
FENASCOL VI,LSC1,3315,GENITALES,SUSTANTIVO,Órganos externos e internos del aparato reproductor humano. (RAE),NO,1 seña,NO,SI,Unimanual en contacto (tipo X),P,X,Sin especificar,Sin especificar,Sin especificar,03315_genitales.mp4,GENITALES,test1,14,B1
FENASCOL VI,LSC1,3316,NALGAS (GLÚTEOS),SUSTANTIVO,Prominencias carnosas situadas en la parte posterior de la pelvis (glúteos). (RAE),NO,1 seña,NO,SI,Simétrica (tipo I),Gl,Sin especificar,Sin especificar,Sin especificar,Sin especificar,03316_nalgasglut.mp4,NALGAS GLUTEOS,test1,14,B1
FENASCOL VI,LSC1,3317,OMBLIGO,SUSTANTIVO,Cicatriz central en el abdomen que queda tras la caída del cordón umbilical. (RAE),NO,1 seña,NO,SI,Unimanual en contacto (tipo X),P,Sin especificar,Sin especificar,Sin especificar,Sin especificar,03317_ombligo.mp4,OMBLIGO,test1,58,B2
UEB,LSC1,3318,PEZONES,SUSTANTIVO,Pequeñas protuberancias eréctiles situadas en el centro de las mamas. (RAE),NO,1 seña,NO,SI,Simétrica (tipo I),Ñ,Sin especificar,Sin especificar,Sin especificar,Sin especificar,03318_pezones.mp4,PEZONES,test1,14,B1
FENASCOL VI,LSC1,3319,VELLO AXILAR,SUSTANTIVO,Pelo corporal que crece en la zona de las axilas durante la pubertad. (RAE),NO,1 seña,NO,SI,Unimanual en contacto (tipo X),J,Q,Sin especificar,Sin especificar,Sin especificar,03319_velloaxila.mp4,VELLO AXILAR,test3,23,B1
UEB,LSC1,3320,VELLO PÚBICO,SUSTANTIVO,Pelo corporal que crece alrededor de los órganos genitales externos. (RAE),NO,1 seña,NO,SI,Asimétrica (tipo III),V,J,Q,Sin especificar,Sin especificar,03320_vellopubic.mp4,VELLO PUBICO,test1,14,B1
UEB,LSC1,3321,ZONAS ERÓGENAS,SUSTANTIVO,Áreas del cuerpo humano altamente sensibles al estímulo sexual. (RAE),SI,2 señas,NO,SI,Semi-simétrica (tipo II),U,J,Sin especificar,Sin especificar,Sin especificar,03321_zonaseroge.mp4,ZONAS EROGENAS,test3,85,B2
FENASCOL VI,LSC1,3322,CLÍTORIS,SUSTANTIVO,Órgano eréctil femenino altamente sensible situado en la vulva. (RAE),NO,1 seña,NO,SI,Semi-simétrica (tipo II),Ob,Sin especificar,Sin especificar,Sin especificar,Sin especificar,03322_clitoris.mp4,CLITORIS,test1,42,B1
FENASCOL VI,LSC1,3323,CUELLO UTERINO,SUSTANTIVO,Porción inferior y estrecha del útero que comunica con la vagina (cuello uterino/cérvix). (RAE),NO,1 seña,NO,SI,Semi-simétrica (tipo II),Y,C,Q,Sin especificar,Sin especificar,03323_cuellouter.mp4,CUELLO UTERINO,test1,42,B1
FENASCOL VI,LSC1,3324,HIMEN,SUSTANTIVO,Membrana delgada y vascularizada que cubre parcialmente la entrada de la vagina. (RAE),NO,1 seña,SI,SI,Asimétrica (tipo III),L,J,Sin especificar,Sin especificar,Sin especificar,03324_himen.mp4,HIMEN,test2,12,B2
FENASCOL VI,LSC1,3325,LABIOS MAYORES,SUSTANTIVO,Pliegues cutáneos externos protectores de la vulva. (RAE),NO,1 seña,NO,SI,Semi-simétrica (tipo II),Pc,Pa,Sin especificar,Sin especificar,Sin especificar,03325_labiosmayo.mp4,LABIOS MAYORES,test2,75,B2
FENASCOL VI,LSC1,3326,LABIOS MENORES,SUSTANTIVO,Pliegues cutáneos internos situados dentro de los labios mayores. (RAE),NO,1 seña,NO,SI,Semi-simétrica (tipo II),Pc,Pa,Sin especificar,Sin especificar,Sin especificar,03326_labiosmeno.mp4,LABIOS MENORES,test2,23,B2
FENASCOL VI,LSC1,3327,MATRIZ O ÚTERO,SUSTANTIVO,Órgano muscular hueco de la gestación en el aparato reproductor femenino (útero). (RAE),NO,1 seña,NO,SI,Asimétrica (tipo III),Y,C,Q,Sin especificar,Sin especificar,03327_matrizoute.mp4,MATRIZ O UTERO,test1,14,B1
FENASCOL VI,LSC1,3328,OVARIOS,SUSTANTIVO,Glándulas sexuales femeninas productoras de óvulos y hormonas. (RAE),NO,1 seña,NO,SI,Asimétrica (tipo III),Y,O,Sin especificar,Sin especificar,Sin especificar,03328_ovarios.mp4,OVARIOS,test1,14,B1
FENASCOL VI,LSC1,3329,PUNTO G,SUSTANTIVO,Zona erógena sensible situada en la pared anterior de la vagina. (RAE),NO,1 seña,NO,SI,Asimétrica (tipo III),Y,Pc,Sin especificar,Sin especificar,Sin especificar,03329_puntog.mp4,PUNTO G,test2,12,B2
FENASCOL VI,LSC1,3330,SENOS,SUSTANTIVO,Mamas; órganos glandulares femeninos destinados a la lactancia. (RAE),NO,1 seña,NO,SI,Unimanual en contacto (tipo X),H,Sin especificar,Sin especificar,Sin especificar,Sin especificar,03330_senos.mp4,SENOS,test1,14,B1
FENASCOL VI,LSC1,3331,SENOS-PLANOS,ADJETIVO,Variante morfológica o descriptiva de mamas de volumen reducido. (Generada Gemini),NO,1 seña,NO,SI,Simétrica (tipo I),Bl,Sin especificar,Sin especificar,Sin especificar,Sin especificar,03331_senosplano.mp4,SENOS PLANOS,test4,55,B2
FENASCOL VI,LSC1,3332,SENOS-PEQUEÑOS,ADJETIVO,Mamas de tamaño menor al promedio. (Generada Gemini),NO,1 seña,NO,SI,Simétrica (tipo I),Gl,Sin especificar,Sin especificar,Sin especificar,Sin especificar,03332_senospeque.mp4,SENOS PEQUENOS,test3,13,B2
FENASCOL VI,LSC1,3333,SENOS-CAIDOS,ADJETIVO,Mamas con descenso o ptosis en su tejido de sustentación. (Generada Gemini),NO,1 seña,NO,SI,Simétrica (tipo I),Ql,Sin especificar,Sin especificar,Sin especificar,Sin especificar,03333_senoscaido.mp4,SENOS CAIDOS,test3,13,B2
FENASCOL VI,LSC1,3334,SENOS-CONO,ADJETIVO,Mamas con proyección cónica en su anatomía. (Generada Gemini),NO,1 seña,NO,SI,Simétrica (tipo I),J,Q,Sin especificar,Sin especificar,Sin especificar,03334_senoscono.mp4,SENOS CONO,test3,13,B2
FENASCOL VI,LSC1,3335,SENOS-PROMEDIO,ADJETIVO,Mamas de dimensiones medianas o habituales. (Generada Gemini),NO,1 seña,NO,SI,Simétrica (tipo I),Cl,Sin especificar,Sin especificar,Sin especificar,Sin especificar,03335_senosprome.mp4,SENOS PROMEDIO,test2,47,B2
FENASCOL VI,LSC1,3336,SENOS-GRANDES,ADJETIVO,Mamas de mayor volumen o desarrollo anatómico. (Generada Gemini),NO,1 seña,NO,SI,Simétrica (tipo I),Gl,Sin especificar,Sin especificar,Sin especificar,Sin especificar,03336_senosgrand.mp4,SENOS GRANDES,test3,13,B2
FENASCOL VI,LSC1,3337,TROMPAS DE FALOPIO,SUSTANTIVO,Conductos que comunican los ovarios con el útero en la mujer. (RAE),NO,1 seña,NO,SI,Asimétrica (tipo III),Y,Okf,Sin especificar,Sin especificar,Sin especificar,03337_trompasdef.mp4,TROMPAS DE FALOPIO,test4,24,B2
FENASCOL VI,LSC0,3338,VAGINA,SUSTANTIVO,Conducto fibromuscular elástico que conecta el útero con la vulva. (RAE),NO,1 seña,NO,SI,Unimanual en contacto (tipo X),L,Sin especificar,Sin especificar,Sin especificar,Sin especificar,03338_vagina.mp4,VAGINA,test1,66,A2
FENASCOL VI,LSC1,3339,VULVA,SUSTANTIVO,Conjunto de los órganos genitales externos femeninos. (RAE),NO,1 seña,NO,SI,Asimétrica (tipo III),H,L,Sin especificar,Sin especificar,Sin especificar,03339_vulva.mp4,VULVA,test2,12,B2
FENASCOL VI,LSC1,3340,ESCROTO,SUSTANTIVO,Bolsa cutánea que contiene y protege los testículos. (RAE),NO,1 seña,NO,SI,Asimétrica (tipo III),Gl,J,Sin especificar,Sin especificar,Sin especificar,03340_escroto.mp4,ESCROTO,test1,56,B1
FENASCOL VI,LSC1,3341,GLANDE,SUSTANTIVO,Extremo distal y sensible del pene. (RAE),NO,1 seña,NO,SI,Asimétrica (tipo III),O,P,Sin especificar,Sin especificar,Sin especificar,03341_glande.mp4,GLANDE,test2,23,B2
FENASCOL VI,LSC1,3342,PREPUCIO,SUSTANTIVO,Pliegue de piel que cubre el glande del pene. (RAE),NO,1 seña,NO,SI,Asimétrica (tipo III),P,Tc,Sin especificar,Sin especificar,Sin especificar,03342_prepucio.mp4,PREPUCIO,test4,69,B1
FENASCOL VI,LSC1,3343,PRÓSTATA,SUSTANTIVO,Glándula anexa al aparato reproductor masculino situada bajo la vejiga. (RAE),NO,1 seña,NO,SI,Asimétrica (tipo III),P,S,Sin especificar,Sin especificar,Sin especificar,03343_prostata.mp4,PROSTATA,test1,14,B1
FENASCOL VI,LSC1,3344,TESTÍCULOS,SUSTANTIVO,Glándulas sexuales masculinas productoras de espermatozoides y testosterona. (RAE),NO,1 seña,NO,SI,Simétrica (tipo I),G,Sin especificar,Sin especificar,Sin especificar,Sin especificar,03344_testiculos.mp4,TESTICULOS,test4,24,B2
FENASCOL VI,LSC1,3345,ANDROPAUSIA,SUSTANTIVO,Declive hormonal masculino asociado al envejecimiento. (RAE),NO,1 seña,NO,SI,Simétrica (tipo I),J,Q,Sin especificar,Sin especificar,Sin especificar,03345_andropausi.mp4,ANDROPAUSIA,test3,89,B1
FENASCOL VI,LSC1,3346,CONTRACCIONES,SUSTANTIVO,Movimientos involuntarios de contracción muscular uterina durante el parto. (RAE),NO,1 seña,NO,SI,Simétrica (tipo I),V,XX,Sin especificar,Sin especificar,Sin especificar,03346_contraccio.mp4,CONTRACCIONES,test4,24,B2
FENASCOL VI,LSC1,3347,CORDÓN UMBILICAL,SUSTANTIVO,Tubo flexible que une al feto con la placenta durante la gestación. (RAE),NO,1 seña,NO,SI,Asimétrica (tipo III),C,Okf,Sin especificar,Sin especificar,Sin especificar,03347_cordonumbi.mp4,CORDON UMBILICAL,test3,2,B2
FENASCOL VI,LSC1,3348,EMBARAZO ECTÓPICO,SUSTANTIVO,Gestación desarrollada fuera de la cavidad uterina habitual. (RAE),SI,2 señas,SI,SI,Compuestas (tipo C),A,Gl,Sin especificar,Sin especificar,Sin especificar,03348_embarazoec.mp4,EMBARAZO ECTOPICO,test1,42,B1
FENASCOL VI,LSC1,3349,EMBRIÓN,SUSTANTIVO,Organismo en las primeras etapas de su desarrollo tras la fecundación. (RAE),NO,1 seña,NO,SI,Asimétrica (tipo III),Xc,Xf,Sin especificar,Sin especificar,Sin especificar,03349_embrion.mp4,EMBRION,test2,75,B1
FENASCOL VI,LSC1,3350,ESPERMATOZOIDE,SUSTANTIVO,Célula reproductora masculina madura. (RAE),NO,1 seña,NO,SI,Unimanual (tipo 0),X,Sin especificar,Sin especificar,Sin especificar,Sin especificar,03350_espermatoz.mp4,ESPERMATOZOIDE,test1,14,B1
FENASCOL VI,LSC1,3351,ESTERILIDAD,SUSTANTIVO,Incapacidad biológica para concebir hijos. (RAE),NO,1 seña,NO,SI,Simétrica (tipo I),Gl,Q,Sin especificar,Sin especificar,Sin especificar,03351_esterilida.mp4,ESTERILIDAD,test2,75,B1
FENASCOL VI,LSC1,3352,FECUNDACIÓN,SUSTANTIVO,Unión del óvulo y el espermatozoide para dar inicio al embrión. (RAE),NO,1 seña,NO,SI,Asimétrica (tipo III),O,X,Sin especificar,Sin especificar,Sin especificar,03352_fecundacio.mp4,FECUNDACION,test2,75,B1
FENASCOL VI,LSC1,3353,FETO,SUSTANTIVO,Etapa del desarrollo prenatal desde el tercer mes hasta el nacimiento. (RAE),NO,1 seña,NO,SI,Compuestas (tipo C),C,Xf,Sin especificar,Sin especificar,Sin especificar,03353_feto.mp4,FETO,test2,75,B1
FENASCOL VI,LSC1,3354,INFERTILIDAD,SUSTANTIVO,Incapacidad de llevar a término un embarazo con éxito. (RAE),SI,2 señas,NO,SI,Compuestas (tipo C),A,P,Sin especificar,Sin especificar,Sin especificar,03354_infertilid.mp4,INFERTILIDAD,test2,75,B1
FENASCOL VI,LSC1,3355,INSEMINACIÓN,SUSTANTIVO,Introducción artificial de espermatozoides en el tracto reproductor. (RAE),SI,2 señas,NO,SI,Compuestas (tipo C),X,O,Q,Sin especificar,Sin especificar,03355_inseminaci.mp4,INSEMINACION,test4,24,B2
FENASCOL VI,LSC1,3356,LACTANCIA,SUSTANTIVO,Período de alimentación del lactante con leche materna. (RAE),NO,1 seña,NO,SI,Compuestas (tipo C),J,Q,Sin especificar,Sin especificar,Sin especificar,03356_lactancia.mp4,LACTANCIA,test1,95,B2
FENASCOL VI,LSC1,3357,MENOPAUSIA,SUSTANTIVO,Cese definitivo de la menstruación en la mujer. (RAE),SI,2 señas,NO,SI,Compuestas (tipo C),P,J,Q,Sin especificar,Sin especificar,03357_menopausia.mp4,MENOPAUSIA,test3,89,B1
FENASCOL VI,LSC1,3358,MENSTRUACIÓN 1,SUSTANTIVO,Desprendimiento periódico del endometrio acompañado de sangrado vaginal. (RAE),NO,1 seña,NO,SI,Unimanual en contacto (tipo X),P,Sin especificar,Sin especificar,Sin especificar,Sin especificar,03358_menstruaci.mp4,MENSTRUACION 1,test4,24,B2
FENASCOL VI,LSC1,3359,MENSTRUACIÓN 2,SUSTANTIVO,Variante de seña para el ciclo menstrual o periodo. (Generada Gemini),NO,1 seña,NO,SI,Unimanual en contacto (tipo X),Af,Sin especificar,Sin especificar,Sin especificar,Sin especificar,03359_menstruaci.mp4,MENSTRUACION 2,test3,89,B1
FENASCOL VI,LSC1,3360,OVULACIÓN,SUSTANTIVO,Liberación de un óvulo maduro por parte del ovario. (RAE),NO,1 seña,NO,SI,Asimétrica (tipo III),Y,Ok,Sin especificar,Sin especificar,Sin especificar,03360_ovulacion.mp4,OVULACION,test1,42,B1
FENASCOL VI,LSC1,3361,ÓVULO,SUSTANTIVO,Célula germinal femenina. (RAE),NO,1 seña,NO,SI,Asimétrica (tipo III),Y,Ok,Sin especificar,Sin especificar,Sin especificar,03361_ovulo.mp4,OVULO,test1,14,B1
FENASCOL VI,LSC1,3362,PLACENTA,SUSTANTIVO,Órgano efímero de intercambio nutritivo entre la madre y el feto. (RAE),NO,1 seña,NO,SI,Asimétrica (tipo III),S,Cl,Sin especificar,Sin especificar,Sin especificar,03362_placenta.mp4,PLACENTA,test1,14,B1
FENASCOL VI,LSC1,3363,POSPARTO,SUSTANTIVO,Período posterior al parto que transcurre hasta la recuperación corporal. (RAE),NO,2 señas,NO,SI,Asimétrica (tipo III),Cl,Bl,Sin especificar,Sin especificar,Sin especificar,03363_posparto.mp4,POSPARTO,test4,24,B2
FENASCOL VI,LSC1,3364,PUERPERIO,SUSTANTIVO,Sinónimo clínico del posparto o semanas tras el alumbramiento. (RAE),SI,2 señas,NO,SI,Asimétrica (tipo III),Cl,S,Be,Sin especificar,Sin especificar,03364_puerperio.mp4,PUERPERIO,test2,6,B1
FENASCOL VI,LSC1,3365,REPRODUCCIÓN,SUSTANTIVO,Proceso biológico de creación de nuevos organismos. (RAE),NO,2 señas,NO,SI,Semi-simétrica (tipo II),P,Sin especificar,Sin especificar,Sin especificar,Sin especificar,03365_reproducci.mp4,REPRODUCCION,test4,60,B1
FENASCOL VI,LSC1,3366,SEMEN 1,SUSTANTIVO,Líquido seminal eyaculado que contiene espermatozoides. (RAE),NO,1 seña,NO,SI,Asimétrica (tipo III),P,Ta,Tb,Sin especificar,Sin especificar,03366_semen1.mp4,SEMEN 1,test4,24,B2
FENASCOL VI,LSC1,3367,SEMEN 2,SUSTANTIVO,Variante de seña para el fluido seminal. (Generada Gemini),NO,1 seña,NO,SI,Unimanual (tipo 0),Tb,Sin especificar,Sin especificar,Sin especificar,Sin especificar,03367_semen2.mp4,SEMEN 2,test4,74,B1
FENASCOL VI,LSC1,3368,ABRAZO 1,SUSTANTIVO,Rodeo del cuerpo de alguien con los brazos en señal de afecto. (RAE),NO,1 seña,NO,SI,Semi-simétrica (tipo II),Bl,Sin especificar,Sin especificar,Sin especificar,Sin especificar,03368_abrazo1.mp4,ABRAZO 1,test2,64,B2
FENASCOL VI,LSC0,3369,ABRAZO 2,SUSTANTIVO,Variante de seña para el abrazo o muestra de cariño. (Generada Gemini),NO,1 seña,NO,SI,Semi-simétrica (tipo II),Bl,Sin especificar,Sin especificar,Sin especificar,Sin especificar,03369_abrazo2.mp4,ABRAZO 2,test4,11,A2
FENASCOL VI,LSC0,3370,ACARICIAR CARICIA,VERBO,Tocar suave y afectuosamente a alguien con las manos. (RAE),NO,2 señas,NO,SI,Asimétrica (tipo III),P,B,Sin especificar,Sin especificar,Sin especificar,03370_acariciarc.mp4,ACARICIAR CARICIA,test4,34,A2
FENASCOL VI,LSC1,3371,BESO 1,SUSTANTIVO,"Toque o presión con los labios en señal de afecto, saludo o amor. (RAE)",NO,1 seña,NO,NO,Unimanual en contacto (tipo X),Q,Sin especificar,Sin especificar,Sin especificar,Sin especificar,03371_beso1.mp4,BESO 1,test2,64,B2
FENASCOL VI,LSC0,3372,BESO 2,SUSTANTIVO,Variante de seña para el acto de besar. (Generada Gemini),NO,1 seña,NO,SI,Unimanual en contacto (tipo X),Q,Sin especificar,Sin especificar,Sin especificar,Sin especificar,03372_beso2.mp4,BESO 2,test4,11,A2
FENASCOL VI,LSC1,3373,BESO 3,SUSTANTIVO,Variante morfológica de seña para beso efusivo. (Generada Gemini),NO,1 seña,NO,SI,Semi-simétrica (tipo II),Q,Sin especificar,Sin especificar,Sin especificar,Sin especificar,03373_beso3.mp4,BESO 3,test4,55,B2
FENASCOL VI,LSC1,3374,BESO 4,SUSTANTIVO,Variante léxica complementaria para seña de beso. (Generada Gemini),NO,1 seña,NO,SI,Semi-simétrica (tipo II),Q,Sin especificar,Sin especificar,Sin especificar,Sin especificar,03374_beso4.mp4,BESO 4,test4,55,B2
FENASCOL VI,LSC1,3375,BESO 5,SUSTANTIVO,Variante espacial de seña para beso en la mejilla. (Generada Gemini),NO,1 seña,NO,SI,Simétrica (tipo I),Q,Sin especificar,Sin especificar,Sin especificar,Sin especificar,03375_beso5.mp4,BESO 5,test4,55,B2
FENASCOL VI,LSC1,3376,BESO 6,SUSTANTIVO,Variante gestual complementaria para la acción de besar. (Generada Gemini),NO,1 seña,NO,SI,Unimanual (tipo 0),C,Sin especificar,Sin especificar,Sin especificar,Sin especificar,03376_beso6.mp4,BESO 6,test3,70,B2
FENASCOL VI,LSC1,3377,CLÍMAX,SUSTANTIVO,Momento de máxima intensidad o punto culminante de la excitación sexual y del orgasmo. (RAE),NO,1 seña,NO,SI,Simétrica (tipo I),J,Sin especificar,Sin especificar,Sin especificar,Sin especificar,03377_climax.mp4,CLIMAX,test3,85,B2
FENASCOL VI,LSC1,3378,ERECCIÓN,SUSTANTIVO,Rigidez y aumento de volumen de un órgano eréctil por acumulación de sangre. (RAE),NO,1 seña,NO,SI,Unimanual en contacto (tipo X),L,Sin especificar,Sin especificar,Sin especificar,Sin especificar,03378_ereccion.mp4,ERECCION,test1,14,B1
FENASCOL VI,LSC1,3379,ERÓTICO EROTISMO,ADJETIVO,"Relativo al amor sensual, la pasión y la excitación sexual. (RAE)",SI,2 señas,NO,SI,Compuestas (tipo C),Jb,J,Sin especificar,Sin especificar,Sin especificar,03379_eroticoero.mp4,EROTICO EROTISMO,test1,9,B1
FENASCOL VI,LSC1,3380,EXCITAR EXCITADO,VERBO,Despertar o estimular el deseo sexual o la sensibilidad corporal. (RAE),NO,1 seña,NO,SI,Unimanual (tipo 0),Jb,Sin especificar,Sin especificar,Sin especificar,Sin especificar,03380_exitarexit.mp4,EXCITAR EXCITADO,test3,85,B2
FENASCOL VI,LSC1,3381,EYACULACIÓN,SUSTANTIVO,Expulsión brusca de semen a través de la uretra. (RAE),NO,1 seña,NO,SI,Asimétrica (tipo III),P,S,Gl,Sin especificar,Sin especificar,03381_eyaculacio.mp4,EYACULACION,test2,12,B2
FENASCOL VI,LSC1,3382,FANTASÍAS SEXUALES,SUSTANTIVO,"Imaginaciones, deseos o representaciones mentales de índole erótica. (RAE)",NO,1 seña,NO,SI,Compuestas (tipo C),Ql,Jb,Sin especificar,Sin especificar,Sin especificar,03382_fantasiass.mp4,FANTASIAS SEXUALES,test1,65,B2
FENASCOL VI,LSC1,3383,LUBRICACIÓN VAGINAL,SUSTANTIVO,Secreción natural que humedece la vagina para facilitar la relación sexual. (RAE),SI,2 señas,NO,SI,Compuestas (tipo C),L,J,Sin especificar,Sin especificar,Sin especificar,03383_lubricacio.mp4,LUBRICACION VAGINAL,test1,42,B1
FENASCOL VI,LSC1,3384,ORGASMO,SUSTANTIVO,Clímax del placer sexual acompañado de contracciones y bienestar. (RAE),NO,1 seña,NO,SI,Simétrica (tipo I),O,J,Sin especificar,Sin especificar,Sin especificar,03384_orgasmo.mp4,ORGASMO,test1,9,B1
FENASCOL VI,LSC1,3385,PENETRACIÓN,SUSTANTIVO,Introducción de un órgano o miembro en una cavidad corporal. (RAE),NO,1 seña,NO,SI,Unimanual (tipo 0),Y,Sin especificar,Sin especificar,Sin especificar,Sin especificar,03385_penetracio.mp4,PENETRACION,test3,23,B1
FENASCOL VI,LSC1,3386,ABUSO SEXUAL 1,SUSTANTIVO,Ataque o coacción de índole sexual sin el consentimiento de la persona. (RAE),SI,2 señas,NO,SI,Unimanual en contacto (tipo X),A,Be,Sin especificar,Sin especificar,Sin especificar,03386_abusosexua.mp4,ABUSO SEXUAL 1,test1,9,B1
FENASCOL VI,LSC1,3387,ABUSO SEXUAL 2,SUSTANTIVO,Variante de seña para agresión o abuso sexual. (Generada Gemini),SI,2 señas,NO,SI,Compuestas (tipo C),A,Y,Sin especificar,Sin especificar,Sin especificar,03387_abusosexua.mp4,ABUSO SEXUAL 2,test1,9,B1
FENASCOL VI,LSC1,3388,ACOSO SEXUAL,SUSTANTIVO,Hostigamiento con requerimientos o conductas indeseadas de carácter sexual. (RAE),SI,1 seña,NO,SI,Compuestas (tipo C),Be,P,Sin especificar,Sin especificar,Sin especificar,03388_acososexua.mp4,ACOSO SEXUAL,test1,9,B1
FENASCOL VI,LSC1,3389,ADULTERIO,SUSTANTIVO,Relación sexual voluntaria entre una persona casada y otra distinta de su cónyuge. (RAE),SI,2 señas,NO,SI,Unimanual (tipo 0),Ne,V,Sin especificar,Sin especificar,Sin especificar,03389_adulterio.mp4,ADULTERIO,test1,9,B1
UEB,LSC1,3390,BISEXUAL,ADJETIVO,Persona que siente atracción sexual hacia individuos de ambos sexos. (RAE),SI,2 señas,NO,SI,Compuestas (tipo C),Be,Y,Sin especificar,Sin especificar,Sin especificar,03390_bisexual.mp4,BISEXUAL,test1,9,B1
FENASCOL VI,LSC1,3391,COQUETEAR,VERBO,Dar muestras de querer atraer amorosamente a alguien de forma lúdica. (RAE),NO,1 seña,NO,SI,Asimétrica (tipo III),J,X,Sin especificar,Sin especificar,Sin especificar,03391_coquetear.mp4,COQUETEAR,test2,64,B2
FENASCOL VI,LSC1,3392,CORTEJAR,VERBO,Galantear o intentar enamorar a una persona. (RAE),NO,1 seña,NO,SI,Asimétrica (tipo III),J,P,Sin especificar,Sin especificar,Sin especificar,03392_cortejar.mp4,CORTEJAR,test2,64,B2
FENASCOL VI,LSC1,3393,DESNUDAR DESNUDO,VERBO,Despojar de la ropa al cuerpo humano o carecer de vestimenta. (RAE),NO,1 seña,NO,SI,Asimétrica (tipo III),V,N,Sin especificar,Sin especificar,Sin especificar,03393_desnudarde.mp4,DESNUDAR DESNUDO,test4,29,B2
FENASCOL VI,LSC1,3394,GAY,ADJETIVO,Homosexual masculino o perteneciente a la comunidad de varones atraídos por varones. (RAE),NO,1 seña,NO,SI,Unimanual en contacto (tipo X),Okf,Sin especificar,Sin especificar,Sin especificar,Sin especificar,03394_gay.mp4,GAY,test4,37,B2
FENASCOL VI,LSC1,3395,HETEROSEXUAL,ADJETIVO,Persona que siente atracción sexual hacia individuos del sexo opuesto. (RAE),NO,1 seña,NO,SI,Compuestas (tipo C),Be,Sin especificar,Sin especificar,Sin especificar,Sin especificar,03395_heterosexu.mp4,HETEROSEXUAL,test4,37,B2
FENASCOL VI,LSC1,3396,IDENTIDAD SEXUAL,SUSTANTIVO,Conciencia y vivencia interna del propio sexo e identidad de género. (RAE),SI,2 señas,NO,SI,Compuestas (tipo C),J,Xc,Sin especificar,Sin especificar,Sin especificar,03396_identidads.mp4,IDENTIDAD SEXUAL,test3,53,B2
FENASCOL VI,LSC1,3397,LESBIANA,ADJETIVO,Mujer homosexual atraída afectiva y sexualmente por otras mujeres. (RAE),NO,1 seña,NO,SI,Unimanual en contacto (tipo X),L,Sin especificar,Sin especificar,Sin especificar,Sin especificar,03397_lesbiana.mp4,LESBIANA,test4,37,B2
FENASCOL VI,LSC1,3398,MONOGAMIA,SUSTANTIVO,Régimen de matrimonio o relación con una única pareja exclusiva. (RAE),NO,1 seña,NO,SI,Asimétrica (tipo III),P,X,Sin especificar,Sin especificar,Sin especificar,03398_monogamia.mp4,MONOGAMIA,test3,53,B2
FENASCOL VI,LSC0,3399,MUJERIEGO,ADJETIVO,Homosexual o varón aficionado a galantear a muchas mujeres en exceso. (RAE),NO,1 seña,NO,SI,Unimanual (tipo 0),V,Sin especificar,Sin especificar,Sin especificar,Sin especificar,03399_mujeriego.mp4,MUJERIEGO,test2,9,A2
FENASCOL VI,LSC1,3400,POLIGAMIA,SUSTANTIVO,Sistema que permite estar casado o vinculado con múltiples parejas a la vez. (RAE),SI,2 señas,NO,SI,Asimétrica (tipo III),P,X,V,Sin especificar,Sin especificar,03400_poligamia.mp4,POLIGAMIA,test4,63,B2
FENASCOL VI,LSC1,3401,POSESIVO(A),ADJETIVO,"Que tiende a acaparar, dominar o celar excesivamente a su pareja. (RAE)",SI,2 señas,NO,SI,Compuestas (tipo C),C,Bl,Sin especificar,Sin especificar,Sin especificar,03401_posesivoa.mp4,POSESIVO A,test4,51,B2
FENASCOL VI,LSC0,3402,PUDOR,SUSTANTIVO,"Honestidad, recato o timidez ante la exposición corporal o sexual. (RAE)",NO,1 seña,NO,SI,Simétrica (tipo I),Gl,Sin especificar,Sin especificar,Sin especificar,Sin especificar,03402_pudor.mp4,PUDOR,test4,10,A2
FENASCOL VI,LSC1,3403,SEDUCIR,VERBO,"Persuadir, encantar o cautivar a alguien para conseguir su favor o amor. (RAE)",NO,1 seña,NO,NO,Semi-simétrica (tipo II),Jb,Sin especificar,Sin especificar,Sin especificar,Sin especificar,03403_seducir.mp4,SEDUCIR,test2,64,B2
FENASCOL VI,LSC0,3404,TRAGADO,ADJETIVO,Coloquialismo en Colombia para denotar estar enamorado apasionadamente. (Regionalismo),NO,1 seña,NO,SI,Unimanual en contacto (tipo X),Be,Sin especificar,Sin especificar,Sin especificar,Sin especificar,03404_tragado.mp4,TRAGADO,test3,61,A2
FENASCOL VI,LSC1,3405,VIRGEN (MUJER U HOMBRE),ADJETIVO,Persona que no ha tenido relaciones sexuales coitales. (RAE),NO,1 seña,NO,SI,Unimanual en contacto (tipo X),R,Sin especificar,Sin especificar,Sin especificar,Sin especificar,03405_virgenmuje.mp4,VIRGEN MUJER U HOMBRE,test3,53,B2
FENASCOL VI,LSC1,3406,COITO (VAGINAL),SUSTANTIVO,Relación sexual consistente en la penetración del pene en la vagina. (RAE),NO,1 seña,NO,SI,Asimétrica (tipo III),L,Y,Sin especificar,Sin especificar,Sin especificar,03406_coitovagin.mp4,COITO VAGINAL,test3,27,B2
UEB,LSC1,3407,CUNNILINGUS,SUSTANTIVO,Estimulación erótica oral de los genitales femeninos. (RAE),NO,1 seña,NO,SI,Asimétrica (tipo III),L,Bl,Ql,Sin especificar,Sin especificar,03407_cunnilingu.mp4,CUNNILINGUS,test3,27,B2
FENASCOL VI,LSC1,3408,FELACIÓN,SUSTANTIVO,Estimulación erótica oral de los genitales masculinos. (RAE),NO,1 seña,NO,SI,Asimétrica (tipo III),P,Qa,Q,Sin especificar,Sin especificar,03408_felacion.mp4,FELACION,test3,27,B2
FENASCOL VI,LSC1,3409,MASTURBACIÓN (FEMENINA),SUSTANTIVO,Estimulación manual o mecánica de los propios genitales femeninos para placer. (RAE),NO,1 seña,NO,SI,Asimétrica (tipo III),L,N,Sin especificar,Sin especificar,Sin especificar,03409_masturbaci.mp4,MASTURBACION FEMENINA,test3,27,B2
FENASCOL VI,LSC1,3410,MASTURBACIÓN (MASCULINA) 1,SUSTANTIVO,Estimulación manual o mecánica de los propios genitales masculinos. (RAE),NO,1 seña,NO,SI,Unimanual (tipo 0),S,Sin especificar,Sin especificar,Sin especificar,Sin especificar,03410_masturbaci.mp4,MASTURBACION MASCULINA 1,test3,27,B2
UEB,LSC1,3411,MASTURBACIÓN (MASCULINA) 2,SUSTANTIVO,Variante de seña para la práctica autoerótica masculina. (Generada Gemini),NO,1 seña,NO,SI,Unimanual en contacto (tipo X),S,Sin especificar,Sin especificar,Sin especificar,Sin especificar,03411_masturbaci.mp4,MASTURBACION MASCULINA 2,test3,70,B2
FENASCOL VI,LSC1,3412,SEXO ANAL,SUSTANTIVO,Práctica sexual basada en la penetración anal. (RAE),NO,1 seña,NO,SI,Asimétrica (tipo III),Okf,Y,Sin especificar,Sin especificar,Sin especificar,03412_sexoanal.mp4,SEXO ANAL,test3,27,B2
FENASCOL VI,LSC1,3413,SEXO ORAL,SUSTANTIVO,Estimulación erótica de los genitales mediante la boca y la lengua. (RAE),NO,1 seña,NO,SI,Unimanual (tipo 0),V,Sin especificar,Sin especificar,Sin especificar,Sin especificar,03413_sexooral.mp4,SEXO ORAL,test3,27,B2
FENASCOL VI,LSC1,3414,POSICIÓN 69,SUSTANTIVO,Postura de estimulación sexual oral mutua y simultánea. (RAE),NO,1 seña,NO,SI,Semi-simétrica (tipo II),V,Sin especificar,Sin especificar,Sin especificar,Sin especificar,03414_posicion69.mp4,POSICION 69,test3,27,B2
FENASCOL VI,LSC1,3415,POSICIÓN DE LA BUTACA,SUSTANTIVO,Postura específica adoptada durante la relación coital. (Generada Gemini),NO,1 seña,NO,SI,Simétrica (tipo I),V,Sin especificar,Sin especificar,Sin especificar,Sin especificar,03415_posicionde.mp4,POSICION DE LA BUTACA,test4,16,B2
FENASCOL VI,LSC1,3416,POSICIÓN DE LA CARRETILLA,SUSTANTIVO,Postura erótica en la que una persona sostiene el peso corporal de la otra. (Generada Gemini),NO,1 seña,NO,SI,Semi-simétrica (tipo II),V,Sin especificar,Sin especificar,Sin especificar,Sin especificar,03416_posicionde.mp4,POSICION DE LA CARRETILLA,test4,16,B2
FENASCOL VI,LSC1,3417,POSICIÓN DE LA DOMA,SUSTANTIVO,Postura de interacción coital con control de movimiento superior. (Generada Gemini),NO,1 seña,NO,SI,Asimétrica (tipo III),V,XX,Sin especificar,Sin especificar,Sin especificar,03417_posicionde.mp4,POSICION DE LA DOMA,test3,70,B2
FENASCOL VI,LSC1,3418,POSICIÓN DE LA HAMACA,SUSTANTIVO,Postura erótica en suspensión o apoyo relajado. (Generada Gemini),NO,1 seña,NO,SI,Asimétrica (tipo III),V,XX,Sin especificar,Sin especificar,Sin especificar,03418_posicionde.mp4,POSICION DE LA HAMACA,test4,16,B2
FENASCOL VI,LSC1,3419,POSICIÓN DE LA POSESIÓN,SUSTANTIVO,Postura coital tradicional de dominio o abrazada. (Generada Gemini),NO,1 seña,NO,SI,Simétrica (tipo I),V,Sin especificar,Sin especificar,Sin especificar,Sin especificar,03419_posicionde.mp4,POSICION DE LA POSESION,test4,16,B2
FENASCOL VI,LSC1,3420,POSICIÓN DE LA SOMNOLIENTA,SUSTANTIVO,Variante de postura erótica de reposo o lateral. (Generada Gemini),NO,1 seña,NO,SI,Semi-simétrica (tipo II),Bl,Sin especificar,Sin especificar,Sin especificar,Sin especificar,03420_posicionde.mp4,POSICION DE LA SOMNOLIENTA,test4,16,B2
FENASCOL VI,LSC1,3421,POSICIÓN DEL CANGREJO,SUSTANTIVO,Postura erótica de apoyo invertido o dorsal. (Generada Gemini),NO,1 seña,NO,SI,Simétrica (tipo I),P,X,Sin especificar,Sin especificar,Sin especificar,03421_posicionde.mp4,POSICION DEL CANGREJO,test4,16,B2
FENASCOL VI,LSC1,3422,POSICIÓN DEL ESPEJO DEL PLACER,SUSTANTIVO,Variante de postura erótica simétrica. (Generada Gemini),NO,1 seña,NO,SI,Semi-simétrica (tipo II),V,Sin especificar,Sin especificar,Sin especificar,Sin especificar,03422_posicionde.mp4,POSICION DEL ESPEJO DEL PLACER,test4,16,B2
FENASCOL VI,LSC1,3423,POSICIÓN DEL JINETE,SUSTANTIVO,Postura en que la persona situada arriba controla el ritmo del coito. (RAE),NO,1 seña,NO,SI,Asimétrica (tipo III),V,XX,Sin especificar,Sin especificar,Sin especificar,03423_posicionde.mp4,POSICION DEL JINETE,test3,70,B2
FENASCOL VI,LSC1,3424,POSICIÓN DEL MISIONERO,SUSTANTIVO,Postura coital clásica boca arriba con la pareja encima. (RAE),NO,1 seña,NO,SI,Semi-simétrica (tipo II),V,Sin especificar,Sin especificar,Sin especificar,Sin especificar,03424_posicionde.mp4,POSICION DEL MISIONERO,test2,50,B2
FENASCOL VI,LSC1,3425,POSICION DEL MOLDE,SUSTANTIVO,Postura erótica de acoplamiento lateral estrecho. (Generada Gemini),NO,1 seña,NO,SI,Semi-simétrica (tipo II),XX,Sin especificar,Sin especificar,Sin especificar,Sin especificar,03425_posicionde.mp4,POSICION DEL MOLDE,test4,16,B2
FENASCOL VI,LSC1,3426,POSICIÓN DEL SOMETIDO,SUSTANTIVO,Postura erótica de sumisión o restricción de movimiento. (Generada Gemini),NO,1 seña,NO,SI,Asimétrica (tipo III),H,XX,Sin especificar,Sin especificar,Sin especificar,03426_posicionde.mp4,POSICION DEL SOMETIDO,test4,16,B2
FENASCOL VI,LSC1,3427,POSICIÓN DEL TORNILLO,SUSTANTIVO,Variante de postura erótica con giro o torsión pélvica. (Generada Gemini),NO,1 seña,NO,SI,Semi-simétrica (tipo II),XX,Sin especificar,Sin especificar,Sin especificar,Sin especificar,03427_posicionde.mp4,POSICION DEL TORNILLO,test4,16,B2
FENASCOL VI,LSC1,3428,POSICIÓN POSTURA ABIERTA,SUSTANTIVO,Postura erótica de máxima apertura de extremidades. (Generada Gemini),NO,1 seña,NO,SI,Asimétrica (tipo III),V,XX,Sin especificar,Sin especificar,Sin especificar,03428_posicionpo.mp4,POSICION POSTURA ABIERTA,test4,16,B2
FENASCOL VI,LSC1,3429,POSICIÓN POSTURA DEL ELEFANTE,SUSTANTIVO,Variante de postura erótica con soporte elevado. (Generada Gemini),NO,1 seña,NO,SI,Semi-simétrica (tipo II),V,Sin especificar,Sin especificar,Sin especificar,Sin especificar,03429_posicionpo.mp4,POSICION POSTURA DEL ELEFANTE,test4,16,B2
FENASCOL VI,LSC1,3430,POSICIÓN UNIÓN SEXUAL,SUSTANTIVO,Postura general de acoplamiento y cópula. (Generada Gemini),NO,1 seña,NO,SI,Asimétrica (tipo III),H,XX,Sin especificar,Sin especificar,Sin especificar,03430_posicionun.mp4,POSICION UNION SEXUAL,test4,16,B2
FENASCOL VI,LSC1,3431,POSICIÓN VARIANTE DE LA DOMA,SUSTANTIVO,Modificación de la postura erótica de control superior. (Generada Gemini),NO,1 seña,NO,SI,Semi-simétrica (tipo II),XX,Sin especificar,Sin especificar,Sin especificar,Sin especificar,03431_posicionva.mp4,POSICION VARIANTE DE LA DOMA,test4,16,B2
FENASCOL VI,LSC1,3432,ANTICONCEPTIVO DE EMERGENCIA,SUSTANTIVO,Píldora del día después para prevenir embarazos tras un coito sin protección. (RAE),SI,2 señas,NO,SI,Compuestas (tipo C),Bl,N,Be,Sin especificar,Sin especificar,03432_anticoncep.mp4,ANTICONCEPTIVO DE EMERGENCIA,test1,53,B1
FENASCOL VI,LSC1,3433,COITO INTERRUMPIDO,SUSTANTIVO,Método anticonceptivo tradicional basado en retirar el pene antes de eyacular. (RAE),NO,1 seña,NO,SI,Asimétrica (tipo III),L,Y,Sin especificar,Sin especificar,Sin especificar,03433_coitointer.mp4,COITO INTERRUMPIDO,test2,75,B2
FENASCOL VI,LSC1,3434,CONDÓN 1,SUSTANTIVO,Funda fina de látex usada como método anticonceptivo de barrera (preservativo). (RAE),NO,1 seña,NO,SI,Simétrica (tipo I),Okp,Sin especificar,Sin especificar,Sin especificar,Sin especificar,03434_condon1.mp4,CONDON 1,test2,75,B2
UEB,LSC1,3435,CONDÓN 2,SUSTANTIVO,Variante de seña para preservativo o condón masculino. (Generada Gemini),NO,1 seña,NO,SI,Unimanual en contacto (tipo X),Okf,Sin especificar,Sin especificar,Sin especificar,Sin especificar,03435_condon2.mp4,CONDON 2,test2,75,B2
UEB,LSC1,3436,CONDÓN 3,SUSTANTIVO,Variante morfológica de seña para condón. (Generada Gemini),NO,1 seña,NO,SI,Asimétrica (tipo III),P,Xf,Sin especificar,Sin especificar,Sin especificar,03436_condon3.mp4,CONDON 3,test4,55,B2
UEB,LSC1,3437,CONDÓN 4,SUSTANTIVO,Variante léxica complementaria para preservativo. (Generada Gemini),NO,1 seña,NO,SI,Simétrica (tipo I),S,Sin especificar,Sin especificar,Sin especificar,Sin especificar,03437_condon4.mp4,CONDON 4,test2,75,B2
UEB,LSC1,3438,CONDÓN 5,SUSTANTIVO,Variante espacial de seña para condón. (Generada Gemini),NO,1 seña,NO,SI,Unimanual en contacto (tipo X),Tc,Pa,Sin especificar,Sin especificar,Sin especificar,03438_condon5.mp4,CONDON 5,test2,47,B2
FENASCOL VI,LSC1,3439,DIAFRAGMA,SUSTANTIVO,Capuchón flexible de látex colocado en el fondo de la vagina como anticonceptivo. (RAE),NO,1 seña,NO,SI,Asimétrica (tipo III),L,Q,Sin especificar,Sin especificar,Sin especificar,03439_diafragma.mp4,DIAFRAGMA,test2,75,B2
FENASCOL VI,LSC1,3440,DISPOSITIVO,SUSTANTIVO,DIU; pequeño aparato intrauterino anticonceptivo. (RAE),NO,1 seña,NO,SI,Semi-simétrica (tipo II),P,Sin especificar,Sin especificar,Sin especificar,Sin especificar,03440_dispositiv.mp4,DISPOSITIVO,test2,75,B2
FENASCOL VI,LSC1,3441,ESTERILIZACIÓN QUIRÚRGICA,SUSTANTIVO,Intervención quirúrgica definitiva para impedir la procreación. (RAE),NO,1 seña,NO,SI,Simétrica (tipo I),X,H,Sin especificar,Sin especificar,Sin especificar,03441_esteriliza.mp4,ESTERILIZACION QUIRURGICA,test4,24,B2
FENASCOL VI,LSC1,3442,LIGADURA DE TROMPAS,SUSTANTIVO,Método anticonceptivo quirúrgico femenino de corte de trompas. (RAE),NO,1 seña,NO,SI,Simétrica (tipo I),Xf,Sin especificar,Sin especificar,Sin especificar,Sin especificar,03442_ligadurade.mp4,LIGADURA DE TROMPAS,test2,75,B2
FENASCOL VI,LSC1,3443,NORPLANT,SUSTANTIVO,Implante anticonceptivo hormonal subcutáneo de larga duración. (RAE),NO,1 seña,NO,SI,Asimétrica (tipo III),S,Je,Sin especificar,Sin especificar,Sin especificar,03443_norplant.mp4,NORPLANT,test2,75,B2
FENASCOL VI,LSC1,3444,ÓVULOS,SUSTANTIVO,Supositorios vaginales espermicidas de uso anticonceptivo. (RAE),NO,1 seña,NO,SI,Asimétrica (tipo III),L,Pc,Sin especificar,Sin especificar,Sin especificar,03444_ovulos.mp4,OVULOS,test2,75,B2
FENASCOL VI,LSC1,3445,PASTILLAS ANTICONCEPTIVAS,SUSTANTIVO,Fármacos hormonales por vía oral para inhibir la ovulación. (RAE),SI,2 señas,SI,SI,Compuestas (tipo C),Ob,Lc,B,B,Sin especificar,03445_pastillasa.mp4,PASTILLAS ANTICONCEPTIVAS,test2,75,B2
FENASCOL VI,LSC1,3446,RITMO,SUSTANTIVO,Método natural de abstinencia periódica basado en el calendario de ovulación (método del ritmo). (RAE),SI,2 señas,NO,SI,Compuestas (tipo C),P,B,B,Sin especificar,Sin especificar,03446_ritmo.mp4,RITMO,test2,75,B2
FENASCOL VI,LSC1,3447,VASECTOMÍA,SUSTANTIVO,Intervención quirúrgica de corte de conductos deferentes masculinos. (RAE),NO,1 seña,NO,SI,Asimétrica (tipo III),P,V,H,Sin especificar,Sin especificar,03447_vasectomia.mp4,VASECTOMIA,test2,77,B2
FENASCOL VI,LSC1,3448,ANORGASMIA,SUSTANTIVO,Disfunción sexual caracterizada por la ausencia persistente de orgasmo. (RAE),NO,1 seña,NO,SI,Compuestas (tipo C),Q,Q,J,J,Sin especificar,03448_anorgasmia.mp4,ANORGASMIA,test3,85,B2
FENASCOL VI,LSC1,3449,AVERSIÓN,SUSTANTIVO,Rechazo o fobia intensa hacia la actividad sexual. (RAE),SI,2 señas,NO,SI,Compuestas (tipo C),X,X,E,E,Sin especificar,03449_aversion.mp4,AVERSION,test3,85,B2
FENASCOL VI,LSC1,3450,DISFUNCIÓN,SUSTANTIVO,Alteración o problema en la respuesta sexual humana. (RAE),NO,1 seña,NO,SI,Compuestas (tipo C),P,P,Sin especificar,Sin especificar,Sin especificar,03450_disfuncion.mp4,DISFUNCION,test3,85,B2
FENASCOL VI,LSC1,3451,DISPAREUNIA,SUSTANTIVO,"Dolor genital persistente o recurrente que ocurre antes, durante o después del coito. (RAE)",NO,1 seña,NO,SI,Unimanual (tipo 0),Nc,Sin especificar,Sin especificar,Sin especificar,Sin especificar,03451_dispareuni.mp4,DISPAREUNIA,test2,12,B2
FENASCOL VI,LSC1,3452,EYACULACIÓN PRECOZ,SUSTANTIVO,Expulsión prematura e incontrolada del semen durante el acto sexual. (Generada Gemini),NO,1 seña,NO,SI,Asimétrica (tipo III),P,C,J,Sin especificar,Sin especificar,03452_eyaculacio.mp4,EYACULACION PRECOZ,test4,24,B2
FENASCOL VI,LSC1,3453,EYACULACIÓN RETARDADA,SUSTANTIVO,Dificultad o imposibilidad de alcanzar la eyaculación a pesar de la estimulación. (Generada Gemini),NO,1 seña,NO,SI,Asimétrica (tipo III),P,C,J,Sin especificar,Sin especificar,03453_eyaculacio.mp4,EYACULACION RETARDADA,test2,6,B2
FENASCOL VI,LSC1,3454,FRIGIDEZ,SUSTANTIVO,Ausencia de deseo o goce en la actividad sexual. (RAE),NO,1 seña,NO,SI,Simétrica (tipo I),O,O,J,J,Sin especificar,03454_frigidez.mp4,FRIGIDEZ,test3,85,B2
FENASCOL VI,LSC1,3455,IMPOTENCIA MASCULINA O DISFUNCIÓN ERÉCTIL,SUSTANTIVO,Incapacidad de lograr o mantener una erección suficiente para la relación sexual. (Generada Gemini),NO,1 seña,NO,SI,Unimanual en contacto (tipo X),L,Sin especificar,Sin especificar,Sin especificar,Sin especificar,03455_impotencia.mp4,IMPOTENCIA MASCULINA O DISFUNCION ERECTIL,test3,85,B2
FENASCOL VI,LSC1,3456,INHIBICIÓN,SUSTANTIVO,"Represión de los impulsos, sentimientos o deseos en la conducta sexual o social. (Generada Gemini)",SI,2 señas,NO,SI,Compuestas (tipo C),C,S,Sin especificar,Sin especificar,Sin especificar,03456_inhibicion.mp4,INHIBICION,test3,85,B2
FENASCOL VI,LSC1,3457,PENE-FLÁCIDO,ADJETIVO,Estado suave y no eréctil del órgano genital masculino. (Generada Gemini),NO,1 seña,NO,SI,Compuestas (tipo C),P,P,Sin especificar,Sin especificar,Sin especificar,03457_peneflacid.mp4,PENE FLACIDO,test2,12,B2
FENASCOL VI,LSC1,3458,VAGINISMO,SUSTANTIVO,Espasmo involuntario de los músculos de la vagina que dificulta la penetración. (RAE),SI,2 señas,NO,SI,Compuestas (tipo C),Lc,No,Nc,Sin especificar,Sin especificar,03458_vaginismo.mp4,VAGINISMO,test2,12,B2
FENASCOL VI,LSC1,3459,EXHIBICIONISMO,SUSTANTIVO,Inclinación a mostrar en público los órganos genitales u objetos íntimos. (RAE),NO,1 seña,NO,SI,Asimétrica (tipo III),J,P,Sin especificar,Sin especificar,Sin especificar,03459_exhibicion.mp4,EXHIBICIONISMO,test3,85,B2
FENASCOL VI,LSC1,3460,FETICHISMO,SUSTANTIVO,Desviación sexual hacia objetos inanimados o partes específicas del cuerpo. (RAE),NO,1 seña,NO,SI,Asimétrica (tipo III),Q,J,Sin especificar,Sin especificar,Sin especificar,03460_fetichismo.mp4,FETICHISMO,test3,85,B2
FENASCOL VI,LSC1,3461,MASOQUISMO,SUSTANTIVO,Obtención de placer sexual al sufrir dolor físico o humillación. (RAE),NO,1 seña,SI,SI,Semi-simétrica (tipo II),Xf,Xf,Sin especificar,Sin especificar,Sin especificar,03461_masoquismo.mp4,MASOQUISMO,test3,85,B2
FENASCOL VI,LSC1,3462,NECROFILIA,SUSTANTIVO,Atracción sexual hacia los cadáveres. (RAE),NO,2 señas,SI,SI,Compuestas (tipo C),Bl,Af,Sin especificar,Sin especificar,Sin especificar,03462_necrofilia.mp4,NECROFILIA,test3,85,B2
FENASCOL VI,LSC1,3463,PEDOFILIA,SUSTANTIVO,Atracción sexual que un adulto siente hacia niños o preadolescentes. (RAE),SI,2 señas,NO,SI,Compuestas (tipo C),B,B,Sin especificar,Sin especificar,Sin especificar,03463_pedofilia.mp4,PEDOFILIA,test3,85,B2
FENASCOL VI,LSC1,3464,PERVERSIÓN,SUSTANTIVO,Desviación de las conductas o normas de comportamiento consideradas normales. (RAE),SI,2 señas,SI,SI,Compuestas (tipo C),S,S,X,Sin especificar,Sin especificar,03464_perversion.mp4,PERVERSION,test4,22,B2
FENASCOL VI,LSC1,3465,PORNOGRAFÍA 1,SUSTANTIVO,Presentación o descripción explícita de actos sexuales con fin de excitación. (RAE),SI,2 señas,NO,SI,Compuestas (tipo C),Bl,J,Sin especificar,Sin especificar,Sin especificar,03465_pornografi.mp4,PORNOGRAFIA 1,test1,65,B2
UEB,LSC1,3466,PORNOGRAFÍA 2,SUSTANTIVO,Variante de seña para material explícito o contenido erótico visual. (Generada Gemini),NO,1 seña,NO,SI,Compuestas (tipo C),U,U,Sin especificar,Sin especificar,Sin especificar,03466_pornografi.mp4,PORNOGRAFIA 2,test1,65,B2
FENASCOL VI,LSC1,3467,PROSTITUCIÓN,SUSTANTIVO,Actividad de la persona que mantiene relaciones sexuales a cambio de dinero. (RAE),NO,1 seña,NO,SI,Unimanual en contacto (tipo X),A,Sin especificar,Sin especificar,Sin especificar,Sin especificar,03467_prostituci.mp4,PROSTITUCION,test3,85,B2
FENASCOL VI,LSC1,3468,SADISMO,SUSTANTIVO,Perversión sexual de quien consigue placer provocando dolor a otra persona. (RAE),SI,2 señas,NO,SI,Compuestas (tipo C),S,P,X,Sin especificar,Sin especificar,03468_sadismo.mp4,SADISMO,test3,85,B2
UEB,LSC1,3469,TRANSEXUAL,ADJETIVO,Persona cuya identidad de género difiere de su sexo asignado al nacer. (RAE),NO,1 seña,NO,SI,Unimanual en contacto (tipo X),J,Q,Sin especificar,Sin especificar,Sin especificar,03469_transexual.mp4,TRANSEXUAL,test4,37,B2
FENASCOL VI,LSC1,3470,TRAVESTÍ,ADJETIVO,Persona que viste ropas asignadas socialmente al sexo opuesto. (RAE),SI,2 señas,NO,SI,Compuestas (tipo C),A,A,Okf,Sin especificar,Sin especificar,03470_travesti.mp4,TRAVESTI,test1,49,B2
FENASCOL VI,LSC1,3471,VIOLACIÓN 1,SUSTANTIVO,Acción de tener acceso carnal no consentido con una persona usando violencia o intimidación. (RAE),NO,1 seña,NO,SI,Asimétrica (tipo III),P,E,Sin especificar,Sin especificar,Sin especificar,03471_violacion1.mp4,VIOLACION 1,test4,22,B2
FENASCOL VI,LSC0,3472,VIOLACIÓN 2,SUSTANTIVO,Variante de seña para agresión sexual o vulneración violenta. (Generada Gemini),NO,1 seña,NO,SI,Unimanual (tipo 0),Y,Sin especificar,Sin especificar,Sin especificar,Sin especificar,03472_violacion2.mp4,VIOLACION 2,test1,21,A2
FENASCOL VI,LSC1,3473,VOYEURISMO,SUSTANTIVO,Placer u obtención de excitación sexual al contemplar personas desnudas o en actos íntimos. (RAE),SI,2 señas,NO,SI,Compuestas (tipo C),Bl,V,N,Sin especificar,Sin especificar,03473_voyeurismo.mp4,VOYEURISMO,test3,85,B2
UEB,LSC1,3474,ZOOFILIA,SUSTANTIVO,Atracción o práctica sexual de un ser humano con animales. (RAE),SI,2 señas,NO,SI,Asimétrica (tipo III),H,Ud,Sin especificar,Sin especificar,Sin especificar,03474_zoofilia.mp4,ZOOFILIA,test3,85,B2
FENASCOL VI,LSC1,3475,CONDILOMAS (FEMENINO),SUSTANTIVO,Lesiones o verrugas genitales en la mujer causadas por el virus del papiloma humano. (Generada Gemini),NO,1 seña,NO,SI,Asimétrica (tipo III),L,Q,Sin especificar,Sin especificar,Sin especificar,03475_condilomas.mp4,CONDILOMAS FEMENINO,test2,31,B2
FENASCOL VI,LSC1,3476,CONDILOMAS (MASCULINO),SUSTANTIVO,Lesiones o verrugas genitales en el hombre causadas por el virus del papiloma humano. (Generada Gemini),NO,1 seña,NO,SI,Asimétrica (tipo III),P,Q,Sin especificar,Sin especificar,Sin especificar,03476_condilomas.mp4,CONDILOMAS MASCULINO,test2,31,B2
FENASCOL VI,LSC1,3477,GONORREA (FEMENINO),SUSTANTIVO,Infección de transmisión sexual bacteriana que afecta los órganos genitales femeninos. (Generada Gemini),NO,1 seña,NO,SI,Asimétrica (tipo III),L,Q,J,Sin especificar,Sin especificar,03477_gonorreafe.mp4,GONORREA FEMENINO,test2,31,B2
FENASCOL VI,LSC1,3478,GONORREA (MASCULINO),SUSTANTIVO,Infección de transmisión sexual bacteriana que afecta las vías urinarias y genitales masculinas. (Generada Gemini),NO,1 seña,NO,SI,Asimétrica (tipo III),P,Xt,Xl,Sin especificar,Sin especificar,03478_gonorreama.mp4,GONORREA MASCULINO,test2,31,B2
FENASCOL VI,LSC1,3479,HEPATITIS B,SUSTANTIVO,Infección hepática grave causada por el virus de la hepatitis B transmitido por fluidos. (Generada Gemini),SI,3 señas,NO,SI,Compuestas (tipo C),P,J,B,Sin especificar,Sin especificar,03479_hepatitisb.mp4,HEPATITIS B,test2,38,B2
FENASCOL VI,LSC1,3480,HEPATITIS C,SUSTANTIVO,Infección viral que causa inflamación del hígado transmitida principalmente por sangre contagiada. (Generada Gemini),SI,3 señas,NO,SI,Compuestas (tipo C),P,J,C,Sin especificar,Sin especificar,03480_hepatitisc.mp4,HEPATITIS C,test2,38,B2
FENASCOL VI,LSC1,3481,HERPES GENITAL (FEMENINO),SUSTANTIVO,Infección viral caracterizada por llagas y dolor en el área genital femenina. (Generada Gemini),NO,1 seña,NO,SI,Asimétrica (tipo III),L,Q,Sin especificar,Sin especificar,Sin especificar,03481_herpesgeni.mp4,HERPES GENITAL FEMENINO,test2,31,B2
FENASCOL VI,LSC1,3482,HERPES GENITAL (MASCULINO),SUSTANTIVO,Infección viral caracterizada por llagas y dolor en el área genital masculina. (Generada Gemini),NO,1 seña,NO,SI,Asimétrica (tipo III),P,Q,Sin especificar,Sin especificar,Sin especificar,03482_herpesgeni.mp4,HERPES GENITAL MASCULINO,test2,31,B2
FENASCOL VI,LSC1,3483,SÍFILIS (FEMENINO),SUSTANTIVO,Infección bacteriana de transmisión sexual que causa llagas y erupciones en la mujer. (Generada Gemini),NO,1 seña,NO,SI,Asimétrica (tipo III),L,Ob,Xc,Sin especificar,Sin especificar,03483_sifilisfem.mp4,SIFILIS FEMENINO,test2,31,B2
FENASCOL VI,LSC1,3484,SÍFILIS (MASCULINO),SUSTANTIVO,Infección bacteriana de transmisión sexual que causa llagas y erupciones en el hombre. (Generada Gemini),NO,1 seña,NO,SI,Asimétrica (tipo III),P,Ob,Xc,Sin especificar,Sin especificar,03484_sifilismas.mp4,SIFILIS MASCULINO,test2,31,B2
FENASCOL VI,LSC1,3485,VIH,SUSTANTIVO,Virus de inmunodeficiencia humana que ataca el sistema inmunitario del organismo. (Generada Gemini),NO,1 seña,NO,SI,Unimanual en contacto (tipo X),Bl,Af,Sin especificar,Sin especificar,Sin especificar,03485_vih.mp4,VIH,test2,31,B2
FENASCOL VI,LSC1,3486,ARDOR (AL ORINAR),VERBO,Sensación de quemazón o dolor al expulsar la orina por la uretra. (Generada Gemini),SI,2 señas,NO,SI,Unimanual (tipo 0),B,G,Sin especificar,Sin especificar,Sin especificar,03486_ardoralori.mp4,ARDOR AL ORINAR,test2,12,B2
FENASCOL VI,LSC1,3487,CISTITIS,SUSTANTIVO,Inflamación aguda o crónica de la vejiga urinaria. (RAE),NO,1 seña,SI,SI,Unimanual (tipo 0),Okb,Ta,Sin especificar,Sin especificar,Sin especificar,03487_cistitis.mp4,CISTITIS,test2,12,B2
FENASCOL VI,LSC1,3488,FLUJO (VAGINAL),SUSTANTIVO,Secreción líquida producida por las glándulas de la vagina y el cuello uterino. (Generada Gemini),SI,2 señas,NO,SI,Compuestas (tipo C),L,Nb,Nc,Sin especificar,Sin especificar,03488_flujovagin.mp4,FLUJO VAGINAL,test4,24,B2
FENASCOL VI,LSC1,3489,HONGOS,SUSTANTIVO,Infección fúngica micótica que causa picazón e irritación en mucosas o piel. (Generada Gemini),NO,1 seña,NO,SI,Asimétrica (tipo III),B,Okc,Sin especificar,Sin especificar,Sin especificar,03489_hongos.mp4,HONGOS,test3,46,B2
FENASCOL VI,LSC1,3490,MAL-OLOR,SUSTANTIVO,"Olor desagradable producido por infecciones, sudoración o falta de higiene. (Generada Gemini)",NO,1 seña,NO,SI,Compuestas (tipo C),P,Bl,Sin especificar,Sin especificar,Sin especificar,03490_malolor.mp4,MAL OLOR,test3,46,B2
FENASCOL VI,LSC1,3491,RASQUIÑA (EN PENE O VAGINA),ADJETIVO,Sensación de picazón o escozor en la zona genital. (Generada Gemini),NO,1 seña,NO,SI,Asimétrica (tipo III),B,Gl,Sin especificar,Sin especificar,Sin especificar,03491_rasquiñae.mp4,RASQUINA EN PENE O VAGINA,test2,12,B2
FENASCOL VI,LSC1,3492,SECRECIÓN (URETRAL),ADJETIVO,Salida anómala de líquido o pus a través del orificio de la uretra. (Generada Gemini),Sin especificar,Sin especificar,NO,SI,Asimétrica (tipo III),P,O,Jc,Sin especificar,Sin especificar,03492_secrecionu.mp4,SECRECION URETRAL,test2,12,B2
FENASCOL VI,LSC1,3493,ULCERAS,SUSTANTIVO,Lesiones abiertas en la piel o mucosas acompañadas de pérdida de sustancia. (Generada Gemini),Sin especificar,Sin especificar,NO,SI,Asimétrica (tipo III),B,Oks,Ta,Sin especificar,Sin especificar,03493_ulceras.mp4,ULCERAS,test3,46,B2
FENASCOL VI,LSC1,3494,ADOLESCENTE,SUSTANTIVO,Persona que está en el período de la vida entre la infancia y la edad adulta. (RAE),Sin especificar,Sin especificar,NO,SI,Compuestas (tipo C),J,Q,Sin especificar,Sin especificar,Sin especificar,03494_adolescent.mp4,ADOLESCENTE,test4,88,B2
FENASCOL VI,LSC1,3495,ATRACTIVO,ADJETIVO,Que atrae o tiene la virtud de atraer por sus cualidades físicas o personales. (RAE),Sin especificar,Sin especificar,NO,SI,Compuestas (tipo C),X,Gl,Sin especificar,Sin especificar,Sin especificar,03495_atractivo.mp4,ATRACTIVO,test2,64,B2
FENASCOL VI,LSC0,3496,BEBÉ,SUSTANTIVO,Niño de muy corta edad que aún no habla ni camina. (RAE),Sin especificar,Sin especificar,NO,SI,Simétrica (tipo I),Bl,Bl,Sin especificar,Sin especificar,Sin especificar,03496_bebe.mp4,BEBE,test4,22,A1
FENASCOL VI,LSC1,3497,BEBÉ PREMATURO,ADJETIVO,Niño nacido antes de completar las 37 semanas de gestación. (Generada Gemini),Sin especificar,Sin especificar,NO,SI,Compuestas (tipo C),Bl,Bl,B,B,Sin especificar,03497_bebepremat.mp4,BEBE PREMATURO,test2,75,B1
FENASCOL VI,LSC1,3498,CASADO,ADJETIVO,Persona que ha contraído matrimonio y mantiene dicho estado civil. (RAE),Sin especificar,Sin especificar,NO,SI,Unimanual (tipo 0),Ne,Sin especificar,Sin especificar,Sin especificar,Sin especificar,03498_casado.mp4,CASADO,test1,72,B1
FENASCOL VI,LSC1,3499,CONTAGIO,SUSTANTIVO,Transmisión de una enfermedad de un individuo a otro por contacto directo o indirecto. (RAE),Sin especificar,Sin especificar,NO,SI,Compuestas (tipo C),Cf,H,Sin especificar,Sin especificar,Sin especificar,03499_contagio.mp4,CONTAGIO,test2,5,B2
FENASCOL VI,LSC1,3500,COQUETO,ADJETIVO,Persona que procura agradar y coquetear mediante encantos o arreglos personales. (RAE),Sin especificar,Sin especificar,NO,SI,Simétrica (tipo I),J,J,Sin especificar,Sin especificar,Sin especificar,03500_coqueto.mp4,COQUETO,test1,28,B2
FENASCOL VI,LSC0,3501,CORPORAL,ADJETIVO,Perteneciente o relativo al cuerpo de los seres vivos. (RAE),Sin especificar,Sin especificar,NO,SI,Compuestas (tipo C),J,J,Sin especificar,Sin especificar,Sin especificar,03501_corporal.mp4,CORPORAL,test2,12,A2
FENASCOL VI,LSC1,3502,DIVORCIADO,ADJETIVO,Persona cuyo vínculo matrimonial ha sido disuelto legalmente. (RAE),Sin especificar,Sin especificar,NO,SI,Compuestas (tipo C),P,Bl,Sin especificar,Sin especificar,Sin especificar,03502_divorciado.mp4,DIVORCIADO,test1,47,B1
FENASCOL VI,LSC1,3503,FEMENINO 1,Sin especificar,Perteneciente o relativo a las mujeres o propio de ellas. (RAE),Sin especificar,Sin especificar,NO,SI,Compuestas (tipo C),Tb,Ta,A,Sin especificar,Sin especificar,03503_femenino1.mp4,FEMENINO 1,test3,53,B2
UEB,LSC1,3504,FEMENINO 2,Sin especificar,"Variante de seña para cualidad, rasgo o identidad propia de la mujer. (Generada Gemini)",Sin especificar,Sin especificar,NO,SI,Compuestas (tipo C),Cl,A,S,Sin especificar,Sin especificar,03504_femenino2.mp4,FEMENINO 2,test3,53,B2
FENASCOL VI,LSC1,3505,GEMELOS,Sin especificar,Hermanos nacidos de un mismo parto y originados de un mismo óvulo. (RAE),Sin especificar,Sin especificar,NO,SI,Unimanual (tipo 0),V,H,Sin especificar,Sin especificar,Sin especificar,03505_gemelos.mp4,GEMELOS,test4,24,B2
FENASCOL VI,LSC1,3506,GUAPÍSIMO 1,Sin especificar,Grado superlativo de guapo; extremadamente bien parecido o atractivo. (Generada Gemini),Sin especificar,Sin especificar,NO,SI,Compuestas (tipo C),Ta,Ok,Sin especificar,Sin especificar,Sin especificar,03506_guapisimo1.mp4,GUAPISIMO 1,test4,74,B1
UEB,LSC0,3507,GUAPÍSIMO 2,Sin especificar,Variante de seña para expresar un atractivo físico sobresaliente o llamativo. (Generada Gemini),Sin especificar,Sin especificar,NO,SI,Unimanual en contacto (tipo X),S,Sin especificar,Sin especificar,Sin especificar,Sin especificar,03507_guapisimo2.mp4,GUAPISIMO 2,test4,11,A2
FENASCOL VI,LSC1,3508,HUÉRFANO(A) 1,Sin especificar,"Persona a quien se le han muerto el padre, la madre o ambos. (RAE)",Sin especificar,Sin especificar,NO,SI,Asimétrica (tipo III),C,J,Q,P,Sin especificar,03508_huerfanoa1.mp4,HUERFANO A 1,test4,63,B2
UEB,LSC1,3509,HUÉRFANO(A) 2,Sin especificar,Variante de seña para la condición de ausencia de padres. (Generada Gemini),Sin especificar,Sin especificar,NO,SI,Compuestas (tipo C),Ok,Ok,Q,Q,P,03509_huerfanoa2.mp4,HUERFANO A 2,test3,13,B2
FENASCOL VI,LSC1,3510,IDENTIDAD SEXUAL 1,Sin especificar,Vivencia e identificación interna e individual del propio género y sexo. (Generada Gemini),Sin especificar,Sin especificar,NO,SI,Unimanual en contacto (tipo X),XX,Sin especificar,Sin especificar,Sin especificar,Sin especificar,03510_identidads.mp4,IDENTIDAD SEXUAL 1,test1,79,B1
FENASCOL VI,LSC1,3511,IDENTIDAD SEXUAL 2,Sin especificar,Variante de seña para la autopercepción de la orientación e identidad de género. (Generada Gemini),Sin especificar,Sin especificar,NO,SI,Simétrica (tipo I),Sin especificar,Sin especificar,Sin especificar,Sin especificar,Sin especificar,03511_identidads.mp4,IDENTIDAD SEXUAL 2,test1,79,B1
UEB,LSC1,3512,IDENTIDAD SEXUAL 3,Sin especificar,Variante morfológica de seña para autodefinición del sexo e identidad. (Generada Gemini),Sin especificar,Sin especificar,NO,SI,Compuestas (tipo C),X,I,I,Sin especificar,Sin especificar,03512_identidads.mp4,IDENTIDAD SEXUAL 3,test1,79,B1
UEB,LSC1,3513,IDENTIDAD SEXUAL 4,Sin especificar,Variante expresiva de seña para el reconocimiento de la identidad de género. (Generada Gemini),Sin especificar,Sin especificar,NO,SI,Compuestas (tipo C),X,J,Sin especificar,Sin especificar,Sin especificar,03513_identidads.mp4,IDENTIDAD SEXUAL 4,test3,53,B2
FENASCOL VI,LSC1,3514,INTIMIDAD,Sin especificar,Zona espiritual o reservada de una persona o de una familia. (RAE),Sin especificar,Sin especificar,NO,SI,Asimétrica (tipo III),P,Bl,Sin especificar,Sin especificar,Sin especificar,03514_intimidad.mp4,INTIMIDAD,test4,63,B2
FENASCOL VI,LSC1,3515,JUVENTUD,Sin especificar,Etapa de la vida que media entre la infancia y la edad adulta. (RAE),Sin especificar,Sin especificar,NO,SI,Compuestas (tipo C),Y,Q,Sin especificar,Sin especificar,Sin especificar,03515_juventud.mp4,JUVENTUD,test4,88,B2
FENASCOL VI,LSC1,3516,MADRASTRA,Sin especificar,Mujer del padre respecto de los hijos llevados por este al matrimonio. (RAE),Sin especificar,Sin especificar,NO,SI,Compuestas (tipo C),Bl,V,Sin especificar,Sin especificar,Sin especificar,03516_madrastra.mp4,MADRASTRA,test1,72,B1
FENASCOL VI,LSC1,3517,MADUREZ MENTAL,Sin especificar,Estado de desarrollo psicológico y juicio ponderado en una persona. (Generada Gemini),Sin especificar,Sin especificar,NO,SI,Compuestas (tipo C),X,Cl,Sin especificar,Sin especificar,Sin especificar,03517_madurezmen.mp4,MADUREZ MENTAL,test3,41,B2
FENASCOL VI,LSC1,3518,MADURO 1,Sin especificar,Persona que ha alcanzado el pleno desarrollo de sus facultades o edad adulta. (RAE),Sin especificar,Sin especificar,NO,SI,Unimanual en contacto (tipo X),Cl,Sin especificar,Sin especificar,Sin especificar,Sin especificar,03518_maduro1.mp4,MADURO 1,test2,85,B1
UEB,LSC1,3519,MADURO 2,Sin especificar,"Variante de seña para denotar experiencia, sensatez o etapa adulta madura. (Generada Gemini)",Sin especificar,Sin especificar,NO,SI,Asimétrica (tipo III),S,J,Q,Sin especificar,Sin especificar,03519_maduro2.mp4,MADURO 2,test2,47,B2
FENASCOL VI,LSC1,3520,MASCULINO 1,Sin especificar,Perteneciente o relativo a los varones o propio de ellos. (RAE),Sin especificar,Sin especificar,NO,SI,Unimanual en contacto (tipo X),P,Sin especificar,Sin especificar,Sin especificar,Sin especificar,03520_masculino1.mp4,MASCULINO 1,test3,53,B2
UEB,LSC0,3521,MASCULINO 2,Sin especificar,"Variante de seña para cualidad, rasgo o identidad propia del hombre. (Generada Gemini)",Sin especificar,Sin especificar,NO,SI,Compuestas (tipo C),P,Ok,Sin especificar,Sin especificar,Sin especificar,03521_masculino2.mp4,MASCULINO 2,test2,41,A2
FENASCOL VI,LSC0,3522,MELLIZOS,Sin especificar,Hermanos nacidos de un mismo parto pero procedentes de dos óvulos distintos. (RAE),Sin especificar,Sin especificar,NO,SI,Asimétrica (tipo III),C,V,S,H,Sin especificar,03522_mellizos.mp4,MELLIZOS,test2,41,A2
FENASCOL VI,LSC0,3523,AMIGOVIO,Sin especificar,Persona que mantiene con otra una relación de menor compromiso formal que un noviazgo. (RAE),Sin especificar,Sin especificar,NO,SI,Simétrica (tipo I),J,J,Sin especificar,Sin especificar,Sin especificar,03523_amigovio.mp4,AMIGOVIO,test2,9,A2
FENASCOL VI,LSC1,3524,ORINAR 1,Sin especificar,Expulsar la orina de la vejiga por la vía urinaria. (RAE),Sin especificar,Sin especificar,NO,SI,Unimanual en contacto (tipo X),I,Sin especificar,Sin especificar,Sin especificar,Sin especificar,03524_orinar1.mp4,ORINAR 1,test2,12,B2
UEB,LSC0,3525,ORINAR 2,Sin especificar,Variante de seña para la acción fisiológica de miccionar. (Generada Gemini),Sin especificar,Sin especificar,NO,SI,Unimanual (tipo 0),Be,Sin especificar,Sin especificar,Sin especificar,Sin especificar,03525_orinar2.mp4,ORINAR 2,test1,66,A2
FENASCOL VI,LSC1,3526,PADRASTRO,Sin especificar,Marido de la madre respecto de los hijos llevados por esta al matrimonio. (RAE),Sin especificar,Sin especificar,Sin especificar,SI,Sin especificar,Sin especificar,Sin especificar,Sin especificar,Sin especificar,Sin especificar,03526_padrastro.mp4,PADRASTRO,test1,72,B1
FENASCOL VI,LSC1,3527,PLANIFICACIÓN,Sin especificar,Conjunto de métodos para controlar la reproducción y espaciar los nacimientos. (Generada Gemini),Sin especificar,Sin especificar,NO,SI,Compuestas (tipo C),A,Bc,Bc,Sin especificar,Sin especificar,03527_planificac.mp4,PLANIFICACION,test3,13,B2
FENASCOL VI,LSC1,3528,RECIÉN NACIDO,Sin especificar,Bebé que tiene pocas horas o días de haber nacido. (Generada Gemini),Sin especificar,Sin especificar,NO,SI,Semi-simétrica (tipo II),Bl,Bl,Cl,Cl,Sin especificar,03528_reciennaci.mp4,RECIEN NACIDO,test2,51,B1
FENASCOL VI,LSC1,3529,ROMÁNTICO,Sin especificar,"Perteneciente o relativo al amor, los afectos o la expresión sentimental. (RAE)",Sin especificar,Sin especificar,NO,SI,Unimanual en contacto (tipo X),J,Sin especificar,Sin especificar,Sin especificar,Sin especificar,03529_romantico.mp4,ROMANTICO,test2,64,B2
UEB,LSC1,3530,SEDUCTOR,Sin especificar,"Que cautiva, atrae o fascina la voluntad de alguien. (RAE)",Sin especificar,Sin especificar,NO,SI,Asimétrica (tipo III),P,J,P,Sin especificar,Sin especificar,03530_seductor.mp4,SEDUCTOR,test1,33,B1
FENASCOL VI,LSC0,3531,SEÑOR,Sin especificar,Hombre que ha llegado a la edad adulta o término de cortesía para dirigirse a cualquier varón. (RAE),Sin especificar,Sin especificar,NO,SI,Compuestas (tipo C),P,O,Sin especificar,Sin especificar,Sin especificar,03531_señor.mp4,SENOR,test2,79,A2
FENASCOL VI,LSC1,3532,SEÑORA,Sin especificar,Mujer que ha llegado a la edad adulta o tratamiento de cortesía a una mujer casada o adulta. (RAE),Sin especificar,Sin especificar,NO,SI,Compuestas (tipo C),N,A,Sin especificar,Sin especificar,Sin especificar,03532_señora.mp4,SENORA,test1,72,B1
FENASCOL VI,LSC1,3533,SEÑORITA,Sin especificar,Término de cortesía dirigido a una mujer joven o soltera. (RAE),Sin especificar,Sin especificar,NO,SI,Compuestas (tipo C),N,Tc,Sin especificar,Sin especificar,Sin especificar,03533_señorita.mp4,SENORITA,test1,33,B1
FENASCOL VI,LSC1,3534,SENSIBLE,Sin especificar,Capaz de percibir o sentir sensaciones con facilidad o sensibilidad emocional. (RAE),Sin especificar,Sin especificar,NO,SI,Compuestas (tipo C),B,Q,J,Ob,Sin especificar,03534_sensible.mp4,SENSIBLE,test2,64,B2
FENASCOL VI,LSC1,3535,SENSUALIDAD,Sin especificar,Cualidad de sensual o atractivo que despierta el deseo o goce de los sentidos. (RAE),Sin especificar,Sin especificar,NO,SI,Compuestas (tipo C),N,S,J,Sin especificar,Sin especificar,03535_sensualida.mp4,SENSUALIDAD,test1,33,B1
FENASCOL VI,LSC1,3536,SENTIMENTAL,Sin especificar,Perteneciente o relativo a los sentimientos o mostrado con gran afectividad. (RAE),Sin especificar,Sin especificar,NO,SI,Compuestas (tipo C),N,S,J,Q,Q,03536_sentimenta.mp4,SENTIMENTAL,test2,64,B2
UEB,LSC1,3537,SEXO (PARA IDENTIDAD),Sin especificar,Condición orgánica o genética que diferencia lo masculino de lo femenino. (Generada Gemini),Sin especificar,Sin especificar,NO,SI,Unimanual en contacto (tipo X),X,Sin especificar,Sin especificar,Sin especificar,Sin especificar,03537_sexoparaid.mp4,SEXO PARA IDENTIDAD,test3,53,B2
FENASCOL VI,LSC1,3538,TRANSMISIÓN,Sin especificar,Acción de traspasar o contagiar una enfermedad o agente patógeno a otro individuo. (Generada Gemini),Sin especificar,Sin especificar,NO,SI,Asimétrica (tipo III),P,Nb,N,Sin especificar,Sin especificar,03538_transmisio.mp4,TRANSMISION,test1,56,B1
FENASCOL VI,LSC1,3539,VENÉREAS,Sin especificar,Perteneciente o relativo a las enfermedades transmitidas por contacto sexual. (RAE),Sin especificar,Sin especificar,NO,SI,Compuestas (tipo C),Cl,H,H,Sin especificar,Sin especificar,03539_venereas.mp4,VENEREAS,test1,9,B1
FENASCOL VI,LSC0,3540,VIRIL,Sin especificar,Propio de un hombre o que posee características consideradas masculinas. (RAE),Sin especificar,Sin especificar,NO,SI,Compuestas (tipo C),P,S,Sin especificar,Sin especificar,Sin especificar,03540_viril.mp4,VIRIL,test2,79,A2
FENASCOL VI,LSC0,3541,VIUDO,Sin especificar,Persona a quien se le ha muerto su cónyuge y no ha vuelto a casarse. (RAE),Sin especificar,Sin especificar,NO,SI,Unimanual (tipo 0),V,P,Sin especificar,Sin especificar,Sin especificar,03541_viudo.mp4,VIUDO,test2,9,A2
FENASCOL VI,LSC1,3542,ADICCIÓN,Sin especificar,Dependencia fisiológica o psicológica hacia una sustancia o actividad. (RAE),Sin especificar,Sin especificar,NO,SI,Compuestas (tipo C),J,J,S,S,Sin especificar,03542_adiccion.mp4,ADICCION,test3,19,B1
FENASCOL VI,LSC1,3543,ALCOHÓLICO,Sin especificar,Persona que sufre de abuso o dependencia patológica del alcohol. (RAE),Sin especificar,Sin especificar,NO,SI,Semi-simétrica (tipo II),Y,Y,Sin especificar,Sin especificar,Sin especificar,03543_alcoholico.mp4,ALCOHOLICO,test2,68,B1
FENASCOL VI,LSC1,3544,ALUCINACIÓN,Sin especificar,Percepción sensorial falsa sin un estímulo externo real que la provoque. (RAE),Sin especificar,Sin especificar,NO,SI,Compuestas (tipo C),P,P,J,J,Sin especificar,03544_alucinacio.mp4,ALUCINACION,test1,33,B1
FENASCOL VI,LSC1,3545,ALUCINÓGENOS,Sin especificar,Sustancias o drogas que provocan alucinaciones y alteraciones perceptivas. (RAE),Sin especificar,Sin especificar,NO,SI,Compuestas (tipo C),Tb,Q,J,J,Sin especificar,03545_alucinogen.mp4,ALUCINOGENOS,test3,89,B2
FENASCOL VI,LSC1,3546,BORRACHO,Sin especificar,Persona que tiene sus facultades alteradas por el exceso de alcohol. (RAE),Sin especificar,Sin especificar,NO,SI,Unimanual en contacto (tipo X),P,Sin especificar,Sin especificar,Sin especificar,Sin especificar,03546_borracho.mp4,BORRACHO,test2,68,B1
FENASCOL VI,LSC1,3547,CAFEÍNA,Sin especificar,Alcaloide estimulante del sistema nervioso central presente en el café. (RAE),Sin especificar,Sin especificar,NO,SI,Unimanual en contacto (tipo X),Tb,B,Sin especificar,Sin especificar,Sin especificar,03547_cafeina.mp4,CAFEINA,test1,55,B1
FENASCOL VI,LSC0,3548,COCAÍNA,Sin especificar,Droga estimulante y adictiva extraída de las hojas de la coca. (RAE),Sin especificar,Sin especificar,NO,SI,Unimanual en contacto (tipo X),J,Sin especificar,Sin especificar,Sin especificar,Sin especificar,03548_cocaina.mp4,COCAINA,test2,19,A2
FENASCOL VI,LSC1,3549,DEPORTADO,Sin especificar,Persona expulsada formalmente del territorio de un Estado por vía legal. (RAE),Sin especificar,Sin especificar,NO,SI,Compuestas (tipo C),C,J,Q,Q,Sin especificar,03549_deportado.mp4,DEPORTADO,test1,5,B1
FENASCOL VI,LSC1,3550,DROGA,Sin especificar,"Sustancia que altera la conducta, el ánimo o la percepción del organismo. (RAE)",Sin especificar,Sin especificar,NO,SI,Asimétrica (tipo III),Tb,Q,Sin especificar,Sin especificar,Sin especificar,03550_droga.mp4,DROGA,test1,33,B1
FENASCOL VI,LSC1,3551,ÉXTASIS,Sin especificar,Droga sintética estimulante y psicoactiva de efectos alucinógenos y empáticos. (Generada Gemini),Sin especificar,Sin especificar,NO,SI,Compuestas (tipo C),Okc,Ta,J,J,Sin especificar,03551_extasis.mp4,EXTASIS,test3,89,B2
FENASCOL VI,LSC1,3552,GUAYABO,Sin especificar,Malestar físico y general posterior al consumo excesivo de alcohol. (Regionalismo),Sin especificar,Sin especificar,NO,SI,Compuestas (tipo C),J,J,P,Sin especificar,Sin especificar,03552_guayabo.mp4,GUAYABO,test2,68,B1
FENASCOL VI,LSC1,3553,HEROÍNA 1,Sin especificar,Droga opiácea altamente adictiva derivada de la morfina. (RAE),Sin especificar,Sin especificar,NO,SI,Compuestas (tipo C),B,Xf,Sin especificar,Sin especificar,Sin especificar,03553_heroina1.mp4,HEROINA 1,test3,19,B1
UEB,LSC1,3554,HEROÍNA 2,Sin especificar,Variante de seña para sustancia opiácea ilícita. (Generada Gemini),Sin especificar,Sin especificar,NO,SI,Compuestas (tipo C),Al,A,Al,Sin especificar,Sin especificar,03554_heroina2.mp4,HEROINA 2,test3,19,B1
FENASCOL VI,LSC1,3555,INHALANTE,Sin especificar,Sustancia química volátil cuyos vapores se inhalan para producir efectos psicoactivos. (Generada Gemini),Sin especificar,Sin especificar,NO,SI,Unimanual en contacto (tipo X),Bl,Sin especificar,Sin especificar,Sin especificar,Sin especificar,03555_inhalante.mp4,INHALANTE,test3,89,B2
FENASCOL VI,LSC1,3556,MORFINA,Sin especificar,Alcaloide del opio empleado en medicina como potente analgésico. (RAE),Sin especificar,Sin especificar,NO,SI,Compuestas (tipo C),Al,A,Al,B,Sin especificar,03556_morfina.mp4,MORFINA,test3,19,B1
FENASCOL VI,LSC1,3557,MULA,Sin especificar,Persona utilizada para transportar drogas ilícitas de forma clandestina. (RAE / Regionalismo),Sin especificar,Sin especificar,SI,SI,Compuestas (tipo C),Bl,P,Xf,Xl,Sin especificar,03557_mula.mp4,MULA,test4,22,B2
FENASCOL VI,LSC1,3558,NARCÓTICOS,Sin especificar,"Sustancias que producen sopor, adormecimiento o inhibición del dolor. (RAE)",Sin especificar,Sin especificar,NO,SI,Compuestas (tipo C),J,C,Q,P,P,03558_narcoticos.mp4,NARCOTICOS,test2,6,B1
FENASCOL VI,LSC1,3559,NARCOTRAFICANTE,Sin especificar,Persona que se dedica al tráfico o comercio ilícito de drogas. (RAE),Sin especificar,Sin especificar,NO,SI,Compuestas (tipo C),Bl,Bl,A,Sin especificar,Sin especificar,03559_narcotrafi.mp4,NARCOTRAFICANTE,test3,19,B1
FENASCOL VI,LSC1,3560,NICOTINA,Sin especificar,Alcaloide tóxico presente en el tabaco que genera alta dependencia. (RAE),Sin especificar,Sin especificar,NO,SI,Unimanual en contacto (tipo X),V,B,Sin especificar,Sin especificar,Sin especificar,03560_nicotina.mp4,NICOTINA,test3,19,B1
FENASCOL VI,LSC1,3561,OPIO,Sin especificar,Sustancia narcótica obtenida de la amapola que contiene morfina y otros alcaloides. (RAE),Sin especificar,Sin especificar,NO,SI,Compuestas (tipo C),Y,Bl,Sin especificar,Sin especificar,Sin especificar,03561_opio.mp4,OPIO,test3,19,B1
FENASCOL VI,LSC0,3562,VICIO,Sin especificar,Hábito nocivo o perjudical de consumir o realizar algo con exceso. (RAE),Sin especificar,Sin especificar,NO,SI,Unimanual en contacto (tipo X),Ta,Sin especificar,Sin especificar,Sin especificar,Sin especificar,03562_vicio.mp4,VICIO,test4,10,A2
FENASCOL VI,LSC0,3563,ACABADO,Sin especificar,Estado de extremo agotamiento físico o deterioro avanzado de la salud. (Generada Gemini),Sin especificar,Sin especificar,NO,SI,Compuestas (tipo C),P,Q,Q,A,A,03563_acabado.mp4,ACABADO,test4,10,A2
FENASCOL VI,LSC1,3564,ACCIDENTE 1,Sin especificar,Suceso eventual o involuntario que provoca daño físico o material. (RAE),Sin especificar,Sin especificar,NO,SI,Asimétrica (tipo III),Bl,S,Sin especificar,Sin especificar,Sin especificar,03564_accidente1.mp4,ACCIDENTE 1,test4,27,B1
UEB,LSC0,3565,ACCIDENTE 2,Sin especificar,Variante de seña para evento o suceso imprevisto que causa lesión. (Generada Gemini),Sin especificar,Sin especificar,NO,SI,Semi-simétrica (tipo II),Bl,Bl,Sin especificar,Sin especificar,Sin especificar,03565_accidente2.mp4,ACCIDENTE 2,test3,13,A2
FENASCOL VI,LSC0,3566,ACIDEZ 1,Sin especificar,Sensación de quemazón en el estómago o esófago por exceso de ácido. (RAE),Sin especificar,Sin especificar,NO,SI,Unimanual en contacto (tipo X),N,Sin especificar,Sin especificar,Sin especificar,Sin especificar,03566_acidez1.mp4,ACIDEZ 1,test4,8,A2
UEB,LSC0,3567,ACIDEZ 2,Sin especificar,Variante de seña para reflujo o molestia gástrica ácida. (Generada Gemini),Sin especificar,Sin especificar,NO,SI,Unimanual (tipo 0),N,Sin especificar,Sin especificar,Sin especificar,Sin especificar,03567_acidez2.mp4,ACIDEZ 2,test1,66,A2
FENASCOL VI,LSC1,3568,ALERGIA 1,Sin especificar,Reacción de hipersensibilidad del sistema inmune ante una sustancia extraña. (RAE),Sin especificar,Sin especificar,NO,SI,Simétrica (tipo I),Q,Q,J,J,P,03568_alergia1.mp4,ALERGIA 1,test2,5,B2
UEB,LSC1,3569,ALERGIA 2,Sin especificar,Variante de seña para reacción o alergia en la piel o vías respiratorias. (Generada Gemini),Sin especificar,Sin especificar,NO,SI,Compuestas (tipo C),J,Gl,P,P,Sin especificar,03569_alergia2.mp4,ALERGIA 2,test2,5,B2
FENASCOL VI,LSC1,3570,ALUMBRAMIENTO,Sin especificar,Expulsión o extracción de la placenta y membranas tras el parto del bebé. (RAE),Sin especificar,Sin especificar,NO,SI,Asimétrica (tipo III),J,J,G,Sin especificar,Sin especificar,03570_alumbramie.mp4,ALUMBRAMIENTO,test4,24,B2
UEB,LSC1,3571,AMIGDALITIS,Sin especificar,Inflamación aguda o crónica de las amígdalas palatinas. (RAE),Sin especificar,Sin especificar,NO,SI,Compuestas (tipo C),G,G,Sin especificar,Sin especificar,Sin especificar,03571_amigdaliti.mp4,AMIGDALITIS,test1,58,B2
FENASCOL VI,LSC1,3572,AMPOLLA,Sin especificar,Abultamiento de la piel lleno de líquido seroso causado por roce o quemadura. (RAE),Sin especificar,Sin especificar,NO,SI,Asimétrica (tipo III),J,G,Sin especificar,Sin especificar,Sin especificar,03572_ampolla.mp4,AMPOLLA,test3,46,B2
FENASCOL VI,LSC1,3573,ANEMIA,Sin especificar,Disminución de la concentración de hemoglobina o glóbulos rojos en la sangre. (RAE),Sin especificar,Sin especificar,NO,SI,Compuestas (tipo C),Af,P,Bl,Sin especificar,Sin especificar,03573_anemia.mp4,ANEMIA,test2,60,B2
FENASCOL VI,LSC1,3574,ANGINA DE PECHO,Sin especificar,Dolor o presión en el pecho debido a la falta de riego sanguíneo en el corazón. (RAE),Sin especificar,Sin especificar,NO,SI,Compuestas (tipo C),J,J,G,G,Sin especificar,03574_anginadepe.mp4,ANGINA DE PECHO,test1,32,B2
UEB,LSC1,3575,APENDICITIS,Sin especificar,Inflamación aguda del apéndice vermiforme del intestino grueso. (RAE),Sin especificar,Sin especificar,NO,SI,Unimanual (tipo 0),Q,Ib,Sin especificar,Sin especificar,Sin especificar,03575_apendiciti.mp4,APENDICITIS,test1,58,B2
FENASCOL VI,LSC1,3576,APOPLEJÍA,Sin especificar,Suspensión brusca de la actividad cerebral por causa vascular o hemorrágica. (RAE),Sin especificar,Sin especificar,NO,SI,Compuestas (tipo C),J,G,Cl,Sin especificar,Sin especificar,03576_apoplejia.mp4,APOPLEJIA,test3,93,B2
FENASCOL VI,LSC1,3577,ARTERIOSCLEROSIS,Sin especificar,Endurecimiento y pérdida de elasticidad en las paredes arteriales. (RAE),Sin especificar,Sin especificar,NO,SI,Compuestas (tipo C),B,Okc,S,Sin especificar,Sin especificar,03577_aterioscle.mp4,ARTERIOSCLEROSIS,test1,58,B2
FENASCOL VI,LSC1,3578,ARTRITIS,Sin especificar,Inflamación de una o más articulaciones que causa dolor y rigidez. (RAE),Sin especificar,Sin especificar,NO,SI,Compuestas (tipo C),S,S,G,Sin especificar,Sin especificar,03578_artritis.mp4,ARTRITIS,test2,61,B2
FENASCOL VI,LSC1,3579,ASTIGMATISMO,Sin especificar,Defecto ocular que impide el enfoque claro de los objetos cercanos y lejanos. (RAE),Sin especificar,Sin especificar,NO,SI,Compuestas (tipo C),P,P,J,J,Sin especificar,03579_astigmatis.mp4,ASTIGMATISMO,test1,81,B2
FENASCOL VI,LSC0,3580,BARRO,Sin especificar,Grano o espinilla que aparece en la piel de la cara por acumulación de grasa. (RAE),Sin especificar,Sin especificar,NO,SI,Unimanual en contacto (tipo X),Tc,Pc,Sin especificar,Sin especificar,Sin especificar,03580_barro.mp4,BARRO,test4,8,A2
FENASCOL VI,LSC1,3581,BROTE,Sin especificar,Aparición repentina de erupciones o lesiones en la piel. (Generada Gemini),Sin especificar,Sin especificar,NO,SI,Compuestas (tipo C),Pc,Pc,Q,J,Sin especificar,03581_brote.mp4,BROTE,test3,46,B2
FENASCOL VI,LSC1,3582,CÁLCULOS,Sin especificar,Depósitos sólidos o piedras que se forman en órganos como riñones o vesícula. (RAE),Sin especificar,Sin especificar,NO,SI,Compuestas (tipo C),Cl,Okf,Sin especificar,Sin especificar,Sin especificar,03582_calculos.mp4,CALCULOS,test1,17,B2
FENASCOL VI,LSC0,3583,CASPA,Sin especificar,Descamación de excesivas escamas de piel muerta en el cuero cabelludo. (RAE),Sin especificar,Sin especificar,NO,SI,Compuestas (tipo C),G,J,Bl,Sin especificar,Sin especificar,03583_caspa.mp4,CASPA,test4,8,A2
FENASCOL VI,LSC1,3584,CASTRACIÓN,Sin especificar,Extirpación u inactivación de los órganos sexuales o gónadas. (RAE),Sin especificar,Sin especificar,NO,SI,Asimétrica (tipo III),Qa,Qa,V,Sin especificar,Sin especificar,03584_castracion.mp4,CASTRACION,test3,23,B1
FENASCOL VI,LSC1,3585,CATARATAS,Sin especificar,Opacidad del cristalino del ojo que dificulta o impide la visión. (RAE),Sin especificar,Sin especificar,NO,SI,Unimanual en contacto (tipo X),P,Gl,Sin especificar,Sin especificar,Sin especificar,03585_cataratas.mp4,CATARATAS,test4,80,B1
FENASCOL VI,LSC1,3586,CELULITIS,Sin especificar,Inflamación o acumulación de tejido adiposo que forma nódulos en la piel. (RAE),Sin especificar,Sin especificar,NO,SI,Asimétrica (tipo III),Gl,J,Sin especificar,Sin especificar,Sin especificar,03586_celulitis.mp4,CELULITIS,test1,58,B2
FENASCOL VI,LSC0,3587,CHICHÓN,Sin especificar,Inflamación o bulto en la cabeza causado por un golpe. (RAE),Sin especificar,Sin especificar,NO,SI,Unimanual en contacto (tipo X),Q,Gl,Sin especificar,Sin especificar,Sin especificar,03587_chichon.mp4,CHICHON,test4,37,A2
FENASCOL VI,LSC1,3588,CIFOSIS,Sin especificar,Curvatura anormal con convexidad posterior de la columna vertebral. (RAE),Sin especificar,Sin especificar,NO,SI,Compuestas (tipo C),Bl,P,X,Sin especificar,Sin especificar,03588_cifosis.mp4,CIFOSIS,test2,6,B1
FENASCOL VI,LSC1,3589,COLESTEROL,Sin especificar,Lípido o grasa presente en los tejidos y en la sangre de los vertebrados. (RAE),Sin especificar,Sin especificar,NO,SI,Compuestas (tipo C),S,Ok,N,Sin especificar,Sin especificar,03589_colesterol.mp4,COLESTEROL,test1,58,B2
FENASCOL VI,LSC1,3590,COMA,Sin especificar,Estado profundo de inconsciencia provocado por enfermedad o traumatismo. (RAE),Sin especificar,Sin especificar,NO,SI,Compuestas (tipo C),Bl,V,Q,Q,Sin especificar,03590_coma.mp4,COMA,test4,42,B2
FENASCOL VI,LSC1,3591,CONGESTIÓN BRONQUIAL,Sin especificar,Acumulación de mucosidad o inflamación en los bronquios que dificulta la respiración. (Generada Gemini),Sin especificar,Sin especificar,NO,SI,Semi-simétrica (tipo II),J,J,G,G,Sin especificar,03591_congestion.mp4,CONGESTION BRONQUIAL,test1,58,B2
FENASCOL VI,LSC1,3592,CONJUNTIVITIS,Sin especificar,Inflamación de la membrana conjuntiva que recubre el ojo. (RAE),Sin especificar,Sin especificar,NO,SI,Compuestas (tipo C),P,N,Sin especificar,Sin especificar,Sin especificar,03592_conjuntivi.mp4,CONJUNTIVITIS,test1,81,B2
FENASCOL VI,LSC1,3593,CORTADURA,Sin especificar,Herida abierta producida por un objeto afilado o cortante. (RAE),Sin especificar,Sin especificar,NO,SI,Asimétrica (tipo III),Be,P,Sin especificar,Sin especificar,Sin especificar,03593_cortadura.mp4,CORTADURA,test4,9,B2
FENASCOL VI,LSC1,3594,DEPRESIÓN DEPRIMIDO,Sin especificar,"Estado psíquico caracterizado por profunda tristeza, desánimo y pérdida de interés. (RAE)",Sin especificar,Sin especificar,NO,SI,Semi-simétrica (tipo II),J,J,G,G,Sin especificar,03594_depresiond.mp4,DEPRESION DEPRIMIDO,test3,41,B2
FENASCOL VI,LSC1,3595,DESHIDRATACIÓN,Sin especificar,Pérdida excesiva de agua y fluidos en el organismo. (RAE),Sin especificar,Sin especificar,NO,SI,Compuestas (tipo C),Tc,G,G,S,S,03595_deshidrata.mp4,DESHIDRATACION,test1,67,B2
FENASCOL VI,LSC1,3596,DESMAYO,Sin especificar,Pérdida temporal o breve del conocimiento o de la conciencia. (RAE),Sin especificar,Sin especificar,NO,SI,Compuestas (tipo C),V,Bl,Sin especificar,Sin especificar,Sin especificar,03596_desmayo.mp4,DESMAYO,test1,5,B1
FENASCOL VI,LSC1,3597,DIABETES,Sin especificar,Enfermedad crónica caracterizada por niveles elevados de glucosa en sangre. (RAE),Sin especificar,Sin especificar,NO,SI,Compuestas (tipo C),S,P,Hl,Sin especificar,Sin especificar,03597_diabetes.mp4,DIABETES,test2,5,B2
FENASCOL VI,LSC1,3598,DISLOCACIÓN,Sin especificar,Desplazamiento permanente de un hueso de su articulación normal. (RAE),Sin especificar,Sin especificar,NO,SI,Asimétrica (tipo III),P,XX,Sin especificar,Sin especificar,Sin especificar,03598_dislocacio.mp4,DISLOCACION,test3,23,B1
FENASCOL VI,LSC1,3599,EPILEPSIA,Sin especificar,Enfermedad neurológica crónica que provoca convulsiones o crisis repentinas. (RAE),Sin especificar,Sin especificar,NO,SI,Simétrica (tipo I),S,S,Sin especificar,Sin especificar,Sin especificar,03599_epilepsia.mp4,EPILEPSIA,test4,42,B2
FENASCOL VI,LSC0,3600,ESCALOFRÍO,Sin especificar,Sensación repentina de frío acompañada de temblor físico involuntario. (RAE),Sin especificar,Sin especificar,NO,SI,Compuestas (tipo C),J,J,Sin especificar,Sin especificar,Sin especificar,03600_escalofrio.mp4,ESCALOFRIO,test4,10,A2
FENASCOL VI,LSC1,3601,ESCARLATINA,Sin especificar,Enfermedad infecciosa bacteriana caracterizada por fiebre y manchas rojas en la piel. (RAE),Sin especificar,Sin especificar,NO,SI,Compuestas (tipo C),J,J,Q,Q,Sin especificar,03601_escarlatin.mp4,ESCARLATINA,test2,5,B2
FENASCOL VI,LSC1,3602,ESCOLIOSIS,Sin especificar,Desviación o curvatura lateral anormal de la columna vertebral. (RAE),Sin especificar,Sin especificar,NO,SI,Compuestas (tipo C),Bl,S,S,Sin especificar,Sin especificar,03602_escoliosis.mp4,ESCOLIOSIS,test4,42,B2
FENASCOL VI,LSC1,3603,ESGUINCE,Sin especificar,Torcedura o lesión de los ligamentos de una articulación sin dislocación. (RAE),Sin especificar,Sin especificar,NO,SI,Asimétrica (tipo III),S,G,Sin especificar,Sin especificar,Sin especificar,03603_esguince.mp4,ESGUINCE,test2,61,B2
FENASCOL VI,LSC1,3604,ESTRABISMO,Sin especificar,Desviación de la alineación de un ojo respecto al otro. (RAE),Sin especificar,Sin especificar,NO,SI,Compuestas (tipo C),P,P,V,V,Ok,03604_estrabismo.mp4,ESTRABISMO,test1,81,B2
FENASCOL VI,LSC0,3605,ESTREÑIMIENTO,Sin especificar,Dificultad o poca frecuencia en la expulsión de las heces. (RAE),Sin especificar,Sin especificar,NO,SI,Asimétrica (tipo III),A,S,Sin especificar,Sin especificar,Sin especificar,03605_estreñimi.mp4,ESTRENIMIENTO,test3,70,A2
FENASCOL VI,LSC1,3606,ESTRÉS,Sin especificar,Estado de tensión física o emocional ante situaciones de exigencia. (RAE),Sin especificar,Sin especificar,NO,SI,Compuestas (tipo C),J,J,Sin especificar,Sin especificar,Sin especificar,03606_estres.mp4,ESTRES,test1,33,B1
FENASCOL VI,LSC1,3607,ESTRÍAS,Sin especificar,Líneas o bandas de color claro que aparecen en la piel por estiramiento. (RAE),Sin especificar,Sin especificar,NO,SI,Simétrica (tipo I),J,J,G,G,P,03607_estrias.mp4,ESTRIAS,test2,23,B2
FENASCOL VI,LSC1,3608,FISURA,Sin especificar,Grieta o hendidura pequeña y estrecha en un hueso u órgano. (RAE),Sin especificar,Sin especificar,NO,SI,Asimétrica (tipo III),XX,XX,P,XX,Sin especificar,03608_fisura.mp4,FISURA,test3,23,B1
FENASCOL VI,LSC1,3609,FLACIDEZ (DE PIEL),Sin especificar,Falta de firmeza o tono en la piel o tejidos musculares. (Generada Gemini),Sin especificar,Sin especificar,NO,SI,Asimétrica (tipo III),S,Qa,Sin especificar,Sin especificar,Sin especificar,03609_flacidezde.mp4,FLACIDEZ DE PIEL,test3,23,B1
FENASCOL VI,LSC1,3610,FLEMA,Sin especificar,Mucosidad espesa que se secreta en las vías respiratorias. (RAE),Sin especificar,Sin especificar,NO,SI,Compuestas (tipo C),Q,J,Sin especificar,Sin especificar,Sin especificar,03610_flema.mp4,FLEMA,test2,10,B1
FENASCOL VI,LSC1,3611,GASTRITIS,Sin especificar,Inflamación de la mucosa del estómago. (RAE),Sin especificar,Sin especificar,NO,SI,Unimanual en contacto (tipo X),Q,J,N,Sin especificar,Sin especificar,03611_gastritis.mp4,GASTRITIS,test1,58,B2
FENASCOL VI,LSC1,3612,HEMORRAGIA,Sin especificar,Flujo abundante de sangre por rotura de vasos sanguíneos. (RAE),Sin especificar,Sin especificar,NO,SI,Asimétrica (tipo III),J,Q,J,Sin especificar,Sin especificar,03612_hemorragia.mp4,HEMORRAGIA,test2,60,B2
FENASCOL VI,LSC1,3613,HEPATITIS,Sin especificar,Inflamación del hígado. (RAE),Sin especificar,Sin especificar,NO,SI,Compuestas (tipo C),P,Q,Sin especificar,Sin especificar,Sin especificar,03613_hepatitis.mp4,HEPATITIS,test2,38,B2
FENASCOL VI,LSC1,3614,HERIDA,Sin especificar,Perforación o desgarro en algún lugar del cuerpo. (RAE),Sin especificar,Sin especificar,NO,SI,Compuestas (tipo C),P,S,Sin especificar,Sin especificar,Sin especificar,03614_herida.mp4,HERIDA,test3,23,B1
FENASCOL VI,LSC1,3615,HERPES,Sin especificar,Enfermedad infecciosa caracterizada por la aparición de vesículas en la piel o mucosas. (RAE),Sin especificar,Sin especificar,NO,SI,Unimanual en contacto (tipo X),Pc,Tc,Sin especificar,Sin especificar,Sin especificar,03615_herpes.mp4,HERPES,test2,5,B2
FENASCOL VI,LSC1,3616,HIPERMETROPÍA,Sin especificar,Defecto de la visión que consiste en enfocar los rayos luminosos detrás de la retina. (RAE),Sin especificar,Sin especificar,NO,SI,Unimanual (tipo 0),Bl,Sin especificar,Sin especificar,Sin especificar,Sin especificar,03616_hipermetro.mp4,HIPERMETROPIA,test1,81,B2
FENASCOL VI,LSC1,3617,HIPERTENSIÓN,Sin especificar,Aumento anormal de la presión arterial. (RAE),Sin especificar,Sin especificar,NO,SI,Compuestas (tipo C),S,C,J,Sin especificar,Sin especificar,03617_hipertensi.mp4,HIPERTENSION,test3,93,B2
FENASCOL VI,LSC1,3618,HIPO,Sin especificar,Espasmo involuntario del diafragma con cierre repentino de la glotis. (RAE),Sin especificar,Sin especificar,NO,SI,Unimanual en contacto (tipo X),Bl,Sin especificar,Sin especificar,Sin especificar,Sin especificar,03618_hipo.mp4,HIPO,test2,50,B2
FENASCOL VI,LSC0,3619,INCONSCIENTE,Sin especificar,Persona que ha perdido el conocimiento y la percepción del entorno. (Generada Gemini),Sin especificar,Sin especificar,NO,SI,Unimanual (tipo 0),V,Sin especificar,Sin especificar,Sin especificar,Sin especificar,03619_inconscien.mp4,INCONSCIENTE,test4,3,A2
FENASCOL VI,LSC1,3620,INDISGESTIÓN,Sin especificar,Trastorno de las funciones del estómago acompañado de malestar. (RAE),Sin especificar,Sin especificar,NO,SI,Compuestas (tipo C),Bl,Bl,Sin especificar,Sin especificar,Sin especificar,03620_indisgesti.mp4,INDISGESTION,test2,6,B1
FENASCOL VI,LSC1,3621,INFECCIÓN INTESTINAL,Sin especificar,Alteración del tubo digestivo producida por la presencia de microorganismos patógenos. (Generada Gemini),Sin especificar,Sin especificar,NO,SI,Compuestas (tipo C),Q,Q,Q,J,J,03621_infeccioni.mp4,INFECCION INTESTINAL,test2,31,B2
FENASCOL VI,LSC1,3622,INFLAMACIÓN,Sin especificar,Reacción de un tejido vivo ante una agresión con hinchazón y enrojecimiento. (RAE),Sin especificar,Sin especificar,NO,SI,Asimétrica (tipo III),Jc,J,Sin especificar,Sin especificar,Sin especificar,03622_inflamacio.mp4,INFLAMACION,test1,32,B2
FENASCOL VI,LSC1,3623,INSOLACIÓN,Sin especificar,Malestar o lesión producida por la exposición excesiva a los rayos solares. (RAE),Sin especificar,Sin especificar,NO,SI,Simétrica (tipo I),U,U,Sin especificar,Sin especificar,Sin especificar,03623_insolacion.mp4,INSOLACION,test2,6,B1
FENASCOL VI,LSC1,3624,INSOMNIO,Sin especificar,Dificultad o incapacidad para conciliar o mantener el sueño. (RAE),Sin especificar,Sin especificar,NO,SI,Asimétrica (tipo III),Pc,Tc,Bl,V,Sin especificar,03624_insomnio.mp4,INSOMNIO,test4,42,B2
FENASCOL VI,LSC1,3625,INTOXICACIÓN,Sin especificar,Trastorno o envenenamiento provocado por la ingestión o absorción de sustancias tóxicas. (RAE),Sin especificar,Sin especificar,NO,SI,Compuestas (tipo C),Q,P,P,Sin especificar,Sin especificar,03625_intoxicaci.mp4,INTOXICACION,test3,19,B1
FENASCOL VI,LSC1,3626,LEUCEMIA,Sin especificar,Enfermedad neoplásica caracterizada por un exceso de glóbulos blancos en la sangre. (RAE),Sin especificar,Sin especificar,NO,SI,Compuestas (tipo C),J,Q,J,Sin especificar,Sin especificar,03626_leucemia.mp4,LEUCEMIA,test1,58,B2
FENASCOL VI,LSC1,3627,LUNAR,Sin especificar,Pequeña mancha pigmentada en la piel. (RAE),Sin especificar,Sin especificar,NO,SI,Asimétrica (tipo III),S,Tb,Sin especificar,Sin especificar,Sin especificar,03627_lunar.mp4,LUNAR,test2,62,B1
FENASCOL VI,LSC1,3628,MALESTAR,Sin especificar,Sensación vaga e incómoda de indisposición física. (RAE),Sin especificar,Sin especificar,NO,SI,Compuestas (tipo C),J,J,Sin especificar,Sin especificar,Sin especificar,03628_malestar.mp4,MALESTAR,test2,6,B1
FENASCOL VI,LSC1,3629,MANCHA (DE PIEL),Sin especificar,Alteración o pigmentación anómala en la superficie de la piel. (Generada Gemini),Sin especificar,Sin especificar,NO,SI,Compuestas (tipo C),Ta,S,P,Oks,Sin especificar,03629_manchadepi.mp4,MANCHA DE PIEL,test2,62,B1
FENASCOL VI,LSC1,3630,MENINGITIS,Sin especificar,Inflamación de las meninges o membranas que recubren el encéfalo y la médula. (RAE),Sin especificar,Sin especificar,NO,SI,Compuestas (tipo C),G,G,J,Sin especificar,Sin especificar,03630_meningitis.mp4,MENINGITIS,test1,58,B2
FENASCOL VI,LSC0,3631,MIGRAÑA,Sin especificar,Dolor de cabeza intenso y recurrente que suele afectar a un solo lado. (RAE),Sin especificar,Sin especificar,NO,SI,Compuestas (tipo C),Jb,Jb,J,Sin especificar,Sin especificar,03631_migraña.mp4,MIGRANA,test4,10,A2
FENASCOL VI,LSC1,3632,MIOMA,Sin especificar,Tumor benigno formado por elementos musculares. (RAE),Sin especificar,Sin especificar,NO,SI,Asimétrica (tipo III),P,Q,Sin especificar,Sin especificar,Sin especificar,03632_mioma.mp4,MIOMA,test2,6,B1
FENASCOL VI,LSC0,3633,MIOPÍA,Sin especificar,Defecto ocular que produce una visión borrosa de los objetos lejanos. (RAE),Sin especificar,Sin especificar,NO,SI,Unimanual (tipo 0),Bl,Sin especificar,Sin especificar,Sin especificar,Sin especificar,03633_miopia.mp4,MIOPIA,test4,44,A2
FENASCOL VI,LSC1,3634,MORETÓN,Sin especificar,Mancha morada en la piel producida por la acumulación de sangre tras un golpe. (RAE),Sin especificar,Sin especificar,NO,SI,Unimanual en contacto (tipo X),S,Cb,Sin especificar,Sin especificar,Sin especificar,03634_moreton.mp4,MORETON,test3,46,B2
FENASCOL VI,LSC1,3635,OBSTRUCCIÓN NASAL,Sin especificar,Impedimento o congestión que dificulta el flujo de aire por las fosas nasales. (Generada Gemini),Sin especificar,Sin especificar,NO,SI,Compuestas (tipo C),Ta,S,J,Sin especificar,Sin especificar,03635_obstruccio.mp4,OBSTRUCCION NASAL,test2,6,B2
FENASCOL VI,LSC0,3636,OJERAS,Sin especificar,Coloración oscura o abultamiento en la piel debajo de los ojos. (RAE),Sin especificar,Sin especificar,NO,SI,Simétrica (tipo I),Be,Be,Sin especificar,Sin especificar,Sin especificar,03636_ojeras.mp4,OJERAS,test1,29,A2
FENASCOL VI,LSC1,3637,ORZUELO,Sin especificar,Inflamación pequeña y dolorosa en el borde del párpado. (RAE),Sin especificar,Sin especificar,NO,SI,Unimanual en contacto (tipo X),Q,G,P,Sin especificar,Sin especificar,03637_orzuelo.mp4,ORZUELO,test2,6,B1
FENASCOL VI,LSC1,3638,OTITIS,Sin especificar,Inflamación del oído producida por infección o traumatismo. (RAE),Sin especificar,Sin especificar,NO,SI,Compuestas (tipo C),P,Q,A,Sin especificar,Sin especificar,03638_otitis.mp4,OTITIS,test1,58,B2
FENASCOL VI,LSC1,3639,PALUDISMO,Sin especificar,Enfermedad infecciosa transmitida por la picadura del mosquito Anopheles. (RAE),Sin especificar,Sin especificar,NO,SI,Compuestas (tipo C),J,I,I,Sin especificar,Sin especificar,03639_paludismo.mp4,PALUDISMO,test2,5,B2
FENASCOL VI,LSC1,3640,PANADIZO,Sin especificar,"Inflamación aguda del tejido celular de los dedos, especialmente alrededor de la uña. (RAE)",Sin especificar,Sin especificar,NO,SI,Asimétrica (tipo III),P,P,Q,G,Sin especificar,03640_panadizo.mp4,PANADIZO,test2,6,B1
FENASCOL VI,LSC1,3641,PAPERAS,Sin especificar,Inflamación infecciosa de las glándulas parótidas. (RAE),Sin especificar,Sin especificar,NO,SI,Compuestas (tipo C),Q,Q,G,G,Sin especificar,03641_paperas.mp4,PAPERAS,test3,46,B2
FENASCOL VI,LSC1,3642,PARÁLISIS CEREBRAL,Sin especificar,Trastorno permanente del movimiento y la postura por lesión cerebral infantil. (RAE),Sin especificar,Sin especificar,NO,SI,Unimanual (tipo 0),G,Sin especificar,Sin especificar,Sin especificar,Sin especificar,03642_paralisisc.mp4,PARALISIS CEREBRAL,test3,93,B2
FENASCOL VI,LSC1,3643,PARO CARDÍACO,Sin especificar,Detención repentina e imprevista de la función de bombeo del corazón. (Generada Gemini),Sin especificar,Sin especificar,NO,SI,Unimanual en contacto (tipo X),S,Sin especificar,Sin especificar,Sin especificar,Sin especificar,03643_parocardia.mp4,PARO CARDIACO,test3,45,B2
FENASCOL VI,LSC1,3644,PARO RESPIRATORIO,Sin especificar,Interrupción repentina y completa de la respiración espontánea. (Generada Gemini),Sin especificar,Sin especificar,NO,SI,Simétrica (tipo I),J,J,Sin especificar,Sin especificar,Sin especificar,03644_parorespir.mp4,PARO RESPIRATORIO,test2,6,B2
FENASCOL VI,LSC1,3645,PARTO PREMATURO,Sin especificar,Nacimiento o expulsión del feto antes de completar el período gestacional. (Generada Gemini),Sin especificar,Sin especificar,NO,SI,Compuestas (tipo C),S,Bl,Bl,Bl,Sin especificar,03645_partoprema.mp4,PARTO PREMATURO,test2,75,B1
FENASCOL VI,LSC0,3646,PECA,Sin especificar,Pequeña mancha parda o amarillenta que aparece en la piel. (RAE),Sin especificar,Sin especificar,NO,SI,Compuestas (tipo C),J,J,Sin especificar,Sin especificar,Sin especificar,03646_peca.mp4,PECA,test4,8,A2
FENASCOL VI,LSC1,3647,PESADILLA,Sin especificar,Sueño angustioso o tenso que provoca miedo y vigilia. (RAE),Sin especificar,Sin especificar,NO,SI,Compuestas (tipo C),Bl,Bl,Q,Sin especificar,Sin especificar,03647_pesadilla.mp4,PESADILLA,test3,41,B2
FENASCOL VI,LSC1,3648,PICADURA,Sin especificar,Herida pequeña hecha por un insecto u otro animal punzante. (RAE),Sin especificar,Sin especificar,NO,SI,Asimétrica (tipo III),S,Tb,Sin especificar,Sin especificar,Sin especificar,03648_picadura.mp4,PICADURA,test1,21,B2
FENASCOL VI,LSC1,3649,PRESBICIA,Sin especificar,Disminución de la capacidad de acomodación del cristalino asociada a la edad. (RAE),Sin especificar,Sin especificar,NO,SI,Asimétrica (tipo III),Tc,Pa,Bl,Sin especificar,Sin especificar,03649_presbicia.mp4,PRESBICIA,test3,7,B1
FENASCOL VI,LSC1,3650,PROBLEMAS CARDÍACOS,Sin especificar,Conjunto de enfermedades o alteraciones relativas al funcionamiento del corazón. (Generada Gemini),Sin especificar,Sin especificar,NO,SI,Compuestas (tipo C),S,P,XXe,XXe,Sin especificar,03650_problemasc.mp4,PROBLEMAS CARDIACOS,test3,45,B2
FENASCOL VI,LSC1,3651,QUEMADURA,Sin especificar,"Lesión producida en los tejidos por el calor, el fuego o sustancias químicas. (RAE)",Sin especificar,Sin especificar,NO,SI,Asimétrica (tipo III),S,Bl,O,O,J,03651_quemadura.mp4,QUEMADURA,test2,6,B1
FENASCOL VI,LSC1,3652,QUISTE,Sin especificar,Cavidad o bolsa membranosa cerrada que contiene líquido o materia alterada. (RAE),Sin especificar,Sin especificar,NO,SI,Asimétrica (tipo III),S,Q,Sin especificar,Sin especificar,Sin especificar,03652_quiste.mp4,QUISTE,test1,67,B2
FENASCOL VI,LSC1,3653,RASPADURA,Sin especificar,Lesión superficial de la piel producida por rozamiento o fricción. (RAE),Sin especificar,Sin especificar,NO,SI,Asimétrica (tipo III),S,J,G,Sin especificar,Sin especificar,03653_raspadura.mp4,RASPADURA,test3,46,B2
FENASCOL VI,LSC1,3654,ROSÁCEA,Sin especificar,Enfermedad crónica de la piel que causa enrojecimiento y vasos visibles en la cara. (RAE),Sin especificar,Sin especificar,NO,SI,Compuestas (tipo C),P,G,G,Sin especificar,Sin especificar,03654_rosacea.mp4,ROSACEA,test2,6,B1
FENASCOL VI,LSC1,3655,ROCIOLA,Sin especificar,Enfermedad exantemática leve propia de la infancia caracterizada por fiebre y manchas. (RAE),Sin especificar,Sin especificar,NO,SI,Compuestas (tipo C),S,Oks,G,Sin especificar,Sin especificar,03655_rociola.mp4,ROCIOLA,test2,5,B2
FENASCOL VI,LSC1,3656,RUBÉOLA,Sin especificar,Enfermedad infecciosa contagiosa caracterizada por erupciones rosadas en la piel. (RAE),Sin especificar,Sin especificar,NO,SI,Compuestas (tipo C),J,J,G,G,Sin especificar,03656_rubeola.mp4,RUBEOLA,test2,6,B1
FENASCOL VI,LSC1,3657,SABAÑONES,Sin especificar,Inflamación rojiza y dolorosa de la piel de manos o pies por efecto del frío. (RAE),Sin especificar,Sin especificar,NO,SI,Asimétrica (tipo III),J,J,G,J,Sin especificar,03657_sabañones.mp4,SABANONES,test2,6,B1
FENASCOL VI,LSC1,3658,SALPULLIDO,Sin especificar,Erupción eritematosa leve en la piel que produce picazón. (RAE),Sin especificar,Sin especificar,NO,SI,Asimétrica (tipo III),Jc,P,O,J,Sin especificar,03658_salpullido.mp4,SALPULLIDO,test3,46,B2
FENASCOL VI,LSC1,3659,SANGRADO,Sin especificar,Pérdida o salida de sangre fuera del sistema circulatorio. (Generada Gemini),Sin especificar,Sin especificar,NO,SI,Semi-simétrica (tipo II),J,J,Sin especificar,Sin especificar,Sin especificar,03659_sangrado.mp4,SANGRADO,test2,60,B2
FENASCOL VI,LSC1,3660,SARAMPIÓN,Sin especificar,Enfermedad febril contagiosa caracterizada por pequeñas manchas rojas en la piel. (RAE),Sin especificar,Sin especificar,NO,SI,Compuestas (tipo C),Pc,Pc,Okss,Okss,Sin especificar,03660_sarampion.mp4,SARAMPION,test2,5,B2
FENASCOL VI,LSC1,3661,SÍNDROME,Sin especificar,Conjunto de síntomas o signos característicos de una enfermedad o estado. (RAE),Sin especificar,Sin especificar,NO,SI,Unimanual en contacto (tipo X),W,Sin especificar,Sin especificar,Sin especificar,Sin especificar,03661_sindrome.mp4,SINDROME,test2,5,B2
FENASCOL VI,LSC1,3662,SÍNTOMA,Sin especificar,Manifestación subjetiva o indicio revelador de una enfermedad. (RAE),Sin especificar,Sin especificar,NO,SI,Compuestas (tipo C),Cl,Bl,P,Bl,Sin especificar,03662_sintoma.mp4,SINTOMA,test2,5,B2
FENASCOL VI,LSC1,3663,SINUSITIS,Sin especificar,Inflamación de la mucosa que reviste los senos paranasales. (RAE),Sin especificar,Sin especificar,NO,SI,Compuestas (tipo C),P,O,O,Sin especificar,Sin especificar,03663_sinusitis.mp4,SINUSITIS,test1,58,B2
FENASCOL VI,LSC1,3664,SOFOCO,Sin especificar,Sensación repentina de calor en la piel acompañada de sudoración. (RAE),Sin especificar,Sin especificar,NO,SI,Compuestas (tipo C),Q,Q,J,J,Q,03664_sofoco.mp4,SOFOCO,test3,46,B2
FENASCOL VI,LSC1,3665,SONÁMBULO,Sin especificar,Persona que padece somnambulismo y camina o actúa estando dormida. (RAE),Sin especificar,Sin especificar,NO,SI,Compuestas (tipo C),Bl,P,X,Bl,V,03665_sonambulo.mp4,SONAMBULO,test1,53,B1
FENASCOL VI,LSC1,3666,SUPURACIÓN EN EL OÍDO,Sin especificar,Secreción o salida de pus a través del conducto auditivo. (Generada Gemini),Sin especificar,Sin especificar,NO,SI,Unimanual en contacto (tipo X),P,Q,J,Sin especificar,Sin especificar,03666_supuracion.mp4,SUPURACION EN EL OIDO,test4,79,B2
FENASCOL VI,LSC1,3667,TORCEDURA,Sin especificar,Lesión violenta de una articulación sin luxación ni rotura de ligamentos. (RAE),Sin especificar,Sin especificar,NO,SI,Compuestas (tipo C),B,B,Bl,Sin especificar,Sin especificar,03667_torcedura.mp4,TORCEDURA,test2,61,B2
UEB,LSC1,3668,TRAUMA 1,Sin especificar,Lesión o daño físico producido por un golpe o agente externo. (RAE),Sin especificar,Sin especificar,NO,SI,Unimanual en contacto (tipo X),Pc,Sin especificar,Sin especificar,Sin especificar,Sin especificar,03668_trauma1.mp4,TRAUMA 1,test2,6,B1
UEB,LSC1,3669,TRAUMA 2,Sin especificar,Variante de seña para shock o secuela psicológica tras un choque emocional. (Generada Gemini),Sin especificar,Sin especificar,NO,SI,Compuestas (tipo C),Pc,Pc,Sin especificar,Sin especificar,Sin especificar,03669_trauma2.mp4,TRAUMA 2,test2,6,B1
FENASCOL VI,LSC1,3670,ULCERA,Sin especificar,Lesión abierta en la piel o membranas mucosas con pérdida de sustancia. (RAE),Sin especificar,Sin especificar,NO,SI,Unimanual en contacto (tipo X),S,Okf,Sin especificar,Sin especificar,Sin especificar,03670_ulcera.mp4,ULCERA,test3,46,B2
FENASCOL VI,LSC1,3671,VARICELA,Sin especificar,Enfermedad contagiosa aguda que causa erupciones cutáneas con vesículas. (RAE),Sin especificar,Sin especificar,NO,SI,Compuestas (tipo C),Cb,Cb,Cl,Sin especificar,Sin especificar,03671_varicela.mp4,VARICELA,test2,6,B1
FENASCOL VI,LSC1,3672,VÓMITO 1,Sin especificar,Expulsión violenta por la boca del contenido del estómago. (RAE),Sin especificar,Sin especificar,NO,SI,Unimanual en contacto (tipo X),J,Sin especificar,Sin especificar,Sin especificar,Sin especificar,03672_vomito1.mp4,VOMITO 1,test1,32,B2
UEB,LSC1,3673,VÓMITO 2,Sin especificar,Variante de seña para la acción o reflejo de devolver o vomitar. (Generada Gemini),Sin especificar,Sin especificar,NO,SI,Semi-simétrica (tipo II),Jc,Jc,Sin especificar,Sin especificar,Sin especificar,03673_vomito2.mp4,VOMITO 2,test3,70,B2
FENASCOL VI,LSC1,3674,ANESTECIA,Sin especificar,Privación total o parcial de la sensibilidad producida por un fármaco. (RAE),Sin especificar,Sin especificar,NO,SI,Compuestas (tipo C),S,Vc,Pa,Pc,Sin especificar,03674_anestecia.mp4,ANESTECIA,test3,41,B2
FENASCOL VI,LSC1,3675,CÉSAREA,Sin especificar,Intervención quirúrgica para la extracción del feto a través de la pared abdominal. (RAE),Sin especificar,Sin especificar,NO,SI,Compuestas (tipo C),A,J,J,Sin especificar,Sin especificar,03675_cesarea.mp4,CESAREA,test4,24,B2
FENASCOL VI,LSC1,3676,CIRCUNCISIÓN,Sin especificar,Extirpación total o parcial del prepucio del pene. (RAE),Sin especificar,Sin especificar,NO,SI,Compuestas (tipo C),L,P,L,Sin especificar,Sin especificar,03676_circuncisi.mp4,CIRCUNCISION,test4,51,B2
FENASCOL VI,LSC1,3677,CIRUGÍA 1,Sin especificar,Especialidad médica que cura las enfermedades mediante intervenciones manuales o instrumentales. (RAE),Sin especificar,Sin especificar,NO,SI,Asimétrica (tipo III),J,A,Sin especificar,Sin especificar,Sin especificar,03677_cirugia1.mp4,CIRUGIA 1,test1,4,B2
FENASCOL VI,LSC1,3678,CIRUGÍA 2,Sin especificar,Variante de seña para procedimiento quirúrgico o intervención en quirófano. (Generada Gemini),Sin especificar,Sin especificar,NO,SI,Semi-simétrica (tipo II),A,A,Sin especificar,Sin especificar,Sin especificar,03678_cirugia2.mp4,CIRUGIA 2,test2,77,B2
FENASCOL VI,LSC1,3679,CUIDADOS INTENSIVOS,Sin especificar,Servicio hospitalario destinado al tratamiento constante de pacientes graves o críticos. (Generada Gemini),Sin especificar,Sin especificar,NO,SI,Simétrica (tipo I),Okc,Okc,Sin especificar,Sin especificar,Sin especificar,03679_cuidadosin.mp4,CUIDADOS INTENSIVOS,test2,77,B2
FENASCOL VI,LSC1,3680,DIETA,Sin especificar,Régimen alimentario o conjunto de sustancias que se ingieren habitualmente. (RAE),Sin especificar,Sin especificar,NO,SI,Compuestas (tipo C),Q,P,Okc,Okc,Sin especificar,03680_dieta.mp4,DIETA,test2,18,B1
FENASCOL VI,LSC1,3681,DONACIÓN DE SANGRE,Sin especificar,Extracción voluntaria de sangre para su posterior uso en transfusiones. (Generada Gemini),Sin especificar,Sin especificar,NO,SI,Asimétrica (tipo III),Bl,Vl,Bl,J,Bl,03681_donacionde.mp4,DONACION DE SANGRE,test2,60,B2
FENASCOL VI,LSC1,3682,ECOGRAFÍA,Sin especificar,Técnica de diagnóstico por imagen basada en la reflexión de ultrasonidos. (RAE),Sin especificar,Sin especificar,NO,SI,Unimanual en contacto (tipo X),S,Sin especificar,Sin especificar,Sin especificar,Sin especificar,03682_ecografia.mp4,ECOGRAFIA,test2,73,B1
FENASCOL VI,LSC1,3683,ENDOSCOPIA,Sin especificar,Exploración visual del interior de una cavidad u órgano mediante un endoscopio. (RAE),Sin especificar,Sin especificar,NO,SI,Unimanual en contacto (tipo X),P,Sin especificar,Sin especificar,Sin especificar,Sin especificar,03683_endoscopia.mp4,ENDOSCOPIA,test4,40,B2
FENASCOL VI,LSC1,3684,ENYESAR,Sin especificar,Inmovilizar una extremidad o hueso fracturado mediante un vendaje de yeso. (RAE),Sin especificar,Sin especificar,NO,SI,Compuestas (tipo C),B,B,X,No,Sin especificar,03684_enyesar.mp4,ENYESAR,test2,61,B2
UEB,LSC1,3685,ESPECULOSCOPIA,Sin especificar,Exploración visual de cavidades corporales mediante el uso de un espéculo. (Generada Gemini),Sin especificar,Sin especificar,NO,SI,Compuestas (tipo C),Lc,H,V,Sin especificar,Sin especificar,03685_especulosc.mp4,ESPECULOSCOPIA,test4,40,B2
FENASCOL VI,LSC1,3686,EXAMEN CITOLOGÍA VAGINAL 1,Sin especificar,Análisis microscópico de células cérvico-vaginales para detectar anomalías. (Generada Gemini),Sin especificar,Sin especificar,NO,SI,Compuestas (tipo C),Lc,Pc,Sin especificar,Sin especificar,Sin especificar,03686_examencito.mp4,EXAMEN CITOLOGIA VAGINAL 1,test1,14,B1
UEB,LSC1,3687,EXAMEN CITOLOGÍA VAGINAL 2,Sin especificar,Variante de seña para la prueba o toma de muestra del cuello uterino. (Generada Gemini),Sin especificar,Sin especificar,NO,SI,Asimétrica (tipo III),Lc,Pc,Sin especificar,Sin especificar,Sin especificar,03687_examencito.mp4,EXAMEN CITOLOGIA VAGINAL 2,test1,42,B1
FENASCOL VI,LSC1,3688,EXAMEN CROPOLÓGICO,Sin especificar,Análisis clínico de las heces para evaluar el estado digestivo o parasitario. (Generada Gemini),Sin especificar,Sin especificar,NO,SI,Asimétrica (tipo III),Al,A,Bl,Ok,Gl,03688_examencrop.mp4,EXAMEN CROPOLOGICO,test2,6,B1
FENASCOL VI,LSC1,3689,EXAMEN DE SANGRE,Sin especificar,Análisis de laboratorio de una muestra sanguínea para evaluar el estado de salud. (Generada Gemini),Sin especificar,Sin especificar,NO,SI,Compuestas (tipo C),Bl,Vl,J,Gl,Gl,03689_examendesa.mp4,EXAMEN DE SANGRE,test2,60,B2
FENASCOL VI,LSC1,3690,EXAMEN FÍSICO,Sin especificar,Exploración médica directa del cuerpo de un paciente mediante inspección y palpación. (Generada Gemini),Sin especificar,Sin especificar,NO,SI,Simétrica (tipo I),Cl,Cl,S,S,Gl,03690_examenfisi.mp4,EXAMEN FISICO,test3,23,B1
FENASCOL VI,LSC1,3691,EXAMEN PARCIAL DE ORINA,Sin especificar,Análisis fisicoquímico y microscópico de una muestra de orina. (Generada Gemini),Sin especificar,Sin especificar,NO,SI,Compuestas (tipo C),I,A,S,Tc,Gl,03691_examenparc.mp4,EXAMEN PARCIAL DE ORINA,test3,15,B2
FENASCOL VI,LSC1,3692,FACTOR R.H. 1,Sin especificar,Proteína o antígeno específico presente en la superficie de los glóbulos rojos. (RAE),Sin especificar,Sin especificar,NO,SI,Asimétrica (tipo III),P,Pc,Sin especificar,Sin especificar,Sin especificar,03692_factorrh1.mp4,FACTOR R.H. 1,test1,58,B2
FENASCOL VI,LSC1,3693,FACTOR R.H. 2,Sin especificar,Variante de seña para la clasificación del grupo sanguíneo positivo o negativo. (Generada Gemini),Sin especificar,Sin especificar,NO,SI,Asimétrica (tipo III),P,Pc,H,H,Sin especificar,03693_factorrh2.mp4,FACTOR R.H. 2,test2,60,B2
FENASCOL VI,LSC1,3694,FÓRMULA MÉDICA,Sin especificar,Documento en que el médico prescribe la medicación y tratamiento al paciente. (RAE),Sin especificar,Sin especificar,NO,SI,Asimétrica (tipo III),J,Nc,Bl,Bl,Sin especificar,03694_formulamed.mp4,FORMULA MEDICA,test2,77,B2
FENASCOL VI,LSC1,3695,HISTERECTOMÍA,Sin especificar,Extirpación quirúrgica total o parcial del útero. (RAE),Sin especificar,Sin especificar,NO,SI,Asimétrica (tipo III),I,J,Q,J,Sin especificar,03695_histerecto.mp4,HISTERECTOMIA,test4,24,B2
FENASCOL VI,LSC1,3696,IMPLANTE COCLEAR,Sin especificar,Dispositivo electrónico quirúrgico que restaura parcialmente la audición en sorderas severas. (Generada Gemini),Sin especificar,Sin especificar,NO,SI,Unimanual en contacto (tipo X),XX,Sin especificar,Sin especificar,Sin especificar,Sin especificar,03696_implanteco.mp4,IMPLANTE COCLEAR,test4,79,B2
FENASCOL VI,LSC1,3697,INCAPACITADO,Sin especificar,Persona que tiene mermadas sus facultades para el trabajo o actividades habituales. (RAE),Sin especificar,Sin especificar,NO,SI,Simétrica (tipo I),I,I,V,V,Sin especificar,03697_incapacita.mp4,INCAPACITADO,test1,28,B2
FENASCOL VI,LSC1,3698,LAPAROSCOPIA,Sin especificar,Técnica quirúrgica para examinar o intervenir el abdomen mediante pequeñas incisiones. (RAE),Sin especificar,Sin especificar,NO,SI,Asimétrica (tipo III),Ok,Pc,P,Sin especificar,Sin especificar,03698_laparoscop.mp4,LAPAROSCOPIA,test2,77,B2
FENASCOL VI,LSC1,3699,MAMOGRAFÍA,Sin especificar,Exploración de las mamas mediante rayos X para detectar anomalías. (RAE),Sin especificar,Sin especificar,NO,SI,Simétrica (tipo I),J,J,Sin especificar,Sin especificar,Sin especificar,03699_mamografia.mp4,MAMOGRAFIA,test4,24,B2
FENASCOL VI,LSC1,3700,PARTO VAGINAL,Sin especificar,Nacimiento del bebé a través del canal vaginal de la madre. (Generada Gemini),Sin especificar,Sin especificar,NO,SI,Compuestas (tipo C),J,G,Cl,Cl,Sin especificar,03700_partovagin.mp4,PARTO VAGINAL,test2,75,B1
FENASCOL VI,LSC1,3701,PREVENCIÓN,Sin especificar,Conjunto de medidas para evitar la aparición o propagación de enfermedades. (RAE),Sin especificar,Sin especificar,NO,SI,Simétrica (tipo I),Be,Be,Sin especificar,Sin especificar,Sin especificar,03701_prevencion.mp4,PREVENCION,test2,5,B2
FENASCOL VI,LSC1,3702,RADIACIÓN,Sin especificar,Emisión y propagación de energía en forma de ondas o partículas subatómicas. (RAE),Sin especificar,Sin especificar,SI,SI,Simétrica (tipo I),Qe,J,Sin especificar,Sin especificar,Sin especificar,03702_radiacion.mp4,RADIACION,test4,27,B1
FENASCOL VI,LSC1,3703,RAYOS X,Sin especificar,Radiación electromagnética empleada en medicina para obtener imágenes del interior del cuerpo. (RAE),Sin especificar,Sin especificar,SI,SI,Simétrica (tipo I),L,Xc,Sin especificar,Sin especificar,Sin especificar,03703_rayosx.mp4,RAYOS X,test2,73,B1
FENASCOL VI,LSC1,3704,RECUPERACIÓN 1,Sin especificar,Proceso de restablecimiento de la salud o de las funciones corporales. (RAE),Sin especificar,Sin especificar,SI,SI,Simétrica (tipo I),Bl,Sin especificar,Sin especificar,Sin especificar,Sin especificar,03704_recuperaci.mp4,RECUPERACION 1,test4,76,B2
UEB,LSC1,3705,RECUPERACIÓN 2,Sin especificar,Variante de seña para el período de convalecencia o sanación. (Generada Gemini),Sin especificar,Sin especificar,SI,SI,Asimétrica (tipo III),Bl,Rl,Sin especificar,Sin especificar,Sin especificar,03705_recuperaci.mp4,RECUPERACION 2,test2,47,B2
FENASCOL VI,LSC0,3706,RELAJACIÓN,Sin especificar,"Disminución de la tensión muscular, física o mental. (RAE)",Sin especificar,Sin especificar,SI,SI,Compuestas (tipo C),P,J,Sin especificar,Sin especificar,Sin especificar,03706_relajacion.mp4,RELAJACION,test4,38,A2
FENASCOL VI,LSC1,3707,REPOSO (DESCANSO),Sin especificar,Estado de quietud o inactividad física destinado a la recuperación del cuerpo. (RAE),Sin especificar,Sin especificar,SI,SI,Simétrica (tipo I),K,Sin especificar,Sin especificar,Sin especificar,Sin especificar,03707_reposodesc.mp4,REPOSO DESCANSO,test3,23,B1
FENASCOL VI,LSC1,3708,TOMOGRAFÍA AXIAL COMPUTARIZADA (TAC),Sin especificar,Técnica de diagnóstico por imágenes transversales del cuerpo obtenidas por ordenador. (RAE),Sin especificar,Sin especificar,SI,SI,Asimétrica (tipo III),C,H,Sin especificar,Sin especificar,Sin especificar,03708_tomografia.mp4,TOMOGRAFIA AXIAL COMPUTARIZADA TAC,test1,58,B2
FENASCOL VI,LSC1,3709,TRACTO RECTAL,Sin especificar,Exploración médica directa del recto mediante palpación digital. (Generada Gemini),Sin especificar,Sin especificar,SI,SI,Asimétrica (tipo III),Okb,H,Sin especificar,Sin especificar,Sin especificar,03709_tractorect.mp4,TRACTO RECTAL,test1,56,B1
FENASCOL VI,LSC1,3710,TRACTO VAGINAL,Sin especificar,Exploración médica directa del canal vaginal y cuello uterino. (Generada Gemini),Sin especificar,Sin especificar,SI,SI,Asimétrica (tipo III),L,H,Sin especificar,Sin especificar,Sin especificar,03710_tractovagi.mp4,TRACTO VAGINAL,test1,42,B1
FENASCOL VI,LSC1,3711,TERAPIA,Sin especificar,Tratamiento orientado a la curación o alivio de enfermedades o síntomas. (RAE),Sin especificar,Sin especificar,SI,SI,Unimanual en contacto (tipo X),T,Sin especificar,Sin especificar,Sin especificar,Sin especificar,03711_terapia.mp4,TERAPIA,test1,4,B2
FENASCOL VI,LSC1,3712,TOMAR EL PULSO,Sin especificar,Acción de medir el número de pulsaciones cardíacas por minuto en una arteria. (Generada Gemini),Sin especificar,Sin especificar,SI,SI,Asimétrica (tipo III),S,H,Sin especificar,Sin especificar,Sin especificar,03712_tomarelpul.mp4,TOMAR EL PULSO,test3,45,B2
FENASCOL VI,LSC1,3713,TOMAR LA TENSIÓN,Sin especificar,Acción de medir la presión que ejerce la sangre en las arterias. (Generada Gemini),Sin especificar,Sin especificar,SI,SI,Asimétrica (tipo III),S,C,C,S,Sin especificar,03713_tomarlaten.mp4,TOMAR LA TENSION,test2,60,B2
FENASCOL VI,LSC1,3714,TRABAJO DE PARTO,Sin especificar,Conjunto de contracciones y etapas fisiológicas que preceden al nacimiento del bebé. (Generada Gemini),Sin especificar,Sin especificar,SI,SI,Compuestas (tipo C),J,Bl,C,S,Bl,03714_trabajodep.mp4,TRABAJO DE PARTO,test2,51,B1
FENASCOL VI,LSC1,3715,TRANSFUSIÓN DE SANGRE,Sin especificar,Procedimiento médico en que se suministra sangre o sus componentes por vía intravenosa. (RAE),Sin especificar,Sin especificar,SI,SI,Compuestas (tipo C),J,S,J,Sin especificar,Sin especificar,03715_transfusio.mp4,TRANSFUSION DE SANGRE,test2,60,B2
FENASCOL VI,LSC1,3716,TRASPLANTE,Sin especificar,Procedimiento de sustitución de un órgano o tejido enfermo por otro sano. (RAE),Sin especificar,Sin especificar,SI,SI,Compuestas (tipo C),A,Gl,Gl,A,Gl,03716_trasplante.mp4,TRASPLANTE,test3,23,B1
FENASCOL VI,LSC1,3717,VERRUGAS,Sin especificar,Excrecencias cutáneas benignas causadas habitualmente por el virus del papiloma. (RAE),Sin especificar,Sin especificar,SI,SI,Asimétrica (tipo III),S,Pc,Sin especificar,Sin especificar,Sin especificar,03717_verrugas.mp4,VERRUGAS,test2,6,B1
FENASCOL VI,LSC1,3718,INHALADOR,Sin especificar,Dispositivo médico para administrar medicamentos en forma de vapor o aerosol por las vías respiratorias. (RAE),Sin especificar,Sin especificar,SI,SI,Unimanual en contacto (tipo X),Vc,Sin especificar,Sin especificar,Sin especificar,Sin especificar,03718_inhalador.mp4,INHALADOR,test3,7,B2
FENASCOL VI,LSC0,3719,CIEGO,Sin especificar,Persona privada de la facultad de ver. (RAE),Sin especificar,Sin especificar,SI,SI,Unimanual en contacto (tipo X),XX,Sin especificar,Sin especificar,Sin especificar,Sin especificar,03719_ciego.mp4,CIEGO,test2,19,A2
FENASCOL VI,LSC0,3720,COJO,Sin especificar,Persona que cojea o le falta una pierna o pie. (RAE),Sin especificar,Sin especificar,SI,SI,Compuestas (tipo C),Bl,P,Sin especificar,Sin especificar,Sin especificar,03720_cojo.mp4,COJO,test4,3,A2
FENASCOL VI,LSC1,3721,CUADRAPLEJICO,Sin especificar,Persona afectada por parálisis en las cuatro extremidades del cuerpo. (RAE),Sin especificar,Sin especificar,SI,SI,Compuestas (tipo C),Be,B,Sin especificar,Sin especificar,Sin especificar,03721_cuadraplej.mp4,CUADRAPLEJICO,test4,42,B2
FENASCOL VI,LSC1,3722,DISCAPACIDAD,Sin especificar,"Condición de la persona que presenta deficiencias físicas, mentales, intelectuales o sensoriales. (RAE)",Sin especificar,Sin especificar,NO,SI,Simétrica (tipo I),Bl,Sin especificar,Sin especificar,Sin especificar,Sin especificar,03722_discapacid.mp4,DISCAPACIDAD,test3,41,B2
FENASCOL VI,LSC1,3723,ENFERMO-MENTAL,Sin especificar,Persona que padece un trastorno o alteración en el funcionamiento psíquico o emocional. (RAE),Sin especificar,Sin especificar,NO,SI,Unimanual en contacto (tipo X),Ql,Jb,Sin especificar,Sin especificar,Sin especificar,03723_enfermomen.mp4,ENFERMO MENTAL,test3,41,B2
UEB,LSC1,3724,ENFERMO-SEXUAL-1,Sin especificar,"Persona que presenta una patología, adicción o alteración del comportamiento sexual. (Generada Gemini)",Sin especificar,Sin especificar,NO,SI,Unimanual en contacto (tipo X),Be,Sin especificar,Sin especificar,Sin especificar,Sin especificar,03724_enfermosex.mp4,ENFERMO SEXUAL 1,test1,80,B2
UEB,LSC1,3725,ENFERMO-SEXUAL-2,Sin especificar,Variante de seña para conducta o adicción sexual compulsiva. (Generada Gemini),Sin especificar,Sin especificar,NO,SI,Asimétrica (tipo III),N,Sin especificar,Sin especificar,Sin especificar,Sin especificar,03725_enfermosex.mp4,ENFERMO SEXUAL 2,test1,80,B2
UEB,LSC0,3726,PENSAR-MUCHO,Sin especificar,Acción de reflexionar o rumiar pensamientos de forma reiterada o pausada. (Generada Gemini),Sin especificar,Sin especificar,NO,SI,Unimanual en contacto (tipo X),P,Sin especificar,Sin especificar,Sin especificar,Sin especificar,03726_pensarmuch.mp4,PENSAR MUCHO,test1,36,A1
FENASCOL VI,LSC1,3727,ENSORDECIDO,Sin especificar,Que ha perdido de forma temporal o paulatina la facultad auditiva. (RAE),Sin especificar,Sin especificar,NO,SI,Simétrica (tipo I),Jc,Sin especificar,Sin especificar,Sin especificar,Sin especificar,03727_ensordecid.mp4,ENSORDECIDO,test4,79,B2
UEB,LSC1,3728,SORDO(CERRADO),Sin especificar,Persona sorda que utiliza la lengua de señas y se identifica plenamente con la cultura sorda. (Generada Gemini),Sin especificar,Sin especificar,NO,SI,Unimanual en contacto (tipo X),A,Sin especificar,Sin especificar,Sin especificar,Sin especificar,03728_sordocerra.mp4,SORDO CERRADO,test4,79,B2
FENASCOL VI,LSC1,3729,HIPERACTIVO,Sin especificar,Persona que presenta un nivel elevado e inusual de actividad motora e impulsividad. (RAE),Sin especificar,Sin especificar,NO,SI,Unimanual (tipo 0),XX,Sin especificar,Sin especificar,Sin especificar,Sin especificar,03729_hiperactiv.mp4,HIPERACTIVO,test3,41,B2
FENASCOL VI,LSC1,3730,HIPOACÚSICO,Sin especificar,Persona que presenta una disminución parcial de la capacidad auditiva. (RAE),Sin especificar,Sin especificar,NO,SI,Unimanual (tipo 0),Tf,Sin especificar,Sin especificar,Sin especificar,Sin especificar,03730_hipoacusic.mp4,HIPOACUSICO,test4,79,B2
FENASCOL VI,LSC0,3731,LIMITACIÓN,Sin especificar,Restricción o impedimento en el desarrollo o desempeño de ciertas funciones. (RAE),Sin especificar,Sin especificar,NO,SI,Simétrica (tipo I),Bl,Sin especificar,Sin especificar,Sin especificar,Sin especificar,03731_limitacion.mp4,LIMITACION,test3,70,A2
UEB,LSC0,3732,TOMAR-DISTANCIA,Sin especificar,Acción de alejarse o establecer una separación física o interpersonal. (Generada Gemini),Sin especificar,Sin especificar,NO,SI,Simétrica (tipo I),Bl,Sin especificar,Sin especificar,Sin especificar,Sin especificar,03732_tomardista.mp4,TOMAR DISTANCIA,test2,84,A2
FENASCOL VI,LSC1,3733,SÍNDROME DE DOWN,Sin especificar,Trastorno genético ocasionado por la presencia de una copia extra del cromosoma 21. (RAE),Sin especificar,Sin especificar,NO,SI,Compuestas (tipo C),P,W,Sin especificar,Sin especificar,Sin especificar,03733_sindromede.mp4,SINDROME DE DOWN,test1,58,B2
FENASCOL VI,LSC1,3734,PARAPLÉJICO,Sin especificar,Persona afectada por parálisis en la mitad inferior del cuerpo. (RAE),Sin especificar,Sin especificar,NO,SI,Simétrica (tipo I),Af,Sin especificar,Sin especificar,Sin especificar,Sin especificar,03734_paraplejic.mp4,PARAPLEJICO,test4,42,B2
FENASCOL VI,LSC1,3735,RETARDADO-MENTAL,Sin especificar,Término en desuso para referirse a la discapacidad intelectual o del desarrollo. (RAE),Sin especificar,Sin especificar,NO,SI,Compuestas (tipo C),P,Bl,Sin especificar,Sin especificar,Sin especificar,03735_retardadom.mp4,RETARDADO MENTAL,test3,41,B2
UEB,LSC1,3736,RETARDADO-MENTAL-LETRAS,Sin especificar,Variante de seña para dificultad específica en el aprendizaje de la lectoescritura. (Generada Gemini),Sin especificar,Sin especificar,NO,SI,Compuestas (tipo C),R,We,Sin especificar,Sin especificar,Sin especificar,03736_retardadom.mp4,RETARDADO MENTAL LETRAS,test2,6,B2
FENASCOL VI,LSC1,3737,AUDIÓLOGO,Sin especificar,Especialista en el diagnóstico y tratamiento de las alteraciones del sistema auditivo. (RAE),Sin especificar,Sin especificar,NO,SI,Compuestas (tipo C),N,Gl,Sin especificar,Sin especificar,Sin especificar,03737_audiologo.mp4,AUDIOLOGO,test2,11,B1
FENASCOL VI,LSC1,3738,ANESTESIÓLOGO,Sin especificar,Médico especialista en la administración de anestesia y el alivio del dolor. (RAE),Sin especificar,Sin especificar,NO,SI,Compuestas (tipo C),N,Pl,Sin especificar,Sin especificar,Sin especificar,03738_anestesiol.mp4,ANESTESIOLOGO,test2,77,B2
FENASCOL VI,LSC1,3739,FARMACEUTA,Sin especificar,"Profesional capacitado en la preparación, dispensación y control de medicamentos. (RAE)",Sin especificar,Sin especificar,NO,SI,Compuestas (tipo C),Xc,S,Sin especificar,Sin especificar,Sin especificar,03739_farmaceuta.mp4,FARMACEUTA,test2,85,B1
FENASCOL VI,LSC1,3740,FISIOTERAPEUTA,Sin especificar,Especialista en la rehabilitación física y funcional mediante agentes físicos y ejercicios. (RAE),Sin especificar,Sin especificar,NO,SI,Compuestas (tipo C),S,Gl,Sin especificar,Sin especificar,Sin especificar,03740_fisioterap.mp4,FISIOTERAPEUTA,test4,76,B2
FENASCOL VI,LSC1,3741,TERAPEUTA-OCUPACIONAL,Sin especificar,Profesional que ayuda a las personas a recuperar la autonomía en sus actividades diarias. (Generada Gemini),Sin especificar,Sin especificar,NO,SI,Compuestas (tipo C),Be,Ok,Sin especificar,Sin especificar,Sin especificar,03741_terapeutao.mp4,TERAPEUTA OCUPACIONAL,test4,3,B2
FENASCOL VI,LSC1,3742,AUDÍFONO,Sin especificar,Dispositivo electroacústico para amplificar el sonido en personas con pérdida auditiva. (RAE),Sin especificar,Sin especificar,NO,SI,Unimanual en contacto (tipo X),Cb,Sin especificar,Sin especificar,Sin especificar,Sin especificar,03742_audifono.mp4,AUDIFONO,test4,79,B2
FENASCOL VI,LSC1,3743,BASTÓN,Sin especificar,Vara o apoyo de madera o metal usado para sostenerse al caminar. (RAE),Sin especificar,Sin especificar,NO,SI,Asimétrica (tipo III),Hl,S,Sin especificar,Sin especificar,Sin especificar,03743_baston.mp4,BASTON,test1,74,B2
FENASCOL VI,LSC1,3744,CAMILLA,Sin especificar,Cama estrecha y portátil utilizada para transportar enfermos o heridos. (RAE),Sin especificar,Sin especificar,NO,SI,Semi-simétrica (tipo II),Bl,Hl,S,Sin especificar,Sin especificar,03744_camilla.mp4,CAMILLA,test2,25,B1
FENASCOL VI,LSC1,3745,ESTETOSCOPIO,Sin especificar,Instrumento médico para auscultar los sonidos cardiacos y respiratorios. (RAE),Sin especificar,Sin especificar,NO,SI,Semi-simétrica (tipo II),Cb,Q,Sin especificar,Sin especificar,Sin especificar,03745_estetoscop.mp4,ESTETOSCOPIO,test2,11,B1
FENASCOL VI,LSC1,3746,FRENILLO,Sin especificar,Aparato ortodóntico para corregir la posición de los dientes. (RAE),Sin especificar,Sin especificar,NO,SI,Unimanual en contacto (tipo X),X,Sin especificar,Sin especificar,Sin especificar,Sin especificar,03746_frenillo.mp4,FRENILLO,test2,50,B2
FENASCOL VI,LSC1,3747,GAFAS,Sin especificar,Instrumento óptico compuesto por dos lentes montadas en una armadura. (RAE),Sin especificar,Sin especificar,NO,SI,Unimanual en contacto (tipo X),Cb,Sin especificar,Sin especificar,Sin especificar,Sin especificar,03747_gafas.mp4,GAFAS,test1,81,B2
FENASCOL VI,LSC1,3748,LENTES,Sin especificar,Pieza transparente de cristal o plástico para corregir defectos de visión. (RAE),Sin especificar,Sin especificar,NO,SI,Unimanual (tipo 0),Pc,Sin especificar,Sin especificar,Sin especificar,Sin especificar,03748_lentes.mp4,LENTES,test1,81,B2
FENASCOL VI,LSC1,3749,LENTES DE CONTACTO,Sin especificar,Lentes delgadas que se colocan directamente sobre la córnea para corregir la visión. (RAE),Sin especificar,Sin especificar,NO,SI,Simétrica (tipo I),S,P,Sin especificar,Sin especificar,Sin especificar,03749_lentesdeco.mp4,LENTES DE CONTACTO,test1,81,B2
FENASCOL VI,LSC1,3750,MULETA,Sin especificar,Apoyo de madera o metal con soporte para el brazo o axila al caminar. (RAE),Sin especificar,Sin especificar,NO,SI,Unimanual (tipo 0),Xl,Sin especificar,Sin especificar,Sin especificar,Sin especificar,03750_muleta.mp4,MULETA,test1,74,B2
FENASCOL VI,LSC1,3751,SILLA DE RUEDAS,Sin especificar,Silla articulada sobre ruedas diseñada para la movilidad de personas con discapacidad motora. (RAE),Sin especificar,Sin especificar,NO,SI,Asimétrica (tipo III),H,XX,Xl,Sin especificar,Sin especificar,03751_silladerue.mp4,SILLA DE RUEDAS,test1,74,B2
FENASCOL VI,LSC1,3752,BOTIQUIN,Sin especificar,Caja o maletín con medicinas y material de curación para primeros auxilios. (RAE),Sin especificar,Sin especificar,NO,SI,Compuestas (tipo C),Bl,P,Sin especificar,Sin especificar,Sin especificar,03752_botiquin.mp4,BOTIQUIN,test1,56,B1
FENASCOL VI,LSC1,3753,CURITA,Sin especificar,Tira adhesiva con una compresa pequeña estéril para cubrir heridas leves. (Regionalismo),Sin especificar,Sin especificar,NO,SI,Asimétrica (tipo III),A,S,Sin especificar,Sin especificar,Sin especificar,03753_curita.mp4,CURITA,test3,86,B1
FENASCOL VI,LSC1,3754,ESPARADRAPO,Sin especificar,Cinta adhesiva empleada para fijar vendajes o compresas sobre la piel. (RAE),Sin especificar,Sin especificar,NO,SI,Asimétrica (tipo III),A,S,Sin especificar,Sin especificar,Sin especificar,03754_esparadrap.mp4,ESPARADRAPO,test4,88,B1
FENASCOL VI,LSC1,3755,GASA,Sin especificar,Malla o lienzo transparente de algodón estéril para curar heridas. (RAE),Sin especificar,Sin especificar,NO,SI,Compuestas (tipo C),J,Qf,Sin especificar,Sin especificar,Sin especificar,03755_gasa.mp4,GASA,test4,88,B1
FENASCOL VI,LSC1,3756,ALKASELTZER,Sin especificar,Medicamento efervescente analgésico y antiácido comercial. (Generada Gemini),Sin especificar,Sin especificar,NO,SI,Compuestas (tipo C),C,Okb,Gl,Sin especificar,Sin especificar,03756_alkaseltze.mp4,ALKASELTZER,test3,19,B1
FENASCOL VI,LSC1,3757,ANTIBIÓTICO,Sin especificar,Sustancia médica empleada para combatir infecciones producidas por bacterias. (RAE),Sin especificar,Sin especificar,NO,SI,Compuestas (tipo C),B,S,Be,Sin especificar,Sin especificar,03757_antibiotic.mp4,ANTIBIOTICO,test1,4,B2
FENASCOL VI,LSC1,3758,POMADA,Sin especificar,Preparación farmacéutica semisólida para aplicación tópica en la piel. (RAE),Sin especificar,Sin especificar,NO,SI,Compuestas (tipo C),C,Cl,B,Sin especificar,Sin especificar,03758_pomada.mp4,POMADA,test4,69,B1
FENASCOL VI,LSC1,3759,DIETÉTICO-BAJAR-PESO,Sin especificar,Producto o régimen alimentario concebido para reducir la masa corporal. (Generada Gemini),Sin especificar,Sin especificar,NO,SI,Compuestas (tipo C),Q,I,Sin especificar,Sin especificar,Sin especificar,03759_dieteticob.mp4,DIETETICO BAJAR PESO,test2,18,B1
FENASCOL VI,LSC1,3760,GOTAS,Sin especificar,Presentación líquida de medicamentos administrada en pequeñas porciones contadas. (RAE),Sin especificar,Sin especificar,NO,SI,Unimanual (tipo 0),Okb,Sin especificar,Sin especificar,Sin especificar,Sin especificar,03760_gotas.mp4,GOTAS,test3,7,B2
FENASCOL VI,LSC1,3761,JARABE,Sin especificar,Preparación médica líquida y viscosa con alto contenido de azúcar. (RAE),Sin especificar,Sin especificar,NO,SI,Compuestas (tipo C),O,Xt,Sin especificar,Sin especificar,Sin especificar,03761_jarabe.mp4,JARABE,test1,16,B1
FENASCOL VI,LSC1,3762,LAXANTE,Sin especificar,Sustancia que facilita la evacuación del intestino. (RAE),Sin especificar,Sin especificar,NO,SI,Compuestas (tipo C),Xf,C,Q,Sin especificar,Sin especificar,03762_laxante.mp4,LAXANTE,test2,10,B1
FENASCOL VI,LSC1,3763,OXIGENO,Sin especificar,Elemento gaseoso indispensable para la respiración administrado en terapias. (RAE),Sin especificar,Sin especificar,NO,SI,Unimanual en contacto (tipo X),B,Sin especificar,Sin especificar,Sin especificar,Sin especificar,03763_oxigeno.mp4,OXIGENO,test3,7,B2
FENASCOL VI,LSC1,3764,REMEDIO,Sin especificar,Medio o sustancia que sirve para curar o aliviar una enfermedad. (RAE),Sin especificar,Sin especificar,NO,SI,Asimétrica (tipo III),Bl,S,Sin especificar,Sin especificar,Sin especificar,03764_remedio.mp4,REMEDIO,test1,4,B2
FENASCOL VI,LSC1,3765,SUERO,Sin especificar,Solución salina o glucosada administrada por vía intravenosa para rehidratar o nutrir. (RAE),Sin especificar,Sin especificar,NO,SI,Asimétrica (tipo III),Bl,Ok,Sin especificar,Sin especificar,Sin especificar,03765_suero.mp4,SUERO,test1,95,B2
FENASCOL VI,LSC1,3766,VACUNA,Sin especificar,Preparación biológica que genera inmunidad adquirida contra una enfermedad. (RAE),Sin especificar,Sin especificar,NO,SI,Compuestas (tipo C),Ob,Sin especificar,Sin especificar,Sin especificar,Sin especificar,03766_vacuna.mp4,VACUNA,test2,5,B2
FENASCOL VI,LSC1,3767,CLÍNICA,Sin especificar,Centro u hospital privado o especializado para la atención y tratamiento de enfermos. (RAE),Sin especificar,Sin especificar,NO,SI,Compuestas (tipo C),T,J,Sin especificar,Sin especificar,Sin especificar,03767_clinica.mp4,CLINICA,test2,77,B2
FENASCOL VI,LSC1,3768,CONSULTORIO,Sin especificar,Lugar equipado donde el médico atiende a sus pacientes. (RAE),Sin especificar,Sin especificar,NO,SI,Compuestas (tipo C),P,S,Nc,Sin especificar,Sin especificar,03768_consultori.mp4,CONSULTORIO,test2,77,B2
FENASCOL VI,LSC1,3769,CRUZ ROJA,Sin especificar,Organización humanitaria internacional que presta auxilio médico y socorro. (RAE),Sin especificar,Sin especificar,NO,SI,Unimanual en contacto (tipo X),H,Sin especificar,Sin especificar,Sin especificar,Sin especificar,03769_cruzroja.mp4,CRUZ ROJA,test4,84,B1
FENASCOL VI,LSC1,3770,SALA DE URGENCIA,Sin especificar,Área hospitalaria destinada a la atención inmediata de pacientes en estado crítico o agudo. (Generada Gemini),Sin especificar,Sin especificar,NO,SI,Compuestas (tipo C),P,Bl,N,Sin especificar,Sin especificar,03770_saladeurge.mp4,SALA DE URGENCIA,test2,6,B1
FENASCOL VI,LSC1,3771,VÁRICES,Sin especificar,"Dilataciones permanentes y anómalas de las venas, principalmente en las piernas. (RAE)",Sin especificar,Sin especificar,SI,SI,Asimétrica (tipo III),V,P,Sin especificar,Sin especificar,Sin especificar,03771_varices.mp4,VARICES,test3,23,B1
UEB,LSC0,3772,OLLA-Q,Sin especificar,Recipiente hermético para cocinar rápidamente mediante presión de vapor. (Generada Gemini),Sin especificar,Sin especificar,NO,SI,Asimétrica (tipo III),Q,U,Sin especificar,Sin especificar,Sin especificar,03772_ollaq.mp4,OLLA Q,test1,66,A2
