Version,Curso,ID_entrada,GLOSA,Clase Gramatical,DEFINICION,Composición,Secuencia,Definición especial,Imagen de la seña, Composición,Secuencia.1,Tipo de Seña,CM1,CM2,CM3,CM4,CM5,nombre_video
DBLSC,LSC1,1,LICENCIA-CONDUCCIÓN,SUSTANTIVO,Documento oficial que autoriza a una persona a conducir vehículos. (Generada Gemini),NO,1 seña,NO,SI,NO,1 seña,Asimétrica (tipo III),P,W,,,,00001_licenciaco.mp4
DBLSC,LSC1,2,CIELO,SUSTANTIVO,Esfera aparente azul y diáfana que rodea la Tierra. (RAE),SI,2 señas,NO,SI,NO,1 seña,Simétrica (tipo I),Jb,,,,,00002_cielo.mp4
DBLSC,LSC0,3,INTERPRETE,SUSTANTIVO,"Persona que explica a otras, en lengua que entienden, lo dicho en otra que les es desconocida. (RAE)",NO,1 seña,NO,SI,NO,1 seña,Asimétrica (tipo III),B,H,,,,00003_interprete.mp4
DBLSC,LSC0,4,COLOMBIA,SUSTANTIVO,País soberano situado en la región noroccidental de América del Sur. (Generada Gemini),NO,1 seña,NO,SI,NO,1 seña,Asimétrica (tipo III),C,Bl,,,,00004_colombia.mp4
DBLSC,LSC0,5,ENSEÑAR,VERBO,"Instruir, doctrinar, amaestrar con reglas o preceptos. (RAE)",NO,1 seña,NO,SI,NO,1 seña,Semi-simétrica (tipo II),J,,,,,00005_enseñar.mp4
DBLSC,LSC0,6,VIRGEN,SUSTANTIVO,Persona que no ha tenido relaciones sexuales. (RAE),NO,1 seña,SI,SI,NO,1 seña,Unimanual en contacto (tipo X),R,,,,,00006_virgen.mp4
DBLSC,LSC1,7,PENSION,SUSTANTIVO,"Cantidad periódica, temporal o vitalicia, que la seguridad social paga por razón de jubilación, viudedad, orfandad o incapacidad. (RAE)",NO,1 seña,NO,SI,NO,1 seña,Unimanual (tipo 0),G,,,,,00007_pension.mp4
DBLSC,LSC0,8,MANGO,SUSTANTIVO,"Fruto del mango, de forma ovalada, piel amarillenta o rojiza y pulpa muy jugosa y dulce. (RAE)",NO,1 seña,NO,SI,NO,1 seña,Unimanual en contacto (tipo X),B,,,,,00008_mango.mp4
DBLSC,LSC0,9,TORTUGA,SUSTANTIVO,Reptil cuyo cuerpo está protegido por un caparazón óseo recubierto de placas córneas. (RAE),NO,2 señas,NO,SI,NO,1 seña,Asimétrica (tipo III),A,C,,,,00009_tortuga.mp4
DBLSC,LSC0,10,FOTOCOPIA,VERBO,Reproducción fotográfica directa y sobre papel de un documento impreso o manuscrito. (RAE),NO,1 seña,NO,SI,NO,1 seña,Asimétrica (tipo III),B,Q,,,,00010_fotocopia.mp4
DBLSC,LSC0,11,DEPRONTO,ADVERBIO,"Rápidamente, con presteza, sin preparación. (RAE)",NO,1 seña,SI,SI,NO,1 seña,Unimanual en contacto (tipo X),Ok,J,,,,00011_depronto.mp4
DBLSC,LSC0,12,GUSTAR,VERBO,Sentir y percibir el sabor de las cosas. / Sentir afición o inclinación por alguien o algo. (RAE),NO,1 seña,NO,SI,NO,1 seña,Unimanual en contacto (tipo X),P,,,,,00012_gustar.mp4
DBLSC,LSC0,13,GUSTAR-NO,VERBO,"Desagradar, no causar placer o afición. (Generada Gemini)",NO,1 seña,NO,SI,NO,1 seña,Unimanual en contacto (tipo X),P,,,,,00013_gustarno.mp4
DBLSC,LSC0,14,POLLO,SUSTANTIVO,"Cría de un ave, y particularmente de la gallina. (RAE)",NO,1 seña,NO,SI,NO,1 seña,Unimanual en contacto (tipo X),Pa,Pc,,,,00014_pollo.mp4
DBLSC,LSC0,15,MESA,SUSTANTIVO,"Mueble, por lo común de madera, que se compone de una o de varias tablas lisas sostenidas por uno o varios pies. (RAE)",NO,2 señas,NO,SI,NO,1 seña,Simétrica (tipo I),Be,Be,,,,00015_mesa.mp4
DBLSC,LSC0,16,PRESIDENTE,SUSTANTIVO,Persona que preside. / Jefe del Estado en las repúblicas. (RAE),NO,1 seña,NO,SI,NO,1 seña,Unimanual en contacto (tipo X),Bl,,,,,00016_presidente.mp4
DBLSC,LSC0,17,PREOCUPAR,VERBO,"Ocupar antes o anticipadamente algo. / Causar intranquilidad, inquietud o angustia. (RAE)",SI,1 seña,NO,SI,SI,1 seña,Simétrica (tipo I),P,S,,,,00017_preocupar.mp4
DBLSC,LSC0,18,SOBRINO,SUSTANTIVO,"Respecto de una persona, hijo de su hermano. (RAE)",NO,1 seña,NO,SI,NO,1 seña,Semi-simétrica (tipo II),H,H,,,,00018_sobrino.mp4
DBLSC,LSC0,19,APAGAR-LA-LUZ,VERBO,Interrumpir el paso de la corriente eléctrica o extinguir una fuente de iluminación. (Generada Gemini),NO,1 seña,NO,SI,NO,1 seña,Unimanual (tipo 0),Jb,Q,,,,00019_apagaluz.mp4
DBLSC,LSC0,20,BONITO,ADJETIVO,"Lindo, agraciado, de cierta proporción y belleza. (RAE)",NO,1 seña,NO,SI,NO,1 seña,Unimanual en contacto (tipo X),J,Q,,,,00020_bonito.mp4
DBLSC,LSC0,21,TEMPRANO,ADVERBIO,"Adelantado, anticipado o que es antes del tiempo regular u ordinario. (RAE)",NO,1 seña,NO,SI,NO,1 seña,Asimétrica (tipo III),Ql,N,,,,00021_temprano.mp4
DBLSC,LSC0,22,CARRO,SUSTANTIVO,Vehículo automóvil. (RAE),NO,1 seña,NO,SI,NO,1 seña,Asimétrica (tipo III),S,S,,,,00022_carro.mp4
DBLSC,LSC0,23,JAMAS,ADVERBIO,Nunca. (RAE),NO,1 seña,NO,SI,NO,1 seña,Unimanual (tipo 0),Bl,,,,,00023_jamas.mp4
DBLSC,LSC0,24,BOGOTA,SUSTANTIVO,Ciudad capital de Colombia y del departamento de Cundinamarca. (Generada Gemini),NO,1 seña,NO,SI,NO,1 seña,Semi-simétrica (tipo II),S,,,,,00024_bogota.mp4
DBLSC,LSC0,25,SAPO,SUSTANTIVO,"Anfibio anuro de cuerpo rechoncho, ojos saltones, extremidades cortas y piel de aspecto verrugoso. (RAE)",NO,1 seña,NO,SI,NO,1 seña,Asimétrica (tipo III),B,,,,,00025_sapo.mp4
DBLSC,LSC0,26,AMBULANCIA,SUSTANTIVO,Vehículo acondicionado para el traslado de enfermos y heridos. (RAE),NO,1 seña,NO,SI,NO,1 seña,Semi-simétrica (tipo II),G,,,,,00026_ambulancia.mp4
DBLSC,LSC0,27,PERSONA,SUSTANTIVO,Individuo de la especie humana. (RAE),NO,1 seña,NO,SI,NO,1 seña,Unimanual (tipo 0),Cb,,,,,00027_persona.mp4
DBLSC,LSC1,28,BIBLIA,SUSTANTIVO,Libro sagrado del cristianismo que comprende el Antiguo y el Nuevo Testamento. (Generada Gemini),SI,2 señas,NO,SI,SI,2 señas,Simétrica (tipo I),N,Bl,,,,00028_bibliajesu.mp4
DBLSC,LSC0,29,MARZO(1),SUSTANTIVO,"Tercer mes del año, que tiene 31 días. (RAE)",NO,1 seña,NO,SI,NO,1 seña,Unimanual (tipo 0),U,,,,,00029_marzo.mp4
DBLSC,LSC1,30,OCCIDENTE,SUSTANTIVO,"Oeste (punto cardinal). / Conjunto de países de varios continentes, cuyas lenguas y culturas tienen su origen principal en Europa. (RAE)",NO,1 seña,NO,SI,SI,2 señas,Unimanual (tipo 0),O,C,,,,00030_occidente.mp4
DBLSC,LSC1,31,ABUSO-SEXUAL,SUSTANTIVO,"Cualquier actividad sexual no consentida que involucra la fuerza, amenaza o abuso de poder. (Generada Gemini)",SI,2 señas,NO,SI,SI,2 señas,Asimétrica (tipo III),A,XX,,,,00031_abusosexua.mp4
DBLSC,LSC0,32,PARQUE,SUSTANTIVO,"Terreno situado en el interior de una población, que se destina a prados, jardines y arbolado sirviendo como lugar de esparcimiento y recreación. (RAE)",NO,1 seña,NO,SI,NO,1 seña,Simétrica (tipo I),XX,,,,,00032_parque.mp4
DBLSC,LSC0,33,LO-SIENTO-PORFAVOR,VERBO,Expresión compuesta que une el arrepentimiento por un hecho y la solicitud de disculpas o de un favor. (Generada Gemini),NO,1 seña,SI,SI,NO,1 seña,Unimanual en contacto (tipo X),A,,,,,00033_losientofa.mp4
DBLSC,LSC0,34,CADA-UNO,FUNCION,Pronombre que designa por separado a todas las personas o cosas de que se trata. (Generada Gemini),NO,1 seña,NO,SI,NO,1 seña,Semi-simétrica (tipo II),A,,,,,00034_cadauno1.mp4
DBLSC,LSC0,35,CONTENTO(1),ADJETIVO,"Alegre, satisfecho. (RAE)",NO,1 seña,NO,SI,NO,1 seña,Simétrica (tipo I),Bl,,,,,00035_contento.mp4
DBLSC,LSC0,36,DECIR,VERBO,Manifestar con palabras el pensamiento. (RAE),NO,1 seña,NO,SI,NO,1 seña,Unimanual en contacto (tipo X),P,,,,,00036_decir.mp4
DBLSC,LSC0,37,ORGANIZAR,VERBO,"Establecer o reformar algo para lograr un fin, coordinando las personas y los medios adecuados. (RAE)",NO,1 seña,NO,SI,NO,1 seña,Semi-simétrica (tipo II),Tb,,,,,00037_organizar.mp4
DBLSC,LSC0,38,EXPLICAR,VERBO,"Declarar o exponer cualquier materia, doctrina o texto difícil, con palabras muy claras para hacerlos más perceptibles. (RAE)",NO,1 seña,NO,SI,NO,1 seña,Semi-simétrica (tipo II),Tb,,,,,00038_explicar.mp4
DBLSC,LSC1,39,ABUSO,VERBO,"Acción y efecto de abusar (hacer uso excesivo, injusto o indebido de algo o de alguien). (RAE)",NO,1 seña,NO,SI,NO,1 seña,Unimanual en contacto (tipo X),A,,,,,00039_abuso.mp4
DBLSC,LSC1,40,VIOLAR,VERBO,Tener acceso carnal con alguien en contra de su voluntad o cuando se halla privado de sentido o discernimiento. (RAE),NO,1 seña,SI,SI,NO,1 seña,Unimanual (tipo 0),Y,,,,,00040_violar.mp4
DBLSC,LSC0,41,PEDIR-PERDON,VERBO,Solicitar disculpas por una ofensa o falta cometida. (Generada Gemini),NO,1 seña,NO,SI,NO,1 seña,Semi-simétrica (tipo II),B,,,,,00041_pedirperdo.mp4
DBLSC,LSC1,42,OLLA,SUSTANTIVO,"Vasija redonda de barro o metal, que comúnmente forma barriga, con cuello y boca anchos y con una o dos asas, la cual sirve para cocer alimentos, calentar agua, etc. (RAE)",NO,1 seña,NO,SI,NO,1 seña,Simétrica (tipo I),Ul,U,,,,00042_olla.mp4
DBLSC,LSC0,43,PORFAVOR,ADVERBIO,Fórmula de cortesía que se emplea al hacer una petición o al solicitar algo. (Generada Gemini),NO,1 seña,SI,SI,NO,1 seña,Unimanual en contacto (tipo X),Af,,,,,00043_porfavor.mp4
DBLSC,LSC0,44,TODAVIA,ADVERBIO,Hasta un momento determinado desde tiempo anterior. (RAE),NO,1 seña,NO,SI,NO,1 seña,Simétrica (tipo I),Y,,,,,00044_todaviay.mp4
DBLSC,LSC0,45,DIEZ-DOS,SUSTANTIVO,Combinación numérica que hace referencia a los números diez y dos. (Generada Gemini),SI,2 señas,NO,SI,SI,2 señas,Asimétrica (tipo III),A,V,,,,00045_diezdos.mp4
DBLSC,LSC0,46,PERDER-CAER,VERBO,Concepto que puede aludir a no obtener lo que se espera o a la acción de precipitarse al suelo. (Generada Gemini),SI,2 señas,SI,SI,SI,2 señas,Simétrica (tipo I),S,Q,J,,,00046_perdercaer.mp4
DBLSC,LSC0,47,MOSTRAR,VERBO,"Manifestar o poner a la vista algo, o enseñarlo o señalarlo para que se vea. (RAE)",NO,1 seña,NO,SI,NO,1 seña,Asimétrica (tipo III),Bl,P,,,,00047_mostrar.mp4
DBLSC,LSC0,48,MEDICO,SUSTANTIVO,Persona legalmente autorizada para profesar y ejercer la medicina. (RAE),NO,1 seña,NO,SI,NO,1 seña,Asimétrica (tipo III),Gl,Nc,,,,00048_medico.mp4
DBLSC,LSC0,49,AÑO,SUSTANTIVO,"Período de doce meses, a contar desde el día 1 de enero hasta el 31 de diciembre, ambos inclusive. (RAE)",NO,1 seña,NO,SI,NO,1 seña,Semi-simétrica (tipo II),S,,,,,00049_año.mp4
DBLSC,LSC0,50,ACEPTAR,VERBO,"Recibir voluntariamente o sin oposición lo que se da, ofrece o encarga. (RAE)",NO,1 seña,NO,SI,NO,1 seña,Simétrica (tipo I),Jc,Q,,,,00050_aceptar.mp4
DBLSC,LSC0,51,UN_DOS_MINUTOS,SUSTANTIVO,"Expresión de corpus que indica un lapso de tiempo muy breve, de uno a dos minutos. (Generada Gemini)",NO,1 seña,SI,SI,NO,1 seña,Asimétrica (tipo III),P,V,,,,00051_undosminut.mp4
DBLSC,LSC0,52,PRIMARIA,SUSTANTIVO,Perteneciente o relativo a la primera enseñanza o educación. (RAE),NO,1 seña,SI,SI,NO,1 seña,Unimanual (tipo 0),Vf,,,,,00052_primaria.mp4
DBLSC,LSC0,53,ALCOBA,SUSTANTIVO,Aposento destinado para dormir. (RAE),SI,2 señas,NO,SI,SI,2 señas,Simétrica (tipo I),F,B,,,,00053_alcoba.mp4
DBLSC,LSC0,54,MEDIAS-LARGA,SUSTANTIVO,"Prenda de punto, seda, nailon, etc., que cubre el pie y la pierna hasta la rodilla o más arriba. (Generada Gemini)",NO,1 seña,NO,SI,NO,1 seña,Semi-simétrica (tipo II),B,Bl,,,,00054_mediaslarg.mp4
DBLSC,LSC0,55,OLER(1),VERBO,Percibir los olores. (RAE),NO,1 seña,NO,SI,NO,1 seña,Unimanual en contacto (tipo X),P,,,,,00055_oler.mp4
DBLSC,LSC0,56,ARBITRO,SUSTANTIVO,Persona que en las competiciones deportivas cuida de la aplicación del reglamento. (RAE),SI,2 señas ,NO,SI,SI,2 señas ,Compuestas (tipo C),Xf,B,,,,00056_arbitro.mp4
DBLSC,LSC0,57,ACOMPAÑAR,VERBO,Estar o ir en compañía de otra u otras personas. (RAE),NO,1 seña,NO,SI,NO,1 seña,Simétrica (tipo I),A,,,,,00057_acompañar.mp4
DBLSC,LSC0,58,JEFE(1),SUSTANTIVO,"Persona que manda o dirige a otras, superior o cabeza de una corporación, partido u oficio. (RAE)",NO,1 seña,NO,SI,NO,1 seña,Semi-simétrica (tipo II),A,,,,,00058_jefe1.mp4
DBLSC,LSC0,59,PINCEL,SUSTANTIVO,"Instrumento, compuesto de un mango largo y delgado, que lleva en uno de sus extremos un manojito de pelos, y que sirve para pintar. (RAE)",SI,2 señas,NO,SI,SI,2 señas,Asimétrica (tipo III),P,Tc,,,,00059_pincel.mp4
DBLSC,LSC0,60,MINUTO,SUSTANTIVO,Unidad de tiempo que equivale a 60 segundos y es la sexagésima parte de una hora. (RAE),NO,1 seña,NO,SI,NO,1 seña,Asimétrica (tipo III),P,Af,,,,00060_minuto.mp4
DBLSC,LSC0,61,BARATO,ADJETIVO,"Que se vende, se compra o se ofrece a bajo precio. (RAE)",NO,1 seña,SI,SI,NO,1 seña,Semi-simétrica (tipo II),Bl,Be,,,,00061_barato.mp4
DBLSC,LSC0,62,JUICIOSO,ADJETIVO,Que procede con madurez y cordura. (RAE),NO,1 seña,NO,SI,NO,1 seña,Simétrica (tipo I),B,,,,,00062_juicioso.mp4
DBLSC,LSC0,63,MÁS-O-MENOS,ADVERBIO,"Expresión que indica aproximación, cantidad imprecisa o estimación. (Generada Gemini)",NO,1 seña,NO,SI,NO,1 seña,Unimanual (tipo 0),Bc,,,,,00063_masomenos.mp4
DBLSC,LSC0,64,PRENDER-LA-LUZ,VERBO,Acción de encender la iluminación artificial de un espacio o activar un circuito eléctrico. (Generada Gemini),NO,1 seña,NO,NO,NO,1 seña,Unimanual (tipo 0),Jc,,,,,00064_prendeluz.mp4
DBLSC,LSC0,65,¿CUAL?,FUNCION,Pronombre interrogativo que sirve para preguntar por la identidad de una persona o cosa entre varias. (Generada Gemini),NO,1 seña,NO,SI,NO,1 seña,Simétrica (tipo I),A,,,,,00065_cual.mp4
DBLSC,LSC0,66,CENTRO-DE-LA-CIUDAD,ADJETIVO,"Zona principal, más concurrida, histórica o comercial de una población. (Generada Gemini)",NO,1 seña,NO,SI,NO,1 seña,Simétrica (tipo I),J,,,,,00066_centrociud.mp4
DBLSC,LSC0,67,VESTIDO-DE-BAÑO,SUSTANTIVO,"Prenda de vestir usada para bañarse en el mar, en piscinas, etc. (Generada Gemini)",SI,3 señas,NO,SI,SI,3 señas,Compuestas (tipo C),Lc,L,V,,,00067_trajedeban.mp4
DBLSC,LSC0,68,CARO,ADJETIVO,Que tiene un precio alto o más alto de lo normal. (RAE),NO,1 seña,NO,SI,NO,1 seña,Asimétrica (tipo III),Q,B,,,,00068_caro.mp4
DBLSC,LSC0,69,TIENDA,SUSTANTIVO,Establecimiento o puesto en el que se venden al público artículos de comercio al por menor. (RAE),NO,1 seña,SI,SI,NO,1 seña,Simétrica (tipo I),B,,,,,00069_tienda.mp4
DBLSC,LSC0,70,AUMENTAR,VERBO,"Dar mayor extensión, número o materia a algo. (RAE)",NO,1 seña,NO,SI,NO,1 seña,Simétrica (tipo I),H,,,,,00070_aumentar.mp4
DBLSC,LSC1,71,CABALGAR,VERBO,"Subir a caballo u otra cabalgadura, e ir montado en ella. (RAE)",NO,1 seña,NO,SI,NO,1 seña,Semi-simétrica (tipo II),H,V,,,,00071_cabalgar.mp4
DBLSC,LSC1,72,ENTIDAD,SUSTANTIVO,"Colectividad considerada como unidad, como una corporación, institución, etc., tomada como persona jurídica. (RAE)",NO,1 seña,SI,SI,NO,1 seña,Asimétrica (tipo III),G,Be,,,,00072_entidad.mp4
DBLSC,LSC0,73,CAER,VERBO,Dicho de un cuerpo: Moverse de arriba abajo por la acción de su propio peso. (RAE),NO,1 seña,NO,SI,NO,1 seña,Asimétrica (tipo III),Bl,V,,,,00073_caer.mp4
DBLSC,LSC1,74,ACUEDUCTO,SUSTANTIVO,Conducto artificial por donde va el agua a un lugar determinado. (RAE),SI,3 señas,NO,SI,SI,3 señas,Compuestas (tipo C),B,Oke,A,,,00074_acueductoc.mp4
DBLSC,LSC1,75,ASPIRADORA,SUSTANTIVO,"Máquina que sirve para aspirar el polvo y la suciedad del suelo, alfombras, etc. (RAE)",NO,1 seña,NO,SI,NO,1 seña,Asimétrica (tipo III),C,Qa,,,,00075_aspiradora.mp4
DBLSC,LSC0,76,RESPONSABLE,ADJETIVO,"Dicho de una persona: Que pone cuidado y atención en lo que hace o decide, obligada a responder por algo. (RAE)",NO,1 seña,SI,SI,NO,1 seña,Simétrica (tipo I),R,,,,,00076_responsabl.mp4
DBLSC,LSC1,77,CAPITAL,SUSTANTIVO,"Población principal y cabeza de un Estado, de una provincia o de un distrito. (RAE)",NO,1 seña,SI,SI,NO,1 seña,Asimétrica (tipo III),B,Ok,,,,00077_capital.mp4
DBLSC,LSC0,78,ENCONTRAR-PERSONA,VERBO,"Acción de dar con alguien, toparse o reunirse de manera fortuita o planeada con una persona. (Generada Gemini)",NO,1 seña,NO,SI,NO,1 seña,Simétrica (tipo I),P,,,,,00078_encontrarp.mp4
DBLSC,LSC0,79,CHIMENEA,SUSTANTIVO,Conducto para dar salida al humo de la combustión. (RAE),SI,2 señas,NO,SI,SI,2 señas,Semi-simétrica (tipo II),Bc,Jb,,,,00079_chimenea.mp4
DBLSC,LSC0,80,ESPERAR,VERBO,"Tener esperanza de conseguir lo que se desea, o permanecer en sitio donde se presume que ha de ocurrir algo. (RAE)",NO,1 seña,NO,SI,NO,1 seña,Simétrica (tipo I),N,,,,,00080_esperar.mp4
DBLSC,LSC0,81,SEÑAR,VERBO,"Articular signos lingüísticos con las manos y otras partes del cuerpo, propio de las lenguas de señas. (Generada Gemini)",NO,1 seña,NO,SI,NO,1 seña,Simétrica (tipo I),J,,,,,00081_señar.mp4
DBLSC,LSC0,82,CURIOSO,ADJETIVO,"Que tiene curiosidad, deseo de saber o averiguar algo. (RAE)",NO,1 seña,SI,SI,NO,1 seña,Unimanual en contacto (tipo X),P,,,,,00082_curioso.mp4
DBLSC,LSC0,83,TREN,SUSTANTIVO,"Medio de transporte que circula sobre raíles, compuesto por uno o más vagones arrastrados por una locomotora. (RAE)",NO,1 seña,NO,SI,NO,1 seña,Asimétrica (tipo III),J,V,,,,00083_tren.mp4
DBLSC,LSC0,84,MONTARSELA-ALGUIEN,VERBO,"Expresión coloquial de Colombia que significa hostigar, fastidiar o burlarse constantemente de una persona. (Generada Gemini)",NO,1 seña,NO,SI,NO,1 seña,Asimétrica (tipo III),S,V,,,,00084_montarsela.mp4
DBLSC,LSC0,85,ENGAÑAR,VERBO,"Dar a la mentira apariencia de verdad, induciendo a alguien a tener por cierto lo que no lo es. (RAE)",NO,1 seña,SI,SI,NO,1 seña,Simétrica (tipo I),Y,,,,,00085_engañar.mp4
DBLSC,LSC0,86,EMBOBAR,VERBO,"Suspender o arrebatar el ánimo a alguien, de modo que se quede como absorto y sin sentido. (RAE)",NO,1 seña,NO,SI,NO,1 seña,Simétrica (tipo I),O,,,,,00086_embobar.mp4
DBLSC,LSC0,87,CONFIRMAR,VERBO,"Corroborar la verdad, certeza o la probabilidad de algo. (RAE)",NO,1 seña,NO,SI,NO,1 seña,Simétrica (tipo I),Okf,,,,,00087_confirmar.mp4
DBLSC,LSC1,88,SEGURO-PORCENTAJE,SUSTANTIVO,Condición de certeza o garantía cuantificada en una proporción de porcentaje (e.g. 100% seguro). (Generada Gemini),NO,1 seña,NO,SI,NO,1 seña,Unimanual (tipo 0),Okf,,,,,00088_seguroporc.mp4
DBLSC,LSC0,89,CALMA,ADJETIVO,"Paz, tranquilidad, ausencia de agitación. (RAE)",NO,1 seña,NO,SI,NO,1 seña,Unimanual en contacto (tipo X),Bl,,,,,00089_calma.mp4
DBLSC,LSC0,90,POR-FIN_QUE-ALIVIO,ADVERBIO,Expresión de exhalación o liberación emocional ante la resolución de un estado de tensión o espera. (Generada Gemini),SI,2 señas,NO,SI,SI,2 señas,Compuestas (tipo C),Pa,Ok,,,,00090_porfinquea.mp4
DBLSC,LSC1,91,CAMPEON,ADJETIVO,Persona o equipo que obtiene la primacía en un campeonato. (RAE),NO,1 seña,NO,SI,NO,1 seña,Unimanual en contacto (tipo X),Gl,,,,,00091_campeon.mp4
DBLSC,LSC0,92,ABRIR,VERBO,Descubrir o hacer patente lo que está cerrado u oculto. (RAE),NO,1 seña,NO,SI,NO,1 seña,Simétrica (tipo I),Bl,,,,,00092_abrir.mp4
DBLSC,LSC1,93,INSTITUTO,SUSTANTIVO,"Establecimiento de índole oficial en que se da enseñanza, o institución consagrada a la investigación. (RAE)",NO,1 seña,SI,SI,NO,1 seña,Asimétrica (tipo III),S,I,,,,00093_instituto.mp4
DBLSC,LSC0,94,YO,SUSTANTIVO,Pronombre personal de primera persona del singular. (RAE),NO,1 seña,NO,SI,NO,1 seña,Unimanual en contacto (tipo X),P,,,,,00094_yo.mp4
DBLSC,LSC0,95,CARTELERA-PARED,SUSTANTIVO,"Tablero adosado a un muro destinado a la fijación de avisos, carteles o anuncios públicos. (Generada Gemini)",NO,1 seña,NO,SI,NO,1 seña,Simétrica (tipo I),A,,,,,00095_cartelerap.mp4
DBLSC,LSC0,96,PAPEL-MATERIAL,SUSTANTIVO,Sustancia o material en formato de hoja delgada constituida por un entramado de fibras vegetales o celulosa. (Generada Gemini),NO,1 seña,SI,SI,NO,1 seña,Simétrica (tipo I),J,,,,,00096_papel.mp4
DBLSC,LSC1,97,TRASNOCHAR,VERBO,"Pasar la noche, o gran parte de ella, velando o sin dormir. (RAE)",NO,1 seña,NO,SI,NO,1 seña,Simétrica (tipo I),J,,,,,00097_trasnochar.mp4
DBLSC,LSC1,98,MAREADO,ADJETIVO,"Que padece de mareo, turbación de la cabeza o desvanecimiento. (RAE)",NO,1 seña,NO,SI,NO,1 seña,Unimanual (tipo 0),J,,,,,00098_mareado.mp4
DBLSC,LSC0,99,DESMAYARSE,VERBO,Perder el sentido o el conocimiento. (RAE),NO,1 seña,NO,SI,NO,1 seña,Unimanual en contacto (tipo X),V,,,,,00099_desmayarse.mp4
DBLSC,LSC1,100,TROMPADA,SUSTANTIVO,Golpe fuerte dado con la mano. (RAE),NO,1 seña,NO,SI,NO,1 seña,Asimétrica (tipo III),S,J,,,,00100_trompada.mp4
DBLSC,LSC0,101,EXTRAÑO,VERBO,"Raro, singular, fuera de lo común. (RAE)",NO,1 seña,SI,SI,NO,1 seña,Unimanual en contacto (tipo X),P,,,,,00101_extraño.mp4
DBLSC,LSC0,102,NEGRO-COSA,ADJETIVO,Marcador de corpus u ontológico para denotar el color negro aplicado exclusivamente a objetos o cosas inanimadas. (Generada Gemini),NO,1 seña,SI,SI,NO,1 seña,Unimanual en contacto (tipo X),F,,,,,00102_negrocosa.mp4
DBLSC,LSC0,103,NEGRO-PERSONA,ADJETIVO,"Marcador de corpus que denota el rasgo fenotípico de piel oscura, raza o etnia negra aplicado a un ser humano. (Generada Gemini)",NO,1 seña,SI,SI,NO,1 seña,Unimanual en contacto (tipo X),N,,,,,00103_negroperso.mp4
DBLSC,LSC0,104,OJOS,SUSTANTIVO,Órganos de la visión (plural de ojo). (RAE),NO,1 seña,NO,SI,NO,1 seña,Unimanual en contacto (tipo X),F,,,,,00104_ojos.mp4
DBLSC,LSC0,105,OREJA,SUSTANTIVO,Órgano externo de la audición. (RAE),NO,1 seña,NO,SI,NO,1 seña,Unimanual en contacto (tipo X),Okp,,,,,00105_oreja.mp4
DBLSC,LSC0,106,PESTAÑAS,SUSTANTIVO,Pelos de los que nacen en el borde de los párpados. (RAE),NO,1 seña,NO,SI,NO,1 seña,Unimanual en contacto (tipo X),Je,,,,,00106_pestañas.mp4
DBLSC,LSC0,107,PIES,SUSTANTIVO,Extremidades de los dos miembros inferiores del cuerpo humano que sustentan su peso. (RAE),NO,1 seña,NO,SI,NO,1 seña,Simétrica (tipo I),J,J,,,,00107_pies.mp4
DBLSC,LSC0,108,UÑAS,SUSTANTIVO,Partes córneas que nacen y crecen en las extremidades de los dedos. (RAE),NO,1 seña,NO,SI,NO,1 seña,Unimanual (tipo 0),Gl,,,,,00108_uñas.mp4
DBLSC,LSC0,109,VELLUDO,ADJETIVO,Que tiene mucho vello. (RAE),NO,1 seña,NO,SI,NO,1 seña,Asimétrica (tipo III),J,Al,,,,00109_velludo.mp4
DBLSC,LSC0,110,ASUSTADO-SORPRESA,VERBO,Estado fisiológico y emocional que combina la reacción de sobresalto (susto) con el asombro (sorpresa). (Generada Gemini),NO,1 seña,NO,SI,NO,1 seña,Simétrica (tipo I),J,J,,,,00110_asustadoso.mp4
DBLSC,LSC0,111,ASUSTADO-MIEDO1,VERBO,Estado de temor o espanto ante un peligro percibido. (Generada Gemini),NO,1 seña,NO,SI,NO,1 seña,Simétrica (tipo I),Gl,Gl,,,,00111_asustadomi.mp4
DBLSC,LSC0,112,ASUSTADO-MIEDO2,VERBO,Variante de la expresión de temor o espanto en lengua de señas. (Generada Gemini),NO,1 seña,NO,SI,NO,1 seña,Simétrica (tipo I),Gl,Gl,,,,00112_asutadomie.mp4
DBLSC,LSC0,113,ASUSTADO-GOLPE,VERBO,Sobresalto o susto repentino causado por un impacto físico o un suceso brusco. (Generada Gemini),NO,1 seña,SI,SI,NO,1 seña,Unimanual en contacto (tipo X),Af,,,,,00113_asustadogo.mp4
DBLSC,LSC0,114,NERVIOSO,ADJETIVO,"Que tiene los nervios excitados, alterados o es propenso a este estado. (RAE)",NO,1 seña,NO,SI,NO,1 seña,Unimanual (tipo 0),J,,,,,00114_nervioso.mp4
DBLSC,LSC0,115,CAMINAR-DESPLAZA,VERBO,"Acción de ir andando de un lugar a otro, con énfasis en el desplazamiento espacial en el corpus. (Generada Gemini)",NO,1 seña,NO,SI,NO,1 seña,Unimanual (tipo 0),V,,,,,00115_caminardes.mp4
DBLSC,LSC0,116,CAMINAR-PIERNAS,VERBO,"Acción de ir andando, con énfasis en el movimiento físico de las extremidades inferiores. (Generada Gemini)",NO,1 seña,NO,SI,NO,1 seña,Unimanual (tipo 0),V,,,,,00116_caminarpie.mp4
DBLSC,LSC0,117,CANSADO,ADJETIVO,"Que padece de cansancio, falta de fuerzas por el trabajo o la fatiga. (RAE)",NO,1 seña,SI,SI,NO,1 seña,Unimanual en contacto (tipo X),Qf,,,,,00117_cansado.mp4
DBLSC,LSC0,118,COMER,VERBO,Masticar y deglutir un alimento sólido. (RAE),NO,1 seña,NO,SI,NO,1 seña,Unimanual (tipo 0),Q,,,,,00118_comer.mp4
DBLSC,LSC0,119,CORRER-BRAZOS,VERBO,"Desplazarse rápidamente, con énfasis visual o biomecánico en el movimiento oscilatorio de los brazos. (Generada Gemini)",NO,1 seña,SI,SI,NO,1 seña,Unimanual en contacto (tipo X),Af,,,,,00119_correrbraz.mp4
DBLSC,LSC0,120,CORRER-PIERNAS,VERBO,"Desplazarse rápidamente, con énfasis visual o biomecánico en el movimiento rápido de las piernas. (Generada Gemini)",NO,1 seña,NO,SI,NO,1 seña,Unimanual (tipo 0),V,,,,,00120_correrpier.mp4
DBLSC,LSC0,121,CRECER-PERSONA,VERBO,Aumento de estatura o desarrollo físico y madurativo de un ser humano. (Generada Gemini),NO,1 seña,NO,SI,NO,1 seña,Unimanual (tipo 0),Bl,,,,,00121_crecerpers.mp4
DBLSC,LSC0,122,CRECER-GRUPO,VERBO,Aumento en el número de individuos o magnitud de un colectivo o agrupación. (Generada Gemini),NO,1 seña,NO,SI,NO,1 seña,Unimanual (tipo 0),Xc,,,,,00122_crecergrup.mp4
DBLSC,LSC0,123,CRECER-CANTIDAD,VERBO,"Aumento numérico o volumétrico de objetos, sustancias o elementos inanimados. (Generada Gemini)",NO,1 seña,NO,SI,NO,1 seña,Unimanual (tipo 0),B,,,,,00123_crecercant.mp4
DBLSC,LSC0,124,CRECER-ANIMAL,VERBO,"Desarrollo físico, aumento de tamaño o maduración de una especie animal. (Generada Gemini)",NO,1 seña,NO,SI,NO,1 seña,Unimanual (tipo 0),B,,,,,00124_creceranim.mp4
DBLSC,LSC0,125,DÉBIL-FISICO,ADJETIVO,"Falto de vigor, fuerza o resistencia en el cuerpo humano. (Generada Gemini)",NO,1 seña,SI,SI,NO,1 seña,Asimétrica (tipo III),J,J,,,,00125_debilfisic.mp4
DBLSC,LSC0,126,DÉBIL-MANOS,ADJETIVO,"Falta de fuerza, firmeza o tonicidad específicamente en la motricidad de las manos. (Generada Gemini)",NO,1 seña,NO,SI,NO,1 seña,Simétrica (tipo I),J,J,,,,00126_debilmanos.mp4
DBLSC,LSC0,127,FLOJO,ADJETIVO,"Mal atado, poco tirante o falto de fuerza y vigor. (RAE)",NO,1 seña,NO,SI,NO,1 seña,Unimanual (tipo 0),X,,,,,00127_flojo.mp4
DBLSC,LSC0,128,DESANIMADO,ADJETIVO,"Falto de ánimo, valor o energía. (RAE)",NO,1 seña,NO,SI,NO,1 seña,Asimétrica (tipo III),Af,E,,,,00128_desanimado.mp4
DBLSC,LSC0,129,DESCANSAR,VERBO,"Cesar en el trabajo, reparar las fuerzas con la quietud. (RAE)",NO,1 seña,NO,SI,NO,1 seña,Simétrica (tipo I),V,V,,,,00129_descansar.mp4
DBLSC,LSC0,130,DESPERTAR-OJOS,VERBO,"Interrumpir el sueño, con énfasis en la acción física de abrir los párpados. (Generada Gemini)",NO,1 seña,NO,SI,NO,1 seña,Simétrica (tipo I),Pa,Pa,,,,00130_despertaro.mp4
DBLSC,LSC0,131,DESPERTAR-LEVANTARSE,VERBO,Interrumpir el sueño y proceder inmediatamente a incorporarse o salir de la cama. (Generada Gemini),SI,2 señas,NO,SI,SI,2 señas,Simétrica (tipo I),A,A,V,J,,00131_despertarl.mp4
DBLSC,LSC0,132,DORMIR-OJOS,VERBO,"Estar en estado de reposo consistente en la inacción, con énfasis visual en el cierre de los ojos. (Generada Gemini)",NO,1 seña,NO,SI,NO,1 seña,Simétrica (tipo I),Pa,Pa,,,,00132_dormirojos.mp4
DBLSC,LSC0,133,DORMIR-MANOS,VERBO,"Expresión de dormir indicando reposo, con apoyo o configuración específica de las manos como almohada en lengua de señas. (Generada Gemini)",NO,1 seña,NO,SI,NO,1 seña,Simétrica (tipo I),B,B,,,,00133_dormirmano.mp4
DBLSC,LSC0,134,DORMIR-PARPADOS,VERBO,Acción de dormir centrada en la pesadez o cierre prolongado de los párpados. (Generada Gemini),NO,1 seña,NO,SI,NO,1 seña,Semi-simétrica (tipo II),B,B,,,,00134_dormirparp.mp4
DBLSC,LSC0,135,EMBARAZO,SUSTANTIVO,"Estado de la mujer encinta, desde la concepción hasta el parto. (RAE)",NO,1 seña,NO,SI,NO,1 seña,Unimanual en contacto (tipo X),A,,,,,00135_embarazo.mp4
DBLSC,LSC0,136,EMBARAZO-BARRIGA,SUSTANTIVO,Referencia al estado de gestación con énfasis en el abultamiento del vientre. (Generada Gemini),NO,1 seña,NO,SI,NO,1 seña,Unimanual en contacto (tipo X),Bl,,,,,00136_embarazoba.mp4
DBLSC,LSC0,137,HACER-EL-AMOR,VERBO,Realizar el coito. / Tener relaciones sexuales. (RAE),NO,1 seña,NO,SI,NO,1 seña,Unimanual (tipo 0),Hl,,,,,00137_hacerelamo.mp4
DBLSC,LSC0,138,HAMBRE-PUNZADA,SUSTANTIVO,Sensación aguda o dolorosa en el estómago causada por la necesidad intensa de comer. (Generada Gemini),NO,1 seña,NO,SI,NO,1 seña,Unimanual en contacto (tipo X),Bc,,,,,00138_hambrepunz.mp4
DBLSC,LSC0,139,HAMBRE,SUSTANTIVO,Gana y necesidad de comer. (RAE),NO,1 seña,NO,SI,NO,1 seña,Unimanual en contacto (tipo X),M,,,,,00139_hambre.mp4
DBLSC,LSC0,140,LLORAR,VERBO,Derramar lágrimas. (RAE),NO,1 seña,NO,SI,NO,1 seña,Semi-simétrica (tipo II),P,P,,,,00140_llorar.mp4
DBLSC,LSC0,141,LLORAR-MUCHO,VERBO,Derramar lágrimas en gran cantidad o con mucha intensidad emocional (llanto profundo). (Generada Gemini),NO,1 seña,NO,SI,NO,1 seña,Semi-simétrica (tipo II),P,P,,,,00141_llorarmuch.mp4
DBLSC,LSC0,142,MORIR,VERBO,Llegar al término de la vida. (RAE),NO,1 seña,NO,SI,NO,1 seña,Unimanual (tipo 0),Bl,,,,,00142_morir.mp4
DBLSC,LSC0,143,MORIR-PERDER,VERBO,"Concepto que asocia el fin de la vida con la pérdida de una persona, o figurativamente, perder definitivamente en un contexto competitivo. (Generada Gemini)",NO,1 seña,NO,SI,NO,1 seña,Unimanual en contacto (tipo X),D,,,,,00143_morirperde.mp4
DBLSC,LSC0,144,NACER,VERBO,"Salir del vientre materno, del huevo o de la semilla. (RAE)",NO,1 seña,NO,SI,NO,1 seña,Unimanual en contacto (tipo X),Bl,,,,,00144_nacer.mp4
DBLSC,LSC0,145,OBSERVAR,VERBO,"Mirar con atención y recato, atisbar. (RAE)",NO,1 seña,NO,SI,NO,1 seña,Unimanual en contacto (tipo X),V,,,,,00145_observar.mp4
DBLSC,LSC0,146,SUPERVISAR,VERBO,Ejercer la inspección superior en trabajos realizados por otros. (RAE),NO,1 seña,NO,SI,NO,1 seña,Asimétrica (tipo III),Ud,Bl,,,,00146_supervisar.mp4
DBLSC,LSC0,147,VIGILAR,VERBO,Observar algo o a alguien atenta y cuidadosamente. (RAE),NO,1 seña,NO,SI,NO,1 seña,Unimanual en contacto (tipo X),V,Bl,,,,00147_vigilar.mp4
DBLSC,LSC0,148,PERCIBIR-OJO,VERBO,Captar imágenes o notar algo de forma visual a través del sentido de la vista. (Generada Gemini),NO,1 seña,NO,SI,NO,1 seña,Unimanual en contacto (tipo X),XX,,,,,00148_percibiroj.mp4
DBLSC,LSC0,149,FISCALIZAR,VERBO,"Hacer el oficio de fiscal, criticar y traer a juicio las acciones u obras de alguien. (RAE)",NO,1 seña,NO,SI,NO,1 seña,Unimanual en contacto (tipo X),Xe,,,,,00149_fiscalizar.mp4
DBLSC,LSC0,150,SABER-OIDAS,VERBO,"Tener conocimiento de algo por haberlo escuchado a otros (rumor), sin experiencia directa. (Generada Gemini)",NO,1 seña,NO,SI,NO,1 seña,Unimanual en contacto (tipo X),C,,,,,00150_saberoidas.mp4
DBLSC,LSC0,151,OÍR,VERBO,Percibir con el oído los sonidos. (RAE),NO,1 seña,NO,SI,NO,1 seña,Unimanual en contacto (tipo X),U,,,,,00151_oir.mp4
DBLSC,LSC0,152,PERCIBIR-OIDO,VERBO,"Captar sonidos, palabras o ruidos específicamente mediante el sentido de la audición. (Generada Gemini)",NO,1 seña,NO,SI,NO,1 seña,Unimanual en contacto (tipo X),Hl,,,,,00152_percibiroi.mp4
DBLSC,LSC0,153,ENTERARSE,VERBO,Tomar conocimiento de un asunto o recibir información sobre algo. (RAE),NO,1 seña,SI,SI,NO,1 seña,Unimanual en contacto (tipo X),Ud,,,,,00153_enterarse.mp4
DBLSC,LSC0,154,OLER(2),VERBO,Variante léxica o de seña para la acción de percibir los olores. (Generada Gemini),NO,1 seña,NO,SI,NO,1 seña,Compuestas (tipo C),J,P,,,,00154_oler2.mp4
DBLSC,LSC0,155,PERCIBIR-OLFATO,VERBO,Captar o notar emanaciones o aromas a través del sentido del olfato. (Generada Gemini),NO,1 seña,SI,SI,NO,1 seña,Unimanual en contacto (tipo X),D,,,,,00155_percibirol.mp4
DBLSC,LSC0,156,PENE,SUSTANTIVO,Órgano copulador y miccionador del hombre y de los animales machos de muchas especies. (RAE),NO,1 seña,NO,SI,NO,1 seña,Unimanual en contacto (tipo X),L,,,,,00156_pene.mp4
DBLSC,LSC0,157,REÍR,VERBO,Manifestar alegría con movimientos de la cara y sonidos inarticulados. (RAE),NO,1 seña,NO,SI,NO,1 seña,Unimanual en contacto (tipo X),XX,,,,,00157_reir.mp4
DBLSC,LSC0,158,REÍR-C,VERBO,"Variante de la expresión de risa, indicando una configuración manual específica (""C"") en lengua de señas. (Generada Gemini)",NO,1 seña,NO,SI,NO,1 seña,Unimanual (tipo 0),Cb,,,,,00158_reirc.mp4
DBLSC,LSC0,159,REIR-SONRISA,VERBO,"Expresión facial de alegría más contenida y silenciosa que la risa, donde se curvan los labios. (Generada Gemini)",NO,1 seña,NO,SI,NO,1 seña,Unimanual en contacto (tipo X),D,X,,,,00159_reirsonris.mp4
DBLSC,LSC0,160,REIR-CARCAJADA,VERBO,"Risa impetuosa, ruidosa y abierta. (Generada Gemini)",NO,1 seña,NO,SI,NO,1 seña,Unimanual en contacto (tipo X),J,,,,,00160_reircarcaj.mp4
DBLSC,LSC0,161,RESPIRAR-NARIZ,VERBO,"Acción de absorber y expulsar el aire, enfatizando el flujo a través de las fosas nasales. (Generada Gemini)",NO,1 seña,NO,SI,NO,1 seña,Unimanual en contacto (tipo X),U,,,,,00161_respirarna.mp4
DBLSC,LSC0,162,RESPIRAR-PECHO,VERBO,"Acción de respirar, enfatizando el movimiento de expansión y contracción del tórax. (Generada Gemini)",NO,1 seña,NO,SI,NO,1 seña,Simétrica (tipo I),J,,,,,00162_respirarpe.mp4
DBLSC,LSC0,163,SED,SUSTANTIVO,Gana y necesidad de beber. (RAE),NO,1 seña,NO,SI,NO,1 seña,Unimanual en contacto (tipo X),Pa,,,,,00163_sed.mp4
DBLSC,LSC0,164,SENTARSE,VERBO,Ponerse en un asiento u otro lugar de modo que este sostenga la mayor parte del cuerpo. (RAE),NO,1 seña,NO,SI,NO,1 seña,Semi-simétrica (tipo II),XXe,,,,,00164_sentarse.mp4
DBLSC,LSC0,165,SENTIR,VERBO,Experimentar sensaciones producidas por causas externas o internas. (RAE),NO,1 seña,NO,SI,NO,1 seña,Unimanual en contacto (tipo X),N,,,,,00165_sentir.mp4
DBLSC,LSC0,166,INTUIR,VERBO,"Percibir íntima e instantáneamente una idea o verdad, tal como si se la tuviera a la vista. (RAE)",NO,1 seña,SI,SI,NO,1 seña,Compuestas (tipo C),U,,,,,00166_intuir.mp4
DBLSC,LSC0,167,LAMENTAR,VERBO,"Sentir pena, contrariedad, arrepentimiento, etc., por algo. (RAE)",NO,1 seña,SI,SI,NO,1 seña,Unimanual en contacto (tipo X),C,S,,,,00167_lamentar.mp4
DBLSC,LSC0,168,DECEPCION,SUSTANTIVO,Pesar causado por un desengaño. (RAE),NO,1 seña,SI,SI,NO,1 seña,Unimanual (tipo 0),C,S,,,,00168_decepcion.mp4
DBLSC,LSC0,169,GOZO,SUSTANTIVO,"Alegría del ánimo, sentimiento de complacencia en la posesión, recuerdo o esperanza de bienes o cosas apetecibles. (RAE)",NO,1 seña,NO,SI,NO,1 seña,Unimanual en contacto (tipo X),Qa,Qe,,,,00169_gozo.mp4
DBLSC,LSC0,170,SOÑAR-Z,VERBO,"Representar en la fantasía sucesos mientras se duerme, asociado simbólicamente al ícono de la letra ""Z"". (Generada Gemini)",NO,1 seña,NO,SI,NO,1 seña,Compuestas (tipo C),P,X,,,,00170_soñar.mp4
DBLSC,LSC0,171,SOÑAR-NUBE,VERBO,"Variante de la seña de soñar, representada icónicamente como una nube o pensamiento durante el sueño. (Generada Gemini)",NO,1 seña,NO,SI,SI,3 señas,Asimétrica (tipo III),S,N,Jc,,,00171_soñarnube.mp4
DBLSC,LSC0,172,TOCA-DEBE,VERBO,Obligación o necesidad ineludible de realizar una acción. (Generada Gemini),NO,1 seña,NO,SI,NO,1 seña,Asimétrica (tipo III),N,S,,,,00172_tocardebe.mp4
DBLSC,LSC0,173,TOCAR-INAPROPIADO,VERBO,Acción de tocar el cuerpo de otra persona de manera indebida o abusiva. (Generada Gemini),NO,1 seña,NO,SI,NO,1 seña,Compuestas (tipo C),N,,,,,00173_tocarinapr.mp4
DBLSC,LSC0,174,PALPAR-INAPROPIADO,VERBO,Tocar tactilmente de forma indebida o inoportuna a alguien. (Generada Gemini),NO,1 seña,NO,SI,NO,1 seña,Compuestas (tipo C),Jc,,,,,00174_palmarinap.mp4
DBLSC,LSC0,175,TOMAR-LIQUIDO,VERBO,Ingerir una bebida o sustancia líquida. (Generada Gemini),NO,1 seña,NO,SI,NO,1 seña,Unimanual en contacto (tipo X),C,,,,,00175_tomarliqui.mp4
DBLSC,LSC0,176,TOMAR-PERSONA,VERBO,"Asir, agarrar o capturar a un individuo. (Generada Gemini)",NO,1 seña,NO,SI,NO,1 seña,Unimanual (tipo 0),S,,,,,00176_tomarperso.mp4
DBLSC,LSC0,177,VIDA-V,SUSTANTIVO,"Variante de seña para vida, ejecutada frecuentemente con configuración manual en ""V"". (Generada Gemini)",NO,1 seña,NO,SI,NO,1 seña,Simétrica (tipo I),V,,,,,00177_vida.mp4
DBLSC,LSC0,178,VIVO-ESTAR,VERBO,"Condición de tener vida, estar con existencia activa. (Generada Gemini)",NO,1 seña,NO,SI,NO,1 seña,Simétrica (tipo I),Q,Jc,,,,00178_vivoestar.mp4
DBLSC,LSC1,179,AGUACATE,SUSTANTIVO,"Fruto del aguacatero, comestible, de forma ovalada, piel verde oscura y pulpa cremosa con un hueso grande en el centro. (RAE)",NO,1 seña,NO,SI,NO,1 seña,Asimétrica (tipo III),Bl,Cl,,,,00179_aguacate.mp4
DBLSC,LSC1,180,AJÍ,SUSTANTIVO,"Fruto de algunas especies de pimiento, picante. (RAE)",SI,2 señas,NO,SI,SI,2 señas,Compuestas (tipo C),P,J,,,,00180_aji.mp4
DBLSC,LSC1,181,AJO,SUSTANTIVO,"Planta liliácea de bulbos blancos, olor fuerte y sabor picante, muy usada como condimento. (RAE)",NO,1 seña,NO,SI,NO,1 seña,Semi-simétrica (tipo II),E,,,,,00181_ajo.mp4
DBLSC,LSC1,182,ARVEJA,SUSTANTIVO,"Planta leguminosa herbácea, cuyos frutos son guisantes o chícharos. (RAE)",NO,1 seña,NO,SI,NO,1 seña,Asimétrica (tipo III),Lc,Al,,,,00182_arveja.mp4
DBLSC,LSC1,183,BANANO,SUSTANTIVO,"Árbol musáceo y su fruto, el banano o plátano. (RAE)",SI,2 señas,NO,SI,SI,2 señas,Asimétrica (tipo III),S,Al,,,,00183_banano.mp4
DBLSC,LSC1,184,PELAR-COSA,VERBO,Quitar la cáscara o cubierta a un objeto o alimento. (Generada Gemini),SI,2 señas,SI,SI,SI,2 señas,Asimétrica (tipo III),Q,Al,,,,00184_pelarcosa.mp4
DBLSC,LSC1,185,CEBOLLA-CABEZONA,SUSTANTIVO,Variedad de cebolla de forma esférica o bulbosa. (Generada Gemini),NO,1 seña,NO,SI,NO,1 seña,Asimétrica (tipo III),Q,Bl,,,,00185_cebollacab.mp4
DBLSC,LSC1,186,CEBOLLA-LARGA,SUSTANTIVO,"Cebolla en rama o junca, de tallos largos y verdes. (Generada Gemini)",NO,1 seña,NO,SI,NO,1 seña,Semi-simétrica (tipo II),Za,,,,,00186_cebollalar.mp4
DBLSC,LSC1,187,COCO,SUSTANTIVO,"Fruto del cocotero, de forma redonda, corteza fibrosa y pulpa blanca comestible con líquido en su interior. (RAE)",NO,1 seña,NO,SI,NO,1 seña,Simétrica (tipo I),Jc,,,,,00187_coco.mp4
DBLSC,LSC1,188,CURUBA,SUSTANTIVO,"Fruto de la curubita, alargado, de cáscara verdosa o amarillenta y pulpa jugosa con muchas semillas pequeñas. (RAE)",NO,1 seña,SI,SI,NO,1 seña,Simétrica (tipo I),Jc,Q,,,,00188_curuba.mp4
DBLSC,LSC1,189,DURAZNO-TEXTURA,SUSTANTIVO,"Fruto del duraznero, destacando la característica aterciopelada de su piel. (Generada Gemini)",NO,1 seña,NO,SI,NO,1 seña,Asimétrica (tipo III),S,Gl,,,,00189_duraznotex.mp4
DBLSC,LSC1,190,DURAZNO-RAYA,SUSTANTIVO,Variedad o representación gráfica del durazno con líneas o marcas características en el corpus. (Generada Gemini),NO,1 seña,SI,SI,NO,1 seña,Asimétrica (tipo III),C,A,,,,00190_duraznoray.mp4
DBLSC,LSC1,191,FRESA,SUSTANTIVO,"Fruto comestible de la planta del mismo nombre, de color rojo vivo y forma cónica u ovalada. (RAE)",NO,1 seña,NO,SI,NO,1 seña,Asimétrica (tipo III),Q,Pc,,,,00191_fresa.mp4
DBLSC,LSC0,192,ADULTO,SUSTANTIVO,Dicho de una persona o animal: que ha llegado a la plenitud de su desarrollo físico y biológico. (RAE),NO,1 seña,NO,SI,NO,1 seña,Unimanual en contacto (tipo X),Ql,,,,,00192_adulto.mp4
DBLSC,LSC0,193,ALGUNOS,FUNCION,Indica una cantidad indefinida de personas o cosas dentro de un conjunto. (RAE),NO,1 seña,NO,SI,NO,1 seña,Semi-simétrica (tipo II),P,,,,,00193_algunos.mp4
DBLSC,LSC0,194,ANCIANO,SUSTANTIVO,Dicho de una persona: de edad avanzada. (RAE),NO,1 seña,NO,SI,NO,1 seña,Unimanual en contacto (tipo X),S,,,,,00194_anciano.mp4
DBLSC,LSC0,195,SALTAR,VERBO,Impulsarse con los pies desde una superficie para elevarse en el aire. (RAE),NO,1 seña,NO,SI,NO,1 seña,Asimétrica (tipo III),Bl,V,XX,,,00195_saltar.mp4
DBLSC,LSC0,196,ÉL-ELLA,SUSTANTIVO,Pronombres personales de tercera persona del singular para referirse a un varón o a una mujer. (RAE),NO,1 seña,NO,SI,NO,1 seña,Unimanual (tipo 0),P,,,,,00196_elella.mp4
DBLSC,LSC0,197,ELLAS-ELLOS,SUSTANTIVO,Pronombres personales de tercera persona del plural. (RAE),NO,1 seña,NO,SI,NO,1 seña,Unimanual (tipo 0),P,,,,,00197_ellasellos.mp4
DBLSC,LSC0,198,ELLOS-DOS/USTEDES-DOS,SUSTANTIVO,Dual pronominal que designa específicamente a un par de personas. (Generada Gemini),NO,1 seña,NO,SI,NO,1 seña,Unimanual (tipo 0),K,,,,,00198_ellosdosus.mp4
DBLSC,LSC0,199,HOMBRE,SUSTANTIVO,"Ser animado racional, varón. (RAE)",NO,1 seña,NO,SI,NO,1 seña,Unimanual en contacto (tipo X),Ta,Tb,,,,00199_hombre.mp4
DBLSC,LSC1,200,HOMOSEXUAL,ADJETIVO,Dicho de una persona: que siente atracción sexual hacia personas de su mismo sexo. (RAE),NO,1 seña,NO,SI,NO,1 seña,Unimanual en contacto (tipo X),Tb,,,,,00200_homosexual.mp4
DBLSC,LSC0,201,JOVEN,SUSTANTIVO,Que está en la juventud. (RAE),NO,1 seña,NO,SI,NO,1 seña,Unimanual en contacto (tipo X),Y,,,,,00201_joven.mp4
DBLSC,LSC0,202,MAYOR,ADJETIVO,"Que supera a otra persona en edad, tamaño o jerarquía. (RAE)",NO,1 seña,NO,SI,NO,1 seña,Unimanual en contacto (tipo X),Ql,,,,,00202_mayor.mp4
DBLSC,LSC0,203,MUJER,SUSTANTIVO,Persona del sexo femenino. (RAE),NO,1 seña,NO,SI,NO,1 seña,Unimanual en contacto (tipo X),Ql,,,,,00203_mujer.mp4
DBLSC,LSC0,204,NIÑO,SUSTANTIVO,Muchacho de poca edad. (RAE),NO,1 seña,NO,SI,NO,1 seña,Compuestas (tipo C),H,O,,,,00204_niño.mp4
DBLSC,LSC0,205,NIÑA,SUSTANTIVO,Muchacha de poca edad. (RAE),NO,1 seña,NO,SI,NO,1 seña,Compuestas (tipo C),H,A,,,,00205_niña.mp4
DBLSC,LSC0,206,NOSOTROS,SUSTANTIVO,Pronombre personal que designa al grupo que incluye al hablante. (RAE),NO,1 seña,NO,SI,NO,1 seña,Unimanual en contacto (tipo X),H,,,,,00206_nosotros.mp4
DBLSC,LSC0,207,NUESTRO,ADJETIVO,Pronombre o determinante posesivo correspondiente a la primera persona del plural. (RAE),NO,1 seña,NO,SI,NO,1 seña,Unimanual en contacto (tipo X),Q,,,,,00207_nuestro.mp4
DBLSC,LSC0,208,NOSOTROS-DOS,SUSTANTIVO,Dual inclusivo que se refiere exactamente a dos personas incluyéndose el hablante. (Generada Gemini),NO,1 seña,NO,SI,NO,1 seña,Unimanual en contacto (tipo X),K,,,,,00208_nosotrosdo.mp4
DBLSC,LSC0,209,PERSONA-OTRO,SUSTANTIVO,Designación de un individuo diferente al hablante o al referente principal. (Generada Gemini),NO,1 seña,NO,SI,NO,1 seña,Unimanual (tipo 0),Xc,,,,,00209_personaotr.mp4
DBLSC,LSC0,210,PERSONA-INDIVIDUO,SUSTANTIVO,Unidad singular de la especie humana. (Generada Gemini),NO,1 seña,NO,SI,NO,1 seña,Simétrica (tipo I),K,,,,,00210_personaind.mp4
DBLSC,LSC0,211,PERSONAS-GENERAL,SUSTANTIVO,Conjunto genérico de seres humanos. (Generada Gemini),NO,1 seña,NO,SI,NO,1 seña,Simétrica (tipo I),K,,,,,00211_personasge.mp4
DBLSC,LSC0,212,PERSONAS-INDIVIDUOS,SUSTANTIVO,Plural enfático de personas consideradas individualmente. (Generada Gemini),NO,1 seña,NO,SI,NO,1 seña,Unimanual (tipo 0),Xc,,,,,00212_personasin.mp4
DBLSC,LSC0,213,SUYO,ADJETIVO,"Pronombre posesivo que pertenece a él, ella, usted o ustedes. (RAE)",NO,1 seña,NO,SI,NO,1 seña,Unimanual (tipo 0),B,,,,,00213_suyo.mp4
DBLSC,LSC0,214,SU,ADJETIVO,Determinante posesivo correspondiente a la tercera persona o de respeto. (RAE),NO,1 seña,NO,SI,NO,1 seña,Unimanual (tipo 0),B,,,,,00214_su.mp4
DBLSC,LSC0,215,ASI-ES,ADVERBIO,Expresión afirmativa que indica conformidad o veracidad con lo dicho. (Generada Gemini),NO,1 seña,SI,SI,NO,1 seña,Unimanual (tipo 0),J,,,,,00215_asies.mp4
DBLSC,LSC0,216,TODO,ADJETIVO,"Entero, total, aplicado a un conjunto sin excepciones. (RAE)",NO,1 seña,SI,SI,NO,1 seña,Semi-simétrica (tipo II),Ql,,,,,00216_todo.mp4
DBLSC,LSC0,217,TODOS,ADJETIVO,La totalidad de los individuos de un grupo. (RAE),NO,1 seña,SI,SI,NO,1 seña,Unimanual (tipo 0),J,Q,,,,00217_todos.mp4
DBLSC,LSC0,218,TODO-ESO,ADJETIVO,Conjunto o totalidad de aquello de lo que se habla. (Generada Gemini),NO,1 seña,SI,SI,NO,1 seña,Unimanual (tipo 0),P,,,,,00218_todoeso.mp4
DBLSC,LSC0,219,TODO-CAMPO,ADJETIVO,Ámbito o superficie total abarcada en un contexto dado. (Generada Gemini),NO,1 seña,NO,SI,NO,1 seña,Unimanual (tipo 0),J,,,,,00219_todocampo.mp4
DBLSC,LSC0,220,TÚ,SUSTANTIVO,Pronombre personal de segunda persona del singular. (RAE),NO,1 seña,NO,SI,NO,1 seña,Unimanual (tipo 0),Tf,,,,,00220_tu.mp4
DBLSC,LSC0,221,TÚ-MISMO,FUNCION,Pronombre enfático de segunda persona que designa al propio interlocutor. (Generada Gemini),NO,1 seña,SI,SI,NO,1 seña,Unimanual (tipo 0),A,,,,,00221_tumismo.mp4
DBLSC,LSC0,222,LO-MISMO,FUNCION,Expresión que indica igualdad o identidad entre dos cosas o situaciones. (Generada Gemini),NO,1 seña,SI,SI,NO,1 seña,Asimétrica (tipo III),Bl,Y,,,,00222_lomismo.mp4
DBLSC,LSC0,223,ESO-MISMO,FUNCION,Afirmación de coincidencia exacta con lo expresado previamente. (Generada Gemini),NO,1 seña,SI,SI,NO,1 seña,Asimétrica (tipo III),J,Y,,,,00223_esomismo.mp4
DBLSC,LSC0,224,USTEDES,SUSTANTIVO,Pronombre personal de segunda persona del plural (usado en América y trato familiar en España). (RAE),NO,1 seña,NO,SI,NO,1 seña,Unimanual (tipo 0),Bl,,,,,00224_ustedes.mp4
DBLSC,LSC0,225,YO-MISMO,FUNCION,Pronombre enfático de primera persona que denota autoría o exclusividad propia. (Generada Gemini),NO,1 seña,NO,SI,NO,1 seña,Unimanual en contacto (tipo X),A,,,,,00225_yomismo.mp4
DBLSC,LSC0,226,MIO,ADJETIVO,Pronombre posesivo de la primera persona del singular. (RAE),NO,1 seña,NO,SI,NO,1 seña,Unimanual en contacto (tipo X),Bl,,,,,00226_mio.mp4
DBLSC,LSC0,227,BIGOTE,SUSTANTIVO,Pelo que crece sobre el labio superior. (RAE),NO,1 seña,NO,SI,NO,1 seña,Simétrica (tipo I),Pa,Pc,,,,00227_bigote.mp4
DBLSC,LSC0,228,BLANCO,ADJETIVO,"De color blanco, opuesto al negro. (RAE)",NO,1 seña,NO,SI,NO,1 seña,Unimanual (tipo 0),L,,,,,00228_blanco.mp4
DBLSC,LSC0,229,BOCA,SUSTANTIVO,Abertura corporal por donde se ingieren los alimentos y se emiten sonidos. (RAE),NO,1 seña,NO,SI,NO,1 seña,Unimanual en contacto (tipo X),L,,,,,00229_boca.mp4
DBLSC,LSC0,230,BRAZO,SUSTANTIVO,Parte del cuerpo humano que va desde el hombro hasta la mano. (RAE),NO,1 seña,NO,SI,NO,1 seña,Semi-simétrica (tipo II),Jb,Jb,,,,00230_brazo.mp4
DBLSC,LSC0,231,CABELLO,SUSTANTIVO,Conjunto de los cabellos que crecen en la cabeza. (RAE),NO,1 seña,NO,SI,NO,1 seña,Simétrica (tipo I),Jc,Q,,,,00231_cabello.mp4
DBLSC,LSC0,232,CABEZA,SUSTANTIVO,Parte superior del cuerpo humano donde están situados los órganos principales de los sentidos y el cerebro. (RAE),NO,1 seña,NO,SI,NO,1 seña,Simétrica (tipo I),Jc,,,,,00232_cabeza.mp4
DBLSC,LSC1,233,CALVO,ADJETIVO,Dicho de una persona: que ha perdido el cabello de la cabeza. (RAE),NO,1 seña,NO,SI,NO,1 seña,Asimétrica (tipo III),S,C,,,,00233_calvo.mp4
DBLSC,LSC1,234,CANOSO,ADJETIVO,Que tiene canas (cabellos blancos o grises). (RAE),NO,1 seña,NO,SI,NO,1 seña,Semi-simétrica (tipo II),Ta,Tb,,,,00234_canoso.mp4
DBLSC,LSC0,235,CARA,SUSTANTIVO,"Parte anterior de la cabeza humana, desde la frente hasta la barbilla. (RAE)",NO,1 seña,NO,SI,NO,1 seña,Unimanual en contacto (tipo X),P,,,,,00235_cara.mp4
DBLSC,LSC0,236,CEJA,SUSTANTIVO,Parte saliente y arqueada con pelos sobre la cuenca del ojo. (RAE),NO,1 seña,NO,SI,NO,1 seña,Unimanual en contacto (tipo X),P,,,,,00236_ceja.mp4
DBLSC,LSC1,237,CORAZÓN,SUSTANTIVO,Órgano muscular que impulsa la circulación de la sangre. (RAE),NO,1 seña,NO,SI,NO,1 seña,Simétrica (tipo I),P,,,,,00237_corazon.mp4
DBLSC,LSC0,238,CUELLO,SUSTANTIVO,Parte del cuerpo que une la cabeza con el tronco. (RAE),NO,1 seña,NO,SI,NO,1 seña,Unimanual en contacto (tipo X),Bc,,,,,00238_cuello.mp4
DBLSC,LSC0,239,DEDOS,SUSTANTIVO,Apéndices articulados en que terminan las manos y los pies. (RAE),SI,2 señas,NO,SI,SI,2 señas,Asimétrica (tipo III),J,Ok,,,,00239_dedos.mp4
DBLSC,LSC0,240,DIENTES,SUSTANTIVO,"Órganos duros, blancos, incrustados en las mandíbulas, que sirven para masticar. (RAE)",NO,1 seña,NO,SI,NO,1 seña,Unimanual en contacto (tipo X),X,,,,,00240_dientes.mp4
DBLSC,LSC0,241,ESPALDA,SUSTANTIVO,"Parte posterior del cuerpo humano, desde los hombros hasta la cintura. (RAE)",NO,1 seña,NO,SI,NO,1 seña,Unimanual en contacto (tipo X),Jb,,,,,00241_espalda.mp4
DBLSC,LSC1,242,ESTÓMAGO,SUSTANTIVO,"Órgano principal de la digestión, situado entre el esófago y el intestino. (RAE)",NO,1 seña,NO,SI,NO,1 seña,Unimanual en contacto (tipo X),Bl,,,,,00242_estomago.mp4
DBLSC,LSC0,243,FRENTE,SUSTANTIVO,"Parte superior y anterior de la cabeza, desde las cejas hasta la raíz del pelo. (RAE)",NO,1 seña,NO,SI,NO,1 seña,Unimanual en contacto (tipo X),Bl,,,,,00243_frente.mp4
DBLSC,LSC0,244,HOMBROS,SUSTANTIVO,Partes del cuerpo humano que unen los brazos con el tronco. (RAE),NO,1 seña,NO,SI,NO,1 seña,Semi-simétrica (tipo II),Cf,,,,,00244_hombros.mp4
DBLSC,LSC0,245,MANOS,SUSTANTIVO,Partes del cuerpo humano que van desde la muñeca hasta la punta de los dedos. (RAE),NO,1 seña,NO,SI,NO,1 seña,Simétrica (tipo I),J,,,,,00245_manos.mp4
DBLSC,LSC1,246,MENTÓN,SUSTANTIVO,"Saliente de la mandíbula inferior, barba. (RAE)",NO,1 seña,NO,SI,NO,1 seña,Unimanual en contacto (tipo X),Bl,,,,,00246_menton.mp4
DBLSC,LSC1,247,MONO,ADJETIVO,"Dicho de una persona o cosa: bonita, graciosa. / Mamífero primate. (RAE)",NO,1 seña,NO,SI,NO,1 seña,Unimanual en contacto (tipo X),N,No,J,,,00247_mono.mp4
DBLSC,LSC1,248,MORENO,ADJETIVO,Dicho de una persona: que tiene la piel de color obscuro o tostada por el sol. (RAE),NO,1 seña,NO,SI,NO,1 seña,Unimanual en contacto (tipo X),N,,,,,00248_moreno.mp4
DBLSC,LSC0,249,ESFERO,SUSTANTIVO,"Bolígrafo, instrumento para escribir con tinta. (RAE / Regionalismo)",NO,1 seña,NO,SI,NO,1 seña,Unimanual (tipo 0),Al,Af,,,,00249_esfero.mp4
DBLSC,LSC0,250,FRUTA,SUSTANTIVO,Fruto comestible de ciertas plantas o árboles. (RAE),NO,1 seña,NO,SI,NO,1 seña,Unimanual (tipo 0),Gl,,,,,00250_fruta.mp4
DBLSC,LSC1,251,GUAYABA,SUSTANTIVO,"Fruto del guayabo, comestible, de pulpa aromática, dulce y con numerosas semillas pequeñas. (RAE)",SI,2 señas,NO,SI,SI,2 señas,Asimétrica (tipo III),C,Xe,,,,00251_guayaba.mp4
DBLSC,LSC1,252,HABICHUELA,SUSTANTIVO,Judía verde o frijol tierno comestible. (RAE),SI,2 señas,NO,SI,SI,2 señas,Asimétrica (tipo III),P,Tb,,,,00252_habichuela.mp4
DBLSC,LSC1,253,LECHUGA,SUSTANTIVO,"Planta hortense anual, de hojas comestibles, anchas y rizadas. (RAE)",NO,1 seña,NO,SI,NO,1 seña,Semi-simétrica (tipo II),Gl,,,,,00253_lechuga.mp4
DBLSC,LSC1,254,LIMÓN,SUSTANTIVO,"Fruto del limonero, de forma ovoide, color amarillo y zumo muy ácido. (RAE)",NO,1 seña,NO,SI,NO,1 seña,Unimanual (tipo 0),Xl,Xf,,,,00254_limon.mp4
DBLSC,LSC1,255,MANDARINA,SUSTANTIVO,"Fruto del mandarino, parecido a la naranja pero más pequeño y de fácil pelado. (RAE)",NO,1 seña,NO,SI,NO,1 seña,Unimanual (tipo 0),Xt,Xf,,,,00255_mandarina.mp4
DBLSC,LSC1,256,MANGO,SUSTANTIVO,"Fruto del mango, de forma ovalada, piel amarillenta o rojiza y pulpa muy jugosa y dulce. (RAE)",NO,1 seña,NO,SI,NO,1 seña,Unimanual en contacto (tipo X),Bl,,,,,00256_mango.mp4
DBLSC,LSC1,257,MANZANA,SUSTANTIVO,"Fruto del manzano, comestible, de forma globosa, piel fina y pulpa blanca y crujiente. (RAE)",SI,2 señas,NO,SI,SI,2 señas,Unimanual en contacto (tipo X),G,,,,,00257_manzana.mp4
DBLSC,LSC1,258,MAZORCA-MANO,SUSTANTIVO,"Espiga de maíz, con énfasis en su manipulación o forma en lengua de señas. (Generada Gemini)",NO,1 seña,NO,SI,NO,1 seña,Simétrica (tipo I),Gl,,,,,00258_mazorcaman.mp4
DBLSC,LSC1,259,MAZORCA-PALO,SUSTANTIVO,Espiga de maíz en su tallo o soporte vegetal. (Generada Gemini),NO,1 seña,NO,SI,NO,1 seña,Simétrica (tipo I),P,,,,,00259_mazorcapal.mp4
DBLSC,LSC1,260,MAZORCA-DESGRANO,SUSTANTIVO,Acción de separar los granos de la mazorca de maíz. (Generada Gemini),SI,2 señas,NO,SI,SI,2 señas,Asimétrica (tipo III),C,Al,Af,,,00260_mazorcades.mp4
DBLSC,LSC1,261,NARANJA,SUSTANTIVO,"Fruto del naranjo, redondo, de corteza rugosa y color anaranjado, jugoso y de sabor agridulce. (RAE)",NO,1 seña,NO,SI,NO,1 seña,Unimanual en contacto (tipo X),Gl,,,,,00261_naranja.mp4
DBLSC,LSC1,262,MORA,SUSTANTIVO,"Fruto de la zarza o de la morera, compuesto de variosグ (pequeños frutos jugosos). (RAE)",NO,1 seña,NO,SI,NO,1 seña,Asimétrica (tipo III),O,Q,,,,00262_mora.mp4
DBLSC,LSC1,263,PAPAYA,SUSTANTIVO,"Fruto del papayo, grande, comestible, de pulpa dulce y anaranjada con numerosas semillas negras. (RAE)",NO,1 seña,NO,SI,NO,1 seña,Simétrica (tipo I),Cl,Qa,,,,00263_papaya.mp4
DBLSC,LSC1,264,PERA,SUSTANTIVO,"Fruto del peral, comestible, jugoso, generalmente de forma cónica o abombada. (RAE)",NO,1 seña,NO,SI,NO,1 seña,Asimétrica (tipo III),Jc,Jc,Qa,,,00264_pera.mp4
DBLSC,LSC1,265,PIÑA,SUSTANTIVO,"Fruto del piñero o ananá, grande, carnoso, de forma ovalada y cónica con hojas duras en la parte superior. (RAE)",SI,2 señas,NO,SI,SI,2 señas,Asimétrica (tipo III),J,Bl,,,,00265_piña.mp4
DBLSC,LSC1,266,TOMATE,SUSTANTIVO,"Fruto de la tomatera, de forma redonda u ovalada, rojo y jugoso, comestible. (RAE)",SI,2 señas,NO,SI,SI,2 señas,Asimétrica (tipo III),Cb,Cb,Bl,,,00266_tomate.mp4
DBLSC,LSC1,267,UVA,SUSTANTIVO,"Fruto de la vid, que crece en racimos, pequeño, redondo y jugoso. (RAE)",SI,2 señas,NO,SI,SI,2 señas,Asimétrica (tipo III),Pc,Okp,Ta,,,00267_uva.mp4
DBLSC,LSC1,268,VERDURA,SUSTANTIVO,Hortaliza cuyas hojas o partes verdes son comestibles. (RAE),SI,2 señas,NO,SI,SI,2 señas,Asimétrica (tipo III),C,S,V,,,00268_verdura.mp4
DBLSC,LSC1,269,YUCA,SUSTANTIVO,"Planta arbustiva de raíz gruesa y comestible, rica en almidón. (RAE)",NO,1 seña,NO,SI,NO,1 seña,Semi-simétrica (tipo II),Bl,,,,,00269_yuca.mp4
DBLSC,LSC1,270,ZANAHORIA,SUSTANTIVO,"Hortaliza de raíz comestible, alargada, cónica y de color anaranjado. (RAE)",NO,1 seña,NO,SI,NO,1 seña,Unimanual en contacto (tipo X),Al,S,,,,00270_zanahoria.mp4
DBLSC,LSC1,271,ACEITE,SUSTANTIVO,"Líquido graso, combustible y viscoso, de origen vegetal, mineral o animal. (RAE)",NO,1 seña,NO,SI,NO,1 seña,Asimétrica (tipo III),Bl,Nc,,,,00271_aceite.mp4
DBLSC,LSC1,272,ÁCIDO,ADJETIVO,Que tiene sabor agrio o punzante. (RAE),NO,1 seña,SI,SI,NO,1 seña,Unimanual en contacto (tipo X),N,,,,,00272_acido.mp4
DBLSC,LSC0,273,AGUA,SUSTANTIVO,"Sustancia líquida sin olor, color ni sabor, esencial para la vida. (RAE)",NO,1 seña,NO,SI,NO,1 seña,Unimanual en contacto (tipo X),A,,,,,00273_agua.mp4
DBLSC,LSC0,274,ALMUERZO-DOS,SUSTANTIVO,Segundo tiempo o comida principal del mediodía en la organización corpus. (Generada Gemini),NO,1 seña,SI,SI,NO,1 seña,Unimanual en contacto (tipo X),W,,,,,00274_almuerzodo.mp4
DBLSC,LSC0,275,ALMUERZO-MEDIODIA,SUSTANTIVO,Comida que se toma a mitad del día. (Generada Gemini),SI,2 señas,NO,SI,SI,2 señas,Compuestas (tipo C),Q,Be,,,,00275_almuerzome.mp4
DBLSC,LSC0,276,AREPA,SUSTANTIVO,"Tortilla de maíz desgranado y molido o de harina de maíz, típica de Colombia y Venezuela. (RAE)",NO,1 seña,NO,SI,NO,1 seña,Asimétrica (tipo III),B,Cl,,,,00276_arepa.mp4
DBLSC,LSC0,277,AROMÁTICA/TÉ,SUSTANTIVO,Infusión de hierbas aromáticas o té para beber. (RAE),SI,2 señas,NO,SI,SI,2 señas,Asimétrica (tipo III),C,Tb,,,,00277_aromaticat.mp4
DBLSC,LSC0,278,ARROZ,SUSTANTIVO,"Planta cereal y su grano comestible, base de múltiples preparaciones culinarias. (RAE)",NO,1 seña,SI,SI,NO,1 seña,Simétrica (tipo I),J,,,,,00278_arroz.mp4
DBLSC,LSC0,279,AZÚCAR,SUSTANTIVO,"Sustancia cristalina, generalmente blanca, muy dulce, que se extrae de la caña de azúcar o de la remolacha. (RAE)",SI,2 señas,NO,SI,SI,2 señas,Compuestas (tipo C),H,Q,,,,00279_azucar.mp4
DBLSC,LSC0,280,CAFÉ,ADJETIVO,Bebida que se obtiene por infusión a partir de los frutos tostados y molidos de la planta del café. (RAE),SI,2 señas,NO,SI,SI,2 señas,Asimétrica (tipo III),Bl,Tb,,,,00280_cafe.mp4
DBLSC,LSC1,281,CAMARÓN,SUSTANTIVO,"Crustáceo marino comestible, de cuerpo alargado y pequeño. (RAE)",NO,1 seña,SI,SI,NO,1 seña,Unimanual (tipo 0),Xe,,,,,00281_camaron.mp4
DBLSC,LSC0,282,CARNE,SUSTANTIVO,"Parte muscular del cuerpo de los animales, consumida como alimento. (RAE)",NO,1 seña,NO,SI,NO,1 seña,Unimanual en contacto (tipo X),XX,,,,,00282_carne.mp4
DBLSC,LSC1,283,CERVEZA,SUSTANTIVO,Bebida alcohólica obtenida por fermentación de granos de cebada u otros cereales. (RAE),NO,1 seña,SI,SI,NO,1 seña,Unimanual en contacto (tipo X),S,,,,,00283_cerveza.mp4
DBLSC,LSC1,284,CHOCOLATE,SUSTANTIVO,"Sustancia alimenticia hecha con cacao y azúcar, sólida o disuelta en líquido. (RAE)",NO,1 seña,NO,SI,NO,1 seña,Simétrica (tipo I),Bl,,,,,00284_chocolate.mp4
DBLSC,LSC0,285,COCINAR,VERBO,Preparar los alimentos para que sean comestibles mediante la acción del fuego o calor. (RAE),NO,1 seña,NO,SI,NO,1 seña,Simétrica (tipo I),Gl,,,,,00285_cocinar.mp4
DBLSC,LSC0,286,CENA-TRES,SUSTANTIVO,Comida que se toma por la noche en la estructuración de tiempos del corpus. (Generada Gemini),NO,1 seña,SI,SI,NO,1 seña,Unimanual en contacto (tipo X),W,,,,,00286_cenatres.mp4
DBLSC,LSC0,287,CENA-NOCHE,SUSTANTIVO,"Última comida del día, ingerida al caer la noche. (Generada Gemini)",SI,2 señas,NO,SI,SI,2 señas,Compuestas (tipo C),Q,C,S,,,00287_cenanoche.mp4
DBLSC,LSC0,288,DESAYUNO-UNO,SUSTANTIVO,Primera comida del día en la secuencia del corpus. (Generada Gemini),NO,1 seña,SI,SI,NO,1 seña,Unimanual en contacto (tipo X),W,,,,,00288_desayunoun.mp4
DBLSC,LSC0,289,DESAYUNO-D,SUSTANTIVO,Variante de seña o clasificación para el desayuno en lengua de señas. (Generada Gemini),NO,1 seña,SI,SI,NO,1 seña,Unimanual en contacto (tipo X),D,,,,,00289_desayunod.mp4
DBLSC,LSC0,290,DESAYUNO-F,SUSTANTIVO,Variante de seña o configuración para el desayuno en el corpus. (Generada Gemini),NO,1 seña,SI,SI,NO,1 seña,Unimanual en contacto (tipo X),Tb,,,,,00290_desayunof.mp4
DBLSC,LSC1,291,DULCE-PASTILLA,ADJETIVO,Golosina pequeña o caramelo en forma de pastilla. (Generada Gemini),NO,1 seña,NO,SI,NO,1 seña,Simétrica (tipo I),Tb,,,,,00291_dulcepasti.mp4
DBLSC,LSC1,292,EMPANADA,SUSTANTIVO,"Masa rellena de carne, pescado, verdura u otros ingredientes, cocida al horno o frita. (RAE)",NO,1 seña,NO,SI,NO,1 seña,Simétrica (tipo I),Lc,,,,,00292_empanada.mp4
DBLSC,LSC0,293,ENSALADA,SUSTANTIVO,"Plato de hortalizas mezcladas, cortadas y aderezadas con sal, aceite y vinagre u otros condimentos. (RAE)",NO,1 seña,NO,SI,NO,1 seña,Simétrica (tipo I),Gl,,,,,00293_ensalada.mp4
DBLSC,LSC0,294,GALLETA,SUSTANTIVO,"Pasta de harina, azúcar y grasa, cocida al horno, generalmente pequeña y seca. (RAE)",NO,1 seña,NO,SI,NO,1 seña,Unimanual (tipo 0),Xc,,,,,00294_galleta.mp4
DBLSC,LSC0,295,GASEOSA,SUSTANTIVO,"Bebida carbonatada y azucarada, sin alcohol. (RAE)",NO,1 seña,NO,SI,NO,1 seña,Unimanual (tipo 0),Y,,,,,00295_gaseosa.mp4
DBLSC,LSC0,296,HAMBURGUESA,SUSTANTIVO,"Carne picada prensada y cocinada, servida típicamente dentro de un pan redondo. (RAE)",NO,1 seña,NO,SI,NO,1 seña,Simétrica (tipo I),C,,,,,00296_hamburgues.mp4
DBLSC,LSC0,297,HELADO,SUSTANTIVO,"Alimento congelado hecho con leche, crema, frutas o saborizantes y azúcar. (RAE)",NO,1 seña,NO,SI,NO,1 seña,Unimanual (tipo 0),S,,,,,00297_helado.mp4
DBLSC,LSC0,298,HUEVO,SUSTANTIVO,"Cuerpo redondo u ovalado puesto por las aves, con una clara y una yema comestibles. (RAE)",NO,1 seña,NO,SI,NO,1 seña,Simétrica (tipo I),Gl,,,,,00298_huevo.mp4
DBLSC,LSC1,299,JAMÓN,SUSTANTIVO,Carne curada o cocida procedente de las patas traseras del cerdo. (RAE),SI,2 señas,SI,SI,SI,2 señas,Compuestas (tipo C),Xe,Xc,Bl,,,00299_jamon.mp4
DBLSC,LSC0,300,JUGO,SUSTANTIVO,Líquido que se extrae de los vegetales o frutas. (RAE),NO,1 seña,NO,SI,NO,1 seña,Unimanual (tipo 0),P,,,,,00300_jugo.mp4
DBLSC,LSC0,301,JUGO-J,SUSTANTIVO,"Variante corpus para jugo, incorporando configuración manual en letra ""J"". (Generada Gemini)",NO,1 seña,SI,SI,NO,1 seña,Unimanual (tipo 0),I,,,,,00301_jugoj.mp4
DBLSC,LSC0,302,LECHE,SUSTANTIVO,Líquido blanco y nutritivo secretado por las glándulas mamarias de las hembras de los mamíferos. (RAE),NO,1 seña,NO,SI,NO,1 seña,Simétrica (tipo I),Gl,,,,,00302_leche.mp4
DBLSC,LSC1,303,MERCADO-CANASTO,SUSTANTIVO,Actividad de abastecimiento o compra de víveres utilizando un canasto. (Generada Gemini),NO,1 seña,NO,SI,NO,1 seña,Unimanual (tipo 0),S,,,,,00303_mercadocan.mp4
DBLSC,LSC1,304,ESPESO,ADJETIVO,"Que tiene una densidad superior a la normal o deseada, denso. (RAE)",SI,2 señas,SI,SI,SI,2 señas,Compuestas (tipo C),S,Qe,,,,00304_espeso.mp4
DBLSC,LSC0,305,PAN,SUSTANTIVO,"Alimento hecho con masa de harina, agua y levadura, cocido al horno. (RAE)",NO,1 seña,NO,SI,NO,1 seña,Simétrica (tipo I),Qa,,,,,00305_pan.mp4
DBLSC,LSC0,306,PANELA,SUSTANTIVO,"Bloque de azúcar de caña sin purificar, compacto y sólido, típico de Colombia. (RAE)",NO,1 seña,NO,SI,NO,1 seña,Simétrica (tipo I),Bl,,,,,00306_panela.mp4
DBLSC,LSC1,307,PAPA-TUBERCULO,SUSTANTIVO,Tubérculo comestible de la planta de la papa. (Generada Gemini),NO,1 seña,SI,SI,NO,1 seña,Asimétrica (tipo III),S,XX,,,,00307_papatuberc.mp4
DBLSC,LSC0,308,PASTA-SPAGUETTI,SUSTANTIVO,Alimento elaborado con pasta de harina en forma de hilos largos. (Generada Gemini),NO,1 seña,NO,SI,NO,1 seña,Simétrica (tipo I),I,,,,,00308_pastaspagu.mp4
DBLSC,LSC0,309,PERRO-CALIENTE,SUSTANTIVO,Comida rápida compuesta por una salchicha cocida servida en el interior de un pan alargado. (RAE),SI,2 señas,NO,SI,SI,2 señas,Asimétrica (tipo III),P,Gl,,,,00309_perrocalie.mp4
DBLSC,LSC0,310,PESCADO,SUSTANTIVO,"Pez extraído del agua, comestible. (RAE)",NO,1 seña,NO,SI,NO,1 seña,Unimanual (tipo 0),B,,,,,00310_pescado.mp4
DBLSC,LSC0,311,PIZZA,SUSTANTIVO,"Masa de harina estirada, cubierta de salsa de tomate, queso y otros ingredientes, horneada. (RAE)",NO,1 seña,NO,SI,NO,1 seña,Simétrica (tipo I),Xc,,,,,00311_pizza.mp4
DBLSC,LSC0,312,POLLO,SUSTANTIVO,"Cría de la gallina, utilizada como alimento. (RAE)",SI,2 señas,NO,SI,SI,2 señas,Compuestas (tipo C),Tc,S,,,,00312_pollo.mp4
DBLSC,LSC0,313,PONQUÉ,SUSTANTIVO,Bizcocho o pastel esponjoso dulce. (RAE),NO,1 seña,NO,SI,NO,1 seña,Simétrica (tipo I),Lc,,,,,00313_ponque.mp4
DBLSC,LSC1,314,QUESO-ESTIRA,SUSTANTIVO,Variante de la seña de queso que representa icónicamente la elasticidad al estirarlo. (Generada Gemini),NO,1 seña,NO,SI,NO,1 seña,Unimanual (tipo 0),Ta,Tb,,,,00314_quesoestir.mp4
DBLSC,LSC1,315,QUESO-LINEA,SUSTANTIVO,Variante de seña para queso con trazado lineal en el corpus. (Generada Gemini),NO,1 seña,SI,SI,NO,1 seña,Asimétrica (tipo III),Bl,Y,,,,00315_quesolinea.mp4
DBLSC,LSC1,316,QUESO-H,SUSTANTIVO,"Variante de seña para queso utilizando la configuración manual de la letra ""H"". (Generada Gemini)",NO,1 seña,SI,SI,NO,1 seña,Simétrica (tipo I),H,,,,,00316_quesoh.mp4
DBLSC,LSC0,317,RICO-SABOR,ADJETIVO,Que tiene un sabor muy agradable o exquisito. (Generada Gemini),NO,1 seña,NO,SI,NO,1 seña,Unimanual en contacto (tipo X),Tb,,,,,00317_ricosabor.mp4
DBLSC,LSC0,318,SAL,SUSTANTIVO,"Cloruro de sodio, sustancia cristalina usada para condimentar los alimentos. (RAE)",NO,1 seña,NO,SI,NO,1 seña,Unimanual (tipo 0),Nb,,,,,00318_sal.mp4
DBLSC,LSC1,319,SALSA-DE-TOMATE,SUSTANTIVO,Salsa condimentada elaborada a base de puré de tomate. (RAE),SI,2 señas,NO,SI,SI,2 señas,Compuestas (tipo C),Xc,Bl,A,,,00319_salsadetom.mp4
DBLSC,LSC1,320,SÁNDUCHE,SUSTANTIVO,"Emparedado hecho con dos rebanadas de pan entre las cuales se coloca jamón, queso u otros ingredientes. (RAE)",NO,1 seña,NO,SI,NO,1 seña,Simétrica (tipo I),Qa,,,,,00320_sanduche.mp4
DBLSC,LSC0,321,SOPA,SUSTANTIVO,Plato de comida líquida que se obtiene hirviendo alimentos en agua o caldo. (RAE),NO,1 seña,NO,SI,NO,1 seña,Simétrica (tipo I),Bl,,,,,00321_sopa.mp4
DBLSC,LSC1,322,TAMAL,SUSTANTIVO,"Masa de maíz rellena de carne, pollo u otros ingredientes, envuelta en hojas y cocida al vapor o hervida. (RAE)",NO,1 seña,NO,SI,NO,1 seña,Asimétrica (tipo III),S,Jc,,,,00322_tamal.mp4
DBLSC,LSC1,323,VINO,SUSTANTIVO,Bebida alcohólica fermentada que se obtiene del zumo de las uvas. (RAE),NO,1 seña,NO,SI,NO,1 seña,Unimanual en contacto (tipo X),V,,,,,00323_vino.mp4
DBLSC,LSC0,324,YOGUR,SUSTANTIVO,"Producto lácteo fermentado, de consistencia cremosa. (RAE)",NO,1 seña,NO,SI,NO,1 seña,Unimanual (tipo 0),C,,,,,00324_yogur.mp4
DBLSC,LSC0,325,YOGUR-TAPA,SUSTANTIVO,Variante o referencia a la tapa o porción superior del envase de yogur en el corpus. (Generada Gemini),SI,2 señas,NO,SI,SI,2 señas,Asimétrica (tipo III),C,Bl,Tb,,,00325_yogurtapa.mp4
DBLSC,LSC1,326,ABRIGO,SUSTANTIVO,Prenda de vestir de manga larga que se pone sobre las demás para protegerse del frío. (RAE),NO,1 seña,NO,SI,NO,1 seña,Simétrica (tipo I),S,,,,,00326_abrigo.mp4
DBLSC,LSC1,327,BILLETERA,SUSTANTIVO,"Cartera pequeña de bolsillo para guardar billetes, tarjetas y documentos. (RAE)",NO,1 seña,NO,SI,NO,1 seña,Simétrica (tipo I),B,,,,,00327_billetera.mp4
DBLSC,LSC1,328,BLUSA,SUSTANTIVO,"Prenda de vestir holgada semejante a una camisa, que usan las mujeres y los niños. (RAE)",NO,1 seña,SI,SI,NO,1 seña,Unimanual en contacto (tipo X),O,Jc,,,,00328_blusa.mp4
DBLSC,LSC1,329,BOLSO,SUSTANTIVO,Accesorio o bolsa de mano con asas para llevar objetos personales. (RAE),NO,1 seña,NO,SI,NO,1 seña,Unimanual en contacto (tipo X),A,,,,,00329_bolso.mp4
DBLSC,LSC1,330,BRASIER,SUSTANTIVO,Prenda interior femenina que sostiene y cubre los senos. (RAE),NO,1 seña,NO,SI,NO,1 seña,Simétrica (tipo I),Xc,,,,,00330_brasier.mp4
DBLSC,LSC1,331,CACHUCHA,SUSTANTIVO,Gorra con visera. (RAE),NO,1 seña,NO,SI,NO,1 seña,Unimanual (tipo 0),Xf,,,,,00331_cachucha.mp4
DBLSC,LSC1,332,CADENA-ESLABON,SUSTANTIVO,"Conjunto de eslabones enlazados entre sí, con énfasis en su estructura eslabonada. (Generada Gemini)",NO,1 seña,SI,SI,NO,1 seña,Semi-simétrica (tipo II),Ta,Tb,,,,00332_cadenaesla.mp4
DBLSC,LSC1,333,CADENA-CUELLO,SUSTANTIVO,Cadena o joya ornamental llevada alrededor del cuello. (Generada Gemini),SI,2 señas,SI,SI,SI,2 señas,Asimétrica (tipo III),N,Nb,Ta,Tb,,00333_cadenacuel.mp4
DBLSC,LSC1,334,CAMISA,SUSTANTIVO,"Prenda de vestir de tela que cubre el tronco, generalmente con cuello, abotonada por delante y con mangas. (RAE)",NO,1 seña,SI,SI,NO,1 seña,Unimanual en contacto (tipo X),Lc,Ob,,,,00334_camisa.mp4
DBLSC,LSC1,335,CAMISETA,SUSTANTIVO,"Prenda de vestir de punto, ajustada al tronco, por lo general sin cuello y de manga corta o sisa. (RAE)",NO,1 seña,SI,SI,NO,1 seña,Unimanual en contacto (tipo X),Bl,,,,,00335_camiseta.mp4
DBLSC,LSC1,336,CHAQUETA,SUSTANTIVO,Prenda de vestir exterior con mangas que cubre el torso hasta la cadera. (RAE),NO,1 seña,NO,SI,NO,1 seña,Simétrica (tipo I),S,,,,,00336_chaqueta.mp4
DBLSC,LSC1,337,CINTURÓN,SUSTANTIVO,Cinta o correa flexible que se ciñe a la cintura para sujetar los pantalones o como adorno. (RAE),NO,1 seña,NO,SI,NO,1 seña,Simétrica (tipo I),Xc,,,,,00337_cinturon.mp4
DBLSC,LSC1,338,CORBATA,SUSTANTIVO,"Tira de tela u otro material que se coloca alrededor del cuello de la camisa, pasando por debajo del cuello y atada con un nudo. (RAE)",NO,1 seña,NO,SI,NO,1 seña,Semi-simétrica (tipo II),Xc,,,,,00338_corbata.mp4
DBLSC,LSC1,339,CUERO,SUSTANTIVO,Pellejo de los animales curtido y preparado para su uso. (RAE),SI,2 señas,NO,SI,SI,2 señas,Compuestas (tipo C),Xc,Xf,,,,00339_cuero.mp4
DBLSC,LSC1,340,DESVESTIRSE,VERBO,Quitarse la ropa o vestimenta del cuerpo. (RAE),NO,1 seña,NO,SI,NO,1 seña,Semi-simétrica (tipo II),Gl,S,J,,,00340_desvestirs.mp4
DBLSC,LSC1,341,FALDA,SUSTANTIVO,"Prenda de vestir que cuelga de la cintura hacia abajo, cubriendo las piernas total o parcialmente. (RAE)",NO,1 seña,NO,SI,NO,1 seña,Simétrica (tipo I),Lc,,,,,00341_falda.mp4
DBLSC,LSC1,342,CALZONES,SUSTANTIVO,Prenda de ropa interior masculina o calzón antiguo. (RAE),NO,1 seña,NO,SI,NO,1 seña,Simétrica (tipo I),Lc,Pc,,,,00342_calzones.mp4
DBLSC,LSC1,343,LANA,SUSTANTIVO,Fibra textil natural que se obtiene del pelo de las ovejas y otros animales. (RAE),NO,1 seña,SI,SI,NO,1 seña,Simétrica (tipo I),P,,,,,00343_lana.mp4
DBLSC,LSC1,344,MEDIAS-CORTA,SUSTANTIVO,Prendas cortas de punto que cubren el pie y parte del tobillo. (Generada Gemini),NO,1 seña,NO,SI,NO,1 seña,Semi-simétrica (tipo II),J,,,,,00344_mediascort.mp4
DBLSC,LSC1,345,MODA,SUSTANTIVO,"Uso, modo o costumbre que está en boga durante algún tiempo, especialmente en los trajes y telas. (RAE)",NO,1 seña,SI,SI,NO,1 seña,Semi-simétrica (tipo II),Ql,,,,,00345_moda.mp4
DBLSC,LSC1,346,PANTALÓN,SUSTANTIVO,Prenda de vestir que sujeta la cintura y cubre cada pierna por separado. (RAE),NO,1 seña,NO,SI,NO,1 seña,Unimanual en contacto (tipo X),Bl,,,,,00346_pantalon.mp4
DBLSC,LSC1,347,PANTALONCILLOS,SUSTANTIVO,Calzoncillos o pantalones cortos de ropa interior. (RAE),NO,1 seña,NO,SI,NO,1 seña,Simétrica (tipo I),Lc,,,,,00347_pantalonci.mp4
DBLSC,LSC1,348,PIJAMA,SUSTANTIVO,Traje holgado para dormir o estar en la cama. (RAE),SI,2 señas,NO,SI,SI,2 señas,Simétrica (tipo I),J,Jc,Bl,,,00348_pijama.mp4
DBLSC,LSC1,349,RELOJ,SUSTANTIVO,Instrumento para medir el tiempo o indicar la hora. (RAE),NO,1 seña,NO,SI,NO,1 seña,Asimétrica (tipo III),S,Ta,,,,00349_reloj.mp4
DBLSC,LSC1,350,ROPA,SUSTANTIVO,Conjunto de prendas de vestir. (RAE),NO,1 seña,NO,SI,NO,1 seña,Unimanual en contacto (tipo X),Tb,,,,,00350_ropa.mp4
DBLSC,LSC1,351,SACO,SUSTANTIVO,Prenda de vestir exterior de abrigo o americana. (RAE),NO,1 seña,NO,SI,NO,1 seña,Simétrica (tipo I),Af,,,,,00351_saco.mp4
DBLSC,LSC1,352,SOMBRERO,SUSTANTIVO,"Prenda de vestir que sirve para cubrir la cabeza, provista de ala. (RAE)",NO,1 seña,NO,SI,NO,1 seña,Unimanual en contacto (tipo X),Gl,,,,,00352_sombrero.mp4
DBLSC,LSC1,353,SUDADERA,SUSTANTIVO,"Prenda deportiva de punto, de manga larga, holgada y generalmente con capucha. (RAE)",NO,1 seña,NO,SI,NO,1 seña,Simétrica (tipo I),V,,,,,00353_sudadera.mp4
DBLSC,LSC1,354,TELA,SUSTANTIVO,Armadura de hilos cruzados que forman un tejido. (RAE),NO,1 seña,NO,SI,NO,1 seña,Semi-simétrica (tipo II),Be,,,,,00354_tela.mp4
DBLSC,LSC1,355,TENIS,SUSTANTIVO,"Zapato cómodo y flexible, de suela de goma, empleado para hacer deporte o uso casual. (RAE)",NO,1 seña,SI,SI,NO,1 seña,Simétrica (tipo I),XXe,,,,,00355_tenis.mp4
DBLSC,LSC1,356,UNIFORME,SUSTANTIVO,"Conjunto de ropa reglamentaria que distingue a los miembros de un colectivo, escuela o profesión. (RAE)",NO,1 seña,NO,SI,NO,1 seña,Simétrica (tipo I),Nb,N,,,,00356_uniforme.mp4
DBLSC,LSC1,357,ZAPATO,SUSTANTIVO,Calzado que cubre el pie sin rebasar el tobillo. (RAE),NO,1 seña,NO,SI,NO,1 seña,Simétrica (tipo I),S,,,,,00357_zapato.mp4
DBLSC,LSC1,358,AFEITAR-MAQUINA,VERBO,Acción de rasurar el vello o barba utilizando una máquina eléctrica o mecánica. (Generada Gemini),NO,1 seña,NO,SI,NO,1 seña,Unimanual en contacto (tipo X),S,,,,,00358_afeitarmaq.mp4
DBLSC,LSC1,359,AFEITAR-PRESTOBARBA,VERBO,Acción de rasurar el vello utilizando una máquina de afeitar desechable o tipo rastrillo. (Generada Gemini),NO,1 seña,NO,SI,NO,1 seña,Unimanual en contacto (tipo X),Xe,,,,,00359_afeitarpre.mp4
DBLSC,LSC1,360,BAÑAR,VERBO,Lavar el cuerpo o sumergirlo en agua. (RAE),NO,1 seña,NO,SI,NO,1 seña,Simétrica (tipo I),J,,,,,00360_bañar.mp4
DBLSC,LSC1,361,CEPILLO-DE-DIENTES,SUSTANTIVO,"Instrumento pequeño con cerdas en un extremo, utilizado para limpiar la dentadura. (RAE)",NO,1 seña,NO,SI,NO,1 seña,Unimanual (tipo 0),P,,,,,00361_cepilloded.mp4
DBLSC,LSC0,362,PEINARSE,VERBO,Arreglar o desenredar el cabello con un peine o cepillo. (RAE),NO,1 seña,NO,SI,NO,1 seña,Unimanual en contacto (tipo X),Xf,,,,,00362_peinarse.mp4
DBLSC,LSC1,363,CHAMPÚ,SUSTANTIVO,Jabón líquido que se emplea para lavar el cabello y el cuero cabelludo. (RAE),SI,2 señas,NO,SI,SI,2 señas,Compuestas (tipo C),Bl,Q,Jb,,,00363_champu.mp4
DBLSC,LSC1,364,COLORETE,SUSTANTIVO,Cosmético de color rojizo que se aplica en las mejillas para darles color. (RAE),SI,2 señas,NO,SI,SI,2 señas,Compuestas (tipo C),C,Qf,Bl,,,00364_colorete.mp4
DBLSC,LSC1,365,CREMA-DE-DIENTES,SUSTANTIVO,Pasta dentífrica usada para la limpieza de los dientes. (RAE),NO,1 seña,NO,SI,NO,1 seña,Asimétrica (tipo III),P,A,Af,,,00365_cremadedie.mp4
DBLSC,LSC1,366,CREMA-DE-MANOS,SUSTANTIVO,Loción cosmética para hidratar y cuidar la piel de las manos. (Generada Gemini),SI,2 señas,NO,SI,SI,2 señas,Asimétrica (tipo III),Cl,X,Bl,S,Gl,00366_cremademan.mp4
DBLSC,LSC1,367,DESODORANTE,SUSTANTIVO,Sustancia que se aplica en el cuerpo para suprimir o neutralizar el mal olor corporal. (RAE),SI,2 señas,NO,SI,SI,2 señas,Asimétrica (tipo III),C,Gl,S,,,00367_desodorant.mp4
DBLSC,LSC1,368,EMBETUNAR,VERBO,Aplicar betún o pomada para limpiar y dar brillo al calzado o cuero. (RAE),SI,3 señas,NO,SI,SI,3 señas,Asimétrica (tipo III),C,Qf,B,Af,,00368_embetunar.mp4
DBLSC,LSC1,369,ENJABONARSE,VERBO,Aplicar jabón sobre el cuerpo durante el lavado. (RAE),NO,1 seña,NO,SI,NO,1 seña,Semi-simétrica (tipo II),A,Al,,,,00369_enjabonars.mp4
DBLSC,LSC1,370,PAÑAL,SUSTANTIVO,Pieza de tela o celulosa absorbente que se usa para los bebés o personas incontinentes. (RAE),NO,1 seña,NO,SI,NO,1 seña,Semi-simétrica (tipo II),Bl,,,,,00370_pañal.mp4
DBLSC,LSC1,371,PAPEL-HIGIÉNICO,SUSTANTIVO,Papel suave y absorbente destinado a la higiene íntima. (RAE),NO,1 seña,NO,SI,NO,1 seña,Semi-simétrica (tipo II),B,,,,,00371_papelhigie.mp4
DBLSC,LSC1,372,PERFUME,SUSTANTIVO,Sustancia aromática líquida que se usa para desprender buen olor. (RAE),NO,1 seña,NO,SI,NO,1 seña,Unimanual (tipo 0),X,Xe,,,,00372_perfume.mp4
DBLSC,LSC1,373,TALCO,SUSTANTIVO,Polvo mineral fino utilizado para absorber la humedad y suavizar la piel. (RAE),NO,1 seña,NO,SI,NO,1 seña,Asimétrica (tipo III),B,C,,,,00373_talco.mp4
DBLSC,LSC1,374,TOALLA,SUSTANTIVO,Pieza de tela absorbente para secar el cuerpo o la cara. (RAE),NO,1 seña,NO,SI,NO,1 seña,Simétrica (tipo I),S,,,,,00374_toalla.mp4
DBLSC,LSC1,375,TOALLA-HIGIÉNICA,SUSTANTIVO,Compresa absorbente utilizada durante el periodo menstrual. (RAE),NO,1 seña,NO,SI,NO,1 seña,Unimanual en contacto (tipo X),Cb,,,,,00375_toallahigi.mp4
DBLSC,LSC1,376,ACNÉ,SUSTANTIVO,"Enfermedad cutánea caracterizada por la inflamación de las glándulas sebáceas, con aparición de espinillas. (RAE)",NO,1 seña,NO,SI,NO,1 seña,Simétrica (tipo I),P,,,,,00376_acne.mp4
DBLSC,LSC1,377,ALGODÓN,SUSTANTIVO,Fibra textil suave y blanca que se usa en medicina y cosmética para limpieza o absorción. (RAE),NO,1 seña,NO,SI,NO,1 seña,Simétrica (tipo I),Jc,Q,,,,00377_algodon.mp4
DBLSC,LSC1,378,CÁNCER,SUSTANTIVO,Enfermedad caracterizada por la multiplicación rápida y descontrolada de células anormales en el cuerpo. (RAE),SI,1 seña,SI,SI,SI,1 seña,Unimanual (tipo 0),Gl,,,,,00378_cancer.mp4
DBLSC,LSC1,379,CIRUGÍA,SUSTANTIVO,Especialidad médica y práctica de intervenir quirúrgicamente en el cuerpo humano. (RAE),NO,1 seña,NO,SI,NO,1 seña,Asimétrica (tipo III),A,Af,,,,00379_cirugia.mp4
DBLSC,LSC0,380,SUERTE,SUSTANTIVO,Circunstancia o evento favorable o desfavorable atribuido al azar. (RAE),NO,1 seña,NO,SI,NO,1 seña,Simétrica (tipo I),No,No,,,,00380_suerte.mp4
DBLSC,LSC1,381,DIARREA,SUSTANTIVO,Alteración del intestino que se caracteriza por evacuaciones frecuentes y líquidas. (RAE),SI,2 señas,NO,SI,SI,2 señas,Semi-simétrica (tipo II),Af,A,C,Q,,00381_diarrea.mp4
DBLSC,LSC0,382,DOLER,VERBO,Sentir dolor o molestia física en una parte del cuerpo. (RAE),NO,1 seña,NO,SI,NO,1 seña,Unimanual (tipo 0),Ne,,,,,00382_doler.mp4
DBLSC,LSC1,383,ENFERMO,ADJETIVO,Dicho de una persona: que padece una enfermedad. (RAE),NO,1 seña,NO,SI,NO,1 seña,Unimanual en contacto (tipo X),Qa,,,,,00383_enfermo.mp4
DBLSC,LSC1,384,EXÁMEN-MÉDICO,SUSTANTIVO,Prueba o exploración clínica realizada por personal sanitario para evaluar el estado de salud. (Generada Gemini),SI,2 señas,NO,SI,SI,2 señas,Asimétrica (tipo III),No,Af,Gl,Gl,,00384_examenmedi.mp4
DBLSC,LSC1,385,FIEBRE,SUSTANTIVO,"Aumento de la temperatura corporal por encima de los valores normales, generalmente debido a infección. (RAE)",NO,1 seña,NO,SI,NO,1 seña,Simétrica (tipo I),J,J,,,,00385_fiebre.mp4
DBLSC,LSC1,386,FRACTURA,SUSTANTIVO,Rotura de un hueso. (RAE),NO,1 seña,NO,SI,NO,1 seña,Simétrica (tipo I),S,S,,,,00386_fractura.mp4
DBLSC,LSC1,387,GRIPA,SUSTANTIVO,"Enfermedad infecciosa aguda, viral y contagiosa, que afecta las vías respiratorias (gripe). (RAE)",NO,1 seña,NO,SI,NO,1 seña,Unimanual (tipo 0),Tl,A,,,,00387_gripa.mp4
DBLSC,LSC1,388,HOSPITAL-CASA,SUSTANTIVO,Atención médica domiciliaria o concepto de atención clínica en entorno doméstico en el corpus. (Generada Gemini),SI,2 señas,SI,SI,SI,2 señas,Unimanual en contacto (tipo X),Te,,,,,00388_hospitalca.mp4
DBLSC,LSC1,389,INFARTO,SUSTANTIVO,"Necrosis de un órgano o parte de él por falta de riego sanguíneo, comúnmente en el corazón. (RAE)",SI,2 señas,NO,SI,SI,2 señas,Unimanual (tipo 0),Bl,,Af,,,00389_infarto.mp4
DBLSC,LSC1,390,HOSPITAL,SUSTANTIVO,"Establecimiento destinado al diagnóstico, tratamiento y hospitalización de enfermos. (RAE)",NO,1 seña,SI,SI,NO,1 seña,Unimanual (tipo 0),Te,,,,,00390_hospital.mp4
DBLSC,LSC1,391,INFECCIÓN,SUSTANTIVO,Invasión y multiplicación de gérmenes patógenos en el cuerpo. (RAE),NO,1 seña,NO,SI,NO,1 seña,Unimanual (tipo 0),O,J,,,,00391_infeccion.mp4
DBLSC,LSC1,392,INYECCIÓN,SUSTANTIVO,Introducción de un líquido medicamentoso en el organismo mediante una jeringa y aguja. (RAE),NO,1 seña,NO,SI,NO,1 seña,Unimanual (tipo 0),Vl,,,,,00392_inyeccion.mp4
DBLSC,LSC1,393,JERINGA,SUSTANTIVO,Instrumento para introducir líquidos en conductos o cavidades del cuerpo mediante un émbolo. (RAE),NO,1 seña,NO,SI,NO,1 seña,Unimanual en contacto (tipo X),Vl,,,,,00393_jeringa.mp4
DBLSC,LSC1,394,MAREO,SUSTANTIVO,"Sensación de desvanecimiento o inestabilidad, con turbación de la cabeza. (RAE)",NO,1 seña,NO,SI,NO,1 seña,Semi-simétrica (tipo II),P,P,,,,00394_mareo.mp4
DBLSC,LSC1,395,MEDICAMENTO,SUSTANTIVO,Sustancia o preparado que tiene propiedades curativas o preventivas. (RAE),NO,1 seña,NO,SI,NO,1 seña,Unimanual (tipo 0),Tb,,,,,00395_medicament.mp4
DBLSC,LSC1,396,RADIOGRAFÍA,SUSTANTIVO,Fotografía interna del cuerpo obtenida mediante rayos X. (RAE),NO,1 seña,NO,SI,NO,1 seña,Simétrica (tipo I),L,L,,,,00396_radiografi.mp4
DBLSC,LSC0,397,SALUD-BIEN,SUSTANTIVO,"Estado general de bienestar físico, mental y social. (Generada Gemini)",NO,1 seña,NO,SI,NO,1 seña,Simétrica (tipo I),Ql,Ql,S,S,,00397_saludbien.mp4
DBLSC,LSC1,398,SALUD(1),SUSTANTIVO,Estado en que el ser orgánico ejerce normalmente todas sus funciones. (RAE),NO,1 seña,NO,SI,NO,1 seña,Semi-simétrica (tipo II),N,N,,,,00398_saludtocar.mp4
DBLSC,LSC1,399,SANGRE,SUSTANTIVO,Líquido rojo que circula por las arterias y venas del cuerpo. (RAE),SI,2 señas,SI,SI,SI,2 señas,Unimanual en contacto (tipo X),S,,S,J,,00399_sangre.mp4
DBLSC,LSC0,400,SANO,ADJETIVO,"Que goza de salud perfecta, libre de enfermedad. (RAE)",NO,1 seña,NO,SI,NO,1 seña,Simétrica (tipo I),Be,A,,,,00400_sano.mp4
DBLSC,LSC1,401,SIDA,SUSTANTIVO,"Síndrome de inmunodeficiencia adquirida, enfermedad vírica grave. (RAE)",NO,1 seña,NO,SI,NO,1 seña,Semi-simétrica (tipo II),I,I,,,,00401_sida.mp4
DBLSC,LSC1,402,TERMÓMETRO,SUSTANTIVO,Instrumento que sirve para medir la temperatura. (RAE),SI,2 señas,NO,SI,SI,2 señas,Unimanual en contacto (tipo X),P,,,,,00402_termometro.mp4
DBLSC,LSC1,403,TOS,SUSTANTIVO,"Expulsión brusca, violenta y ruidosa del aire contenido en los pulmones. (RAE)",NO,1 seña,NO,SI,NO,1 seña,Unimanual (tipo 0),S,,,,,00403_tos.mp4
DBLSC,LSC0,404,APRENDER,VERBO,Adquirir el conocimiento de algo por medio del estudio o de la experiencia. (RAE),NO,1 seña,NO,SI,NO,1 seña,Asimétrica (tipo III),J,B,,,,00404_aprender.mp4
DBLSC,LSC0,405,ATENCIÓN,SUSTANTIVO,Acción de atender o fijar la mente en algo. (RAE),NO,1 seña,NO,SI,NO,1 seña,Asimétrica (tipo III),B,B,,,,00405_atencion.mp4
DBLSC,LSC0,406,CONOCER,VERBO,"Tener noción, idea o sabiduría de algo o alguien. (RAE)",NO,1 seña,NO,SI,NO,1 seña,Semi-simétrica (tipo II),V,V,,,,00406_conocer.mp4
DBLSC,LSC0,407,CREER,VERBO,Tener algo por cierto o verdadero sin tener certeza absoluta. (RAE),NO,1 seña,NO,SI,NO,1 seña,Unimanual en contacto (tipo X),P,,Y,Bl,,00407_creer.mp4
DBLSC,LSC0,408,DECIDIR,VERBO,Tomar una determinación o resolución fija. (RAE),NO,1 seña,NO,SI,NO,1 seña,Unimanual (tipo 0),,,,,,00408_decidir.mp4
DBLSC,LSC0,409,DULCE,ADJETIVO,Que tiene sabor suave y agradable como el del azúcar. (RAE),NO,1 seña,NO,SI,NO,1 seña,Unimanual en contacto (tipo X),Hl,,,,,00409_dulce.mp4
DBLSC,LSC0,410,GELATINA,SUSTANTIVO,"Sustancia sólida, blanda, transparente y temblorosa que se obtiene por ebullición de huesos, pieles y cartílagos. (RAE)",NO,1 seña,NO,SI,NO,1 seña,Asimétrica (tipo III),,B,,,,00410_gelatina.mp4
DBLSC,LSC0,411,DESEO,SUSTANTIVO,Movimiento afectivo hacia algo que se apetece o se quiere. (RAE),NO,1 seña,NO,SI,NO,1 seña,Unimanual en contacto (tipo X),J,,,,,00411_deseo.mp4
DBLSC,LSC0,412,TUYO-DEDO,FUNCION,Pronombre posesivo de segunda persona indicado de forma deíctica mediante el dedo. (Generada Gemini),NO,1 seña,NO,SI,NO,1 seña,Unimanual (tipo 0),P,,,,,00412_tuyodedo.mp4
DBLSC,LSC0,413,CUERPO,SUSTANTIVO,Conjunto de los sistemas orgánicos que constituyen un ser vivo. (RAE),NO,1 seña,NO,SI,NO,1 seña,Simétrica (tipo I),Cl,C,,,,00413_cuerpo.mp4
DBLSC,LSC0,414,ECUADOR,SUSTANTIVO,País de América del Sur. / Círculo máximo que divide la Tierra en dos hemisferios. (RAE),NO,1 seña,SI,SI,NO,1 seña,Asimétrica (tipo III),E,Bl,,,,00414_ecuador.mp4
DBLSC,LSC0,415,MI,FUNCION,Determinante posesivo de primera persona del singular. (RAE),NO,1 seña,SI,SI,NO,1 seña,Unimanual en contacto (tipo X),B,,,,,00415_mi.mp4
DBLSC,LSC0,416,YO-FORMAL,FUNCION,Registro deíctico o pronominal formal para la primera persona del singular. (Generada Gemini),NO,1 seña,NO,SI,NO,1 seña,Unimanual en contacto (tipo X),Qf,,,,,00416_yoformal.mp4
DBLSC,LSC0,417,IX-FORMAL,FUNCION,Seña deíctica (indexical) formal de señalamiento en espacio neutro o pronominal. (Generada Gemini),NO,1 seña,NO,SI,NO,1 seña,Unimanual (tipo 0),Bl,,,,,00417_ixformal.mp4
DBLSC,LSC0,418,USTEDES-FORMAL,FUNCION,Pronombre de segunda persona del plural con registro de respeto o formalidad. (Generada Gemini),NO,1 seña,NO,SI,NO,1 seña,Unimanual (tipo 0),Bl,,,,,00418_ustedesfor.mp4
DBLSC,LSC0,419,A-MI,FUNCION,Marcador de dirección u objeto indirecto dirigido hacia la primera persona. (Generada Gemini),NO,1 seña,NO,SI,NO,1 seña,Unimanual en contacto (tipo X),P,,,,,00419_ami.mp4
DBLSC,LSC0,420,A-TI,FUNCION,Marcador de dirección u objeto indirecto dirigido hacia la segunda persona. (Generada Gemini),NO,1 seña,NO,SI,NO,1 seña,Unimanual en contacto (tipo X),P,,,,,00420_ati.mp4
DBLSC,LSC0,421,IXA-A-IXB,FUNCION,Relación o transferencia deíctica desde el punto de referencia A hacia el punto B. (Generada Gemini),NO,1 seña,NO,SI,NO,1 seña,Unimanual (tipo 0),P,,,,,00421_ixaaixb.mp4
DBLSC,LSC0,422,IXB-A-IXA,FUNCION,Relación o transferencia deíctica recíproca desde el punto B hacia el punto A. (Generada Gemini),NO,1 seña,NO,SI,NO,1 seña,Unimanual (tipo 0),P,,,,,00422_ixbaixa.mp4
DBLSC,LSC0,423,USTEDES-TRES,FUNCION,Pronombre o forma numeral plural que designa específicamente a un grupo de tres interlocutores. (Generada Gemini),NO,1 seña,NO,SI,NO,1 seña,Unimanual (tipo 0),,,,,,00423_ustedestre.mp4
DBLSC,LSC0,424,USTEDES-CUATRO,FUNCION,Pronombre o forma numeral plural que designa a un grupo de cuatro interlocutores. (Generada Gemini),NO,1 seña,NO,SI,NO,1 seña,Unimanual (tipo 0),,,,,,00424_ustedescua.mp4
DBLSC,LSC0,425,NOSOTROS-TRES,FUNCION,Pronombre plural inclusivo que abarca exactamente a tres personas incluyéndose el hablante. (Generada Gemini),NO,1 seña,NO,SI,NO,1 seña,Unimanual (tipo 0),,,,,,00425_nosotrostr.mp4
DBLSC,LSC0,426,NOSOTROS-CUATRO,FUNCION,Pronombre plural inclusivo que abarca exactamente a cuatro personas incluyéndose el hablante. (Generada Gemini),NO,1 seña,NO,SI,NO,1 seña,Unimanual (tipo 0),Je,,,,,00426_nosotroscu.mp4
DBLSC,LSC0,427,DEFENDER,VERBO,"Amparar, librar o proteger de un daño o peligro. (RAE)",NO,1 seña,NO,SI,NO,1 seña,Semi-simétrica (tipo II),Al,Al,,,,00427_defender.mp4
DBLSC,LSC0,428,DESCUBRIR,VERBO,Hallar o ignorar lo que estaba oculto o no se conocía. (RAE),SI,2 señas,NO,SI,SI,2 señas,Unimanual en contacto (tipo X),S,,,,,00428_descubrir.mp4
DBLSC,LSC0,429,DUDAR-CUERPO,VERBO,"Expresión corporal de incertidumbre, vacilación o duda. (Generada Gemini)",NO,1 seña,NO,SI,NO,1 seña,Unimanual en contacto (tipo X),Be,,,,,00429_dudarcuerp.mp4
DBLSC,LSC0,430,DUDAR-MANO,VERBO,Expresión manual de oscilación que denota duda o indecisión. (Generada Gemini),NO,1 seña,NO,SI,NO,1 seña,Unimanual en contacto (tipo X),Be,,,,,00430_dudarmano.mp4
DBLSC,LSC0,431,ENTENDER,VERBO,Tener noción clara o comprender el sentido de algo. (RAE),NO,1 seña,NO,SI,NO,1 seña,Unimanual (tipo 0),Xt,P,,,,00431_enteder.mp4
DBLSC,LSC0,432,IDEA,SUSTANTIVO,Representación mental de una cosa o concepto. (RAE),NO,1 seña,NO,SI,NO,1 seña,Unimanual en contacto (tipo X),I,,,,,00432_idea.mp4
DBLSC,LSC0,433,NO-CREER,VERBO,Negación o falta de fe respecto a una afirmación o hecho. (Generada Gemini),NO,1 seña,NO,SI,NO,1 seña,Asimétrica (tipo III),U,Y,Bl,,,00433_nocreer.mp4
DBLSC,LSC0,434,NO-ENTENDER,VERBO,Incapacidad o falta de comprensión sobre un asunto. (Generada Gemini),NO,1 seña,NO,SI,NO,1 seña,Unimanual (tipo 0),Xt,P,,,,00434_noentender.mp4
DBLSC,LSC0,435,SABER,VERBO,Conocer algo o tener noticia o conocimiento de ello. (RAE),NO,1 seña,NO,SI,NO,1 seña,Unimanual en contacto (tipo X),Bl,,,,,00435_saber.mp4
DBLSC,LSC0,436,SABER-NO,VERBO,Negación del conocimiento sobre un hecho o tema determinado. (Generada Gemini),NO,1 seña,NO,SI,NO,1 seña,Unimanual en contacto (tipo X),P,,,,,00436_saberno.mp4
DBLSC,LSC0,437,SABER-NO-SABIA,ADVERBIO,Expresión de sorpresa al percatarse de que se ignoraba cierta información. (Generada Gemini),NO,1 seña,NO,SI,NO,1 seña,Semi-simétrica (tipo II),Bl,J,,,,00437_sabernosab.mp4
DBLSC,LSC0,438,SABER-CERO,VERBO,Total ausencia de conocimiento o información sobre un tema. (Generada Gemini),NO,1 seña,SI,SI,NO,1 seña,Unimanual en contacto (tipo X),Ok,,,,,00438_sabercero.mp4
DBLSC,LSC0,439,SABER-VACIO,VERBO,Sensación de ignorancia absoluta o vacuidad de información. (Generada Gemini),NO,1 seña,NO,SI,NO,1 seña,Unimanual (tipo 0),Bl,,,,,00439_sabervacio.mp4
DBLSC,LSC0,440,SABER-MANIATADO,VERBO,Imposibilidad o restricción para aplicar un conocimiento. (Generada Gemini),NO,1 seña,NO,SI,NO,1 seña,Simétrica (tipo I),Gl,,,,,00440_sabermania.mp4
DBLSC,LSC0,441,SABER-MANOS,VERBO,"Habilidad, destreza o conocimiento práctico manual. (Generada Gemini)",NO,1 seña,SI,SI,NO,1 seña,Semi-simétrica (tipo II),L,J,,,,00441_sabermanos.mp4
DBLSC,LSC0,442,SABER-NOSE,VERBO,Expresión espontánea de desconocimiento sobre algo. (Generada Gemini),NO,1 seña,NO,SI,NO,1 seña,Unimanual en contacto (tipo X),Bl,,,,,00442_sabernose.mp4
DBLSC,LSC0,443,SABER-TODO,VERBO,Conocimiento omnisciente o abarcarlo todo. (Generada Gemini),SI,2 señas,NO,SI,SI,2 señas,Semi-simétrica (tipo II),P,O,J,,,00443_sabertodo.mp4
DBLSC,LSC0,444,SABER-MUCHO,VERBO,Poseer un amplio volumen de conocimientos sobre una materia. (Generada Gemini),NO,1 seña,NO,SI,NO,1 seña,Unimanual en contacto (tipo X),O,C,Bl,,,00444_sabermucho.mp4
DBLSC,LSC0,445,SABER-POCO,VERBO,Poseer un conocimiento limitado o insuficiente sobre un asunto. (Generada Gemini),NO,1 seña,SI,SI,NO,1 seña,Unimanual en contacto (tipo X),L,Tc,,,,00445_saberpoco.mp4
DBLSC,LSC0,446,OLVIDAR,VERBO,Dejar de tener en la memoria o no recordar algo. (RAE),NO,1 seña,NO,SI,NO,1 seña,Unimanual en contacto (tipo X),Bl,A,,,,00446_olvidar.mp4
DBLSC,LSC0,447,PENSAR,VERBO,Formar o combinar ideas en la mente. (RAE),NO,1 seña,NO,SI,NO,1 seña,Unimanual en contacto (tipo X),P,,,,,00447_pensar.mp4
DBLSC,LSC0,448,SALIR(1),VERBO,Pasar de dentro afuera. (RAE),NO,1 seña,NO,SI,NO,1 seña,Semi-simétrica (tipo II),Jc,Q,,,,00448_salir1.mp4
DBLSC,LSC0,449,PROBLEMA-NUDILLO,SUSTANTIVO,Expresión de dificultad o conflicto representada icónicamente con choque de nudillos en la seña. (Generada Gemini),NO,1 seña,NO,SI,NO,1 seña,Simétrica (tipo I),XXe,,,,,00449_problemanu.mp4
DBLSC,LSC0,450,PROBLEMA-PALMA,SUSTANTIVO,Expresión de problema o contratiempo representada sobre la palma de la mano. (Generada Gemini),NO,1 seña,NO,SI,NO,1 seña,Semi-simétrica (tipo II),B,Be,,,,00450_problemapa.mp4
DBLSC,LSC0,451,RAZÓN-TIENE,SUSTANTIVO,Reconocimiento de que la postura o argumento de otra persona es correcto. (Generada Gemini),NO,1 seña,NO,SI,NO,1 seña,Unimanual en contacto (tipo X),R,,,,,00451_razontiene.mp4
DBLSC,LSC0,452,RAZÓN-MENTE,SUSTANTIVO,"Capacidad discursiva, lógica o de pensamiento racional. (Generada Gemini)",NO,1 seña,NO,SI,NO,1 seña,Unimanual en contacto (tipo X),XX,,,,,00452_razonmente.mp4
DBLSC,LSC0,453,RECORDAR,VERBO,"Traer a la memoria algo percibido, aprendido o conocido. (RAE)",NO,1 seña,NO,SI,NO,1 seña,Unimanual en contacto (tipo X),A,,,,,00453_recordar.mp4
DBLSC,LSC0,454,VERDAD,SUSTANTIVO,"Conformidad de las cosas con el concepto que de ellas forma la mente, o de lo que se dice con lo que se siente. (RAE)",NO,1 seña,NO,SI,NO,1 seña,Unimanual (tipo 0),Okf,,,,,00454_verdad.mp4
DBLSC,LSC0,455,ABAJO,ADVERBIO,En lugar o parte inferior. (RAE),NO,1 seña,NO,SI,NO,1 seña,Unimanual (tipo 0),P,,,,,00455_abajo.mp4
DBLSC,LSC0,456,ADELANTE,ADVERBIO,En la parte delantera o hacia un punto posterior en el espacio o tiempo. (RAE),NO,1 seña,NO,SI,NO,1 seña,Semi-simétrica (tipo II),Bl,,,,,00456_adelante.mp4
DBLSC,LSC0,457,ADENTRO,ADVERBIO,En la parte interior de un espacio o superficie. (RAE),NO,1 seña,NO,SI,NO,1 seña,Asimétrica (tipo III),O,J,Q,,,00457_adentro.mp4
DBLSC,LSC0,458,AFUERA,ADVERBIO,En la parte exterior de un espacio o recinto. (RAE),NO,1 seña,NO,SI,NO,1 seña,Asimétrica (tipo III),O,J,Q,,,00458_afuera.mp4
DBLSC,LSC0,459,ALLÁ,ADVERBIO,"En aquel lugar, lejano del hablante y del oyente. (RAE)",NO,1 seña,NO,SI,NO,1 seña,Unimanual (tipo 0),P,,,,,00459_alla.mp4
DBLSC,LSC0,460,AQUÍ,ADVERBIO,"En este lugar, cerca de la persona que habla. (RAE)",NO,1 seña,NO,SI,NO,1 seña,Unimanual (tipo 0),F,,,,,00460_aqui.mp4
DBLSC,LSC0,461,ARRIBA,ADVERBIO,En lugar o parte superior. (RAE),NO,1 seña,NO,SI,NO,1 seña,Unimanual (tipo 0),P,,,,,00461_arriba.mp4
DBLSC,LSC0,462,CERCA,ADVERBIO,A corta distancia en el espacio o en el tiempo. (RAE),NO,1 seña,NO,SI,NO,1 seña,Simétrica (tipo I),Pc,,,,,00462_cerca.mp4
DBLSC,LSC0,463,DETRÁS,ADVERBIO,En la parte posterior o posterior de alguien o algo. (RAE),NO,1 seña,NO,SI,NO,1 seña,Semi-simétrica (tipo II),Bl,,,,,00463_detras.mp4
DBLSC,LSC0,464,LEJOS,ADVERBIO,A gran distancia en el espacio o en el tiempo. (RAE),NO,1 seña,NO,SI,NO,1 seña,Simétrica (tipo I),L,Pc,,,,00464_lejos.mp4
DBLSC,LSC0,465,NORTE,SUSTANTIVO,Punto cardinal que cae a la izquierda de quien mira al oriente. (RAE),NO,1 seña,NO,SI,NO,1 seña,Unimanual (tipo 0),XX,,,,,00465_norte.mp4
DBLSC,LSC0,466,ORIENTE,SUSTANTIVO,Punto cardinal por donde sale el sol. (RAE),NO,1 seña,NO,SI,NO,1 seña,Unimanual (tipo 0),O,R,,,,00466_oriente.mp4
DBLSC,LSC0,467,SUR,SUSTANTIVO,Punto cardinal situado diametralmente opuesto al norte. (RAE),NO,1 seña,NO,SI,NO,1 seña,Unimanual (tipo 0),A,R,,,,00467_sur.mp4
DBLSC,LSC0,468,LUNES,SUSTANTIVO,Primer día de la semana. (RAE),NO,1 seña,NO,SI,NO,1 seña,Unimanual (tipo 0),L,,,,,00468_lunes.mp4
DBLSC,LSC0,469,MARTES,SUSTANTIVO,Segundo día de la semana. (RAE),NO,1 seña,NO,SI,NO,1 seña,Unimanual (tipo 0),M,,,,,00469_martes.mp4
DBLSC,LSC0,470,MIÉRCOLES,SUSTANTIVO,Tercer día de la semana. (RAE),NO,1 seña,NO,SI,NO,1 seña,Unimanual (tipo 0),M,,,,,00470_miercoles.mp4
DBLSC,LSC0,471,JUEVES,SUSTANTIVO,Cuarto día de la semana. (RAE),NO,1 seña,NO,SI,NO,1 seña,Unimanual (tipo 0),I,,,,,00471_jueves.mp4
DBLSC,LSC0,472,VIERNES,SUSTANTIVO,Quinto día de la semana. (RAE),NO,1 seña,NO,SI,NO,1 seña,Unimanual (tipo 0),V,,,,,00472_viernes.mp4
DBLSC,LSC0,473,SÁBADO,SUSTANTIVO,Sexto día de la semana. (RAE),NO,1 seña,NO,SI,NO,1 seña,Unimanual en contacto (tipo X),Okf,,,,,00473_sabado.mp4
DBLSC,LSC0,474,DOMINGO,SUSTANTIVO,"Séptimo y último día de la semana, festivo para el cristianismo. (RAE)",NO,1 seña,NO,SI,NO,1 seña,Unimanual en contacto (tipo X),A,,,,,00474_domingo.mp4
DBLSC,LSC0,475,ENERO,SUSTANTIVO,"Primer mes del año, que tiene 31 días. (RAE)",NO,1 seña,NO,SI,NO,1 seña,Unimanual (tipo 0),E,,,,,00475_enero.mp4
DBLSC,LSC0,476,FEBRERO,SUSTANTIVO,"Segundo mes del año, que tiene 28 días y en los años bisiestos 29. (RAE)",NO,1 seña,NO,SI,NO,1 seña,Unimanual (tipo 0),F,,,,,00476_febrero.mp4
DBLSC,LSC0,477,MARZO(2),SUSTANTIVO,"Tercer mes del año, variante morfológica o de seña en el corpus. (Generada Gemini)",NO,1 seña,NO,SI,NO,1 seña,Unimanual (tipo 0),Ma,,,,,00477_marzo.mp4
DBLSC,LSC0,478,ABRIL,SUSTANTIVO,"Cuarto mes del año, que tiene 30 días. (RAE)",NO,1 seña,NO,SI,NO,1 seña,Simétrica (tipo I),J,N,,,,00478_abril.mp4
DBLSC,LSC0,479,MAYO,SUSTANTIVO,"Quinto mes del año, que tiene 31 días. (RAE)",NO,1 seña,NO,SI,NO,1 seña,Simétrica (tipo I),E,,,,,00479_mayo.mp4
DBLSC,LSC0,480,JUNIO,SUSTANTIVO,"Sexto mes del año, que tiene 30 días. (RAE)",NO,1 seña,NO,SI,NO,1 seña,Unimanual en contacto (tipo X),H,,,,,00480_junio.mp4
DBLSC,LSC0,481,JULIO,SUSTANTIVO,"Séptimo mes del año, que tiene 31 días. (RAE)",NO,1 seña,NO,SI,NO,1 seña,Unimanual en contacto (tipo X),L,,,,,00481_julio.mp4
DBLSC,LSC0,482,AGOSTO,SUSTANTIVO,"Octavo mes del año, que tiene 31 días. (RAE)",NO,1 seña,NO,SI,NO,1 seña,Unimanual (tipo 0),A,,,,,00482_agosto.mp4
DBLSC,LSC0,483,SEPTIEMBRE,SUSTANTIVO,"Noveno mes del año, que tiene 30 días. (RAE)",NO,1 seña,NO,SI,NO,1 seña,Unimanual (tipo 0),P,,,,,00483_septiembre.mp4
DBLSC,LSC0,484,OCTUBRE,SUSTANTIVO,"Décimo mes del año, que tiene 31 días. (RAE)",NO,1 seña,NO,SI,NO,1 seña,Unimanual (tipo 0),O,,,,,00484_octubre.mp4
DBLSC,LSC0,485,NOVIEMBRE,SUSTANTIVO,"Undécimo mes del año, que tiene 30 días. (RAE)",NO,1 seña,NO,SI,NO,1 seña,Unimanual en contacto (tipo X),Za,,,,,00485_noviembre.mp4
DBLSC,LSC0,486,DICIEMBRE,SUSTANTIVO,"Duodécimo y último mes del año, que tiene 31 días. (RAE)",NO,1 seña,NO,SI,NO,1 seña,Simétrica (tipo I),B,,,,,00486_diciembre.mp4
DBLSC,LSC0,487,AHORA,ADVERBIO,En este momento o tiempo presente. (RAE),NO,1 seña,NO,SI,NO,1 seña,Simétrica (tipo I),Y,,,,,00487_ahora.mp4
DBLSC,LSC0,488,ANTES-BRAZO,ADVERBIO,Marcación temporal hacia el pasado ejecutada sobre el antebrazo en lengua de señas. (Generada Gemini),NO,1 seña,NO,SI,NO,1 seña,Semi-simétrica (tipo II),B,Bc,,,,00488_antesbrazo.mp4
DBLSC,LSC0,489,ANTES-PASADO,ADVERBIO,Referencia temporal remota a un período anterior o pasado. (Generada Gemini),NO,1 seña,NO,SI,NO,1 seña,Unimanual (tipo 0),Bl,,,,,00489_antespasad.mp4
DBLSC,LSC0,490,ESTE-AÑO,ADVERBIO,Período correspondiente al año en curso. (Generada Gemini),NO,1 seña,NO,SI,NO,1 seña,Simétrica (tipo I),S,,,,,00490_año.mp4
DBLSC,LSC0,491,AÑO-PASADO,ADVERBIO,Período correspondiente al año inmediatamente anterior al actual. (Generada Gemini),SI,2 señas,NO,SI,SI,2 señas,Compuestas (tipo C),Bl,S,S,,,00491_añopasado.mp4
DBLSC,LSC0,492,HACE-UN-AÑO,ADVERBIO,Expresión de tiempo que indica la transgresión o distancia de un año atrás. (Generada Gemini),NO,1 seña,SI,SI,NO,1 seña,Unimanual (tipo 0),D,,,,,00492_haceunaño.mp4
DBLSC,LSC0,493,HACE-DOS-AÑO,ADVERBIO,Expresión de tiempo que indica una distancia de dos años atrás. (Generada Gemini),NO,1 seña,SI,SI,NO,1 seña,Compuestas (tipo C),V,XX,,,,00493_hacedosañ.mp4
DBLSC,LSC0,494,HACE-TRES-AÑO,ADVERBIO,Expresión de tiempo que indica una distancia de tres años atrás. (Generada Gemini),NO,1 seña,SI,SI,NO,1 seña,Compuestas (tipo C),W,XXX,,,,00494_hacetresan.mp4
DBLSC,LSC0,495,HACE-CUATRO-AÑO,ADVERBIO,Expresión de tiempo que indica una distancia de cuatro años atrás. (Generada Gemini),NO,1 seña,SI,SI,NO,1 seña,Compuestas (tipo C),Je,Gl,,,,00495_hacecuatro.mp4
DBLSC,LSC0,496,HACE-CINCO-AÑO,ADVERBIO,Expresión de tiempo que indica una distancia de cinco años atrás. (Generada Gemini),NO,1 seña,SI,SI,NO,1 seña,Compuestas (tipo C),J,G,,,,00496_hacecincoa.mp4
DBLSC,LSC0,497,HACE-SEIS-AÑO,ADVERBIO,Expresión de tiempo que indica una distancia de seis años atrás. (Generada Gemini),SI,3 señas,NO,SI,SI,3 señas,Compuestas (tipo C),P,J,S,Bl,,00497_haceseisan.mp4
DBLSC,LSC0,498,HACE-SIETE-AÑO,ADVERBIO,Expresión de tiempo que indica una distancia de siete años atrás. (Generada Gemini),SI,3 señas,NO,SI,SI,3 señas,Compuestas (tipo C),J,V,S,Bl,,00498_hacesietea.mp4
DBLSC,LSC0,499,HACE-OCHO-AÑO,ADVERBIO,Expresión de tiempo que indica una distancia de ocho años atrás. (Generada Gemini),SI,3 señas,NO,SI,SI,3 señas,Compuestas (tipo C),J,W,S,Bl,,00499_haceochoan.mp4
DBLSC,LSC0,500,HACE-NUEVE-AÑO,ADVERBIO,Expresión de tiempo que indica una distancia de nueve años atrás. (Generada Gemini),SI,3 señas,NO,SI,SI,3 señas,Compuestas (tipo C),J,Jc,S,Bl,,00500_hacenuevea.mp4
DBLSC,LSC0,501,AYER(1),ADVERBIO,En el día inmediatamente anterior al de hoy. (RAE),NO,1 seña,NO,SI,NO,1 seña,Unimanual (tipo 0),Xe,,,,,00501_ayerdedo.mp4
DBLSC,LSC0,502,AYER(2) PULGAR,ADVERBIO,Variante de la seña de ayer utilizando la configuración manual con el dedo pulgar. (Generada Gemini),NO,1 seña,NO,SI,NO,1 seña,Unimanual (tipo 0),A,,,,,00502_ayerpulgar.mp4
DBLSC,LSC0,503,AYER(3) MANO,ADVERBIO,Variante de la seña de ayer utilizando la palma o dorso de la mano. (Generada Gemini),NO,1 seña,NO,SI,NO,1 seña,Unimanual (tipo 0),Bl,,,,,00503_ayermano.mp4
DBLSC,LSC0,504,DESPUÉS,ADVERBIO,En un tiempo o lugar posterior respecto de otro. (RAE),NO,1 seña,NO,SI,NO,1 seña,Unimanual (tipo 0),Bl,,,,,00504_despues.mp4
DBLSC,LSC0,505,DÍA,ADVERBIO,"Tiempo que la Tierra emplea en dar una vuelta completa sobre su eje, equivalente a 24 horas. (RAE)",NO,1 seña,NO,SI,NO,1 seña,Unimanual en contacto (tipo X),P,,,,,00505_dia.mp4
DBLSC,LSC0,506,FECHA(1),ADVERBIO,"Data o indicación del tiempo (día, mes, año) en que se hace u ocurre algo. (RAE)",NO,1 seña,NO,SI,NO,1 seña,Semi-simétrica (tipo II),No,,,,,00506_fecha1.mp4
DBLSC,LSC0,507,FUTURO,ADVERBIO,Tiempo que ha de venir o suceder. (RAE),NO,1 seña,NO,SI,NO,1 seña,Unimanual (tipo 0),Be,,,,,00507_futuro.mp4
DBLSC,LSC0,508,HACE-MUCHO-TIEMPO,ADVERBIO,Expresión que indica una lejanía temporal o época muy distante en el pasado. (Generada Gemini),NO,1 seña,NO,SI,NO,1 seña,Unimanual (tipo 0),Jc,,,,,00508_hacemuchot.mp4
DBLSC,LSC0,509,HORA,ADVERBIO,Unidad de tiempo equivalente a 60 minutos o a la vigesimocuarta parte de un día solar. (RAE),NO,1 seña,NO,SI,NO,1 seña,Semi-simétrica (tipo II),C,Pl,,,,00509_hora.mp4
DBLSC,LSC0,510,HOY,ADVERBIO,En el día presente en que se está. (RAE),NO,1 seña,NO,SI,NO,1 seña,Unimanual (tipo 0),Y,,,,,00510_hoy.mp4
DBLSC,LSC0,511,MAÑANA,ADVERBIO,En el día inmediatamente posterior al de hoy. / Parte del día desde el amanecer hasta el mediodía. (RAE),NO,1 seña,NO,SI,NO,1 seña,Unimanual (tipo 0),A,,,,,00511_mañana.mp4
DBLSC,LSC0,512,MÁS-TARDE,ADVERBIO,En un momento posterior en el tiempo dentro del mismo día o período. (Generada Gemini),NO,1 seña,NO,SI,NO,1 seña,Semi-simétrica (tipo II),Bl,Bc,,,,00512_mastarde.mp4
DBLSC,LSC0,513,MES,ADVERBIO,Cada una de las doce partes en que se divide el año. (RAE),NO,1 seña,NO,SI,NO,1 seña,Semi-simétrica (tipo II),P,,,,,00513_mes.mp4
DBLSC,LSC0,514,NOCHE,ADVERBIO,Tiempo transcurrido desde que el sol se pone hasta que vuelve a salir. (RAE),SI,2 señas,NO,SI,SI,2 señas,Compuestas (tipo C),Jc,S,,,,00514_noche.mp4
DBLSC,LSC0,515,NUNCA,ADVERBIO,"En ningún tiempo, jamás. (RAE)",NO,1 seña,NO,SI,NO,1 seña,Unimanual en contacto (tipo X),Ok,,,,,00515_nunca.mp4
DBLSC,LSC0,516,OTRAVEZ,ADVERBIO,"Una vez más, de nuevo. (RAE)",NO,1 seña,NO,SI,NO,1 seña,Asimétrica (tipo III),Bl,Ql,,,,00516_otravez.mp4
DBLSC,LSC0,517,POR-LA-MAÑANA,ADVERBIO,"Durante las primeras horas del día, transcurridas antes del mediodía. (Generada Gemini)",NO,1 seña,NO,SI,NO,1 seña,Simétrica (tipo I),S,,,,,00517_porlamaña.mp4
DBLSC,LSC0,518,PRONTO,ADVERBIO,"Con rapidez, presteza o en un breve espacio de tiempo. (RAE)",NO,1 seña,NO,SI,NO,1 seña,Semi-simétrica (tipo II),H,Hl,,,,00518_pronto.mp4
DBLSC,LSC0,519,PRÓXIMO,ADVERBIO,Cercano en el espacio o en el tiempo que está por venir. (RAE),NO,1 seña,NO,SI,NO,1 seña,Unimanual (tipo 0),Xt,,,,,00519_proximo.mp4
DBLSC,LSC0,520,SEMANA,ADVERBIO,Período de siete días consecutivos. (RAE),NO,1 seña,NO,SI,NO,1 seña,Semi-simétrica (tipo II),P,,,,,00520_semana.mp4
DBLSC,LSC0,521,SIEMPRE,ADVERBIO,En todo o en cualquier tiempo. (RAE),NO,1 seña,NO,SI,NO,1 seña,Unimanual (tipo 0),Ok,,,,,00521_siempre.mp4
DBLSC,LSC0,522,TARDE,ADVERBIO,Parte del día comprendida entre el mediodía y el anochecer. (RAE),NO,1 seña,NO,SI,NO,1 seña,Asimétrica (tipo III),Jc,N,,,,00522_tarde.mp4
DBLSC,LSC0,523,TEMPRANO-MUY,ADVERBIO,En las primeras horas de la mañana o muy por delante del tiempo habitual. (Generada Gemini),NO,1 seña,NO,SI,NO,1 seña,Asimétrica (tipo III),Jc,N,,,,00523_tempranomu.mp4
DBLSC,LSC0,524,TIEMPO,ADVERBIO,"Magnitud física que permite ordenar la secuencia de los sucesos, estableciendo un pasado, un presente y un futuro. (RAE)",NO,1 seña,NO,SI,NO,1 seña,Asimétrica (tipo III),Jc,P,,,,00524_tiempo.mp4
DBLSC,LSC0,525,TODO-EL-DÍA,ADVERBIO,Durante la totalidad de las horas correspondientes a una jornada. (Generada Gemini),NO,1 seña,NO,SI,NO,1 seña,Semi-simétrica (tipo II),Bc,B,,,,00525_todoeldia.mp4
DBLSC,LSC0,526,UN-MOMENTO,ADVERBIO,Espacio de tiempo muy breve o transitorio. (Generada Gemini),NO,1 seña,NO,SI,NO,1 seña,Unimanual (tipo 0),Bl,,,,,00526_unmomento.mp4
DBLSC,LSC0,527,YA,ADVERBIO,En este momento o inmediatamente. (RAE),NO,1 seña,NO,SI,NO,1 seña,Unimanual (tipo 0),Y,,,,,00527_ya.mp4
DBLSC,LSC0,528,UNO,ADJETIVO,Número cardinal que expresa la unidad. (RAE),NO,1 seña,NO,SI,NO,1 seña,Unimanual (tipo 0),P,,,,,00528_uno.mp4
DBLSC,LSC0,529,DOS,ADJETIVO,Número cardinal equivalente a uno más uno. (RAE),NO,1 seña,NO,SI,NO,1 seña,Unimanual (tipo 0),V,,,,,00529_dos.mp4
DBLSC,LSC0,530,TRES,ADJETIVO,Número cardinal equivalente a dos más uno. (RAE),NO,1 seña,NO,SI,NO,1 seña,Unimanual (tipo 0),W,,,,,00530_tres.mp4
DBLSC,LSC0,531,CUATRO,ADJETIVO,Número cardinal equivalente a tres más uno. (RAE),NO,1 seña,NO,SI,NO,1 seña,Unimanual (tipo 0),Je,,,,,00531_cuatro.mp4
DBLSC,LSC0,532,CINCO,ADJETIVO,Número cardinal equivalente a cuatro más uno. (RAE),NO,1 seña,NO,SI,NO,1 seña,Unimanual (tipo 0),J,,,,,00532_cinco.mp4
DBLSC,LSC0,533,SEIS,ADJETIVO,Número cardinal equivalente a cinco más uno. (RAE),NO,1 seña,NO,SI,NO,1 seña,Unimanual (tipo 0),X,,,,,00533_seis.mp4
DBLSC,LSC0,534,SIETE,ADJETIVO,Número cardinal equivalente a seis más uno. (RAE),NO,1 seña,NO,SI,NO,1 seña,Unimanual (tipo 0),XX,,,,,00534_siete.mp4
DBLSC,LSC0,535,OCHO,ADJETIVO,Número cardinal equivalente a siete más uno. (RAE),NO,1 seña,NO,SI,NO,1 seña,Unimanual (tipo 0),XXX,,,,,00535_ocho.mp4
DBLSC,LSC0,536,NUEVE,ADJETIVO,Número cardinal equivalente a ocho más uno. (RAE),NO,1 seña,NO,SI,NO,1 seña,Unimanual (tipo 0),Ea,,,,,00536_nueve.mp4
DBLSC,LSC0,537,DIEZ,ADJETIVO,Número cardinal equivalente a nueve más uno. (RAE),NO,1 seña,NO,SI,NO,1 seña,Unimanual (tipo 0),A,,,,,00537_diez.mp4
DBLSC,LSC0,538,ONCE,ADJETIVO,Número cardinal equivalente a diez más uno. (RAE),NO,1 seña,NO,SI,NO,1 seña,Unimanual (tipo 0),Ob,,,,,00538_once.mp4
DBLSC,LSC0,539,DOCE,ADJETIVO,Número cardinal equivalente a once más uno. (RAE),SI,2 señas,NO,SI,SI,2 señas,Compuestas (tipo C),Af,V,,,,00539_doce.mp4
DBLSC,LSC0,540,TRECE,ADJETIVO,Número cardinal equivalente a doce más uno. (RAE),SI,2 señas,NO,SI,SI,2 señas,Compuestas (tipo C),Af,W,,,,00540_trece.mp4
DBLSC,LSC0,541,CATORCE,ADJETIVO,Número cardinal equivalente a trece más uno. (RAE),SI,2 señas,NO,SI,SI,2 señas,Compuestas (tipo C),Af,Je,,,,00541_catorce.mp4
DBLSC,LSC0,542,QUINCE,ADJETIVO,Número cardinal equivalente a catorce más uno. (RAE),SI,2 señas,NO,SI,SI,2 señas,Unimanual (tipo 0),No,,,,,00542_quince.mp4
DBLSC,LSC0,543,DIECISÉIS,ADJETIVO,Número cardinal equivalente a quince más uno. (RAE),SI,2 señas,NO,SI,SI,2 señas,Unimanual (tipo 0),Af,X,,,,00543_dieciseis.mp4
DBLSC,LSC0,544,DIECISIETE,ADJETIVO,Número cardinal equivalente a dieciséis más uno. (RAE),SI,2 señas,NO,SI,SI,2 señas,Compuestas (tipo C),Af,XX,,,,00544_diecisiete.mp4
DBLSC,LSC0,545,DIECIOCHO,ADJETIVO,Número cardinal equivalente a diecisiete más uno. (RAE),SI,2 señas,NO,SI,SI,2 señas,Compuestas (tipo C),Af,XXX,,,,00545_dieciocho.mp4
DBLSC,LSC0,546,DIECINUEVE,ADJETIVO,Número cardinal equivalente a dieciocho más uno. (RAE),SI,2 señas,NO,SI,SI,2 señas,Compuestas (tipo C),Af,Ea,,,,00546_diecinueve.mp4
DBLSC,LSC0,547,VEINTE,ADJETIVO,Número cardinal equivalente a diecinueve más uno. (RAE),SI,2 señas,NO,SI,SI,2 señas,Compuestas (tipo C),V,XXc,,,,00547_veinte.mp4
DBLSC,LSC0,548,VENTIUNO,ADJETIVO,Número cardinal equivalente a veinte más uno (veintiuno). (RAE),SI,2 señas,NO,SI,SI,2 señas,Compuestas (tipo C),V,P,,,,00548_ventiuno.mp4
DBLSC,LSC0,549,VEINTIDOS,ADJETIVO,Número cardinal equivalente a veintiuno más uno (veintidós). (RAE),SI,2 señas,NO,SI,SI,2 señas,Unimanual (tipo 0),V,,,,,00549_veintidos.mp4
DBLSC,LSC0,550,TREINTA,ADJETIVO,Número cardinal equivalente a diez veces tres. (RAE),SI,2 señas,NO,SI,SI,2 señas,Compuestas (tipo C),W,O,,,,00550_treinta.mp4
DBLSC,LSC0,551,CUARENTA,ADJETIVO,Número cardinal equivalente a diez veces cuatro. (RAE),SI,2 señas,NO,SI,SI,2 señas,Compuestas (tipo C),Je,O,,,,00551_cuarenta.mp4
DBLSC,LSC0,552,CINCUENTA,ADJETIVO,Número cardinal equivalente a diez veces cinco. (RAE),SI,2 señas,NO,SI,SI,2 señas,Compuestas (tipo C),J,O,,,,00552_cincuenta.mp4
DBLSC,LSC0,553,CIEN-CIFRA,ADJETIVO,Expresión numérica de la centena (100) en formato de cifra o dígito. (Generada Gemini),SI,3 señas,NO,SI,SI,3 señas,Unimanual (tipo 0),X,,,,,00553_cien.mp4
DBLSC,LSC0,554,CIEN-DINERO,ADJETIVO,Expresión monetaria de la suma o billete equivalente a cien unidades en el corpus. (Generada Gemini),SI,3 señas,NO,SI,SI,3 señas,Compuestas (tipo C),D,O,,,,00554_cien.mp4
DBLSC,LSC0,555,CIENTO-SESENTA,ADJETIVO,Número cardinal equivalente a cien más sesenta (160). (RAE),SI,3 señas,NO,SI,SI,3 señas,Compuestas (tipo C),D,X,O,,,00555_cientosese.mp4
DBLSC,LSC0,556,DOSCIENTOS.,ADJETIVO,Número cardinal equivalente a dos veces cien (200). (RAE),NO,1 seña,NO,SI,NO,1 seña,Unimanual (tipo 0),XX,,,,,00556_doscientos.mp4
DBLSC,LSC0,557,TRESCIENTOS,ADJETIVO,Número cardinal equivalente a tres veces cien (300). (RAE),NO,1 seña,NO,SI,NO,1 seña,Unimanual (tipo 0),XXX,,,,,00557_tresciento.mp4
DBLSC,LSC0,558,CUATROCIENTOS,ADJETIVO,Número cardinal equivalente a cuatro veces cien (400). (RAE),NO,1 seña,NO,SI,NO,1 seña,Compuestas (tipo C),Je,Ea,,,,00558_cuatrocien.mp4
DBLSC,LSC0,559,QUINIENTOS,ADJETIVO,Número cardinal equivalente a cinco veces cien (500). (RAE),SI,2 señas,NO,SI,SI,2 señas,Compuestas (tipo C),J,O,,,,00559_quinientos.mp4
DBLSC,LSC0,560,SEISCIENTOS-CIFRA,ADJETIVO,Expresión numérica de seiscientos (600) en formato de cifra o dígito. (Generada Gemini),SI,2 señas,NO,SI,SI,2 señas,Compuestas (tipo C),J,D,X,,,00560_seisciento.mp4
DBLSC,LSC0,561,SEISCIENTOS-DINERO,ADJETIVO,Expresión monetaria equivalente a la suma de seiscientos pesos o unidades en el corpus. (Generada Gemini),SI,3 señas,NO,SI,SI,3 señas,Compuestas (tipo C),X,O,,,,00561_seisciento.mp4
DBLSC,LSC0,562,SETECIENTOS,ADJETIVO,Número cardinal equivalente a siete veces cien (700). (RAE),SI,2 señas,NO,SI,SI,2 señas,Compuestas (tipo C),J,V,XX,,,00562_setecietno.mp4
DBLSC,LSC0,563,OCHOCIENTOS,ADJETIVO,Número cardinal equivalente a ocho veces cien (800). (RAE),SI,2 señas,NO,SI,SI,2 señas,Compuestas (tipo C),J,W,XXX,,,00563_ochociento.mp4
DBLSC,LSC0,564,NOVECIENTOS,ADJETIVO,Número cardinal equivalente a nueve veces cien (900). (RAE),SI,2 señas,NO,SI,SI,2 señas,Compuestas (tipo C),J,Je,Ea,,,00564_noveciento.mp4
DBLSC,LSC0,565,MIL-CIFRA,ADJETIVO,Expresión numérica de mil (1000) en formato de cifra o dígito. (Generada Gemini),NO,1 seña,NO,SI,NO,1 seña,Asimétrica (tipo III),P,Bl,,,,00565_mil.mp4
DBLSC,LSC0,566,MIL-DINERO,ADJETIVO,Expresión monetaria de la suma o billete equivalente a mil unidades en el corpus. (Generada Gemini),SI,2 señas,NO,SI,SI,2 señas,Compuestas (tipo C),P,Ql,Bl,,,00566_mil.mp4
DBLSC,LSC0,567,SEIS-MIL,ADJETIVO,Número cardinal equivalente a seis veces mil (6000). (RAE),SI,2 señas,NO,SI,SI,2 señas,Compuestas (tipo C),X,Ql,Bl,,,00567_seismil.mp4
DBLSC,LSC0,568,DIEZ-MIL,ADJETIVO,Número cardinal equivalente a diez veces mil (10000). (RAE),SI,2 señas,NO,SI,SI,2 señas,Compuestas (tipo C),A,Ql,Bl,,,00568_diezmil.mp4
DBLSC,LSC0,569,CINCUENTA-MIL,ADJETIVO,Número cardinal equivalente a cincuenta veces mil (50000). (RAE),SI,3 señas,NO,SI,SI,3 señas,Compuestas (tipo C),J,O,Ql,Bl,,00569_cincuentam.mp4
DBLSC,LSC0,570,CIEN-MIL,ADJETIVO,Número cardinal equivalente a cien veces mil (100000). (RAE),SI,2 señas,NO,SI,SI,2 señas,Compuestas (tipo C),P,X,Ql,Bl,,00570_cienmil.mp4
DBLSC,LSC0,571,QUINIENTOS-MIL,ADJETIVO,Número cardinal equivalente a quinientas veces mil (500000). (RAE),SI,2 señas,NO,SI,SI,2 señas,Compuestas (tipo C),J,O,Ql,Bl,,00571_quinientos.mp4
DBLSC,LSC0,572,DOS-MIL-QUINIENTOS-SESENTA-Y-UNO-CIFRA,ADJETIVO,Expresión de la cifra numérica 2561 en formato digital o matemático. (Generada Gemini),SI,4 señas o más,NO,SI,SI,4 señas o más,Compuestas (tipo C),V,J,X,P,,00572_dosmilquin.mp4
DBLSC,LSC0,573,DOS-MIL-QUINIENTOS-SESENTA-Y-UNO-DINERO,ADJETIVO,Expresión de la suma de dinero equivalente a 2561 unidades monetarias. (Generada Gemini),SI,4 señas o más,NO,SI,SI,4 señas o más,Compuestas (tipo C),V,Bl,J,X,P,00573_dosmilquin.mp4
DBLSC,LSC0,574,UN-MILLÓN-CIFRA,ADJETIVO,Expresión numérica de un millón (1000000) en formato de cifra. (Generada Gemini),SI,2 señas,NO,SI,SI,2 señas,Compuestas (tipo C),P,Bl,Jc,,,00574_unmillon.mp4
DBLSC,LSC0,575,UN-MILLÓN-DINERO,ADJETIVO,Expresión de la suma o cantidad de dinero equivalente a un millón de unidades. (Generada Gemini),SI,2 señas,NO,SI,SI,2 señas,Compuestas (tipo C),P,Jc,S,,,00575_unmillondi.mp4
DBLSC,LSC0,576,NÚMEROS,ADVERBIO,Signos o conjuntos de signos con que se representan los números o cantidades. (RAE),NO,1 seña,NO,SI,NO,1 seña,Unimanual (tipo 0),O,G,,,,00576_numeros.mp4
DBLSC,LSC0,577,MÁS-SUMA,ADVERBIO,Operación matemática de adición o incremento. (Generada Gemini),NO,1 seña,NO,SI,NO,1 seña,Simétrica (tipo I),Q,,,,,00577_massuma.mp4
DBLSC,LSC0,578,MÁS-GANANCIA,ADVERBIO,"Incremento de beneficio, provecho o utilidad económica. (Generada Gemini)",NO,1 seña,NO,SI,NO,1 seña,Unimanual (tipo 0),S,,,,,00578_masgananci.mp4
DBLSC,LSC0,579,MÁS-DAR,VERBO,Acción de conceder o entregar una cantidad superior o adicional. (Generada Gemini),NO,1 seña,NO,SI,NO,1 seña,Unimanual (tipo 0),Bl,A,,,,00579_masdar.mp4
DBLSC,LSC0,580,MÁS-MUCHO-MÁS,ADVERBIO,Expresión intensificadora de abundancia o incremento cuantitativo superior. (Generada Gemini),NO,1 seña,NO,SI,NO,1 seña,Unimanual (tipo 0),Bl,,,,,00580_masmuchoma.mp4
DBLSC,LSC0,581,MÁS-SÍMBOLO,VERBO,Signo matemático (+) que indica adición o valor positivo. (Generada Gemini),NO,1 seña,NO,SI,NO,1 seña,Semi-simétrica (tipo II),P,,,,,00581_massimbolo.mp4
DBLSC,LSC0,582,MENOS,FUNCION,Indica menor cantidad o resta en comparación. (RAE),NO,1 seña,SI,SI,NO,1 seña,Asimétrica (tipo III),Bl,Gl,,,,00582_menos.mp4
DBLSC,LSC0,583,MENOS-RESTA,ADVERBIO,Operación matemática de sustracción o reducción. (Generada Gemini),NO,1 seña,NO,SI,NO,1 seña,Unimanual (tipo 0),P,,,,,00583_menosresta.mp4
DBLSC,LSC0,584,MUCHO,ADVERBIO,Que se presenta en gran cantidad o número. (RAE),NO,1 seña,NO,SI,NO,1 seña,Simétrica (tipo I),Q,,,,,00584_mucho1.mp4
DBLSC,LSC0,585,MUCHISIMO,ADVERBIO,Grado superlativo de mucho; en cantidad o grado sumamente elevado. (Generada Gemini),SI,2 señas,SI,SI,SI,2 señas,Simétrica (tipo I),Q,J,,,,00585_muchisimo1.mp4
DBLSC,LSC0,586,MUCHO-OJO,ADVERBIO,Expresión de advertencia o atención especial sobre un asunto. (Generada Gemini),SI,2 señas,SI,SI,SI,2 señas,Compuestas (tipo C),P,Q,,,,00586_muchoojo1.mp4
DBLSC,LSC0,587,NADA,ADVERBIO,Ninguna cosa; inexistencia absoluta. (RAE),NO,1 seña,SI,SI,NO,1 seña,Asimétrica (tipo III),J,Ok,,,,00587_nada1.mp4
DBLSC,LSC0,588,NO-HAY-NADA,ADVERBIO,Expresión que denota ausencia completa de elementos u objetos. (Generada Gemini),NO,1 seña,SI,SI,NO,1 seña,Unimanual en contacto (tipo X),J,A,,,,00588_nadanohay1.mp4
DBLSC,LSC0,589,NO-HICE-NADA,FUNCION,Expresión que indica inacción o falta de intervención personal. (Generada Gemini),NO,1 seña,SI,SI,NO,1 seña,Simétrica (tipo I),J,,,,,00589_nadahice1.mp4
DBLSC,LSC0,590,NO-ESTÁ,ADVERBIO,Indica la ausencia o falta de presencia de alguien o algo en un lugar. (Generada Gemini),NO,1 seña,NO,SI,NO,1 seña,Simétrica (tipo I),Jb,,,,,00590_nadavacio2.mp4
DBLSC,LSC0,591,POCO-CANTIDAD,ADVERBIO,Escasa o limitada porción cuantitativa de un elemento. (Generada Gemini),NO,1 seña,SI,SI,NO,1 seña,Unimanual (tipo 0),Pc,,,,,00591_pococantid.mp4
DBLSC,LSC0,592,POCO-TAMAÑO,ADJETIVO,Dimensión reducida o pequeña de un objeto o ser. (Generada Gemini),NO,1 seña,SI,SI,NO,1 seña,Unimanual (tipo 0),Tc,,,,,00592_pocotamañ.mp4
DBLSC,LSC0,593,POQUITO,ADJETIVO,Diminutivo de poco; cantidad sumamente reducida. (RAE),NO,1 seña,SI,SI,NO,1 seña,Unimanual (tipo 0),Pc,,,,,00593_poquito1.mp4
DBLSC,LSC0,594,ABRAZOS,SUSTANTIVO,Muestras de afecto consistentes en ceñir con los brazos a alguien. (RAE),NO,1 seña,NO,SI,NO,1 seña,Simétrica (tipo I),Jb,,,,,00594_abrazos1.mp4
DBLSC,LSC0,595,ABURRIDO,ADJETIVO,Que padece aburrimiento o falta de interés. (RAE),NO,1 seña,NO,SI,NO,1 seña,Unimanual en contacto (tipo X),P,,,,,00595_aburrido1.mp4
DBLSC,LSC0,596,ABURRIDÍSIMO,ADVERBIO,Grado superlativo de aburrido; extremadamente tedioso. (Generada Gemini),NO,1 seña,SI,SI,NO,1 seña,Unimanual en contacto (tipo X),P,,,,,00596_aburridisi.mp4
DBLSC,LSC0,597,RÁPIDO,ADVERBIO,"Que se mueve, hace o sucede a gran velocidad. (RAE)",NO,1 seña,NO,SI,NO,1 seña,Simétrica (tipo I),K,,,,,00597_rapido1.mp4
DBLSC,LSC0,598,AMABLE,ADJETIVO,"Digno de ser amado; afable, complaciente y afectuoso. (RAE)",NO,1 seña,NO,SI,NO,1 seña,Compuestas (tipo C),Bl,,,,,00598_amable1.mp4
DBLSC,LSC0,599,AMAR-AMOR,VERBO,Sentir amor por alguien o algo; afecto profundo. (RAE),NO,1 seña,NO,SI,NO,1 seña,Simétrica (tipo I),S,,,,,00599_amaramor1.mp4
DBLSC,LSC0,600,AUTORITARIO,ADJETIVO,Que se apoya exclusivamente en la autoridad o la ejerce con exceso. (RAE),NO,1 seña,NO,SI,NO,1 seña,Semi-simétrica (tipo II),P,,,,,00600_autoritari.mp4
DBLSC,LSC0,601,BESAR,VERBO,"Tocar a alguien o algo con los labios en señal de afecto, deseo o saludo. (RAE)",NO,1 seña,NO,SI,NO,1 seña,Semi-simétrica (tipo II),Q,,,,,00601_besar1.mp4
DBLSC,LSC0,602,BESOS-SALUDO,VERBO,Beso dado tradicionalmente como norma social de cortesía o saludo. (Generada Gemini),NO,1 seña,NO,SI,NO,1 seña,Unimanual en contacto (tipo X),Q,,,,,00602_besossalud.mp4
DBLSC,LSC0,603,BESITOS,VERBO,Diminutivo de besos; muestras afectuosas y breves de cariño. (Generada Gemini),NO,1 seña,NO,SI,NO,1 seña,Unimanual en contacto (tipo X),Q,,,,,00603_besitos1.mp4
DBLSC,LSC0,604,BESARNOS-PICOS,VERBO,Acción recíproca de darse besos breves en los labios. (Generada Gemini),NO,1 seña,NO,SI,NO,1 seña,Unimanual en contacto (tipo X),Q,,,,,00604_besarnospi.mp4
DBLSC,LSC0,605,SALIR(2),VERBO,Variante de la seña de salir en el corpus. (Generada Gemini),NO,1 seña,NO,SI,NO,1 seña,Asimétrica (tipo III),Bl,Q,,,,00605_salir2.mp4
DBLSC,LSC0,606,BRAVO,ADJETIVO,"Valiente, enojado o de carácter fuerte y fiero. (RAE)",NO,1 seña,NO,SI,NO,1 seña,Unimanual en contacto (tipo X),H,,,,,00606_bravo1.mp4
DBLSC,LSC0,607,CAPAZ,ADJETIVO,"Que tiene talento, disposición o aptitud para hacer algo. (RAE)",NO,1 seña,SI,SI,NO,1 seña,Asimétrica (tipo III),S,P,,,,00607_capazindic.mp4
DBLSC,LSC0,608,SI-ES-CAPAZ,ADJETIVO,Confirmación de la idoneidad o aptitud de una persona para realizar una tarea. (Generada Gemini),NO,1 seña,SI,SI,NO,1 seña,Asimétrica (tipo III),S,Be,,,,00608_capazpalma.mp4
DBLSC,LSC0,609,CELOSO,ADJETIVO,Que siente celos o temor de que la persona amada prefiera a otra. (RAE),NO,1 seña,NO,SI,NO,1 seña,Unimanual en contacto (tipo X),I,,,,,00609_celoso2.mp4
DBLSC,LSC0,610,CHISTOSO,ADJETIVO,"Que tiene chiste, gracia o resulta divertido. (RAE)",NO,1 seña,NO,SI,NO,1 seña,Unimanual en contacto (tipo X),Pa,Pc,,,,00610_chistoso1.mp4
DBLSC,LSC0,611,QUITAR-ROBAR,VERBO,Despojar o apoderarse indebidamente de lo ajeno. (Generada Gemini),NO,1 seña,NO,SI,NO,1 seña,Unimanual (tipo 0),Jc,A,,,,00611_quitarroba.mp4
DBLSC,LSC0,612,CONFIANZA,SUSTANTIVO,Esperanza firme que se tiene de alguien o algo. (RAE),NO,1 seña,NO,SI,NO,1 seña,Semi-simétrica (tipo II),Bl,,,,,00612_confianza1.mp4
DBLSC,LSC0,613,CONFUNDIDO,ADJETIVO,"Que siente confusión, perplejidad o falta de claridad mental. (RAE)",NO,1 seña,NO,SI,NO,1 seña,Semi-simétrica (tipo II),Bl,,,,,00613_confundido.mp4
DBLSC,LSC0,614,CONTENTO-MUY,ADJETIVO,"Grado elevado de alegría, satisfacción o complacencia. (Generada Gemini)",NO,1 seña,NO,SI,NO,1 seña,Simétrica (tipo I),Bl,,,,,00614_contentomu.mp4
DBLSC,LSC0,615,COQUETO,ADJETIVO,Que coquetea o procura agradar con vanidad o afectación. (RAE),NO,1 seña,SI,SI,NO,1 seña,Asimétrica (tipo III),J,X,,,,00615_coqueto1.mp4
DBLSC,LSC0,616,COQUETO-DESPECTIVO,ADJETIVO,Actitud de coqueteo percibida de manera despectiva o frívola. (Generada Gemini),NO,1 seña,SI,SI,NO,1 seña,Asimétrica (tipo III),S,X,,,,00616_coquetodes.mp4
DBLSC,LSC0,617,COQUETEO,SUSTANTIVO,Acción de coquetear o flirtear. (RAE),NO,1 seña,SI,SI,NO,1 seña,Simétrica (tipo I),J,,,,,00617_coqueteo1.mp4
DBLSC,LSC0,618,CUMPLIDO,ADJETIVO,Que cumple con sus deberes o compromisos. / Muestra de cortesía. (RAE),NO,1 seña,SI,SI,NO,1 seña,Simétrica (tipo I),Ok,,,,,00618_cumplido1.mp4
DBLSC,LSC0,619,MUY-CUMPLIDO,SUSTANTIVO,Persona caracterizada por una estricta puntualidad o responsabilidad. (Generada Gemini),NO,1 seña,SI,SI,NO,1 seña,Unimanual (tipo 0),Ok,,,,,00619_muycumplid.mp4
DBLSC,LSC0,620,DEPRESIÓN,SUSTANTIVO,Enfermedad caracterizada por una tristeza profunda y abatimiento. (RAE),NO,1 seña,NO,SI,NO,1 seña,Simétrica (tipo I),J,Gl,,,,00620_depresion.mp4
DBLSC,LSC0,621,DEPRIMIDO,ADJETIVO,Que sufre depresión o desánimo intenso. (RAE),NO,1 seña,NO,SI,NO,1 seña,Simétrica (tipo I),N,,,,,00621_deprimido1.mp4
DBLSC,LSC0,622,DESCONCERTADO,ADJETIVO,"Sorprendido, desorientado o perplejo ante un suceso imprevisto. (RAE)",NO,1 seña,NO,SI,NO,1 seña,Unimanual (tipo 0),Af,,,,,00622_desconcent.mp4
DBLSC,LSC0,623,DESOBEDIENTE,ADJETIVO,Que no obedece las órdenes o normas. (RAE),NO,1 seña,NO,SI,NO,1 seña,Unimanual en contacto (tipo X),S,,,,,00623_desobedien.mp4
DBLSC,LSC0,624,PERSONA-DESOCUPADA,ADJETIVO,"Individuo que carece de empleo, trabajo o ocupación habitual. (Generada Gemini)",NO,1 seña,SI,SI,NO,1 seña,Unimanual (tipo 0),Ul,,,,,00624_personades.mp4
DBLSC,LSC0,625,PERSONA-MUY-DESOCUPADA,ADJETIVO,Individuo con total inactividad laboral o falta persistente de ocupación. (Generada Gemini),NO,1 seña,SI,SI,NO,1 seña,Simétrica (tipo I),Ul,,,,,00625_personamuy.mp4
DBLSC,LSC0,626,DESORDEN,SUSTANTIVO,"Falta de orden, concierto o estructura. (RAE)",NO,1 seña,NO,SI,NO,1 seña,Semi-simétrica (tipo II),Gl,,,,,00626_desorden.mp4
DBLSC,LSC0,627,DIGNIDAD,SUSTANTIVO,"Cualidad de digno, decoro, excelencia o respeto a uno mismo. (RAE)",NO,1 seña,NO,SI,NO,1 seña,Semi-simétrica (tipo II),Ok,,,,,00627_dignidad.mp4
DBLSC,LSC0,628,DIGNO,ADJETIVO,Que merece algo o que se comporta con decoro y propiedad. (RAE),NO,1 seña,NO,SI,NO,1 seña,Asimétrica (tipo III),Bl,P,,,,00628_digno.mp4
DBLSC,LSC0,629,EGOÍSTA,ADJETIVO,Que antepone el interés propio al de los demás. (RAE),NO,1 seña,NO,SI,NO,1 seña,Asimétrica (tipo III),J,G,,,,00629_egoista.mp4
DBLSC,LSC0,630,ELEGANTE,ADJETIVO,"Dotado de gracia, nobleza o buen gusto en el vestir o actuar. (RAE)",NO,1 seña,NO,SI,NO,1 seña,Unimanual en contacto (tipo X),J,,,,,00630_elegante.mp4
DBLSC,LSC0,631,ELEGANTE-IRONÍA,ADJETIVO,Uso irónico del concepto de elegancia para señalar lo contrario. (Generada Gemini),NO,1 seña,SI,SI,NO,1 seña,Unimanual en contacto (tipo X),J,,,,,00631_eleganteir.mp4
DBLSC,LSC0,632,MUY-ELEGANTE,ADJETIVO,"Grado elevado de distinción, buen gusto o finura en la apariencia. (Generada Gemini)",NO,1 seña,SI,SI,NO,1 seña,Unimanual en contacto (tipo X),J,,,,,00632_muyelegant.mp4
DBLSC,LSC0,633,EMOCIONADO,ADJETIVO,"Que siente emoción, entusiasmo o conmoción del ánimo. (RAE)",NO,1 seña,SI,SI,NO,1 seña,Simétrica (tipo I),S,J,,,,00633_emociontor.mp4
DBLSC,LSC0,634,EMOCIÓN,SUSTANTIVO,"Alteración del ánimo intensa y pasajera, agradable o penosa. (RAE)",NO,1 seña,SI,SI,NO,1 seña,Asimétrica (tipo III),S,S,J,,,00634_emocionbra.mp4
DBLSC,LSC0,635,ENAMORADO-X,ADJETIVO,"Variante morfológica en ""X"" para la seña de enamorado en el corpus. (Generada Gemini)",NO,1 seña,NO,SI,NO,1 seña,Simétrica (tipo I),Xe,,,,,00635_enamoradox.mp4
DBLSC,LSC0,636,ENAMORADO-PALMA,ADJETIVO,Variante de la seña de enamorado articulada sobre la palma de la mano. (Generada Gemini),NO,1 seña,NO,SI,NO,1 seña,Asimétrica (tipo III),Bl,P,,,,00636_enamoradop.mp4
DBLSC,LSC0,637,ENFURECER,VERBO,Poner furioso a alguien o ponerse furioso. (RAE),NO,1 seña,SI,SI,NO,1 seña,Unimanual en contacto (tipo X),J,,,,,00637_enfurecer.mp4
DBLSC,LSC0,638,ENFURECER-DOBLE,VERBO,Expresión intensificada de rabia o furia en la articulación de la seña. (Generada Gemini),NO,1 seña,SI,SI,NO,1 seña,Simétrica (tipo I),J,,,,,00638_enfurecerd.mp4
DBLSC,LSC0,639,ENVIDIA,SUSTANTIVO,"Tristeza o pesar del bien ajeno, o deseo de algo que otra persona posee. (RAE)",NO,1 seña,NO,SI,NO,1 seña,Unimanual en contacto (tipo X),G,,,,,00639_envidia.mp4
DBLSC,LSC0,640,EXPRESAR,VERBO,"Manifestar con palabras, signos u otros medios lo que se piensa o siente. (RAE)",NO,1 seña,NO,SI,NO,1 seña,Semi-simétrica (tipo II),S,Jc,,,,00640_expresar.mp4
DBLSC,LSC0,641,FAMOSO,ADJETIVO,Que tiene fama o es muy conocido de la gente. (RAE),NO,1 seña,NO,SI,NO,1 seña,Simétrica (tipo I),L,J,,,,00641_famoso.mp4
DBLSC,LSC0,642,FAMOSO(2),ADJETIVO,Variante de la seña de famoso en el corpus. (Generada Gemini),NO,1 seña,SI,SI,NO,1 seña,Unimanual en contacto (tipo X),L,J,,,,00642_famoso2.mp4
DBLSC,LSC0,643,FAMOSO(3),ADJETIVO,Variante léxica o de enfatización para la seña de famoso. (Generada Gemini),NO,1 seña,SI,SI,NO,1 seña,Simétrica (tipo I),P,,,,,00643_famoso3.mp4
DBLSC,LSC0,644,FELIZ,ADJETIVO,"Que siente felicidad, alegría o satisfacción. (RAE)",NO,1 seña,NO,SI,NO,1 seña,Asimétrica (tipo III),J,Y,,,,00644_feliz.mp4
DBLSC,LSC0,645,FEO,ADJETIVO,Desprovisto de belleza y hermosura. (RAE),NO,1 seña,NO,SI,NO,1 seña,Asimétrica (tipo III),P,S,,,,00645_feo.mp4
DBLSC,LSC0,646,FEO(2),ADJETIVO,Variante de seña para calificar algo o a alguien como feo. (Generada Gemini),NO,1 seña,SI,SI,NO,1 seña,Unimanual (tipo 0),P,,,,,00646_feo2.mp4
DBLSC,LSC0,647,FIEL,ADJETIVO,"Que guarda fe, lealtad o constancia en sus afectos o compromisos. (RAE)",NO,1 seña,NO,SI,NO,1 seña,Compuestas (tipo C),Bl,V,,,,00647_fiel.mp4
DBLSC,LSC0,648,FLACO,ADJETIVO,"Falto de carnes, delgado. (RAE)",NO,1 seña,NO,SI,NO,1 seña,Unimanual en contacto (tipo X),I,,,,,00648_flaco.mp4
DBLSC,LSC0,649,FLACO(2),ADJETIVO,Variante morfológica o de seña para delgado o flaco. (Generada Gemini),NO,1 seña,SI,SI,NO,1 seña,Compuestas (tipo C),J,I,,,,00649_flaco2.mp4
DBLSC,LSC0,650,FUERTE,ADJETIVO,Que tiene gran fuerza física o moral. (RAE),NO,1 seña,NO,SI,NO,1 seña,Asimétrica (tipo III),S,Be,,,,00650_fuerte.mp4
DBLSC,LSC0,651,GENEROSO,ADJETIVO,Inclinado a dar o compartir de forma desinteresada. (RAE),NO,1 seña,NO,SI,NO,1 seña,Unimanual en contacto (tipo X),N,,,,,00651_generoso.mp4
DBLSC,LSC0,652,GORDO,ADJETIVO,De abundantes carnes o mucha grasa. (RAE),NO,1 seña,NO,SI,NO,1 seña,Simétrica (tipo I),S,,,,,00652_gordo.mp4
DBLSC,LSC0,653,GRANDE,ADJETIVO,"Que supera en tamaño, importancia o intensidad a lo común. (RAE)",NO,1 seña,SI,SI,NO,1 seña,Simétrica (tipo I),J,,,,,00653_grande.mp4
DBLSC,LSC0,654,GRANDE(2),ADJETIVO,Variante de seña para expresar dimensión o tamaño elevado. (Generada Gemini),NO,1 seña,SI,SI,NO,1 seña,Unimanual (tipo 0),Ql,,,,,00654_grande2.mp4
DBLSC,LSC0,655,GROSERO,ADJETIVO,"Carecedo de educación, cortesía o delicadeza. (RAE)",NO,1 seña,NO,SI,NO,1 seña,Unimanual en contacto (tipo X),Jc,,,,,00655_grosero.mp4
DBLSC,LSC0,656,HONESTO,ADJETIVO,"Decente, decoroso, honrado y recto en su conducta. (RAE)",NO,1 seña,NO,SI,NO,1 seña,Unimanual (tipo 0),Ok,,,,,00656_honesto.mp4
DBLSC,LSC0,657,IGNORAR,VERBO,No saber o desconocer algo. / No hacer caso de alguien o algo. (RAE),NO,1 seña,NO,SI,NO,1 seña,Asimétrica (tipo III),P,Af,,,,00657_ignorar.mp4
DBLSC,LSC0,658,INCUMPLIDO,ADJETIVO,Que no cumple con sus obligaciones o compromisos. (RAE),NO,1 seña,SI,SI,NO,1 seña,Simétrica (tipo I),Ok,,,,,00658_incumplido.mp4
DBLSC,LSC0,659,INCUMPLIDO(2),ADJETIVO,Variante de seña para denotar falta de cumplimiento o puntualidad. (Generada Gemini),NO,2 señas,SI,SI,NO,1 seña,Unimanual (tipo 0),Ok,J,,,,00659_imcumplido.mp4
DBLSC,LSC0,660,INFIEL,ADJETIVO,Que falta a la fidelidad o lealtad debida. (RAE),NO,1 seña,NO,SI,NO,1 seña,Asimétrica (tipo III),Bl,V,,,,00660_infiel.mp4
DBLSC,LSC0,661,INOCENTE,ADJETIVO,Libre de culpa o de mala intención. (RAE),NO,1 seña,SI,SI,NO,1 seña,Unimanual en contacto (tipo X),Okf,,,,,00661_inocente.mp4
DBLSC,LSC0,662,INOCENTE(2),ADJETIVO,Variante de seña para expresar la condición de no culpabilidad. (Generada Gemini),NO,1 seña,SI,SI,NO,1 seña,Unimanual en contacto (tipo X),Okf,,,,,00662_inocente2.mp4
DBLSC,LSC0,663,INTELIGENTE,ADJETIVO,"Dotado de capacidad de entender, comprender o resolver problemas. (RAE)",NO,1 seña,NO,SI,NO,1 seña,Unimanual en contacto (tipo X),X,,,,,00663_inteligent.mp4
DBLSC,LSC0,664,INTERESAR/INTERÉS,VERBO,"Causar o sentir interés, inclinación o provecho por algo. (RAE)",NO,1 seña,SI,SI,NO,1 seña,Unimanual (tipo 0),U,,,,,00664_interesari.mp4
DBLSC,LSC0,665,INTERESAR/INTERÉS(2),VERBO,Variante léxica para la expresión de interés o atracción por un asunto. (Generada Gemini),NO,1 seña,SI,SI,NO,1 seña,Unimanual en contacto (tipo X),U,,,,,00665_interesari.mp4
DBLSC,LSC0,666,INTERESAR/INTERÉS(3),VERBO,Variante de seña para interponer o mostrar interés. (Generada Gemini),NO,1 seña,SI,SI,NO,1 seña,Unimanual en contacto (tipo X),U,,,,,00666_interesari.mp4
DBLSC,LSC0,667,PROGRESAR(2),VERBO,"Variante de seña para la acción de avanzar, mejorar o prosperar. (Generada Gemini)",NO,1 seña,NO,SI,NO,1 seña,Asimétrica (tipo III),Bl,Be,,,,00667_progresar2.mp4
DBLSC,LSC1,668,LÍDER,SUSTANTIVO,"Persona que dirige o encabeza un grupo, partido o movimiento. (RAE)",NO,1 seña,NO,SI,NO,1 seña,Unimanual en contacto (tipo X),L,,,,,00668_lider.mp4
DBLSC,LSC0,669,LOCO,ADJETIVO,Que tiene perturbadas sus facultades mentales. / Que muestra poco juicio. (RAE),NO,1 seña,NO,SI,NO,1 seña,Unimanual (tipo 0),P,,,,,00669_loco.mp4
DBLSC,LSC0,670,MALO,ADJETIVO,"De mala calidad o que carece de la virtud, bondad o utilidad debidas. (RAE)",NO,1 seña,SI,SI,NO,1 seña,Unimanual en contacto (tipo X),Jc,Q,,,,00670_malo.mp4
DBLSC,LSC0,671,MENTIROSO,ADJETIVO,Que dice mentiras o tiene costumbre de mentir. (RAE),NO,1 seña,NO,SI,NO,1 seña,Unimanual en contacto (tipo X),P,,,,,00671_mentiroso.mp4
DBLSC,LSC0,672,MIEDO,SUSTANTIVO,Angustia por un riesgo o daño real o imaginario. (RAE),NO,1 seña,SI,SI,NO,1 seña,Simétrica (tipo I),S,,,,,00672_miedo.mp4
DBLSC,LSC0,673,MIEDO(2),SUSTANTIVO,Variante morfológica o gestual para expresar temor o miedo. (Generada Gemini),NO,1 seña,SI,SI,NO,1 seña,Simétrica (tipo I),J,,,,,00673_miedo2.mp4
DBLSC,LSC0,674,MIEDO(3),SUSTANTIVO,Variante de seña intensificada de temor en el corpus. (Generada Gemini),NO,1 seña,SI,SI,NO,1 seña,Asimétrica (tipo III),Jc,Q,,,,00674_miedo3.mp4
DBLSC,LSC0,675,OBEDIENTE,ADJETIVO,Que obedece o cumple con la voluntad de quien manda. (RAE),NO,1 seña,NO,SI,NO,1 seña,Simétrica (tipo I),Q,J,,,,00675_obdecer.mp4
DBLSC,LSC0,676,OCUPADO,ADJETIVO,Que tiene el tiempo o la atención dedicados a una labor. (RAE),NO,1 seña,NO,SI,NO,1 seña,Asimétrica (tipo III),S,Bl,,,,00676_ocupado.mp4
DBLSC,LSC0,677,OCUPADO(2),ADJETIVO,Variante de la seña para denotar falta de tiempo o estar en una actividad. (Generada Gemini),NO,1 seña,NO,SI,NO,1 seña,Unimanual en contacto (tipo X),H,,,,,00677_ocupado2.mp4
DBLSC,LSC0,678,ANGUSTIADO,ADJETIVO,"Que siente angustia, intranquilidad o aflicción intensa. (RAE)",NO,1 seña,NO,SI,NO,1 seña,Semi-simétrica (tipo II),Jc,,,,,00678_angustiado.mp4
DBLSC,LSC0,679,ODIO,SUSTANTIVO,Antipatía y aversión hacia algo o alguien cuyo mal se desea. (RAE),NO,1 seña,SI,SI,NO,1 seña,Unimanual en contacto (tipo X),Xe,,,,,00679_odio.mp4
DBLSC,LSC0,680,ODIO(2),SUSTANTIVO,Variante de la seña para manifestar aborrecimiento o aversión. (Generada Gemini),NO,1 seña,SI,SI,NO,1 seña,Simétrica (tipo I),No,J,,,,00680_odio2.mp4
DBLSC,LSC0,681,OPTIMISTA,ADJETIVO,Que propende a ver y juzgar las cosas en su aspecto más favorable. (RAE),NO,1 seña,NO,SI,NO,1 seña,Semi-simétrica (tipo II),P,P,,,,00681_optimista.mp4
DBLSC,LSC0,682,ORGULLOSO,ADJETIVO,"Que tiene orgullo, soberbia o satisfacción personal. (RAE)",NO,1 seña,SI,SI,NO,1 seña,Unimanual en contacto (tipo X),A,,,,,00682_orgulloso.mp4
DBLSC,LSC0,683,ORGULLOSO(2),ADJETIVO,Variante de la seña para denotar satisfacción propia u orgullo. (Generada Gemini),NO,1 seña,NO,SI,NO,1 seña,Unimanual en contacto (tipo X),J,,,,,00683_orgulloso2.mp4
DBLSC,LSC0,684,PACIENCIA,SUSTANTIVO,Capacidad de padecer o soportar algo sin alterarse. (RAE),NO,1 seña,SI,SI,NO,1 seña,Unimanual en contacto (tipo X),A,,,,,00684_paciencia.mp4
DBLSC,LSC0,685,PACIENCIA(3),SUSTANTIVO,Variante de seña para expresar tolerancia o aguante prolongado. (Generada Gemini),NO,1 seña,SI,SI,NO,1 seña,Unimanual en contacto (tipo X),A,,,,,00685_paciencia2.mp4
DBLSC,LSC0,686,PENA,SUSTANTIVO,"Congoja, tristeza o sentimiento de vergüenza. (RAE)",NO,1 seña,NO,SI,NO,1 seña,Unimanual en contacto (tipo X),J,,,,,00686_pena.mp4
DBLSC,LSC0,687,PEQUEÑO,ADJETIVO,"De escaso tamaño, dimensión o cantidad. (RAE)",NO,1 seña,NO,SI,NO,1 seña,Unimanual (tipo 0),B,,,,,00687_pequeño.mp4
DBLSC,LSC0,688,PEQUEÑO(2),ADJETIVO,Variante morfológica de seña para indicar dimensión reducida. (Generada Gemini),NO,1 seña,NO,SI,NO,1 seña,Semi-simétrica (tipo II),Ql,Ql,,,,00688_pequeño2.mp4
DBLSC,LSC0,689,PEQUEÑO(3),ADJETIVO,Variante de seña diminutiva en el corpus. (Generada Gemini),NO,1 seña,NO,SI,NO,1 seña,Simétrica (tipo I),B,B,,,,00689_pequeño3.mp4
DBLSC,LSC0,690,PEREZOSO,ADJETIVO,Nulo o lento para las acciones o el trabajo; amedrentado por el esfuerzo. (RAE),NO,1 seña,NO,SI,NO,1 seña,Unimanual en contacto (tipo X),Q,,,,,00690_perezoso.mp4
DBLSC,LSC0,691,PEREZOSO(2),ADJETIVO,Variante de seña para denotar pereza o flojera. (Generada Gemini),NO,1 seña,NO,SI,NO,1 seña,Unimanual en contacto (tipo X),Xe,,,,,00691_perezoso2.mp4
DBLSC,LSC0,692,PESIMISTA,ADJETIVO,Que propende a ver y juzgar las cosas en su aspecto más desfavorable. (RAE),NO,1 seña,SI,SI,NO,1 seña,Unimanual (tipo 0),P,,,,,00692_pesimista.mp4
DBLSC,LSC0,693,PESIMISTA(2),ADJETIVO,Variante de seña para manifestar una actitud pesimista. (Generada Gemini),NO,1 seña,NO,SI,NO,1 seña,Unimanual en contacto (tipo X),P,,,,,00693_pesimista2.mp4
DBLSC,LSC0,694,POBRE,ADJETIVO,Que no tiene lo necesario para vivir o que es escaso de recursos. (RAE),NO,1 seña,SI,SI,NO,1 seña,Asimétrica (tipo III),B,Jc,,,,00694_pobre.mp4
DBLSC,LSC0,695,POBRE(2),ADJETIVO,Variante de seña para referir escasez económica o desamparo. (Generada Gemini),NO,1 seña,SI,SI,NO,1 seña,Asimétrica (tipo III),A,Jc,,,,00695_pobre2.mp4
DBLSC,LSC0,696,PROHIBIDO,ADJETIVO,Que no está permitido por norma o ley. (RAE),NO,1 seña,NO,SI,NO,1 seña,Unimanual (tipo 0),H,,,,,00696_prohibido.mp4
DBLSC,LSC0,697,RICO-DINERO,ADJETIVO,Que posee abundante dinero o bienes materiales. (Generada Gemini),NO,1 seña,NO,SI,NO,1 seña,Asimétrica (tipo III),J,J,,,,00697_ricodinero.mp4
DBLSC,LSC1,698,RICO-DINERO(2),ADJETIVO,Variante de la seña para acaudalado o poseedor de riqueza. (Generada Gemini),NO,1 seña,SI,SI,NO,1 seña,Unimanual (tipo 0),J,,,,,00698_ricodinero.mp4
DBLSC,LSC0,699,RICO-DINERO(3),ADJETIVO,Variante de seña de opulencia económica. (Generada Gemini),NO,1 seña,NO,SI,NO,1 seña,Unimanual (tipo 0),Xf,J,,,,00699_ricodinero.mp4
DBLSC,LSC0,700,SEGURO,ADJETIVO,"Libre y exento de todo peligro, daño o riesgo. / Cierto y firme. (RAE)",NO,1 seña,NO,SI,NO,1 seña,Simétrica (tipo I),Tb,Tb,J,J,,00700_seguro.mp4
DBLSC,LSC0,701,SEGURO(2),ADJETIVO,Variante de seña para indicar certidumbre o garantía. (Generada Gemini),NO,1 seña,SI,SI,NO,1 seña,Unimanual (tipo 0),Tb,,,,,00701_seguro2.mp4
DBLSC,LSC0,702,SERIO,ADJETIVO,"Severo, poco dado a la risa o la broma. (RAE)",NO,1 seña,NO,SI,NO,1 seña,Unimanual (tipo 0),Cb,,,,,00702_serio.mp4
DBLSC,LSC0,703,SOLO,ADJETIVO,Sin compañía de otra persona o cosa. (RAE),NO,1 seña,NO,SI,NO,1 seña,Unimanual (tipo 0),P,,,,,00703_solo.mp4
DBLSC,LSC0,704,SOLO(2),ADJETIVO,Variante de seña para estar en soledad o aislamiento. (Generada Gemini),NO,1 seña,NO,SI,NO,1 seña,Unimanual (tipo 0),P,,,,,00704_solo2.mp4
DBLSC,LSC0,705,TACAÑO,ADJETIVO,"Miserable, escaso o que escatima en el gasto. (RAE)",NO,1 seña,SI,SI,NO,1 seña,Asimétrica (tipo III),S,J,,,,00705_tacaño.mp4
DBLSC,LSC0,706,TACAÑO(2),ADJETIVO,Variante de la seña para calificar la mezquindad o amarradez. (Generada Gemini),NO,1 seña,NO,SI,NO,1 seña,Unimanual en contacto (tipo X),P,X,,,,00706_tacaño2.mp4
DBLSC,LSC0,707,TERCO,ADJETIVO,"Pertinaz, obstinado o firme en su opinión o decisión. (RAE)",NO,1 seña,NO,SI,NO,1 seña,Unimanual en contacto (tipo X),A,,,,,00707_terco.mp4
DBLSC,LSC0,708,TIERNO,ADJETIVO,"Afectuoso, cariñoso, o suave y fácil de deformar. (RAE)",NO,1 seña,NO,SI,NO,1 seña,Simétrica (tipo I),Je,Je,,,,00708_tierno.mp4
DBLSC,LSC0,709,TÍMIDO,ADJETIVO,"Temeroso, encogido o corto de ánimo. (RAE)",NO,1 seña,NO,SI,NO,1 seña,Semi-simétrica (tipo II),J,J,,,,00709_timido.mp4
DBLSC,LSC0,710,TRANQUILO,ADJETIVO,"Sosegado, sereno, que no siente turbación. (RAE)",NO,1 seña,NO,SI,NO,1 seña,Semi-simétrica (tipo II),J,J,,,,00710_tranquilo.mp4
DBLSC,LSC0,711,TRISTE,ADJETIVO,"Afligido, apenado, que siente tristeza. (RAE)",NO,1 seña,NO,SI,NO,1 seña,Unimanual en contacto (tipo X),L,,,,,00711_triste.mp4
DBLSC,LSC0,712,TRISTE(2),ADJETIVO,Variante de seña para denotar aflicción o estado apenado. (Generada Gemini),NO,1 seña,NO,SI,NO,1 seña,Unimanual en contacto (tipo X),Al,,,,,00712_triste.mp4
DBLSC,LSC0,713,ABUELO,SUSTANTIVO,"Respecto de una persona, el padre de su padre o de su madre. (RAE)",SI,2 señas,SI,SI,SI,2 señas,Unimanual en contacto (tipo X),Q,O,,,,00713_abuelo.mp4
DBLSC,LSC0,714,MOFA,ADJETIVO,Burla o desprecio con que se hace chanza de alguien. (RAE),NO,1 seña,SI,SI,NO,1 seña,Unimanual en contacto (tipo X),Cl,,,,,00714_mofa.mp4
DBLSC,LSC0,715,AMIGO,SUSTANTIVO,Que tiene amistad o afecto recíproco con otra persona. (RAE),NO,1 seña,NO,SI,NO,1 seña,Semi-simétrica (tipo II),Cl,Cl,,,,00715_amigo.mp4
DBLSC,LSC0,716,AMIGO(2),SUSTANTIVO,Variante de seña para referirse a un compañero o amigo. (Generada Gemini),NO,1 seña,NO,SI,NO,1 seña,Semi-simétrica (tipo II),P,P,,,,00716_amigo2.mp4
DBLSC,LSC0,717,CASADO,ADJETIVO,Que ha contraído matrimonio. (RAE),NO,1 seña,NO,SI,NO,1 seña,Asimétrica (tipo III),Ta,J,,,,00717_casado.mp4
DBLSC,LSC0,718,CUÑADO,SUSTANTIVO,"Hermano del cónyuge, o cónyuge del hermano. (RAE)",NO,1 seña,SI,SI,NO,1 seña,Semi-simétrica (tipo II),Cb,Cb,,,,00718_cuñado.mp4
DBLSC,LSC0,719,CUÑADO(2),SUSTANTIVO,Variante de la seña para la relación de parentesco de cuñado. (Generada Gemini),NO,1 seña,SI,SI,NO,1 seña,Unimanual (tipo 0),Cb,,,,,00719_cuñado2.mp4
DBLSC,LSC0,720,ESPOSO,SUSTANTIVO,Persona unida a otra en matrimonio. (RAE),NO,1 seña,NO,SI,NO,1 seña,Unimanual (tipo 0),Ne,,,,,00720_esposo.mp4
DBLSC,LSC0,721,ESPOSO(2),SUSTANTIVO,Variante de seña para cónyuge o marido. (Generada Gemini),NO,1 seña,NO,SI,NO,1 seña,Asimétrica (tipo III),Ta,J,,,,00721_esposo2.mp4
DBLSC,LSC0,722,FAMILIA,SUSTANTIVO,Grupo de personas emparentadas entre sí que viven juntas o bajo un mismo vínculo. (RAE),NO,1 seña,NO,SI,NO,1 seña,Simétrica (tipo I),Ok,Ok,,,,00722_familia.mp4
DBLSC,LSC0,723,HERMANO,SUSTANTIVO,Persona nacida de los mismos padres o de uno de ellos. (RAE),NO,1 seña,NO,SI,NO,1 seña,Simétrica (tipo I),P,P,,,,00723_hermano.mp4
DBLSC,LSC0,724,HERMANO(2),SUSTANTIVO,Variante de la seña para el vínculo de hermano. (Generada Gemini),NO,1 seña,NO,SI,NO,1 seña,Unimanual (tipo 0),V,H,,,,00724_hermano2.mp4
DBLSC,LSC0,725,HIJO,SUSTANTIVO,Persona respecto de sus padres. (RAE),NO,1 seña,NO,SI,NO,1 seña,Unimanual en contacto (tipo X),V,,,,,00725_hijo.mp4
DBLSC,LSC0,726,HOGAR,SUSTANTIVO,Casa o domicilio donde vive la familia. (RAE),NO,1 seña,SI,SI,NO,1 seña,Unimanual en contacto (tipo X),Q,,,,,00726_hogar.mp4
DBLSC,LSC0,727,LUNA-DE-MIEL,SUSTANTIVO,Período posterior al matrimonio que disfrutan los recién casados. (RAE),NO,1 seña,SI,SI,NO,1 seña,Unimanual en contacto (tipo X),Bl,,,,,00727_lunademiel.mp4
DBLSC,LSC0,728,MACHISMO,SUSTANTIVO,Actitud o prepotencia de los varones respecto de las mujeres. (RAE),NO,1 seña,NO,SI,NO,1 seña,Unimanual (tipo 0),Af,,,,,00728_machismo.mp4
DBLSC,LSC0,729,MAMÁ,SUSTANTIVO,"Madre, mujer respecto de sus hijos. (RAE)",NO,1 seña,NO,SI,NO,1 seña,Unimanual en contacto (tipo X),Bl,,,,,00729_mama.mp4
DBLSC,LSC0,730,MATRIMONIO-CIVIL,SUSTANTIVO,Unión conyugal regulada y celebrada ante las autoridades civiles. (Generada Gemini),SI,2 señas,NO,SI,SI,2 señas,Asimétrica (tipo III),Tc,J,Cl,,,00730_matrimonio.mp4
DBLSC,LSC0,731,MATRIMONIO-CATÓLICO,SUSTANTIVO,Unión conyugal celebrada bajo el rito y normas de la Iglesia católica. (Generada Gemini),SI,2 señas,NO,SI,SI,2 señas,Asimétrica (tipo III),Tc,J,H,,,00731_matrimonio.mp4
DBLSC,LSC0,732,NIETO,SUSTANTIVO,Hijo de un hijo o de una hija. (RAE),NO,1 seña,NO,SI,NO,1 seña,Unimanual en contacto (tipo X),H,,,,,00732_nieto.mp4
DBLSC,LSC0,733,NOVIO,SUSTANTIVO,Persona que mantiene con otra una relación amorosa con vistas al matrimonio. (RAE),NO,1 seña,NO,SI,NO,1 seña,Simétrica (tipo I),A,A,,,,00733_novio.mp4
DBLSC,LSC0,734,NUERA,SUSTANTIVO,"Respecto de una persona, mujer de su hijo. (RAE)",NO,1 seña,SI,SI,NO,1 seña,Unimanual en contacto (tipo X),H,,,,,00734_nuera.mp4
DBLSC,LSC0,735,PADRES,SUSTANTIVO,El padre y la madre. (RAE),NO,1 seña,NO,SI,NO,1 seña,Unimanual en contacto (tipo X),Xe,Bl,,,,00735_padres.mp4
DBLSC,LSC0,736,PAPA,SUSTANTIVO,"Padre, progenitor masculino. (RAE)",NO,1 seña,NO,SI,NO,1 seña,Unimanual en contacto (tipo X),Xe,,,,,00736_papa.mp4
DBLSC,LSC0,737,PRIMO,SUSTANTIVO,Hijo del tío o de la tía de una persona. (RAE),NO,1 seña,SI,SI,NO,1 seña,Asimétrica (tipo III),Tc,P,,,,00737_primo.mp4
DBLSC,LSC0,738,PRIVADO,ADJETIVO,"Particular y personal de cada uno, que no es público. (RAE)",NO,1 seña,NO,SI,NO,1 seña,Unimanual en contacto (tipo X),A,A,,,,00738_privado.mp4
DBLSC,LSC0,739,PRIVADO2,ADJETIVO,Variante de seña para indicar reserva o ámbito privado. (Generada Gemini),NO,1 seña,NO,SI,NO,1 seña,Unimanual en contacto (tipo X),A,Qf,A,,,00739_privado2.mp4
DBLSC,LSC0,740,SEPARADO,ADJETIVO,Persona que ha interrumpido la convivencia con su cónyuge sin la disolución del vínculo matrimonial. (RAE),NO,1 seña,NO,SI,NO,1 seña,Semi-simétrica (tipo II),A,A,,,,00740_separado.mp4
DBLSC,LSC0,741,SEPARADO(2),ADJETIVO,Variante de seña para la condición de separación conyugal. (Generada Gemini),NO,1 seña,NO,SI,NO,1 seña,Simétrica (tipo I),Bl,Bl,,,,00741_separado2.mp4
DBLSC,LSC0,742,QUERER,VERBO,"Tener el deseo o la intención de poseer, hacer o lograr algo. / Amar o tener afecto. (RAE)",NO,1 seña,NO,SI,NO,1 seña,Simétrica (tipo I),Gl,Gl,,,,00742_querer.mp4
DBLSC,LSC0,743,SOLTERO,SUSTANTIVO,Que no está casado. (RAE),NO,1 seña,SI,SI,NO,1 seña,Simétrica (tipo I),Ok,Ok,,,,00743_soltero.mp4
DBLSC,LSC0,744,SOLTERO(2),SUSTANTIVO,Variante de seña para denotar estado civil soltero. (Generada Gemini),NO,1 seña,SI,SI,NO,1 seña,Unimanual en contacto (tipo X),P,A,A,,,00744_soltero2.mp4
DBLSC,LSC0,745,SUEGRO,SUSTANTIVO,Padre del cónyuge de una persona. (RAE),NO,1 seña,NO,SI,NO,1 seña,Unimanual en contacto (tipo X),Bl,A,,,,00745_suegro.mp4
DBLSC,LSC0,746,TÍO,SUSTANTIVO,Hermano o hermana del padre o de la madre. (RAE),NO,1 seña,SI,SI,NO,1 seña,Asimétrica (tipo III),P,P,,,,00746_tio.mp4
DBLSC,LSC0,747,TÍO(2),SUSTANTIVO,Variante de seña para el parentesco de tío. (Generada Gemini),NO,1 seña,SI,SI,NO,1 seña,Unimanual en contacto (tipo X),T,,,,,00747_tio2.mp4
DBLSC,LSC0,748,UNIÓN-LIBRE,SUSTANTIVO,Convivencia de una pareja sin haber contraído matrimonio formal. (Generada Gemini),NO,1 seña,SI,SI,NO,1 seña,Simétrica (tipo I),P,P,,,,00748_unionlibre.mp4
DBLSC,LSC0,749,YERNO,SUSTANTIVO,"Respecto de una persona, marido de su hija. (RAE)",NO,1 seña,SI,SI,NO,1 seña,Unimanual en contacto (tipo X),R,,,,,00749_yerno.mp4
DBLSC,LSC1,750,ABOGADO,SUSTANTIVO,Persona legalmente autorizada para defender en juicio los derechos o intereses de los litigantes. (RAE),NO,1 seña,NO,SI,NO,1 seña,Unimanual (tipo 0),Ob,,,,,00750_abogado.mp4
DBLSC,LSC0,751,ACTIVIDAD,SUSTANTIVO,Conjunto de tareas o acciones propias de una persona o entidad. (RAE),NO,1 seña,NO,SI,NO,1 seña,Simétrica (tipo I),Cl,Cl,,,,00751_actividad.mp4
DBLSC,LSC1,752,ACTOR,SUSTANTIVO,"Persona que interpreta un papel en una obra teatral, cinematográfica, televisiva o radiofónica. (RAE)",SI,2 señas,NO,SI,SI,2 señas,Semi-simétrica (tipo II),J,J,Xc,,,00752_actor.mp4
DBLSC,LSC1,753,ACTOR(2),SUSTANTIVO,Variante de la seña para la profesión u oficio de actor. (Generada Gemini),NO,1 seña,NO,SI,NO,1 seña,Semi-simétrica (tipo II),V,V,,,,00753_actor2.mp4
DBLSC,LSC1,754,ARQUITECTO,SUSTANTIVO,Persona profesionalmente capacitada para proyectar y dirigir la construcción de edificios. (RAE),NO,1 seña,SI,SI,NO,1 seña,Asimétrica (tipo III),Bl,Ok,,,,00754_arquitecto.mp4
DBLSC,LSC1,755,ARTE,SUSTANTIVO,Manifestación de la actividad humana mediante la cual se interpreta lo real o se plasma lo imaginado. (RAE),NO,1 seña,SI,SI,NO,1 seña,Asimétrica (tipo III),Q,J,,,,00755_arte.mp4
DBLSC,LSC1,756,CAJERO,SUSTANTIVO,Persona encargada de la caja y del cobro o pago en un comercio o banco. (RAE),SI,2 señas,NO,SI,SI,2 señas,Unimanual (tipo 0),Af,Gl,,,,00756_cajero.mp4
DBLSC,LSC1,757,CANTANTE,SUSTANTIVO,"Persona que canta, en especial si lo hace profesionalmente. (RAE)",NO,1 seña,NO,SI,NO,1 seña,Unimanual (tipo 0),Af,,,,,00757_cantante.mp4
DBLSC,LSC1,758,CARPINTERO,SUSTANTIVO,Persona que tiene por oficio labrar la madera y realizar objetos con ella. (RAE),NO,1 seña,NO,SI,NO,1 seña,Simétrica (tipo I),S,S,,,,00758_carpintero.mp4
DBLSC,LSC1,759,CELADOR,SUSTANTIVO,Persona encargada de tareas de vigilancia y custodia en un establecimiento. (RAE),SI,2 señas,NO,SI,SI,2 señas,Unimanual en contacto (tipo X),U,,,,,00759_celador.mp4
DBLSC,LSC1,760,CHEF,SUSTANTIVO,Jefe de cocina de un restaurante u otro establecimiento gastronómico. (RAE),SI,2 señas,NO,SI,SI,2 señas,Simétrica (tipo I),Cl,Cl,B,B,,00760_chef.mp4
DBLSC,LSC1,761,CHEF(2),SUSTANTIVO,Variante de seña para la profesión de cocinero o chef. (Generada Gemini),SI,2 señas,NO,SI,SI,2 señas,Simétrica (tipo I),Cl,Cl,Gl,Gl,,00761_chef2.mp4
DBLSC,LSC1,762,CIENTÍFICO,SUSTANTIVO,Persona que se dedica a la investigación y estudio de una ciencia. (RAE),NO,1 seña,NO,SI,NO,1 seña,Asimétrica (tipo III),XX,Bl,,,,00762_cientifico.mp4
DBLSC,LSC1,763,DIBUJANTE,SUSTANTIVO,Persona que tiene por oficio o afición dibujar. (RAE),NO,1 seña,NO,SI,NO,1 seña,Unimanual en contacto (tipo X),Ye,Ql,,,,00763_dibujante.mp4
DBLSC,LSC1,764,CHOFER,SUSTANTIVO,Persona encargada de conducir un automóvil o vehículo de transporte. (RAE),NO,1 seña,NO,SI,NO,1 seña,Semi-simétrica (tipo II),Af,Af,,,,00764_chofeer.mp4
DBLSC,LSC1,765,COMERCIANTE,SUSTANTIVO,Persona que se dedica a comerciar o a actividades de compraventa. (RAE),NO,1 seña,NO,SI,NO,1 seña,Simétrica (tipo I),Af,Af,,,,00765_comerciant.mp4
DBLSC,LSC1,766,CONTADOR,SUSTANTIVO,Persona profesionalmente capacitada para llevar las cuentas y registros financieros. (RAE),NO,1 seña,NO,SI,NO,1 seña,Semi-simétrica (tipo II),Tc,Tc,,,,00766_contador.mp4
DBLSC,LSC1,767,DIRECTOR,SUSTANTIVO,"Persona que dirige una empresa, negocio, obra u organización. (RAE)",NO,1 seña,NO,SI,NO,1 seña,Asimétrica (tipo III),Af,,,,,00767_director.mp4
DBLSC,LSC1,768,ELECTRICISTA,SUSTANTIVO,Persona especializada en instalaciones y reparaciones eléctricas. (RAE),SI,2 señas,NO,SI,SI,2 señas,Semi-simétrica (tipo II),Ta,Ta,XXc,XXc,,00768_electricis.mp4
DBLSC,LSC1,769,EMPLEADA-DOMÉSTICA,SUSTANTIVO,Persona contratada para realizar las labores propias de un hogar. (Generada Gemini),SI,2 señas,NO,SI,SI,2 señas,Unimanual en contacto (tipo X),P,Af,Af,,,00769_empleadado.mp4
DBLSC,LSC1,770,ENFERMERA,SUSTANTIVO,Persona dedicada a la asistencia y cuidado de enfermos y heridos bajo prescripción médica. (RAE),NO,1 seña,NO,SI,NO,1 seña,Unimanual en contacto (tipo X),Bl,,,,,00770_enfermera.mp4
DBLSC,LSC1,771,ESCULTOR,SUSTANTIVO,Persona que cultiva el arte de la escultura. (RAE),NO,1 seña,NO,SI,NO,1 seña,Asimétrica (tipo III),A,Af,,,,00771_escultor.mp4
DBLSC,LSC1,772,ESCRITOR,SUSTANTIVO,Persona que escribe o produce obras literarias. (RAE),NO,1 seña,NO,SI,NO,1 seña,Asimétrica (tipo III),Ob,Bl,,,,00772_escritor.mp4
DBLSC,LSC0,773,EXPERIENCIA,SUSTANTIVO,Práctica prolongada que proporciona conocimiento o habilidad para hacer algo. (RAE),NO,1 seña,SI,SI,NO,1 seña,Unimanual en contacto (tipo X),Je,,,,,00773_experienci.mp4
DBLSC,LSC1,774,FILÓSOFO,SUSTANTIVO,Persona dedicada a los estudios de la filosofía. (RAE),NO,1 seña,NO,SI,NO,1 seña,Unimanual en contacto (tipo X),J,,,,,00774_filosofo.mp4
DBLSC,LSC1,775,FOTÓGRAFO,SUSTANTIVO,"Persona que hace fotografías, especialmente de manera profesional. (RAE)",NO,1 seña,NO,SI,NO,1 seña,Semi-simétrica (tipo II),Xc,Xc,,,,00775_fotografo.mp4
DBLSC,LSC1,776,INGENIERO,SUSTANTIVO,"Persona con titulación en ingeniería, capacitada para aplicar métodos científicos a la tecnología. (RAE)",NO,1 seña,SI,SI,NO,1 seña,Simétrica (tipo I),Y,Y,,,,00776_ingeniero.mp4
DBLSC,LSC1,777,JEFE(2),SUSTANTIVO,Variante de seña para la noción de superior jerárquico o jefe. (Generada Gemini),NO,1 seña,SI,SI,NO,1 seña,Unimanual (tipo 0),A,,,,,00777_jefe2.mp4
DBLSC,LSC1,778,LINGÚISTA,SUSTANTIVO,Persona especialista en lingüística o estudio científico del lenguaje. (RAE),NO,1 seña,NO,SI,NO,1 seña,Simétrica (tipo I),L,L,,,,00778_linguista.mp4
DBLSC,LSC1,779,LOTERO,SUSTANTIVO,Persona que vende billetes de lotería. (RAE),NO,1 seña,NO,SI,NO,1 seña,Asimétrica (tipo III),B,Bl,,,,00779_lotero.mp4
DBLSC,LSC1,780,MECÁNICO,SUSTANTIVO,"Persona capacitada en la construcción, montaje o reparación de máquinas y motores. (RAE)",NO,1 seña,NO,SI,NO,1 seña,Semi-simétrica (tipo II),V,V,,,,00780_mecanico.mp4
DBLSC,LSC1,781,MÉDICO,SUSTANTIVO,Persona legalmente autorizada para profesar y ejercer la medicina. (RAE),NO,1 seña,NO,SI,NO,1 seña,Asimétrica (tipo III),Okb,,,,,00781_medico.mp4
DBLSC,LSC1,782,MENSAJERO,SUSTANTIVO,"Persona que lleva un recado, carta o paquete de una parte a otra. (RAE)",SI,2 señas,NO,SI,SI,2 señas,Unimanual en contacto (tipo X),H,B,Be,,,00782_mensajero.mp4
DBLSC,LSC1,783,MODISTA,SUSTANTIVO,Persona que se dedica a hacer prendas de vestir o a diseñar moda. (RAE),SI,2 señas,NO,SI,SI,2 señas,Semi-simétrica (tipo II),Okf,O,,,,00783_modista.mp4
DBLSC,LSC1,784,MÚSICO,SUSTANTIVO,Persona que conoce el arte de la música o la ejerce tocando un instrumento o cantando. (RAE),NO,1 seña,NO,SI,NO,1 seña,Semi-simétrica (tipo II),Bl,,,,,00784_musica.mp4
DBLSC,LSC1,785,ODONTÓLOGO,SUSTANTIVO,"Especialista en la prevención, diagnóstico y tratamiento de las enfermedades de la boca. (RAE)",NO,1 seña,NO,SI,NO,1 seña,Unimanual (tipo 0),Ob,,,,,00785_odontologo.mp4
DBLSC,LSC1,786,PEDIATRA,SUSTANTIVO,Médico especialista en la medicina infantil y las enfermedades de los niños. (RAE),SI,2 señas,NO,SI,SI,2 señas,Semi-simétrica (tipo II),Nc,S,Bl,,,00786_pediatra.mp4
DBLSC,LSC1,787,PELUQUERO,SUSTANTIVO,"Persona que tiene por oficio peinar, cortar, acondicionar o teñir el cabello. (RAE)",NO,1 seña,NO,SI,NO,1 seña,Simétrica (tipo I),V,,,,,00787_peluquero.mp4
DBLSC,LSC1,788,PERIODISTA,SUSTANTIVO,Persona que se dedica al periodismo o a la emisión de noticias en medios. (RAE),NO,1 seña,NO,SI,NO,1 seña,Unimanual (tipo 0),S,,,,,00788_periodista.mp4
DBLSC,LSC1,789,PILOTO,SUSTANTIVO,"Persona capacitada para guiar y dirigir un vehículo aéreo, marítimo o espacial. (RAE)",SI,2 señas,NO,SI,SI,2 señas,Compuestas (tipo C),Af,Y,,,,00789_piloto.mp4
DBLSC,LSC1,790,PINTOR,SUSTANTIVO,Persona que ejercita el arte de la pintura o se dedica a pintar superficies. (RAE),NO,1 seña,NO,SI,NO,1 seña,Unimanual (tipo 0),Bl,,,,,00790_pintor.mp4
DBLSC,LSC1,791,PLOMERO,SUSTANTIVO,Fontanero; persona que instala o repara conducciones de agua y tuberías. (RAE),SI,2 señas,NO,SI,SI,2 señas,Compuestas (tipo C),A,P,V,,,00791_plomero.mp4
DBLSC,LSC1,792,POLICÍA,SUSTANTIVO,Cuerpo encargado del mantenimiento del orden público y seguridad ciudadana. (RAE),NO,1 seña,NO,SI,NO,1 seña,Unimanual en contacto (tipo X),B,,,,,00792_policia.mp4
DBLSC,LSC1,793,PROFESIÓN/PROFESIONAL,SUSTANTIVO,"Empleo, facultad u oficio que alguien ejerce. / Que ejerce una profesión. (RAE)",SI,2 señas,NO,SI,SI,2 señas,Compuestas (tipo C),S,,,,,00793_profesionp.mp4
DBLSC,LSC1,794,PROFESIÓN/PROFESIONAL(2),SUSTANTIVO,Variante de la seña para titulación o ejercicio profesional. (Generada Gemini),NO,1 seña,NO,SI,NO,1 seña,Unimanual (tipo 0),,,,,,00794_profesionp.mp4
DBLSC,LSC1,795,PSICÓLOGO,SUSTANTIVO,Especialista en psicología o estudio de los procesos mentales y la conducta. (RAE),NO,1 seña,NO,SI,NO,1 seña,Asimétrica (tipo III),S,Okf,,,,00795_psicolog0.mp4
DBLSC,LSC1,796,REINA,SUSTANTIVO,Soberana de un reino o mujer galardonada en un certamen de belleza. (RAE),NO,1 seña,NO,SI,NO,1 seña,Unimanual (tipo 0),Xc,,,,,00796_reina.mp4
DBLSC,LSC1,797,SECRETARIA,SUSTANTIVO,"Persona encargada de la correspondencia, archivo y tareas de oficina. (RAE)",NO,1 seña,NO,SI,NO,1 seña,Simétrica (tipo I),Gl,,,,,00797_secretaria.mp4
DBLSC,LSC1,798,VENDEDOR,SUSTANTIVO,Persona que vende o tiene por oficio vender mercancías. (RAE),NO,1 seña,NO,SI,NO,1 seña,Simétrica (tipo I),Q,,,,,00798_vendedor.mp4
DBLSC,LSC1,799,ZAPATERO,SUSTANTIVO,"Persona que fabrica, vende o repara calzado. (RAE)",NO,1 seña,NO,SI,NO,1 seña,Semi-simétrica (tipo II),S,Xf,,,,00799_zapatero.mp4
DBLSC,LSC0,800,ABANDONAR,VERBO,Dejar o desamparar a alguien o algo. (RAE),NO,1 seña,SI,SI,NO,1 seña,Unimanual (tipo 0),J,Ne,,,,00800_abandonar.mp4
DBLSC,LSC0,801,ABANDONAR (2),VERBO,Variante de seña para renunciar o dejar de atender una responsabilidad. (Generada Gemini),NO,1 seña,NO,SI,NO,1 seña,Simétrica (tipo I),S,J,,,,00801_abandonar2.mp4
DBLSC,LSC0,802,ABRIR(1),VERBO,Descubrir o hacer patente lo que está cerrado. (RAE),NO,1 seña,NO,SI,NO,1 seña,Simétrica (tipo I),Be,,,,,00802_abrir.mp4
DBLSC,LSC0,803,ABRIR(2),VERBO,"Variante de seña para la acción de desabrir, destapar o desplegar algo. (Generada Gemini)",NO,1 seña,NO,SI,NO,1 seña,Simétrica (tipo I),Bl,,,,,00803_abrir2.mp4
DBLSC,LSC0,804,RESPETAR,VERBO,"Tener respeto, acatamiento o consideración a alguien o algo. (RAE)",NO,1 seña,NO,SI,NO,1 seña,Unimanual en contacto (tipo X),R,,,,,00804_respetar.mp4
DBLSC,LSC0,805,HONRAR,VERBO,Enaltecer o premiar el mérito de alguien. / Respetar y acatar. (RAE),NO,1 seña,NO,SI,NO,1 seña,Unimanual en contacto (tipo X),V,,,,,00805_honrar.mp4
DBLSC,LSC0,806,ACOSTUMBRAR,VERBO,Adquirir o hacer adquirir una costumbre o hábito. (RAE),NO,1 seña,NO,SI,NO,1 seña,Unimanual en contacto (tipo X),Be,,,,,00806_acostumbra.mp4
DBLSC,LSC0,807,AGREGAR,VERBO,"Unir, añadir o anexar cosas de la misma naturaleza o distintas. (RAE)",NO,1 seña,NO,SI,NO,1 seña,Semi-simétrica (tipo II),Q,,,,,00807_agregar.mp4
DBLSC,LSC0,808,APLAZAR,VERBO,Posponer o diferir la ejecución de una acción para un tiempo posterior. (RAE),NO,1 seña,NO,SI,NO,1 seña,Simétrica (tipo I),Ok,,,,,00808_aplazar.mp4
DBLSC,LSC0,809,PROGRESAR,VERBO,"Avanzar, realizar adelantos o mejorar en determinado ámbito. (RAE)",NO,1 seña,NO,SI,NO,1 seña,Asimétrica (tipo III),B,P,,,,00809_progresar.mp4
DBLSC,LSC0,810,APOYAR,VERBO,"Basar, asentar o sostener algo sobre una base. / Favorecer o ayudar. (RAE)",NO,1 seña,NO,SI,NO,1 seña,Semi-simétrica (tipo II),S,,,,,00810_apoyar.mp4
DBLSC,LSC0,811,APOYAR(2),VERBO,Variante de seña para brindar respaldo o sostén. (Generada Gemini),NO,1 seña,NO,SI,NO,1 seña,Semi-simétrica (tipo II),S,,,,,00811_apoyar2.mp4
DBLSC,LSC0,812,APROVECHAR,VERBO,Emplear útilmente alguna cosa o sacar beneficio de ella. (RAE),NO,1 seña,NO,SI,NO,1 seña,Unimanual en contacto (tipo X),A,,,,,00812_aprovechar.mp4
DBLSC,LSC0,813,ARREGLAR,VERBO,"Componer, ordenar o reparar algo. (RAE)",NO,1 seña,NO,SI,NO,1 seña,Semi-simétrica (tipo II),Bl,,,,,00813_arreglar.mp4
DBLSC,LSC0,814,ASISTIR,VERBO,Estar presente en un lugar o acto. / Socorrer o prestar ayuda. (RAE),NO,1 seña,NO,SI,NO,1 seña,Asimétrica (tipo III),Bl,N,,,,00814_asistir.mp4
DBLSC,LSC0,815,AYUDAR/AYUDA,VERBO,"Prestar cooperación, auxilio o esfuerzo para el logro de un fin. (RAE)",NO,1 seña,NO,SI,NO,1 seña,Asimétrica (tipo III),Bl,A,,,,00815_ayudarayud.mp4
DBLSC,LSC0,816,BAILAR,VERBO,Mover el cuerpo al ritmo de la música. (RAE),NO,1 seña,NO,SI,NO,1 seña,Asimétrica (tipo III),Bl,V,,,,00816_bailar.mp4
DBLSC,LSC0,817,BUSCAR,VERBO,Hacer lo necesario para hallar o encontrar algo o a alguien. (RAE),NO,1 seña,NO,SI,NO,1 seña,Unimanual en contacto (tipo X),X,,,,,00817_buscar.mp4
DBLSC,LSC0,818,CAMBIAR(1),VERBO,Dejar una cosa o situación por otra; transformar. (RAE),NO,1 seña,NO,SI,NO,1 seña,Simétrica (tipo I),P,,,,,00818_cambiargen.mp4
DBLSC,LSC0,819,CAMBIAR(2),VERBO,"Variante de seña para intercambio, mutación o modificación. (Generada Gemini)",NO,1 seña,NO,SI,NO,1 seña,Semi-simétrica (tipo II),P,,,,,00819_cambiarrop.mp4
DBLSC,LSC0,820,CAMBIAR(3),VERBO,Variante de seña para mudanza o alteración. (Generada Gemini),NO,1 seña,NO,SI,NO,1 seña,Semi-simétrica (tipo II),Bl,,,,,00820_cambiardoc.mp4
DBLSC,LSC0,821,CAMBIAR(4),VERBO,Variante de seña para conversión o reemplazo. (Generada Gemini),NO,1 seña,NO,SI,NO,1 seña,Semi-simétrica (tipo II),P,,,,,00821_cambiarmom.mp4
DBLSC,LSC0,822,CAMBIAR(5),VERBO,Variante de seña para permuta o transformación. (Generada Gemini),NO,1 seña,NO,SI,NO,1 seña,Semi-simétrica (tipo II),B,,,,,00822_cambiarint.mp4
DBLSC,LSC0,823,CANTAR,VERBO,Formar con la voz sonidos melodiosos y modulados. (RAE),NO,1 seña,NO,SI,NO,1 seña,Semi-simétrica (tipo II),Bl,,,,,00823_cantar.mp4
DBLSC,LSC1,824,CARNAVAL,SUSTANTIVO,Fiesta popular que se celebra en los días previos a la Cuaresma con disfraces y comparsas. (RAE),NO,1 seña,SI,SI,NO,1 seña,Semi-simétrica (tipo II),S,,,,,00824_carnaval.mp4
DBLSC,LSC0,825,CERRAR,VERBO,"Asegurar con cerrojo, llave u otro instrumento el paso a un espacio o recipiente. (RAE)",NO,1 seña,NO,SI,NO,1 seña,Simétrica (tipo I),Be,,,,,00825_cerrar.mp4
DBLSC,LSC0,826,CERRAR(2),VERBO,Variante de seña para la acción de clausurar o dar por concluido algo. (Generada Gemini),NO,1 seña,NO,SI,NO,1 seña,Semi-simétrica (tipo II),Bl,,,,,00826_cerrar2.mp4
DBLSC,LSC1,827,CINE,SUSTANTIVO,Local o arte de la cinematografía. (RAE),NO,1 seña,NO,SI,NO,1 seña,Simétrica (tipo I),B,,,,,00827_cine.mp4
DBLSC,LSC0,828,COGER,VERBO,"Asir, tomar o agarrar algo con la mano o con un instrumento. (RAE)",NO,1 seña,NO,SI,NO,1 seña,Unimanual (tipo 0),G,S,,,,00828_coger.mp4
DBLSC,LSC0,829,COLGAR,VERBO,Suspender algo sin que llegue al suelo. (RAE),NO,1 seña,NO,SI,NO,1 seña,Unimanual (tipo 0),Y,,,,,00829_colgar.mp4
DBLSC,LSC1,830,CONCIERTO,SUSTANTIVO,Función pública en la que se ejecutan composiciones musicales. (RAE),SI,2 señas,NO,SI,SI,2 señas,Compuestas (tipo C),J,Gl,Bl,,,00830_concierto.mp4
DBLSC,LSC0,831,CONTINUAR,VERBO,Proseguir o mantener una acción o estado iniciado. (RAE),NO,1 seña,NO,SI,NO,1 seña,Semi-simétrica (tipo II),Be,,,,,00831_continuar.mp4
DBLSC,LSC0,832,CUIDAR,VERBO,"Poner diligencia, atención y solicitud en la atención de alguien o algo. (RAE)",NO,1 seña,NO,SI,NO,1 seña,Semi-simétrica (tipo II),V,,,,,00832_cuidar.mp4
DBLSC,LSC0,833,CUIDAR(2),VERBO,Variante de seña para la acción de custodiar o preservar. (Generada Gemini),NO,1 seña,NO,SI,NO,1 seña,Semi-simétrica (tipo II),Ok,,,,,00833_cuidar2.mp4
DBLSC,LSC1,834,CUMPLEAÑOS,SUSTANTIVO,Aniversario del nacimiento de una persona. (RAE),SI,2 señas,NO,SI,SI,2 señas,Simétrica (tipo I),Xc,J,,,,00834_cumpleaño.mp4
DBLSC,LSC0,835,DAR,VERBO,Traspasar a otro algo o prestarle un servicio. (RAE),NO,1 seña,NO,SI,NO,1 seña,Unimanual (tipo 0),Q,J,,,,00835_dar.mp4
DBLSC,LSC0,836,DEPENDER,VERBO,"Estar subordinado, estar condicionado por algo o alguien. (RAE)",NO,1 seña,NO,SI,NO,1 seña,Semi-simétrica (tipo II),S,,,,,00836_depender.mp4
DBLSC,LSC0,837,DISCOTECA,SUSTANTIVO,Local público donde se sirve bebida y se baila con música grabada. (RAE),NO,1 seña,NO,SI,NO,1 seña,Semi-simétrica (tipo II),O,Gl,,,,00837_discoteca.mp4
DBLSC,LSC0,838,EMPEZAR,VERBO,Dar principio a algo o iniciar una acción. (RAE),NO,1 seña,NO,SI,NO,1 seña,Semi-simétrica (tipo II),Bl,,,,,00838_empezar.mp4
DBLSC,LSC0,839,ENCONTRAR,VERBO,Dar con alguien o algo que se busca o se investiga. (RAE),NO,1 seña,NO,SI,NO,1 seña,Asimétrica (tipo III),P,J,S,,,00839_encontrar.mp4
DBLSC,LSC0,840,ENCONTRAR(2),VERBO,Variante de seña para toparse o hallar a alguien. (Generada Gemini),NO,1 seña,NO,SI,NO,1 seña,Simétrica (tipo I),P,,,,,00840_encontrar2.mp4
DBLSC,LSC0,841,ENTRAR,VERBO,Pasar de fuera a dentro de un lugar. (RAE),NO,1 seña,SI,SI,NO,1 seña,Semi-simétrica (tipo II),B,,,,,00841_entrar.mp4
DBLSC,LSC0,842,ENVIAR,VERBO,Hacer que algo se dirija o sea llevado a alguna parte. (RAE),NO,1 seña,SI,SI,NO,1 seña,Asimétrica (tipo III),Bl,Jc,Q,J,,00842_enviar.mp4
DBLSC,LSC0,843,ENVIAR(2),VERBO,Variante de seña para remitir o despachar un objeto o mensaje. (Generada Gemini),NO,1 seña,SI,SI,NO,1 seña,Asimétrica (tipo III),Bl,Jc,No,N,,00843_enviar2.mp4
DBLSC,LSC0,844,ENVIAR(3),VERBO,Variante de seña direccional para la acción de enviar. (Generada Gemini),NO,1 seña,SI,SI,NO,1 seña,Asimétrica (tipo III),Tc,P,,,,00844_enviar3.mp4
DBLSC,LSC0,845,ENVIAR(4),VERBO,Variante de seña para envío masivo o múltiple. (Generada Gemini),NO,1 seña,SI,SI,NO,1 seña,Compuestas (tipo C),Ql,Bl,J,,,00845_enviar4.mp4
DBLSC,LSC0,846,ENVIAR(5),VERBO,Variante de seña para transmisión o despacho. (Generada Gemini),NO,1 seña,SI,SI,NO,1 seña,Asimétrica (tipo III),O,Jc,,,,00846_enviar5.mp4
DBLSC,LSC0,847,EQUIVOCARSE,VERBO,Cometer un error o juicio acertado incorrecto. (RAE),NO,1 seña,SI,SI,NO,1 seña,Unimanual en contacto (tipo X),Y,,,,,00847_equivocars.mp4
DBLSC,LSC0,848,EQUIVOCARSE(2),VERBO,Variante de seña para denotar desacierto o error. (Generada Gemini),NO,1 seña,SI,SI,NO,1 seña,Unimanual en contacto (tipo X),V,,,,,00848_equivocars.mp4
DBLSC,LSC0,849,ESCOGER,VERBO,Tomar una o más cosas entre varias por preferencia. (RAE),NO,1 seña,NO,SI,NO,1 seña,Unimanual (tipo 0),Ta,Tb,,,,00849_escoger.mp4
DBLSC,LSC0,850,ESPARCIR,VERBO,Extender o dispersar lo que estaba junto. (RAE),NO,1 seña,NO,SI,NO,1 seña,Simétrica (tipo I),O,J,,,,00850_esparcir.mp4
DBLSC,LSC0,851,DERRAMAR,VERBO,Verter o vaciar un líquido o sustancia fuera de su recipiente. (RAE),NO,1 seña,NO,SI,NO,1 seña,Simétrica (tipo I),S,J,,,,00851_derramar.mp4
DBLSC,LSC0,852,ESTRENAR,VERBO,Usar o exhibir por primera vez algo. (RAE),NO,1 seña,NO,SI,NO,1 seña,Simétrica (tipo I),V,XX,,,,00852_estrenar.mp4
DBLSC,LSC0,853,EXTRAÑAR,VERBO,Echar de menos a alguien o algo. / Causar extrañeza. (RAE),NO,1 seña,NO,SI,NO,1 seña,Unimanual en contacto (tipo X),P,X,,,,00853_extrañar.mp4
DBLSC,LSC0,854,EXTRAÑAR(2),VERBO,Variante de seña para la sensación de nostalgia o echar de menos. (Generada Gemini),SI,2 señas,SI,SI,SI,2 señas,Compuestas (tipo C),P,Jc,Q,,,00854_extrañar2.mp4
DBLSC,LSC0,855,FALTAR,VERBO,Carecer o estar privado de algo. / No estar presente. (RAE),NO,1 seña,SI,SI,NO,1 seña,Unimanual (tipo 0),P,Xe,,,,00855_faltar.mp4
DBLSC,LSC0,856,FALTAR(2),VERBO,Variante de seña para ausentarse o denotar carencia. (Generada Gemini),NO,1 seña,SI,SI,NO,1 seña,Unimanual (tipo 0),Jc,Q,,,,00856_faltar2.mp4
DBLSC,LSC0,857,FALTAR(3),VERBO,Variante de seña para escasez o incumplimiento. (Generada Gemini),NO,1 seña,SI,SI,NO,1 seña,Unimanual (tipo 0),Bl,A,,,,00857_faltar3.mp4
DBLSC,LSC0,858,FALTAR(4),VERBO,Variante de seña para resta o faltante cuantitativo. (Generada Gemini),NO,1 seña,SI,SI,NO,1 seña,Unimanual (tipo 0),Q,,,,,00858_faltar4.mp4
DBLSC,LSC0,859,FIESTA,SUSTANTIVO,Reunión de gente para celebrar algo o divertirse. (RAE),NO,1 seña,NO,SI,NO,1 seña,Simétrica (tipo I),J,,,,,00859_fiesta.mp4
DBLSC,LSC0,860,FLAUTA,SUSTANTIVO,Instrumento musical de viento en forma de tubo con agujeros. (RAE),NO,1 seña,NO,SI,NO,1 seña,Simétrica (tipo I),,,,,,00860_flauta.mp4
DBLSC,LSC0,861,GUARDAR,VERBO,Tener el cuidado de conservar o custodiar algo en un lugar seguro. (RAE),NO,1 seña,SI,SI,NO,1 seña,Asimétrica (tipo III),B,Bc,,,,00861_guardar.mp4
DBLSC,LSC0,862,GUARDAR(2),VERBO,Variante de seña para almacenar o reservar algo. (Generada Gemini),NO,1 seña,SI,SI,NO,1 seña,Asimétrica (tipo III),Bl,S,,,,00862_guardar2.mp4
DBLSC,LSC0,863,GUITARRA,SUSTANTIVO,Instrumento musical de cuerda pulsada con caja de resonancia de madera. (RAE),NO,1 seña,NO,SI,NO,1 seña,Asimétrica (tipo III),Gl,,,,,00863_guitarra.mp4
DBLSC,LSC0,864,HABER,VERBO,Existir o ser real algo. / Verbo auxiliar. (RAE),NO,1 seña,SI,SI,NO,1 seña,Unimanual (tipo 0),Y,,,,,00864_haber.mp4
DBLSC,LSC0,865,HABER(2),VERBO,Variante de seña para indicar existencia o presencia. (Generada Gemini),NO,1 seña,SI,SI,NO,1 seña,Unimanual (tipo 0),P,,,,,00865_haber2.mp4
DBLSC,LSC0,866,HACER,VERBO,"Realizar una actividad, producir o elaborar algo. (RAE)",NO,1 seña,NO,SI,NO,1 seña,Semi-simétrica (tipo II),Q,,,,,00866_hacer.mp4
DBLSC,LSC0,867,INVITAR,VERBO,"Convidar a alguien para que asista a un banquete, reunión o acto. (RAE)",NO,1 seña,NO,SI,NO,1 seña,Semi-simétrica (tipo II),B,Qf,,,,00867_invitar.mp4
DBLSC,LSC0,868,JUGAR/JUEGO,VERBO,Hacer algo con el fin de entretenerse o divertirse. / Actividad recreativa. (RAE),NO,1 seña,NO,SI,NO,1 seña,Semi-simétrica (tipo II),Y,,,,,00868_jugarjuego.mp4
DBLSC,LSC0,869,LLENAR,VERBO,Ocupar completamente un espacio con alguna cosa. (RAE),NO,1 seña,SI,SI,NO,1 seña,Semi-simétrica (tipo II),S,Bl,,,,00869_llenar.mp4
DBLSC,LSC0,870,LLENAR(2),VERBO,Variante de seña para colmar o saturar un recipiente o espacio. (Generada Gemini),NO,1 seña,SI,SI,NO,1 seña,Asimétrica (tipo III),Bl,Af,,,,00870_llenar2.mp4
DBLSC,LSC0,871,LLENAR(3),VERBO,Variante de seña para hartazgo o saciedad. (Generada Gemini),NO,1 seña,SI,SI,NO,1 seña,Unimanual en contacto (tipo X),Bc,,,,,00871_llenar3.mp4
DBLSC,LSC0,872,LLENAR(4),VERBO,Variante de seña para completar un formulario o registro. (Generada Gemini),NO,1 seña,SI,SI,NO,1 seña,Unimanual en contacto (tipo X),Af,,,,,00872_llenar4.mp4
DBLSC,LSC0,873,LLEVAR,VERBO,Conducir o trasladar algo de un lugar a otro. (RAE),NO,1 seña,SI,SI,NO,1 seña,Simétrica (tipo I),Xf,,,,,00873_llevar.mp4
DBLSC,LSC0,874,LLEVAR(2),VERBO,Variante de seña direccional para portar o transportar. (Generada Gemini),NO,1 seña,SI,SI,NO,1 seña,Unimanual (tipo 0),Xf,,,,,00874_llevar2.mp4
DBLSC,LSC0,875,METER,VERBO,Introducir algo en el interior de un espacio o recipiente. (RAE),NO,1 seña,NO,SI,NO,1 seña,Asimétrica (tipo III),O,Q,,,,00875_meter.mp4
DBLSC,LSC0,876,MOLESTAR,VERBO,"Causar fastidio, perturbación o incomodidad a alguien. (RAE)",NO,1 seña,NO,SI,NO,1 seña,Asimétrica (tipo III),Gl,Be,,,,00876_molestar.mp4
DBLSC,LSC0,877,MOLESTAR(2),VERBO,Variante de seña para la acción de incomodar o importar. (Generada Gemini),NO,1 seña,SI,SI,NO,1 seña,Semi-simétrica (tipo II),Qa,Bl,,,,00877_molestar2.mp4
DBLSC,LSC0,878,MÚSICA,SUSTANTIVO,"Arte de combinar los sonidos en una secuencia temporal atendiendo a las leyes de la armonía, melodía y ritmo. (RAE)",NO,1 seña,NO,SI,NO,1 seña,Semi-simétrica (tipo II),Bl,,,,,00878_musica.mp4
DBLSC,LSC0,879,NECESITAR,VERBO,Tener necesidad de alguien o algo. (RAE),NO,1 seña,NO,SI,NO,1 seña,Unimanual (tipo 0),X,,,,,00879_necesitar.mp4
DBLSC,LSC0,880,NO-PODER,VERBO,"Incapacidad, imposibilidad o falta de facultad para realizar una acción. (Generada Gemini)",NO,1 seña,NO,SI,NO,1 seña,Semi-simétrica (tipo II),P,,,,,00880_nopoder.mp4
DBLSC,LSC0,881,PARECER,VERBO,Tener semejanza o apariencia de algo o alguien. (RAE),NO,1 seña,SI,SI,NO,1 seña,Compuestas (tipo C),L,J,,,,00881_parecer.mp4
DBLSC,LSC0,882,PARECER(2),VERBO,Variante de seña para expresar opinión o semejanza visual. (Generada Gemini),NO,1 seña,SI,SI,NO,1 seña,Unimanual (tipo 0),V,,,,,00882_parecer2.mp4
DBLSC,LSC0,883,CANTAR-MICROFONO,VERBO,Acción de cantar utilizando un micrófono como amplificador de voz. (Generada Gemini),NO,1 seña,NO,SI,NO,1 seña,Unimanual (tipo 0),S,,,,,00883_cantarmicr.mp4
DBLSC,LSC0,884,PARTICIPAR,VERBO,Tomar parte en algo o intervenir en una actividad colectiva. (RAE),NO,1 seña,SI,SI,NO,1 seña,Asimétrica (tipo III),J,N,,,,00884_participar.mp4
DBLSC,LSC0,885,PARTICIPAR(2),VERBO,Variante de seña para sumarse o colaborar en una labor. (Generada Gemini),SI,2 señas,SI,SI,SI,2 señas,Asimétrica (tipo III),J,N,B,,,00885_participar.mp4
DBLSC,LSC0,886,PASEAR,VERBO,Dar un paseo o caminar por distracción o ejercicio. (RAE),NO,1 seña,SI,SI,NO,1 seña,Asimétrica (tipo III),S,Y,,,,00886_pasear.mp4
DBLSC,LSC0,887,PASEAR(2),VERBO,Variante de seña para salir a pasear o ir de recorrido. (Generada Gemini),NO,1 seña,SI,SI,NO,1 seña,Unimanual en contacto (tipo X),A,,,,,00887_pasear2.mp4
DBLSC,LSC0,888,PASEAR(3),VERBO,Variante de seña para deambular o turisquear. (Generada Gemini),NO,1 seña,SI,SI,NO,1 seña,Simétrica (tipo I),P,,,,,00888_pasear3.mp4
DBLSC,LSC0,889,PEDIR,VERBO,Manifestar a alguien el deseo de que dé o haga algo. (RAE),NO,1 seña,SI,SI,NO,1 seña,Semi-simétrica (tipo II),Bc,,,,,00889_pedir.mp4
DBLSC,LSC0,890,PEDIR(2),VERBO,Variante de seña para solicitar o requerir. (Generada Gemini),NO,1 seña,SI,SI,NO,1 seña,Asimétrica (tipo III),Bc,Jc,G,,,00890_pedir2.mp4
DBLSC,LSC0,891,PEDIR(3),VERBO,Variante de seña para solicitar o rogar. (Generada Gemini),NO,1 seña,SI,SI,NO,1 seña,Unimanual en contacto (tipo X),Bl,,,,,00891_pedir3.mp4
DBLSC,LSC0,892,PELÍCULA,SUSTANTIVO,Cinta de material plástico que contiene una secuencia de imágenes fotográficas proyectables. / Obra cinematográfica. (RAE),NO,1 seña,SI,SI,NO,1 seña,Asimétrica (tipo III),C,Xf,,,,00892_pelicula.mp4
DBLSC,LSC0,893,PELÍCULA(2),SUSTANTIVO,Variante de seña para obra de cine o filmación. (Generada Gemini),NO,1 seña,SI,SI,NO,1 seña,Unimanual (tipo 0),Bl,,,,,00893_pelicula2.mp4
DBLSC,LSC0,894,PELÍCULA(3),SUSTANTIVO,Variante léxica para película o film. (Generada Gemini),NO,1 seña,SI,SI,NO,1 seña,Asimétrica (tipo III),Bc,J,,,,00894_pelicula3.mp4
DBLSC,LSC0,895,PIANO,SUSTANTIVO,Instrumento musical de cuerda percutida por martillos accionados desde un teclado. (RAE),NO,1 seña,NO,SI,NO,1 seña,Simétrica (tipo I),Gl,,,,,00895_piano.mp4
DBLSC,LSC0,896,PODER(2),VERBO,"Variante de seña para capacidad, permiso o facultad de hacer algo. (Generada Gemini)",NO,1 seña,SI,SI,NO,1 seña,Asimétrica (tipo III),S,Bl,,,,00896_poder2.mp4
DBLSC,LSC0,897,PODER,VERBO,Tener expedita la facultad o potencia de hacer algo. (RAE),NO,1 seña,SI,SI,NO,1 seña,Simétrica (tipo I),S,,,,,00897_poder.mp4
DBLSC,LSC0,898,PODER(3),VERBO,Variante de seña para autoridad o potestad. (Generada Gemini),NO,1 seña,SI,SI,NO,1 seña,Asimétrica (tipo III),S,Be,,,,00898_poder3.mp4
DBLSC,LSC0,899,PODER(4),VERBO,Variante de seña para fuerza o habilidad. (Generada Gemini),NO,1 seña,SI,SI,NO,1 seña,Simétrica (tipo I),Gl,S,,,,00899_poder4.mp4
DBLSC,LSC0,900,PRACTICAR,VERBO,Ejercitar continuadamente algo que se ha aprendido o estudiado. (RAE),NO,1 seña,NO,SI,NO,1 seña,Asimétrica (tipo III),P,Af,,,,00900_practicar.mp4
DBLSC,LSC0,901,PRESTAR,VERBO,Entregar algo a alguien para que lo use y lo devuelva después. (RAE),NO,1 seña,NO,SI,NO,1 seña,Simétrica (tipo I),Za,,,,,00901_prestar.mp4
DBLSC,LSC0,902,TENER,VERBO,"Poseer, sostener o gozar de algo. (RAE)",NO,1 seña,NO,SI,NO,1 seña,Unimanual en contacto (tipo X),A,,,,,00902_tener.mp4
DBLSC,LSC0,903,TERMINAR,VERBO,"Dar fin, conclusión o término a algo. (RAE)",NO,1 seña,NO,SI,NO,1 seña,Simétrica (tipo I),Y,,,,,00903_terminar.mp4
DBLSC,LSC0,904,TERMINAR(2),VERBO,Variante de seña para finalizar o culminar una acción. (Generada Gemini),NO,1 seña,NO,SI,NO,1 seña,Simétrica (tipo I),J,,,,,00904_terminar2.mp4
DBLSC,LSC0,905,TRAER,VERBO,Trasladar o conducir algo hacia el lugar donde se encuentra quien habla. (RAE),NO,1 seña,NO,SI,NO,1 seña,Unimanual (tipo 0),Bl,,,,,00905_traer.mp4
DBLSC,LSC0,906,VACACIONES,SUSTANTIVO,"Descanso temporal de una actividad habitual, especialmente del trabajo o los estudios. (RAE)",NO,1 seña,NO,SI,NO,1 seña,Simétrica (tipo I),Jc,,,,,00906_vacaciones.mp4
DBLSC,LSC0,907,VENIR(1),VERBO,Trasladarse hacia el lugar donde está la persona que habla. (RAE),NO,1 seña,NO,SI,NO,1 seña,Asimétrica (tipo III),Bl,Ql,,,,00907_venir.mp4
DBLSC,LSC0,908,VISITAR,VERBO,"Ir a ver a alguien por cortesía, atención o afecto. (RAE)",NO,1 seña,NO,SI,NO,1 seña,Semi-simétrica (tipo II),V,,,,,00908_visitar.mp4
DBLSC,LSC0,909,AJEDREZ,SUSTANTIVO,Juego de estrategia que se disputa sobre un tablero de 64 casillas entre dos personas con 16 piezas cada una. (RAE),NO,1 seña,NO,SI,NO,1 seña,Asimétrica (tipo III),B,Qe,,,,00909_ajedrez.mp4
DBLSC,LSC0,910,ÁRBITRO,SUSTANTIVO,Persona que en las competiciones deportivas cuida de la aplicación del reglamento. (RAE),NO,1 seña,NO,SI,NO,1 seña,Unimanual en contacto (tipo X),Tc,,,,,00910_arbitro.mp4
DBLSC,LSC1,911,ATLETISMO,VERBO,"Conjunto de prácticas deportivas que comprenden carreras, saltos y lanzamientos. (RAE)",NO,1 seña,NO,SI,NO,1 seña,Semi-simétrica (tipo II),B,,,,,00911_atletismo.mp4
DBLSC,LSC0,912,BALÓN,SUSTANTIVO,Pelota grande de cuero u otro material inflado para juegos deportivos. (RAE),NO,1 seña,NO,SI,NO,1 seña,Simétrica (tipo I),Jc,,,,,00912_balon.mp4
DBLSC,LSC1,913,BALONCESTO,SUSTANTIVO,Juego entre dos equipos de cinco jugadores que intentan introducir un balón en un aro elevado. (RAE),NO,1 seña,NO,SI,NO,1 seña,Simétrica (tipo I),Jc,,,,,00913_baloncesto.mp4
DBLSC,LSC1,914,BILLAR,SUSTANTIVO,Juego que se ejecuta impulsando con un taco bolas sobre una mesa forrada de paño. (RAE),NO,1 seña,NO,SI,NO,1 seña,Asimétrica (tipo III),Tb,Ta,,,,00914_billar.mp4
DBLSC,LSC1,915,BOXEO,SUSTANTIVO,Deporte de combate en el que dos luchadores se enfrentan golpeándose con los puños enfundados en guantes. (RAE),NO,1 seña,NO,SI,NO,1 seña,Semi-simétrica (tipo II),Af,,,,,00915_boxeo.mp4
DBLSC,LSC1,916,BUCEO,SUSTANTIVO,Acción de nadar con todo el cuerpo sumergido bajo el agua. (RAE),NO,1 seña,NO,SI,NO,1 seña,Asimétrica (tipo III),C,V,,,,00916_buceo.mp4
DBLSC,LSC1,917,CAMPEÓN,SUSTANTIVO,Persona o equipo que obtiene el primer puesto en una competición deportiva o campeonato. (RAE),NO,1 seña,NO,SI,NO,1 seña,Unimanual en contacto (tipo X),G,,,,,00917_campeon.mp4
DBLSC,LSC1,918,TROFEO,SUSTANTIVO,Objeto que se otorga como premio o señal de victoria en una competición. (RAE),NO,1 seña,NO,SI,NO,1 seña,Asimétrica (tipo III),Bl,Y,,,,00918_trofeo.mp4
DBLSC,LSC0,919,ENFRENTAMIENTO,SUSTANTIVO,"Acción de enfrentarse o rivalizar dos personas, equipos o facciones. (RAE)",NO,1 seña,NO,SI,NO,1 seña,Simétrica (tipo I),P,,,,,00919_enfrentami.mp4
DBLSC,LSC0,920,CANCHA,SUSTANTIVO,Espacio delimitado y acondicionado para la práctica de ciertos deportes. (RAE),NO,1 seña,NO,SI,NO,1 seña,Simétrica (tipo I),C,,,,,00920_cancha.mp4
DBLSC,LSC0,921,DEPORTE,SUSTANTIVO,"Actividad física, ejercitada como juego o competición, cuya práctica supone entrenamiento y sujeción a normas. (RAE)",NO,1 seña,NO,SI,NO,1 seña,Semi-simétrica (tipo II),A,,,,,00921_deporte.mp4
DBLSC,LSC0,922,EMPATAR,VERBO,Obtener igual número de puntos o goles en una competición o juego. (RAE),NO,1 seña,NO,SI,NO,1 seña,Simétrica (tipo I),Ql,,,,,00922_empatar.mp4
DBLSC,LSC0,923,GIMNASIO,SUSTANTIVO,Lugar equipado para la práctica de la gimnasia y ejercicios físicos. (RAE),SI,2 señas,NO,SI,SI,2 señas,Simétrica (tipo I),S,P,,,,00923_gimnasio.mp4
DBLSC,LSC0,924,FÚTBOL,SUSTANTIVO,Deporte entre dos equipos de once jugadores que tratan de introducir un balón en la portería contraria usando los pies y el cuerpo salvo los brazos. (RAE),NO,1 seña,NO,SI,NO,1 seña,Simétrica (tipo I),Af,,,,,00924_futbol.mp4
DBLSC,LSC0,925,GANAR,VERBO,"Obtener la victoria o ventaja en un juego, disputa o competición. (RAE)",NO,1 seña,NO,SI,NO,1 seña,Asimétrica (tipo III),J,S,,,,00925_ganar.mp4
DBLSC,LSC0,926,GOL,SUSTANTIVO,"Entrada del balón en la portería, que otorga un punto en fútbol y otros deportes. (RAE)",NO,1 seña,NO,SI,NO,1 seña,Asimétrica (tipo III),C,L,,,,00926_gol.mp4
DBLSC,LSC0,927,NADAR,VERBO,Avanzar en el agua desplazándose mediante movimientos corporales. (RAE),NO,1 seña,NO,SI,NO,1 seña,Semi-simétrica (tipo II),B,,,,,00927_nadar.mp4
DBLSC,LSC0,928,PARTIDO,SUSTANTIVO,Competición deportiva entre dos personas o equipos. (RAE),NO,1 seña,NO,SI,NO,1 seña,Compuestas (tipo C),A,P,,,,00928_partido.mp4
DBLSC,LSC0,929,PATINAJE,SUSTANTIVO,Deporte o recreación consistente en deslizarse sobre una superficie lisa usando patines. (RAE),NO,1 seña,NO,SI,NO,1 seña,Simétrica (tipo I),B,,,,,00929_patinaje.mp4
DBLSC,LSC0,930,PERDER,VERBO,Dejar de ganar o sufrir una derrota en un juego o competición. (RAE),NO,1 seña,NO,NO,NO,1 seña,Unimanual en contacto (tipo X),P,,,,,00930_perder.mp4
DBLSC,LSC0,931,PERDER(2),VERBO,Variante de seña para sufrir derrota o extravío de algo. (Generada Gemini),NO,1 seña,SI,SI,NO,1 seña,Simétrica (tipo I),Q,J,,,,00931_perder2.mp4
DBLSC,LSC0,932,PERDER (3),VERBO,Variante de seña para quedar privado o desposeído de algo. (Generada Gemini),NO,1 seña,SI,SI,NO,1 seña,Asimétrica (tipo III),O,J,,,,00932_perder3.mp4
DBLSC,LSC0,933,DERROTAR,VERBO,Vencer y romper de todo punto al enemigo o contrincante en una contienda o juego. (RAE),NO,1 seña,NO,SI,NO,1 seña,Asimétrica (tipo III),Bc,No,J,,,00933_derrotar.mp4
DBLSC,LSC0,934,REGLAMENTO,SUSTANTIVO,Colección ordenada de reglas o preceptos dictados para la ejecución de una ley o régimen de una corporación o deporte. (RAE),NO,1 seña,NO,SI,NO,1 seña,Asimétrica (tipo III),B,R,,,,00934_reglamneto.mp4
DBLSC,LSC0,935,TEJO,SUSTANTIVO,Deporte tradicional colombiano que consiste en lanzar un disco metálico hacia bocines con mechas de pólvora. (RAE),NO,1 seña,NO,SI,NO,1 seña,Unimanual (tipo 0),L,,,,,00935_tejo.mp4
DBLSC,LSC0,936,VOLEIBOL,SUSTANTIVO,Deporte que se juega con un balón que dos equipos se envían por encima de una red elevada sin que toque el suelo. (RAE),NO,1 seña,NO,SI,NO,1 seña,Simétrica (tipo I),Q,Q,,,,00936_voleibol.mp4
DBLSC,LSC0,937,AEROPUERTO,SUSTANTIVO,"Área destinada a la salida, llegada y movimiento de aeronaves en superficie, con sus instalaciones. (RAE)",NO,1 seña,NO,SI,NO,1 seña,Asimétrica (tipo III),B,Y,,,,00937_aeropuerto.mp4
DBLSC,LSC0,938,AVENIDA,SUSTANTIVO,"Vía pública ancha, por lo general con árboles a los lados. (RAE)",NO,1 seña,NO,SI,NO,1 seña,Semi-simétrica (tipo II),Qa,Qa,,,,00938_avenida.mp4
DBLSC,LSC0,939,BANCO,SUSTANTIVO,Empresa dedicada a realizar operaciones financieras con el dinero de sus clientes. (RAE),NO,1 seña,SI,SI,NO,1 seña,Unimanual en contacto (tipo X),O,Bc,,,,00939_banco.mp4
DBLSC,LSC0,940,BARRIO,SUSTANTIVO,Cada una de las partes en que se dividen los pueblos y grandes ciudades. (RAE),NO,1 seña,SI,SI,NO,1 seña,Asimétrica (tipo III),J,S,,,,00940_barrio.mp4
DBLSC,LSC0,941,BASURA,SUSTANTIVO,"Conjunto de desperdicios, barreduras o deshechos. (RAE)",SI,2 señas,NO,SI,SI,2 señas,Semi-simétrica (tipo II),J,O,J,,,00941_basura.mp4
DBLSC,LSC0,942,BOMBA DE GASOLINA,SUSTANTIVO,Estación de servicio equipada para el suministro de combustible a vehículos. (Generada Gemini),SI,2 señas,NO,SI,SI,2 señas,Unimanual en contacto (tipo X),H,Hl,,,,00942_bombadegas.mp4
DBLSC,LSC0,943,CAFETERÍA,SUSTANTIVO,Establecimiento donde se sirve café y otras bebidas e infusiones. (RAE),SI,2 señas,NO,SI,SI,2 señas,Simétrica (tipo I),P,P,Tb,,,00943_cafeteria.mp4
DBLSC,LSC0,944,CAJERO-AUTOMÁTICO,SUSTANTIVO,Máquina que permite realizar operaciones bancarias de forma directa con tarjeta. (Generada Gemini),SI,2 señas,NO,SI,SI,2 señas,Asimétrica (tipo III),Xt,B,Xf,,,00944_cajeroauto.mp4
DBLSC,LSC0,945,CARRERA,SUSTANTIVO,Competición de velocidad entre deportistas o vehículos. / Vía pública urbana en Colombia. (RAE),NO,1 seña,NO,SI,NO,1 seña,Asimétrica (tipo III),A,B,,,,00945_carrera.mp4
DBLSC,LSC0,946,CÁRCEL,SUSTANTIVO,Edificio o local destinado a la custodia y reclusión de los presos. (RAE),NO,1 seña,NO,SI,NO,1 seña,Semi-simétrica (tipo II),Jc,J,,,,00946_carcel.mp4
DBLSC,LSC0,947,CARNICERIA,SUSTANTIVO,Establecimiento donde se vende carne al por menor. (RAE),SI,2 señas,NO,SI,SI,2 señas,Simétrica (tipo I),P,P,XX,,,00947_carniceria.mp4
DBLSC,LSC0,948,CALLE,SUSTANTIVO,Vía pública en una población que permite el tránsito de personas y vehículos. (RAE),NO,1 seña,NO,SI,NO,1 seña,Asimétrica (tipo III),A,B,,,,00948_calle.mp4
DBLSC,LSC0,949,CASA,SUSTANTIVO,Edificio para habitar. (RAE),NO,1 seña,NO,SI,NO,1 seña,Simétrica (tipo I),B,B,,,,00949_casa.mp4
DBLSC,LSC0,950,CEMENTERIO,SUSTANTIVO,Lugar destinado a enterrar cadáveres. (RAE),SI,2 señas,NO,SI,SI,2 señas,Simétrica (tipo I),P,P,Bl,Bl,,00950_cementerio.mp4
DBLSC,LSC0,951,CENTRO-COMERCIAL,SUSTANTIVO,Complejo de edificios que reúne establecimientos comerciales y de ocio. (Generada Gemini),NO,1 seña,NO,SI,NO,1 seña,Asimétrica (tipo III),Jc,B,,,,00951_centrocome.mp4
DBLSC,LSC0,952,DIRECCIÓN,SUSTANTIVO,Indicación del lugar donde vive una persona o se ubica un establecimiento. (RAE),NO,1 seña,NO,SI,NO,1 seña,Semi-simétrica (tipo II),Bl,Bl,,,,00952_direccion.mp4
DBLSC,LSC0,953,DROGUERÍA,SUSTANTIVO,Establecimiento comercial donde se venden medicamentos y productos farmacéuticos o de aseo. (RAE),SI,2 señas,NO,SI,SI,2 señas,Simétrica (tipo I),P,P,Ob,,,00953_drogueria.mp4
DBLSC,LSC0,954,EDIFICIO,SUSTANTIVO,"Construcción fija, hecha con materiales resistentes, para albergar personas o actividades. (RAE)",NO,1 seña,NO,SI,NO,1 seña,Simétrica (tipo I),Bl,Bl,,,,00954_edificio.mp4
DBLSC,LSC0,955,ENERGÍA-ELÉCTRICA,SUSTANTIVO,Forma de energía resultante de una diferencia de potencial entre dos puntos. (Generada Gemini),NO,1 seña,NO,SI,NO,1 seña,Semi-simétrica (tipo II),XX,XX,,,,00955_energiaele.mp4
DBLSC,LSC0,956,ESQUINA,SUSTANTIVO,"Ángulo que se forma en el encuentro de dos superficies, paredes o calles. (RAE)",NO,1 seña,NO,SI,NO,1 seña,Asimétrica (tipo III),A,P,,,,00956_esquina.mp4
DBLSC,LSC0,957,ESTACIÓN-DE-POLICÍA,SUSTANTIVO,Dependencia u oficina policial encargada de la seguridad de una zona urbana. (Generada Gemini),SI,2 señas,NO,SI,SI,2 señas,Simétrica (tipo I),P,P,Bl,,,00957_estacionde.mp4
DBLSC,LSC0,958,ESTADIO,SUSTANTIVO,"Recinto de grandes dimensiones con graderías para espectadores, destinado a competiciones deportivas. (RAE)",NO,1 seña,NO,SI,NO,1 seña,Simétrica (tipo I),Bc,Cb,,,,00958_estadio.mp4
DBLSC,LSC0,959,FÁBRICAR,VERBO,Producir objetos en serie mediante transformación industrial. (RAE),NO,1 seña,NO,SI,NO,1 seña,Simétrica (tipo I),Gl,Gl,,,,00959_fabricar.mp4
DBLSC,LSC0,960,FERRETERÍA,SUSTANTIVO,Tienda donde se venden artículos de hierro y otras herramientas o materiales de construcción. (RAE),SI,2 señas,NO,SI,SI,2 señas,Simétrica (tipo I),P,P,V,V,,00960_ferreteria.mp4
DBLSC,LSC0,961,FUNERARIA,SUSTANTIVO,Empresa encargada de gestionar y proveer servicios en los sepelios. (RAE),SI,2 señas,NO,SI,SI,2 señas,Simétrica (tipo I),P,P,B,B,,00961_funenaria.mp4
DBLSC,LSC0,962,GARAJE,SUSTANTIVO,Local destinado a guardar automóviles y otros vehículos. (RAE),SI,2 señas,NO,SI,SI,2 señas,Asimétrica (tipo III),A,B,Bl,B,,00962_garaje.mp4
DBLSC,LSC0,963,HOTEL,SUSTANTIVO,Establecimiento de hostelería en el que se proporciona alojamiento a los viajeros. (RAE),NO,1 seña,SI,SI,NO,1 seña,Asimétrica (tipo III),Vl,Bl,,,,00963_hotel.mp4
DBLSC,LSC0,964,HOTEL(2),SUSTANTIVO,Variante de la seña para la instalación o establecimiento hotelero. (Generada Gemini),NO,1 seña,SI,SI,NO,1 seña,Unimanual en contacto (tipo X),V,,,,,00964_hotel2.mp4
DBLSC,LSC0,965,LIBRERÍA,SUSTANTIVO,Establecimiento comercial donde se venden libros. (RAE),SI,2 señas,NO,SI,SI,2 señas,Simétrica (tipo I),P,P,L,Bl,,00965_libreria.mp4
DBLSC,LSC0,966,MUSEO,SUSTANTIVO,"Institución que conserva y exhibe colecciones de objetos de valor artístico, científico o cultural. (RAE)",NO,1 seña,NO,SI,NO,1 seña,Semi-simétrica (tipo II),V,V,,,,00966_museo.mp4
DBLSC,LSC0,967,OFICINA,SUSTANTIVO,"Local destinado al trabajo administrativo, profesional o de gestión. (RAE)",SI,2 señas,NO,SI,SI,2 señas,Simétrica (tipo I),P,P,G,G,,00967_oficina.mp4
DBLSC,LSC0,968,PANADERÍA,SUSTANTIVO,Establecimiento donde se elabora o vende pan y productos de repostería. (RAE),SI,2 señas,NO,SI,SI,2 señas,Simétrica (tipo I),P,P,Cl,Qe,,00968_panaderia.mp4
DBLSC,LSC0,969,PAPELERÍA,SUSTANTIVO,"Tienda en que se vende papel, útiles de escritorio y material escolar. (RAE)",SI,2 señas,NO,SI,SI,2 señas,Simétrica (tipo I),P,P,J,J,,00969_papeleria.mp4
DBLSC,LSC0,970,PARQUEADERO,SUSTANTIVO,Lugar destinado a estacionar o aparcar vehículos. (RAE),SI,2 señas,NO,SI,SI,2 señas,Simétrica (tipo I),B,B,,,,00970_parqueader.mp4
DBLSC,LSC0,971,PLAZA-DE-MERCADO,SUSTANTIVO,Lugar público cubierto o al aire libre donde se comercializan alimentos y otros víveres. (RAE),SI,2 señas,NO,SI,SI,2 señas,Simétrica (tipo I),P,P,A,,,00971_plazademer.mp4
DBLSC,LSC0,972,PORTERÍA/PORTERO,SUSTANTIVO,Puesto o persona encargada de la vigilancia y control de acceso a un edificio. (RAE),SI,2 señas,NO,SI,SI,2 señas,Unimanual en contacto (tipo X),B,V,Bl,,,00972_porteriapo.mp4
DBLSC,LSC0,973,PUENTE,SUSTANTIVO,"Construcción que permite salvar un río, foso u otro obstáculo. (RAE)",NO,1 seña,NO,SI,NO,1 seña,Simétrica (tipo I),V,V,,,,00973_puente.mp4
DBLSC,LSC0,974,REGISTRADORA,SUSTANTIVO,Caja o máquina utilizada en comercios para registrar cobros y guardar dinero. (RAE),NO,1 seña,NO,SI,NO,1 seña,Unimanual (tipo 0),Jb,,,,,00974_registrado.mp4
DBLSC,LSC0,975,RESTAURANTE,SUSTANTIVO,Establecimiento público donde se sirven comidas y bebidas mediante pago. (RAE),NO,1 seña,NO,SI,NO,1 seña,Unimanual en contacto (tipo X),R,,,,,00975_restaurant.mp4
DBLSC,LSC0,976,SEMÁFORO,SUSTANTIVO,Dispositivo eléctrico de señales luminosas para regular el tránsito de vehículos y peatones. (RAE),NO,1 seña,NO,SI,NO,1 seña,Unimanual (tipo 0),O,J,,,,00976_semaforo.mp4
DBLSC,LSC0,977,SUPERMERCADO,SUSTANTIVO,Establecimiento comercial de venta al por menor en autoservicio de alimentos y artículos de hogar. (RAE),SI,2 señas,NO,SI,SI,2 señas,Simétrica (tipo I),A,A,G,,,00977_supermerca.mp4
DBLSC,LSC0,978,TERMINAL-DE-TRANSPORTE,SUSTANTIVO,Instalación donde convergen diferentes líneas de transporte para el ascenso y descenso de pasajeros. (Generada Gemini),NO,1 seña,SI,SI,NO,1 seña,Asimétrica (tipo III),P,B,,,,00978_terminalde.mp4
DBLSC,LSC0,979,ACELERAR,VERBO,Aumentar la velocidad de un vehículo u operación. (RAE),NO,1 seña,NO,SI,NO,1 seña,Simétrica (tipo I),Vc,Vc,,,,00979_acelerar.mp4
DBLSC,LSC0,980,AVIÓN,SUSTANTIVO,"Aeronave más pesada que el aire, provista de alas y movida por uno o varios motores. (RAE)",NO,1 seña,NO,SI,NO,1 seña,Unimanual (tipo 0),Y,,,,,00980_avion.mp4
DBLSC,LSC0,981,BARCO,SUSTANTIVO,Embarcación de estructura cóncava y gran tamaño para navegar por el agua. (RAE),NO,1 seña,NO,SI,NO,1 seña,Simétrica (tipo I),B,B,,,,00981_barco.mp4
DBLSC,LSC0,982,BICICLETA,SUSTANTIVO,Vehículo de dos ruedas movido por pedales y dirigido por un manubrio. (RAE),NO,1 seña,NO,SI,NO,1 seña,Semi-simétrica (tipo II),Af,Af,,,,00982_bicicleta.mp4
DBLSC,LSC0,983,BUS,SUSTANTIVO,Autobús; vehículo automotor de gran capacidad para el transporte público de pasajeros. (RAE),NO,1 seña,SI,SI,NO,1 seña,Asimétrica (tipo III),XX,O,,,,00983_bus.mp4
DBLSC,LSC0,984,BUS(2),SUSTANTIVO,Variante de seña para vehículo de transporte público o autobús. (Generada Gemini),NO,1 seña,SI,SI,NO,1 seña,Semi-simétrica (tipo II),A,A,,,,00984_bus2.mp4
DBLSC,LSC0,985,BUS(3),SUSTANTIVO,Variante léxica para autobús o transporte colectivo. (Generada Gemini),NO,1 seña,NO,SI,NO,1 seña,Asimétrica (tipo III),O,X,P,,,00985_bus3.mp4
DBLSC,LSC0,986,CAMIÓN,SUSTANTIVO,Vehículo automotor grande y potente destinado al transporte de mercancías pesadas. (RAE),NO,1 seña,SI,SI,NO,1 seña,Semi-simétrica (tipo II),Ye,Ye,,,,00986_camion.mp4
DBLSC,LSC0,987,CARRETERA,SUSTANTIVO,Vía pública pavimentada para la circulación de vehículos. (RAE),NO,1 seña,NO,SI,NO,1 seña,Simétrica (tipo I),B,B,,,,00987_carretera.mp4
DBLSC,LSC0,988,CHOCAR,VERBO,Colisionar o impactar violentamente un cuerpo contra otro. (RAE),NO,1 seña,NO,SI,NO,1 seña,Asimétrica (tipo III),B,Bl,G,,,00988_chocar.mp4
DBLSC,LSC0,989,COLECTIVO,SUSTANTIVO,Vehículo de transporte público de capacidad media. (RAE),NO,1 seña,NO,SI,NO,1 seña,Semi-simétrica (tipo II),C,C,B,B,,00989_colectivo.mp4
DBLSC,LSC0,990,FLOTA,SUSTANTIVO,Conjunto de vehículos o embarcaciones pertenecientes a una misma empresa o servicio. (RAE),NO,1 seña,NO,SI,NO,1 seña,Semi-simétrica (tipo II),V,V,,,,00990_flota.mp4
DBLSC,LSC0,991,FECHA(2),SUSTANTIVO,"Variante de seña para la indicación del día, mes o año de un suceso. (Generada Gemini)",NO,1 seña,NO,SI,NO,1 seña,Unimanual (tipo 0),G,,,,,00991_fecha2.mp4
DBLSC,LSC0,992,FRENAR/FRENO,VERBO,Disminuir la marcha o detener un vehículo mediante el freno. (RAE),NO,1 seña,NO,SI,NO,1 seña,Asimétrica (tipo III),Af,B,,,,00992_frenrafren.mp4
DBLSC,LSC0,993,GATO-HIDRAULICO,SUSTANTIVO,Dispositivo mecánico de elevación alimentado por presión hidráulica para levantar vehículos. (Generada Gemini),NO,1 seña,SI,SI,NO,1 seña,Asimétrica (tipo III),O,X,,,,00993_gatohidrau.mp4
DBLSC,LSC0,994,INSCRIPCIONES,SUSTANTIVO,Acción y efecto de inscribir o registrarse en una institución o curso. (RAE),NO,1 seña,NO,SI,NO,1 seña,Simétrica (tipo I),XX,XX,,,,00994_inscripcio.mp4
DBLSC,LSC0,995,INVESTIGACION,SUSTANTIVO,Proceso sistemático de indagación para la búsqueda o ampliación de conocimientos. (RAE),NO,1 seña,NO,SI,NO,1 seña,Unimanual en contacto (tipo X),Al,J,,,,00995_investigac.mp4
DBLSC,LSC0,996,PROGRAMAS-ACADEMICOS,SUSTANTIVO,Planes de estudio organizados por instituciones educativas para impartir formación. (Generada Gemini),SI,2 señas,NO,SI,SI,2 señas,Semi-simétrica (tipo II),Xc,Xc,Bl,,,00996_programasa.mp4
DBLSC,LSC0,997,NUESTRO-BOSQUE,SUSTANTIVO,Expresión institucional referida a la comunidad o entorno de Universidad El Bosque. (Generada Gemini),SI,2 señas,NO,SI,SI,2 señas,Semi-simétrica (tipo II),Xc,Xc,B,,,00997_nuestrobos.mp4
DBLSC,LSC0,998,FACULTADES,SUSTANTIVO,Divisiones académicas y administrativas de una universidad correspondientes a una rama del saber. (RAE),SI,2 señas,NO,SI,SI,2 señas,Asimétrica (tipo III),F,Af,Gl,,,00998_facultades.mp4
DBLSC,LSC0,999,VIDA-UNIVERSITARIA,SUSTANTIVO,"Conjunto de actividades académicas, culturales y sociales en el ámbito universitario. (Generada Gemini)",SI,3 señas,NO,NO,SI,3 señas,Unimanual en contacto (tipo X),U,S,Q,,,00999_vidauniver.mp4
DBLSC,LSC0,1000,HELICÓPTERO(1),SUSTANTIVO,Aeronave sustentada y propulsada por uno o varios rotores horizontales. (RAE),NO,1 seña,NO,SI,NO,1 seña,Asimétrica (tipo III),J,P,,,,01000_helicopter.mp4
DBLSC,LSC0,1001,HELICOPTERO(2),SUSTANTIVO,Variante de seña para la aeronave de rotor de palas. (Generada Gemini),NO,1 seña,NO,SI,NO,1 seña,Asimétrica (tipo III),P,Q,,,,01001_helicopter.mp4
DBLSC,LSC0,1002,MANEJAR-CARRO,VERBO,Acción de conducir o guiar un automóvil. (Generada Gemini),NO,1 seña,NO,SI,NO,1 seña,Simétrica (tipo I),S,S,,,,01002_manejarcar.mp4
DBLSC,LSC0,1003,CONTROLAR,VERBO,"Ejercer el dominio, mando o fiscalización sobre algo o alguien. (RAE)",NO,1 seña,NO,SI,NO,1 seña,Semi-simétrica (tipo II),Xf,Xf,,,,01003_controlar.mp4
DBLSC,LSC0,1004,MOTO,SUSTANTIVO,Motocicleta; vehículo automóvil de dos ruedas. (RAE),NO,1 seña,NO,SI,NO,1 seña,Simétrica (tipo I),A,A,,,,01004_moto.mp4
DBLSC,LSC0,1005,PARAR,VERBO,"Detener la marcha, interrumpiendo el movimiento o acción. (RAE)",NO,1 seña,NO,SI,NO,1 seña,Simétrica (tipo I),J,J,,,,01005_parar.mp4
DBLSC,LSC0,1006,PINCHAR,VERBO,Perforar o causar una fuga de aire en la neumático de un vehículo. (RAE),NO,1 seña,NO,SI,NO,1 seña,Compuestas (tipo C),C,Qa,,,,01006_pinchar.mp4
DBLSC,LSC0,1007,PITAR,VERBO,Hacer sonar el claxon o pito de un vehículo como señal de advertencia. (RAE),NO,1 seña,NO,SI,NO,1 seña,Asimétrica (tipo III),E,B,,,,01007_pitar.mp4
DBLSC,LSC0,1008,TAXI,SUSTANTIVO,Automóvil de alquiler con conductor provisto de taxímetro para el transporte de pasajeros. (RAE),NO,1 seña,SI,SI,NO,1 seña,Semi-simétrica (tipo II),J,J,,,,01008_taxi.mp4
DBLSC,LSC1,1009,TRANCÓN,SUSTANTIVO,Congestión o embotellamiento de vehículos en una vía pública. (RAE / Regionalismo),NO,1 seña,NO,SI,NO,1 seña,Simétrica (tipo I),B,B,,,,01009_trancon.mp4
DBLSC,LSC1,1010,TRANSMILENIO,SUSTANTIVO,Sistema masivo de transporte masivo tipo BRT articulado de Bogotá. (Generada Gemini),NO,1 seña,SI,SI,NO,1 seña,Semi-simétrica (tipo II),P,P,,,,01010_transmilen.mp4
DBLSC,LSC1,1011,TRANSPORTAR,VERBO,Llevar a personas o cosas de un lugar a otro. (RAE),NO,1 seña,NO,SI,NO,1 seña,Asimétrica (tipo III),XX,S,,,,01011_transporta.mp4
DBLSC,LSC0,1012,VELOZ(1),ADJETIVO,Que se mueve o desplaza con gran rapidez. (RAE),NO,1 seña,SI,SI,NO,1 seña,Unimanual (tipo 0),B,,,,,01012_veloz1.mp4
DBLSC,LSC1,1013,VELOZ(2),ADJETIVO,Variante de seña para rapidez o aceleración extrema. (Generada Gemini),NO,1 seña,SI,SI,NO,1 seña,Semi-simétrica (tipo II),J,J,,,,01013_veloz2.mp4
DBLSC,LSC0,1014,VIAJAR-POR-TIERRA,VERBO,Desplazarse o realizar un viaje mediante transporte terrestre. (Generada Gemini),NO,1 seña,,SI,NO,1 seña,Unimanual (tipo 0),,,,,,01014_viajarport.mp4
DBLSC,LSC0,1015,VIAJAR-POR-AVION,VERBO,Desplazarse o realizar un viaje por vía aérea en aeronave. (Generada Gemini),NO,1 seña,NO,SI,NO,1 seña,Unimanual (tipo 0),Y,,,,,01015_viajarenav.mp4
DBLSC,LSC0,1016,VIAJAR-POR-BARCO,VERBO,Desplazarse o navegar a través de vías marítimas o fluviales. (Generada Gemini),NO,1 seña,NO,SI,NO,1 seña,Simétrica (tipo I),Bl,Bl,,,,01016_viajarporb.mp4
DBLSC,LSC0,1017,VIAJAR-LUGARES,VERBO,Recorrer o visitar distintos destinos geográficos. (Generada Gemini),NO,1 seña,NO,SI,NO,1 seña,Unimanual (tipo 0),P,,,,,01017_viajarluga.mp4
DBLSC,LSC0,1018,ANTENA-PARABÓLICA,SUSTANTIVO,Dispositivo reflector en forma de parábola para la recepción de señales de telecomunicación. (RAE),SI,2 señas,NO,SI,SI,2 señas,Unimanual (tipo 0),U,P,,,,01018_antenapara.mp4
DBLSC,LSC0,1019,CALCULADORA,SUSTANTIVO,Dispositivo electrónico pequeño que realiza operaciones matemáticas. (RAE),NO,1 seña,NO,SI,NO,1 seña,Asimétrica (tipo III),B,G,,,,01019_calculador.mp4
DBLSC,LSC1,1020,CÁMARA-FOTOGRÁFICA,SUSTANTIVO,Aparato utilizado para registrar imágenes estáticas o fotografías. (RAE),NO,1 seña,NO,SI,NO,1 seña,Simétrica (tipo I),Bc,Bc,,,,01020_camarafoto.mp4
DBLSC,LSC1,1021,CÁMARA-FOTOGRÁFICA(2),SUSTANTIVO,Variante de seña para dispositivo de captura fotográfica. (Generada Gemini),SI,2 señas,NO,SI,SI,2 señas,Simétrica (tipo I),Bc,Bc,O,,,01021_camarafoto.mp4
DBLSC,LSC1,1022,CASETE-VHS,SUSTANTIVO,Formato analógico de cinta magnética de video para grabación y reproducción doméstica. (Generada Gemini),SI,2 señas,NO,SI,SI,2 señas,Asimétrica (tipo III),Qa,Be,B,B,,01022_casetevhs.mp4
DBLSC,LSC0,1023,CELULAR,SUSTANTIVO,Teléfono móvil portátil para telecomunicaciones inalámbricas. (RAE),NO,1 seña,NO,SI,NO,1 seña,Unimanual en contacto (tipo X),Be,,,,,01023_celular.mp4
DBLSC,LSC0,1024,COMPUTADOR,SUSTANTIVO,Ordenador o máquina electrónica de procesamiento de datos. (RAE),NO,1 seña,SI,SI,NO,1 seña,Asimétrica (tipo III),B,Cl,,,,01024_computador.mp4
DBLSC,LSC0,1025,LAPTOP,SUSTANTIVO,Computadora portátil personal. (RAE),SI,2 señas,NO,SI,SI,2 señas,Semi-simétrica (tipo II),B,B,Gl,,,01025_laptop.mp4
DBLSC,LSC0,1026,TABLET,SUSTANTIVO,Dispositivo informático móvil provisto de pantalla táctil e integrado sin teclado físico. (RAE),NO,1 seña,NO,SI,NO,1 seña,Asimétrica (tipo III),B,N,,,,01026_tablet.mp4
DBLSC,LSC1,1027,DISCO-COMPACTO,SUSTANTIVO,Disco óptico de almacenamiento digital de audio o datos (CD). (RAE),SI,2 señas,NO,SI,SI,2 señas,Simétrica (tipo I),Cb,Cb,,,,01027_discocompa.mp4
DBLSC,LSC1,1028,EQUIPO-DE-SONIDO,SUSTANTIVO,Conjunto de aparatos electrónicos para la reproducción o amplificación de audio. (Generada Gemini),SI,2 señas,NO,SI,SI,2 señas,Simétrica (tipo I),Bl,Bl,P,A,,01028_equipodeso.mp4
DBLSC,LSC1,1029,FAX,SUSTANTIVO,Sistema de transmisión telefónica de documentos impresos. (RAE),NO,1 seña,NO,SI,NO,1 seña,Asimétrica (tipo III),B,Bc,,,,01029_fax.mp4
DBLSC,LSC1,1030,FILMADORA,SUSTANTIVO,Cámara de video portátil para la grabación de imágenes en movimiento. (RAE),NO,1 seña,NO,SI,NO,1 seña,Unimanual en contacto (tipo X),Y,,,,,01030_filmadora.mp4
DBLSC,LSC0,1031,FOTOCOPIAR(1),VERBO,Obtener copias fotográficas impresas de un documento. (RAE),NO,1 seña,NO,SI,NO,1 seña,Semi-simétrica (tipo II),Bl,Bl,,,,01031_fotocopiar.mp4
DBLSC,LSC0,1032,FOTOCOPIAR(2),VERBO,Variante de seña para la reproducción mecánica de documentos. (Generada Gemini),NO,1 seña,NO,SI,NO,1 seña,Asimétrica (tipo III),B,Q,,,,01032_fotocopiar.mp4
DBLSC,LSC0,1033,IMPRESORA,SUSTANTIVO,Máquina periférica que imprime texto o gráficos en papel. (RAE),NO,1 seña,NO,SI,NO,1 seña,Asimétrica (tipo III),B,XX,,,,01033_impresora.mp4
DBLSC,LSC0,1034,INTERNET,SUSTANTIVO,Red informática mundial descentralizada formada por la conexión directa entre computadoras. (RAE),NO,1 seña,SI,SI,NO,1 seña,Semi-simétrica (tipo II),H,H,,,,01034_internet.mp4
DBLSC,LSC0,1035,TELÉFONO,SUSTANTIVO,Dispositivo de telecomunicación para transmitir y recibir sonido a distancia. (RAE),NO,1 seña,NO,SI,NO,1 seña,Unimanual en contacto (tipo X),Y,,,,,01035_telefono.mp4
DBLSC,LSC1,1036,TELEVISIÓN,SUSTANTIVO,Sistema de transmisión de imágenes en movimiento y sonidos a distancia. (RAE),NO,1 seña,NO,SI,NO,1 seña,Simétrica (tipo I),XXc,,,,,01036_television.mp4
DBLSC,LSC0,1037,TELEVISOR,SUSTANTIVO,Aparato receptor de televisión. (RAE),NO,1 seña,NO,SI,NO,1 seña,Simétrica (tipo I),L,,,,,01037_televisor.mp4
DBLSC,LSC0,1038,VIDEO,SUSTANTIVO,"Grabación, procesamiento o reproducción de imágenes en movimiento y sonido. (RAE)",NO,1 seña,NO,SI,NO,1 seña,Asimétrica (tipo III),L,J,,,,01038_video.mp4
DBLSC,LSC1,1039,ALICATE,SUSTANTIVO,Tenaza pequeña de acero con brazos encorvados para sujetar o cortar. (RAE),NO,1 seña,NO,SI,NO,1 seña,Compuestas (tipo C),Bc,S,,,,01039_alicate.mp4
DBLSC,LSC0,1040,ALMOHADA,SUSTANTIVO,Funda o colchoncillo que sirve para reclinarse o apoyar la cabeza en la cama. (RAE),NO,1 seña,NO,SI,NO,1 seña,Simétrica (tipo I),Qa,,,,,01040_almohada.mp4
DBLSC,LSC0,1041,APARTAMENTO,SUSTANTIVO,Vivienda independiente dentro de un edificio de varios pisos. (RAE),NO,1 seña,NO,SI,NO,1 seña,Unimanual (tipo 0),Ql,,,,,01041_alpartamen.mp4
DBLSC,LSC0,1042,ARMARIO,SUSTANTIVO,Mueble con puertas y estantes para guardar ropa u objetos. (RAE),SI,2 señas,NO,SI,SI,2 señas,Compuestas (tipo C),Bl,S,,,,01042_armario.mp4
DBLSC,LSC0,1043,ASCENSOR,SUSTANTIVO,Aparato elevador para transportar personas o cosas entre los pisos de un edificio. (RAE),NO,1 seña,NO,SI,NO,1 seña,Asimétrica (tipo III),Bl,Za,,,,01043_ascensor.mp4
DBLSC,LSC0,1044,BALDE,SUSTANTIVO,Cubo o recipiente de forma cilíndrica usado para transportar agua u otros líquidos. (RAE),SI,2 señas,NO,SI,SI,2 señas,Compuestas (tipo C),Bc,Af,,,,01044_balde.mp4
DBLSC,LSC0,1045,BANDEJA,SUSTANTIVO,Pieza plana con borde elevado que sirve para servir o transportar objetos y alimentos. (RAE),NO,1 seña,NO,SI,NO,1 seña,Simétrica (tipo I),Tf,,,,,01045_bandeja.mp4
DBLSC,LSC0,1046,BAÑO,SUSTANTIVO,Cuarto o estancia destinada a la higiene personal. (RAE),NO,1 seña,SI,SI,NO,1 seña,Unimanual (tipo 0),Be,,,,,01046_baño.mp4
DBLSC,LSC0,1047,BARRER,VERBO,Limpiar el suelo usando una escoba. (RAE),NO,1 seña,NO,SI,NO,1 seña,Simétrica (tipo I),Af,,,,,01047_barrer.mp4
DBLSC,LSC1,1048,BATIDORA,SUSTANTIVO,"Aparato electrodoméstico para batir, mezclar o triturar alimentos. (RAE)",NO,1 seña,NO,SI,NO,1 seña,Asimétrica (tipo III),Cl,Tl,,,,01048_batidora.mp4
DBLSC,LSC0,1049,BOTELLA,SUSTANTIVO,"Recipiente de cuello estrecho, generalmente de vidrio o plástico, usado para contener líquidos. (RAE)",NO,1 seña,NO,SI,NO,1 seña,Asimétrica (tipo III),Y,Bl,,,,01049_botella.mp4
DBLSC,LSC1,1050,BRILLADORA,SUSTANTIVO,"Máquina electrodoméstica utilizada para fregar, lustrar o dar brillo a los pisos. (RAE)",NO,1 seña,NO,SI,NO,1 seña,Simétrica (tipo I),Af,,,,,01050_brilladora.mp4
DBLSC,LSC0,1051,CAJA,SUSTANTIVO,"Recipiente de madera, cartón u otro material que sirve para guardar o transportar objetos. (RAE)",NO,1 seña,NO,SI,NO,1 seña,Simétrica (tipo I),Bl,,,,,01051_caja.mp4
DBLSC,LSC0,1052,CAMA,SUSTANTIVO,"Mueble para dormir o descansar, compuesto por un armazón y un colchón. (RAE)",NO,1 seña,NO,SI,NO,1 seña,Simétrica (tipo I),Ud,,,,,01052_cama.mp4
DBLSC,LSC0,1053,CANECA,SUSTANTIVO,Recipiente metálico o de plástico destinado a contener basura o líquidos. (RAE),SI,2 señas,NO,SI,SI,2 señas,Compuestas (tipo C),Bc,O,Jc,,,01053_caneca.mp4
DBLSC,LSC1,1054,CEMENTO,SUSTANTIVO,Mezcla de arcilla y calcinada usada como aglomerante en la construcción. (RAE),SI,2 señas,NO,SI,SI,2 señas,Compuestas (tipo C),Cl,Qe,,,,01054_cemento.mp4
DBLSC,LSC0,1055,COBIJA,SUSTANTIVO,Prenda de ropa de cama tupida para abrigarse. (RAE),NO,1 seña,NO,SI,NO,1 seña,Simétrica (tipo I),Qe,,,,,01055_cobija.mp4
DBLSC,LSC0,1056,COCINA,SUSTANTIVO,Sitio de la casa donde se preparan los alimentos. (RAE),SI,2 señas,NO,SI,SI,2 señas,Compuestas (tipo C),P,Jc,,,,01056_cocina.mp4
DBLSC,LSC0,1057,COMEDOR,SUSTANTIVO,Pieza o sitio destinado para comer en las casas u organizaciones. (RAE),SI,2 señas,NO,SI,SI,2 señas,Compuestas (tipo C),P,Q,,,,01057_comedor.mp4
DBLSC,LSC0,1058,COPA,SUSTANTIVO,"Vaso con pie para beber líquidos, especialmente vino o licores. (RAE)",NO,1 seña,NO,SI,NO,1 seña,Asimétrica (tipo III),Bl,Vc,,,,01058_copa.mp4
DBLSC,LSC0,1059,CORTINA,SUSTANTIVO,Tela u otro material que cuelga de puertas y ventanas para cubrir o adornar. (RAE),NO,1 seña,NO,SI,NO,1 seña,Simétrica (tipo I),J,,,,,01059_cortina.mp4
DBLSC,LSC0,1060,CUADRO(1),SUSTANTIVO,"Lienzo, lámina o papel grabado o pintado encuadrado para adorno. (RAE)",NO,1 seña,NO,SI,NO,1 seña,Simétrica (tipo I),Be,,,,,01060_cuadro1.mp4
DBLSC,LSC0,1061,CUADRO(2),SUSTANTIVO,"Variante de seña para pintura, marco o lienzo ornamental. (Generada Gemini)",NO,1 seña,NO,SI,NO,1 seña,Simétrica (tipo I),V,,,,,01061_cuadro2.mp4
DBLSC,LSC0,1062,CUADRO(3),SUSTANTIVO,Variante de seña para representación pictórica o cuadro. (Generada Gemini),NO,1 seña,NO,SI,NO,1 seña,Simétrica (tipo I),P,,,,,01062_cuadro3.mp4
DBLSC,LSC0,1063,CUCHARA,SUSTANTIVO,Utensilio de mesa que consta de una concavidad con mango para llevar líquidos a la boca. (RAE),NO,1 seña,NO,SI,NO,1 seña,Unimanual (tipo 0),Xt,,,,,01063_cuchara.mp4
DBLSC,LSC0,1064,CUCHILLO,SUSTANTIVO,Instrumento cortante compuesto de una hoja de acero con un solo filo y de un mango. (RAE),NO,1 seña,NO,SI,NO,1 seña,Semi-simétrica (tipo II),B,,,,,01064_cuchillo.mp4
DBLSC,LSC1,1065,DESTORNILLADOR,SUSTANTIVO,Herramienta que sirve para destornillar o atornillar. (RAE),NO,1 seña,NO,SI,NO,1 seña,Asimétrica (tipo III),P,Bl,,,,01065_destornill.mp4
DBLSC,LSC0,1066,DETERGENTE,SUSTANTIVO,Sustancia que limpia y remueve la suciedad en superficies y ropa. (RAE),NO,1 seña,NO,SI,NO,1 seña,Unimanual (tipo 0),Cl,,,,,01066_detergente.mp4
DBLSC,LSC0,1067,DUCHA,SUSTANTIVO,Instalación para lavarse el cuerpo cayendo el agua en lluvia desde lo alto. (RAE),SI,2 señas,NO,SI,SI,2 señas,Compuestas (tipo C),Q,Jc,J,,,01067_ducha.mp4
DBLSC,LSC0,1068,ESCALERA,SUSTANTIVO,Serie de escalones que sirven para subir y bajar de un nivel a otro. (RAE),NO,1 seña,NO,SI,NO,1 seña,Unimanual (tipo 0),XX,,,,,01068_escalera.mp4
DBLSC,LSC0,1069,ESCOBA,SUSTANTIVO,"Utensilio compuesto por un haz de ramas u hilos sujetos al extremo de un palo, que sirve para barrer. (RAE)",NO,1 seña,NO,SI,NO,1 seña,Simétrica (tipo I),Y,,,,,01069_escoba.mp4
DBLSC,LSC0,1070,ESPEJO,SUSTANTIVO,Tabla de cristal o metal pulida que refleja las imágenes de los objetos. (RAE),NO,1 seña,NO,SI,NO,1 seña,Unimanual (tipo 0),Bl,,,,,01070_espejo.mp4
DBLSC,LSC0,1071,ESPONJA-BAÑO,SUSTANTIVO,Utensilio poroso y absorbente empleado en el aseo corporal durante el baño. (Generada Gemini),NO,1 seña,NO,SI,NO,1 seña,Simétrica (tipo I),Gl,,,,,01071_esponjaban.mp4
DBLSC,LSC1,1072,ESTUFA ,SUSTANTIVO,Aparato para calentar o cocinar alimentos mediante gas o electricidad. (RAE),SI,2 señas,NO,SI,SI,2 señas,Compuestas (tipo C),Qa,Jc,,,,01072_estufa.mp4
DBLSC,LSC1,1073,EXTINGUIDOR,SUSTANTIVO,Aparato portátil para apagar incendios mediante la descarga de una sustancia extintora. (RAE),NO,1 seña,NO,SI,NO,1 seña,Asimétrica (tipo III),Bc,Xe,,,,01073_extinguido.mp4
DBLSC,LSC0,1074,FLORERO,SUSTANTIVO,Vasija que sirve para poner flores de adorno. (RAE),SI,2 señas,NO,SI,SI,2 señas,Compuestas (tipo C),Bc,J,,,,01074_florero.mp4
DBLSC,LSC0,1075,FÓSFORO,SUSTANTIVO,Varilla de madera o cartón con cabeza de sustancia inflamable para hacer fuego. (RAE),NO,1 seña,NO,SI,NO,1 seña,Asimétrica (tipo III),S,Pc,,,,01075_fosforo.mp4
DBLSC,LSC1,1076,GAS(1),SUSTANTIVO,Fluido aeriforme a temperatura y presión ordinarias usado como combustible doméstico. (RAE),NO,1 seña,SI,SI,NO,1 seña,Unimanual (tipo 0),Bl,,,,,01076_gas1.mp4
DBLSC,LSC1,1077,GAS(2),SUSTANTIVO,Variante de seña para gas combustible o suministro domiciliario de gas. (Generada Gemini),NO,1 seña,NO,SI,NO,1 seña,Unimanual en contacto (tipo X),R,,,,,01077_gas2.mp4
DBLSC,LSC1,1078,HERRAMIENTA,SUSTANTIVO,"Instrumento, generalmente de hierro o acero, con que trabajan los artesanos o trabajadores. (RAE)",NO,1 seña,NO,SI,NO,1 seña,Asimétrica (tipo III),P,Za,,,,01078_herramient.mp4
DBLSC,LSC1,1079,HORNO-MICROONDAS,SUSTANTIVO,Electrodoméstico que cocina o calienta alimentos mediante ondas electromagnéticas de alta frecuencia. (RAE),SI,2 señas,NO,SI,SI,2 señas,Compuestas (tipo C),Bl,Gl,,,,01079_hornomicro.mp4
DBLSC,LSC1,1080,JARDÍN,SUSTANTIVO,Terreno donde se cultivan plantas y flores con fines ornamentales. (RAE),NO,1 seña,NO,SI,NO,1 seña,Simétrica (tipo I),O,,,,,01080_jardin.mp4
DBLSC,LSC0,1081,JARRA,SUSTANTIVO,"Vasija de loza, cristal u otro material con una o dos asas usada para servir líquidos. (RAE)",NO,1 seña,NO,SI,NO,1 seña,Unimanual (tipo 0),S,,,,,01081_jarra.mp4
DBLSC,LSC1,1082,LADRILLO,SUSTANTIVO,Masa de arcilla cocida en forma de paralelepípedo para la construcción. (RAE),NO,1 seña,SI,SI,NO,1 seña,Simétrica (tipo I),B,,,,,01082_ladrillo1.mp4
DBLSC,LSC0,1083,LÁMPARA,SUSTANTIVO,"Aparato que produce o proyecta luz mediante electricidad, gas u otro combustible. (RAE)",NO,1 seña,NO,SI,NO,1 seña,Compuestas (tipo C),P,O,Jc,,,01083_lampara.mp4
DBLSC,LSC0,1084,LAVADORA,SUSTANTIVO,Aparato electrodoméstico para lavar la ropa. (RAE),NO,1 seña,NO,SI,NO,1 seña,Unimanual (tipo 0),Jc,,,,,01084_lavadora.mp4
DBLSC,LSC0,1085,LAVAR,VERBO,Limpiar algo con agua u otro líquido. (RAE),NO,1 seña,NO,SI,NO,1 seña,Semi-simétrica (tipo II),Af,,,,,01085_lavar.mp4
DBLSC,LSC0,1086,LICUADORA,SUSTANTIVO,Electrodoméstico para triturar y licuar alimentos. (RAE),NO,1 seña,NO,SI,NO,1 seña,Unimanual (tipo 0),P,,,,,01086_licuadora.mp4
DBLSC,LSC0,1087,LIMPIAR(1),VERBO,Quitar la suciedad u opacidad de algo. (RAE),NO,1 seña,SI,SI,NO,1 seña,Semi-simétrica (tipo II),N,,,,,01087_limpiar1.mp4
DBLSC,LSC0,1088,LIMPIAR(2),VERBO,"Variante de seña para la acción de asear, fregar o purificar. (Generada Gemini)",SI,2 señas,SI,SI,SI,2 señas,Compuestas (tipo C),N,Bl,,,,01088_limpiar2.mp4
DBLSC,LSC0,1089,LINTERNA,SUSTANTIVO,Aparato portátil de alumbrado provisto de una pila o batería eléctrica. (RAE),NO,1 seña,NO,SI,NO,1 seña,Compuestas (tipo C),Xt,Al,Xe,,,01089_linterna.mp4
DBLSC,LSC0,1090,LLAVE,SUSTANTIVO,"Instrumento de metal para accionar cerraduras, grifos o tuercas. (RAE)",NO,1 seña,NO,SI,NO,1 seña,Unimanual (tipo 0),Xt,,,,,01090_llave.mp4
DBLSC,LSC0,1091,LUZ,SUSTANTIVO,Agente físico que hace visibles los objetos. (RAE),NO,1 seña,NO,SI,NO,1 seña,Compuestas (tipo C),O,Jc,,,,01091_luz.mp4
DBLSC,LSC1,1092,MANGUERA,SUSTANTIVO,Tubo flexible para aspirar o impeler fluidos. (RAE),SI,2 señas,NO,SI,SI,2 señas,Compuestas (tipo C),A,Xf,,,,01092_manguera.mp4
DBLSC,LSC1,1093,MARTILLO,SUSTANTIVO,"Herramienta para golpear, compuesta de una cabeza de hierro y un mango de madera. (RAE)",SI,1 seña,NO,SI,SI,1 seña,Asimétrica (tipo III),S,J,,,,01093_martillo.mp4
DBLSC,LSC0,1094,NEVERA,SUSTANTIVO,Electrodoméstico destinado a la conservación de alimentos mediante el frío. (RAE),NO,1 seña,SI,SI,NO,1 seña,Compuestas (tipo C),R,S,,,,01094_nevera.mp4
DBLSC,LSC1,1095,PARED,SUSTANTIVO,Obra de fábrica levantada verticalmente para cerrar un espacio o sostener una techumbre. (RAE),NO,2 señas,NO,SI,NO,1 seña,Unimanual (tipo 0),Bl,,,,,01095_pared.mp4
DBLSC,LSC0,1096,PATIO,SUSTANTIVO,Espacio descubierto en el interior o parte trasera de un edificio o casa. (RAE),SI,2 señas,NO,SI,SI,2 señas,Compuestas (tipo C),P,Ql,,,,01096_patio1.mp4
DBLSC,LSC0,1097,PINTURA,SUSTANTIVO,Sustancia coloreada líquida usada para cubrir y decorar superficies. (RAE),SI,2 señas,NO,SI,SI,2 señas,Asimétrica (tipo III),C,Bl,,,,01097_pintura.mp4
DBLSC,LSC0,1098,PLANCHAR/PLANCHA,VERBO,Pasar la plancha caliente sobre la ropa para quitarle las arrugas. / Electrodoméstico. (RAE),NO,1 seña,NO,SI,NO,1 seña,Asimétrica (tipo III),B,S,,,,01098_plancharpl.mp4
DBLSC,LSC0,1099,PLATO,SUSTANTIVO,Vasija llana y circular en que se sirve la comida. (RAE),NO,1 seña,NO,SI,NO,1 seña,Simétrica (tipo I),Xc,,,,,01099_plato.mp4
DBLSC,LSC0,1100,POCILLO,SUSTANTIVO,"Taza pequeña, generalmente usada para tomar café. (RAE)",NO,1 seña,NO,SI,NO,1 seña,Asimétrica (tipo III),Bl,Tb,,,,01100_pocillo.mp4
DBLSC,LSC0,1101,PUERTA,SUSTANTIVO,Abertura en una pared o valla que permite el paso de un lado a otro y marco o panel que la cierra. (RAE),NO,1 seña,NO,SI,NO,1 seña,Semi-simétrica (tipo II),Be,,,,,01101_puerta.mp4
DBLSC,LSC0,1102,SALA,SUSTANTIVO,Habitación principal de la casa destinada a recibir visitas o estar en familia. (RAE),SI,2 señas,NO,SI,SI,2 señas,Compuestas (tipo C),P,Bl,,,,01102_sala.mp4
DBLSC,LSC0,1103,SARTÉN,SUSTANTIVO,"Recipiente de cocina metálico, de poco fondo, con un mango largo, usado para freír. (RAE)",NO,1 seña,NO,SI,NO,1 seña,Asimétrica (tipo III),I,Xf,,,,01103_sarten.mp4
DBLSC,LSC0,1104,SERVILLETA,SUSTANTIVO,Pieza de tela o papel que sirve en la mesa para limpiarse la boca y las manos. (RAE),NO,1 seña,NO,SI,NO,1 seña,Unimanual en contacto (tipo X),B,,,,,01104_servilleta.mp4
DBLSC,LSC0,1105,SILLA,SUSTANTIVO,"Asiento con respaldo, por lo general de cuatro patas, para una sola persona. (RAE)",NO,1 seña,NO,SI,NO,1 seña,Semi-simétrica (tipo II),Z,,,,,01105_silla.mp4
DBLSC,LSC0,1106,SOFÁ,SUSTANTIVO,"Asiento cómodo para dos o más personas, con respaldo y brazos. (RAE)",NO,1 seña,NO,SI,NO,1 seña,Semi-simétrica (tipo II),Bl,Ql,,,,01106_sofa.mp4
DBLSC,LSC0,1107,TALADRO,SUSTANTIVO,Herramienta que sirve para hacer agujeros mediante la rotación de una broca. (RAE),NO,1 seña,NO,SI,NO,1 seña,Asimétrica (tipo III),Bl,L,,,,01107_taladro.mp4
DBLSC,LSC0,1108,TAPETE(1),SUSTANTIVO,Cubierta de lana u otro tejido para adornar o proteger mesas y suelos. (RAE),NO,1 seña,NO,SI,NO,1 seña,Simétrica (tipo I),P,S,,,,01108_tapete.mp4
DBLSC,LSC0,1109,TAPETE(2),SUSTANTIVO,Variante de seña para alfombra o cubierta protectora de piso. (Generada Gemini),SI,2 señas,NO,SI,SI,2 señas,Simétrica (tipo I),P,J,,,,01109_tapete2.mp4
DBLSC,LSC0,1110,TENDER-LA-CAMA,VERBO,"Acción de arreglar, estirar y acomodar la ropa de cama sobre el colchón. (Generada Gemini)",SI,2 señas,NO,SI,SI,2 señas,Simétrica (tipo I),Okp,Cl,,,,01110_tenderlaca.mp4
DBLSC,LSC0,1111,TENEDOR,SUSTANTIVO,Utensilio de mesa con dientes para pinchar o coger alimentos. (RAE),NO,1 seña,NO,SI,NO,1 seña,Asimétrica (tipo III),W,Bl,,,,01111_tenedor.mp4
DBLSC,LSC0,1112,TIMBRE,SUSTANTIVO,Aparato eléctrico que emite un sonido al ser accionado para llamar o avisar. (RAE),NO,1 seña,NO,SI,NO,1 seña,Asimétrica (tipo III),Bl,A,,,,01112_timbre.mp4
DBLSC,LSC0,1113,TIMBRE-PARA-SORDOS,SUSTANTIVO,Sistema de señalización acústico-lumínico adaptado para alertar a personas sordas mediante señales de luz. (Generada Gemini),SI,2 señas,NO,SI,SI,2 señas,Compuestas (tipo C),Bl,A,O,,,01113_timbrepara.mp4
DBLSC,LSC0,1114,TRAPERO,SUSTANTIVO,Utensilio para fregar el suelo compuesto por hilachas fijadas a un palo (trapeador). (RAE),NO,1 seña,NO,SI,NO,1 seña,Simétrica (tipo I),S,,,,,01114_trapero.mp4
DBLSC,LSC0,1115,TRASTEAR,VERBO,Mudarse o trasladar los enseres y muebles de una vivienda a otra. (RAE),SI,2 señas,NO,SI,SI,2 señas,Compuestas (tipo C),B,O,Bc,,,01115_trastear.mp4
DBLSC,LSC0,1116,TUBERÍA,SUSTANTIVO,"Conducto formado por tubos para la conducción de agua, gas u otros fluidos. (RAE)",NO,1 seña,NO,SI,NO,1 seña,Simétrica (tipo I),C,,,,,01116_tuberia.mp4
DBLSC,LSC0,1117,VASO,SUSTANTIVO,Recipiente de forma cilíndrica o cónica que sirve para beber. (RAE),NO,1 seña,NO,SI,NO,1 seña,Asimétrica (tipo III),Bl,C,,,,01117_vaso.mp4
DBLSC,LSC0,1118,VENTANA,SUSTANTIVO,"Abertura hecha en una pared para dar luz y ventilación, provista de marco y cristales. (RAE)",NO,1 seña,NO,SI,NO,1 seña,Semi-simétrica (tipo II),S,,,,,01118_ventana.mp4
DBLSC,LSC0,1119,VIVIR,VERBO,Tener vida. / Habitar o residir en un determinado lugar. (RAE),NO,1 seña,NO,SI,NO,1 seña,Simétrica (tipo I),Q,,,,,01119_vivir1.mp4
DBLSC,LSC0,1120,VIVIR(2),VERBO,"Variante de seña para habitar, morar o residir en un espacio. (Generada Gemini)",SI,2 señas,NO,SI,SI,2 señas,Compuestas (tipo C),Q,J,,,,01120_vivir2.mp4
DBLSC,LSC0,1121,LA-VIDA(1),SUSTANTIVO,Existencia de los seres vivos o experiencia vital humana. (RAE),NO,1 seña,SI,SI,NO,1 seña,Simétrica (tipo I),Vc,,,,,01121_lavida1.mp4
DBLSC,LSC0,1122,LA-VIDA(2),SUSTANTIVO,Variante de seña para el concepto ontológico de la existencia o vida. (Generada Gemini),SI,2 señas,SI,SI,SI,2 señas,Compuestas (tipo C),Q,J,,,,01122_lavida2.mp4
DBLSC,LSC0,1123,ADMINISTRAR,VERBO,"Gobernar, ejercer la autoridad o el mando sobre un territorio o entidad. / Organizar bienes. (RAE)",NO,1 seña,NO,SI,NO,1 seña,Simétrica (tipo I),P,,,,,01123_administra.mp4
DBLSC,LSC0,1124,AHORRAR(1),VERBO,Guardar dinero para necesidades futuras o economizar recursos. (RAE),NO,1 seña,NO,SI,NO,1 seña,Semi-simétrica (tipo II),Qe,,,,,01124_ahorrar1.mp4
DBLSC,LSC0,1125,AHORRAR(2),VERBO,Variante de seña para guardar capital o reservas económicas. (Generada Gemini),NO,1 seña,SI,SI,NO,1 seña,Asimétrica (tipo III),S,Za,,,,01125_ahorrar2.mp4
DBLSC,LSC0,1126,ALCALDE(1),SUSTANTIVO,Presidente del ayuntamiento o máxima autoridad municipal. (RAE),NO,1 seña,SI,SI,NO,1 seña,Unimanual en contacto (tipo X),Be,,,,,01126_alcalde1.mp4
DBLSC,LSC0,1127,ALCALDE(2),SUSTANTIVO,Variante de seña para la dignidad u oficio de mandatario municipal. (Generada Gemini),NO,1 seña,SI,SI,NO,1 seña,Unimanual en contacto (tipo X),Gl,,,,,01127_alcalde2.mp4
DBLSC,LSC1,1128,ASOCIACIÓN,SUSTANTIVO,Conjunto de los asociados para un fin común y entidad que forman. (RAE),NO,1 seña,NO,SI,NO,1 seña,Simétrica (tipo I),C,,,,,01128_asociacion.mp4
DBLSC,LSC1,1129,BANDERA,SUSTANTIVO,Tinta de tela con los colores y emblemas distintivos de una nación o colectividad. (RAE),NO,1 seña,NO,SI,NO,1 seña,Unimanual (tipo 0),Bl,,,,,01129_bandera.mp4
DBLSC,LSC1,1130,CHEQUE,SUSTANTIVO,Mandato escrito de pago para retirar fondos de una cuenta bancaria. (RAE),SI,2 señas,NO,SI,SI,2 señas,Compuestas (tipo C),Xc,Tb,,,,01130_cheque.mp4
DBLSC,LSC1,1131,CÉDULA,SUSTANTIVO,Documento oficial que acredita la identidad de una persona. (RAE),NO,1 seña,NO,SI,NO,1 seña,Asimétrica (tipo III),A,Bl,,,,01131_cedula.mp4
DBLSC,LSC0,1132,CIUDAD,SUSTANTIVO,Población grande cuyos habitantes se dedican a actividades no agrícolas. (RAE),NO,1 seña,NO,SI,NO,1 seña,Asimétrica (tipo III),C,S,,,,01132_ciudad.mp4
DBLSC,LSC0,1133,COMPRAR,VERBO,Adquirir algo por dinero. (RAE),NO,1 seña,NO,SI,NO,1 seña,Semi-simétrica (tipo II),Bl,,,,,01133_comprar.mp4
DBLSC,LSC1,1134,CONGRESO(1),SUSTANTIVO,Asamblea legislativa encargada de elaborar y aprobar las leyes. (RAE),NO,1 seña,NO,SI,NO,1 seña,Simétrica (tipo I),Xc,,,,,01134_congreso1.mp4
DBLSC,LSC1,1135,CONGRESO(2),SUSTANTIVO,Variante de seña para asamblea o parlamento legislativo. (Generada Gemini),SI,2 señas,NO,SI,SI,2 señas,Compuestas (tipo C),Ql,Bl,O,,,01135_congreso2.mp4
DBLSC,LSC1,1136,COOPERATIVA,SUSTANTIVO,Sociedad formada por personas que se asocian para realizar una actividad económica común. (RAE),SI,2 señas,NO,SI,SI,2 señas,Compuestas (tipo C),V,Tc,,,,01136_cooperativ.mp4
DBLSC,LSC1,1137,CRÉDITO,SUSTANTIVO,Préstamo de dinero que una entidad financiera otorga a una persona o empresa. (RAE),SI,2 señas,SI,SI,SI,2 señas,Compuestas (tipo C),V,Xf,,,,01137_credito.mp4
DBLSC,LSC1,1138,CULTURA,SUSTANTIVO,"Conjunto de modos de vida, costumbres y conocimientos de una época o grupo social. (RAE)",SI,2 señas,NO,SI,SI,2 señas,Asimétrica (tipo III),C,P,,,,01138_cultura.mp4
DBLSC,LSC1,1139,DEMOCRACIA,SUSTANTIVO,Sistema político en el cual la soberanía reside en el pueblo. (RAE),NO,1 seña,NO,SI,NO,1 seña,Simétrica (tipo I),Bl,,,,,01139_democracia.mp4
DBLSC,LSC1,1140,DERECHO,SUSTANTIVO,Conjunto de principios y normas que regulan la conducta humana en sociedad. (RAE),NO,1 seña,NO,SI,NO,1 seña,Unimanual en contacto (tipo X),S,,,,,01140_derecho.mp4
DBLSC,LSC1,1141,DEPARTAMENTO,SUSTANTIVO,División territorial y administrativa de un país como Colombia. (RAE),NO,1 seña,NO,SI,NO,1 seña,Unimanual (tipo 0),Bl,,,,,01141_departamen.mp4
DBLSC,LSC1,1142,DEUDA,SUSTANTIVO,Obligación que tiene alguien de pagar o satisfacer algo a otra persona. (RAE),NO,1 seña,NO,SI,NO,1 seña,Asimétrica (tipo III),N,Bl,,,,01142_deuda.mp4
DBLSC,LSC0,1143,ELEGIR,VERBO,Nombrar o seleccionar por voto a alguien para un cargo o distinción. (RAE),NO,1 seña,NO,SI,NO,1 seña,Unimanual (tipo 0),Ta,Ok,,,,01143_elegir.mp4
DBLSC,LSC1,1144,FIRMAR,VERBO,Escribir su nombre en un documento para darle validez o autorizarlo. (RAE),NO,1 seña,NO,SI,NO,1 seña,Asimétrica (tipo III),Bl,Pc,,,,01144_firmar.mp4
DBLSC,LSC1,1145,FACTURA,SUSTANTIVO,Cuenta en la que se detallan las mercancías compradas o servicios prestados con su precio. (RAE),NO,1 seña,NO,SI,NO,1 seña,Semi-simétrica (tipo II),Bl,Bl,,,,01145_factura.mp4
DBLSC,LSC1,1146,ÉTICA,SUSTANTIVO,Conjunto de normas morales que rigen la conducta de la persona en cualquier ámbito de la vida. (RAE),NO,1 seña,NO,SI,NO,1 seña,Unimanual en contacto (tipo X),Okc,,,,,01146_etica.mp4
DBLSC,LSC1,1147,FISCAL,ADJETIVO,Persona que ejerce el ministerio público en la persecución de delitos. (RAE),NO,1 seña,NO,SI,NO,1 seña,Asimétrica (tipo III),Bl,Xf,,,,01147_fiscal.mp4
DBLSC,LSC1,1148,FISCALIA,SUSTANTIVO,Órgano o institución encargada de la investigación de delitos y acusación ante tribunales. (RAE),NO,1 seña,NO,SI,NO,1 seña,Asimétrica (tipo III),Bl,XX,,,,01148_fiscalia.mp4
DBLSC,LSC1,1149,FRONTERA,SUSTANTIVO,Línea que separa un estado o territorio de otro. (RAE),NO,1 seña,NO,SI,NO,1 seña,Simétrica (tipo I),Bl,Bl,,,,01149_frontera.mp4
DBLSC,LSC1,1150,GASTAR,VERBO,Emplear el dinero u otros recursos para comprar o conseguir algo. (RAE),NO,1 seña,NO,SI,NO,1 seña,Semi-simétrica (tipo II),Bl,Bl,,,,01150_gastar.mp4
DBLSC,LSC1,1151,GOBIERNO,SUSTANTIVO,Conjunto de los órganos de dirección y administración de un estado. (RAE),NO,1 seña,NO,SI,NO,1 seña,Unimanual en contacto (tipo X),X,,,,,01151_gobierno.mp4
DBLSC,LSC0,1152,GRATIS,SUSTANTIVO,"De manera gratuita, sin pagar dinero. (RAE)",NO,1 seña,NO,SI,NO,1 seña,Asimétrica (tipo III),Bl,S,J,,,01152_gratis.mp4
DBLSC,LSC0,1153,HACER-FILA,VERBO,Formar una hilera ordenada de personas a la espera de ser atendidas. (Generada Gemini),NO,1 seña,NO,SI,NO,1 seña,Simétrica (tipo I),Je,Je,,,,01153_hacerfila.mp4
DBLSC,LSC0,1154,HIMNO-NACIONAL,SUSTANTIVO,Composición musical y poética patriótica adoptada oficialmente por un país. (Generada Gemini),SI,2 señas,NO,SI,SI,2 señas,Compuestas (tipo C),P,J,P,,,01154_himnonacio.mp4
DBLSC,LSC0,1155,HOJA-DEVIDA(1),SUSTANTIVO,"Documento en el que se resumen los datos personales, formación y experiencia laboral. (Generada Gemini)",SI,2 señas,NO,SI,SI,2 señas,Compuestas (tipo C),Okf,Vc,,,,01155_hojadevida.mp4
DBLSC,LSC0,1156,HOJA-DEVIDA(2),SUSTANTIVO,Variante de seña para curriculum vitae o resumen de trayectoria profesional. (Generada Gemini),NO,1 seña,NO,SI,NO,1 seña,Asimétrica (tipo III),Bl,K,,,,01156_hojadevida.mp4
DBLSC,LSC0,1157,IMPUESTO,SUSTANTIVO,Carga u obligación tributaria impuesta por el Estado a los ciudadanos. (RAE),SI,2 señas,NO,SI,SI,2 señas,Compuestas (tipo C),Bl,P,Xe,,,01157_impuesto.mp4
DBLSC,LSC0,1158,INDÍGENA,ADJETIVO,Originario del país o región de que se trata. (RAE),NO,1 seña,NO,SI,NO,1 seña,Unimanual en contacto (tipo X),Bl,,,,,01158_indigena.mp4
DBLSC,LSC0,1159,JUNTA,SUSTANTIVO,Reunión de varias personas para conferenciar o decidir sobre un asunto. (RAE),NO,1 seña,NO,SI,NO,1 seña,Asimétrica (tipo III),Bl,I,,,,01159_junta.mp4
DBLSC,LSC0,1160,JUSTICIA,SUSTANTIVO,Principio moral que lleva a dar a cada uno lo que le corresponde. (RAE),NO,1 seña,NO,SI,NO,1 seña,Semi-simétrica (tipo II),Okf,Okf,,,,01160_justicia.mp4
DBLSC,LSC0,1161,LEY,SUSTANTIVO,Precepto dictado por la autoridad competente en que se manda o prohíbe algo. (RAE),NO,1 seña,NO,SI,NO,1 seña,Asimétrica (tipo III),Bl,L,,,,01161_ley.mp4
DBLSC,LSC0,1162,LIBRE,ADJETIVO,"Que tiene facultad para obrar de una manera u otra, sin estar sujeto a prisión o sometimiento. (RAE)",NO,1 seña,NO,SI,NO,1 seña,Simétrica (tipo I),L,L,,,,01162_libre.mp4
DBLSC,LSC0,1163,MANIFESTACIÓN,SUSTANTIVO,Reunión pública de personas que marcha por la vía pública para expresar una reivindicación. (RAE),NO,1 seña,SI,SI,NO,1 seña,Simétrica (tipo I),Je,Je,,,,01163_manifestac.mp4
DBLSC,LSC0,1164,PROTESTA,SUSTANTIVO,"Muestra de discrepancia, descontento o oposición a una medida o situación. (RAE)",SI,2 señas,NO,SI,SI,2 señas,Simétrica (tipo I),Je,Je,S,S,,01164_protesta.mp4
DBLSC,LSC0,1165,HUELGA,SUSTANTIVO,Interrupción colectiva del trabajo dispuesta por los trabajadores para reivindicar derechos. (RAE),NO,1 seña,NO,SI,NO,1 seña,Simétrica (tipo I),S,S,,,,01165_huelga.mp4
DBLSC,LSC0,1166,MINISTERIO/MINISTRO,SUSTANTIVO,Departamento o titular de la administración de un Estado. (RAE),NO,1 seña,NO,SI,NO,1 seña,Unimanual en contacto (tipo X),Bl,,,,,01166_ministerio.mp4
DBLSC,LSC0,1167,MULTA,SUSTANTIVO,Sanción económica impuesta por la infracción de una norma o ley. (RAE),NO,1 seña,NO,NO,NO,1 seña,Compuestas (tipo C),Bl,Xe,,,,01167_multa.mp4
DBLSC,LSC0,1168,PAGAR(1),VERBO,Dar a alguien el dinero que se le debe por una mercancía o servicio. (RAE),NO,1 seña,NO,SI,NO,1 seña,Asimétrica (tipo III),Bl,P,,,,01168_pagar1.mp4
DBLSC,LSC0,1169,PAGAR(2),VERBO,Variante de seña para la cancelación económica de una obligación o deuda. (Generada Gemini),NO,1 seña,NO,SI,NO,1 seña,Asimétrica (tipo III),Bl,Qe,,,,01169_pagar2.mp4
DBLSC,LSC0,1170,PAÍS,SUSTANTIVO,Territorio constituido en estado soberano. (RAE),NO,1 seña,NO,SI,NO,1 seña,Unimanual (tipo 0),Gl,,,,,01170_pais.mp4
DBLSC,LSC0,1171,PASAPORTE,SUSTANTIVO,Documento oficial que acredita la identidad y nacionalidad de una persona para viajar al extranjero. (RAE),SI,2 señas,NO,SI,SI,2 señas,Compuestas (tipo C),Bl,S,,,,01171_pasaporte.mp4
DBLSC,LSC0,1172,PESO-MONEDA,SUSTANTIVO,Unidad monetaria oficial de Colombia y otros países. (Generada Gemini),NO,1 seña,NO,SI,NO,1 seña,Unimanual (tipo 0),S,,,,,01172_pesomoneda.mp4
DBLSC,LSC0,1173,PAZ,SUSTANTIVO,Situación en la que no hay guerra ni enfrentamientos entre colectividades. (RAE),NO,1 seña,NO,SI,NO,1 seña,Simétrica (tipo I),Bl,,,,,01173_paz.mp4
DBLSC,LSC0,1174,PESO-MEDIDA,SUSTANTIVO,Magnitud de la fuerza de gravedad que actúa sobre una masa. (Generada Gemini),NO,1 seña,NO,SI,NO,1 seña,Semi-simétrica (tipo II),Bl,,,,,01174_pesomedida.mp4
DBLSC,LSC0,1175,PLATA-DINERO,SUSTANTIVO,Conjunto de monedas y billetes que sirven de medio de pago. (Generada Gemini),NO,1 seña,NO,SI,NO,1 seña,Unimanual (tipo 0),Pc,,,,,01175_platadiner.mp4
DBLSC,LSC0,1176,PLATA-METAL,SUSTANTIVO,"Elemento químico metálico, blanco, brillante y maleable. (Generada Gemini)",NO,1 seña,SI,SI,NO,1 seña,Unimanual (tipo 0),A,,,,,01176_platametal.mp4
DBLSC,LSC0,1177,POLÍTICO,SUSTANTIVO,Persona que interviene en la política o de los asuntos del gobierno. (RAE),NO,1 seña,NO,SI,NO,1 seña,Unimanual (tipo 0),P,,,,,01177_politico.mp4
DBLSC,LSC0,1178,PUEBLO,SUSTANTIVO,Conjunto de personas que forman una comunidad o habitan una población. (RAE),NO,1 seña,SI,SI,NO,1 seña,Semi-simétrica (tipo II),Ok,,,,,01178_pueblo.mp4
DBLSC,LSC0,1179,QUIEBRA,SUSTANTIVO,Pérdida comercial o financiera que impide el pago de las deudas (bancarrota). (RAE),NO,1 seña,NO,SI,NO,1 seña,Asimétrica (tipo III),Bl,P,,,,01179_quiebra.mp4
DBLSC,LSC0,1180,RENUNCIAR,VERBO,"Dimitir o dejar voluntariamente un empleo, cargo u obligación. (RAE)",NO,1 seña,NO,SI,NO,1 seña,Simétrica (tipo I),O,J,,,,01180_renunciar.mp4
DBLSC,LSC0,1181,REUNIÓN,SUSTANTIVO,Agrupación o congregación de personas para tratar un asunto determinado. (RAE),NO,1 seña,NO,SI,NO,1 seña,Simétrica (tipo I),R,,,,,01181_reunion.mp4
DBLSC,LSC0,1182,REBELDE,ADJETIVO,Que se rebela o subleva contra la autoridad. (RAE),NO,1 seña,NO,SI,NO,1 seña,Simétrica (tipo I),S,,,,,01182_rebelde.mp4
DBLSC,LSC0,1183,SOCIO,SUSTANTIVO,"Persona asociada con otra u otras para un fin común, especialmente mercantil. (RAE)",NO,1 seña,NO,SI,NO,1 seña,Asimétrica (tipo III),Bl,Af,,,,01183_socio.mp4
DBLSC,LSC0,1184,SUELDO,SUSTANTIVO,Remuneración asignada a un trabajador de manera periódica. (RAE),NO,1 seña,NO,SI,NO,1 seña,Unimanual (tipo 0),C,,,,,01184_sueldo.mp4
DBLSC,LSC0,1185,TRABAJAR,VERBO,Realizar una actividad física o intelectual con el fin de producir o transformar algo. (RAE),,,NO,SI,NO,1 seña,Semi-simétrica (tipo II),S,,,,,01185_trabajar.mp4
DBLSC,LSC1,1186,VOCAL,SUSTANTIVO,"Miembro con voz y voto en un consejo, junta o tribunal. / Sonido del habla. (RAE)",NO,1 seña,SI,SI,NO,1 seña,Asimétrica (tipo III),Bl,V,,,,01186_vocal.mp4
DBLSC,LSC0,1187,VOTAR,VERBO,Emitir el voto en un proceso de elección o consulta. (RAE),NO,1 seña,NO,SI,NO,1 seña,Asimétrica (tipo III),S,Okp,,,,01187_votar.mp4
DBLSC,LSC0,1188,BILINGUE,ADJETIVO,Que habla dos lenguas o está expresado en dos idiomas. (RAE),,,NO,SI,SI,2 señas,Compuestas (tipo C),I,J,V,S,H,01188_bilingue.mp4
DBLSC,LSC0,1189,BICULTURAL,ADJETIVO,Que abarca o participa de dos culturas distintas. (RAE),SI,2 señas,SI,SI,SI,2 señas,Compuestas (tipo C),P,C,S,V,,01189_bicultural.mp4
DBLSC,LSC0,1190,AMBOS,FUNCION,El uno y el otro; los dos colectivamente. (RAE),NO,1 seña,SI,SI,NO,1 seña,Compuestas (tipo C),C,S,V,,,01190_ambos.mp4
DBLSC,LSC0,1191,BIOLOGÍA,SUSTANTIVO,Ciencia que estudia los seres vivos y sus procesos vitales. (RAE),NO,1 seña,NO,SI,NO,1 seña,Asimétrica (tipo III),Bl,O,,,,01191_biologia.mp4
DBLSC,LSC0,1192,CALIFICACIÓN,SUSTANTIVO,Nota u ordenación que evalúa el rendimiento académico o una prueba. (RAE),NO,1 seña,NO,SI,NO,1 seña,Semi-simétrica (tipo II),Bl,J,,,,01192_calificaci.mp4
DBLSC,LSC0,1193,CALIFICAR,VERBO,Juzgar o evaluar el mérito o valor de una persona o trabajo. (RAE),NO,1 seña,NO,SI,NO,1 seña,Asimétrica (tipo III),B,Pc,,,,01193_calificar.mp4
DBLSC,LSC0,1194,CIENCIAS,SUSTANTIVO,Conjunto de conocimientos estructurados sistemáticamente mediante la observación y el razonamiento. (RAE),NO,1 seña,NO,SI,NO,1 seña,Simétrica (tipo I),Gl,,,,,01194_ciencias.mp4
DBLSC,LSC0,1195,CLASE,SUSTANTIVO,Lección o reunión académica impartida por un docente a los estudiantes. (RAE),NO,1 seña,SI,SI,NO,1 seña,Simétrica (tipo I),C,,,,,01195_clase.mp4
DBLSC,LSC0,1196,COLEGIO,SUSTANTIVO,Establecimiento de enseñanza de educación primaria o secundaria. (RAE),NO,1 seña,NO,SI,NO,1 seña,Simétrica (tipo I),Be,,,,,01196_colegio.mp4
DBLSC,LSC0,1197,COMPAÑERO,SUSTANTIVO,"Persona que comparte con otra un mismo estudio, trabajo u ocupación. (RAE)",NO,1 seña,SI,SI,NO,1 seña,Simétrica (tipo I),Q,,,,,01197_compañero.mp4
DBLSC,LSC0,1198,CORTAR,VERBO,Dividir o separar algo con un instrumento afilado. (RAE),NO,1 seña,NO,SI,NO,1 seña,Unimanual (tipo 0),V,H,,,,01198_cortar.mp4
DBLSC,LSC0,1199,CURSO,SUSTANTIVO,Conjunto de materias impartidas en un período lectivo escolar. (RAE),NO,1 seña,SI,SI,NO,1 seña,Simétrica (tipo I),Be,,,,,01199_curso.mp4
DBLSC,LSC0,1200,DIBUJAR,VERBO,Trazar imágenes o formas mediante líneas en una superficie. (RAE),NO,1 seña,NO,SI,NO,1 seña,Unimanual (tipo 0),I,,,,,01200_dibujar.mp4
DBLSC,LSC0,1201,DIPLOMA,SUSTANTIVO,Documento oficial expedido por una institución que acredita un título o distinción. (RAE),NO,1 seña,NO,SI,NO,1 seña,Simétrica (tipo I),L,,,,,01201_diploma.mp4
DBLSC,LSC0,1202,EDUCACIÓN-FÍSICA,SUSTANTIVO,Asignatura escolar centrada en el desarrollo del cuerpo y las capacidades motoras mediante el ejercicio. (Generada Gemini),NO,1 seña,NO,SI,NO,1 seña,Simétrica (tipo I),Ql,,,,,01202_educacionf.mp4
DBLSC,LSC0,1203,ESCRIBIR,VERBO,Representar las palabras o ideas mediante letras u otros signos en una superficie. (RAE),NO,1 seña,NO,SI,NO,1 seña,Asimétrica (tipo III),Bl,Pc,,,,01203_escribir.mp4
DBLSC,LSC0,1204,ESPAÑOL,SUSTANTIVO,Lengua romance hablada en España y la mayor parte de Hispanoamérica. (RAE),NO,1 seña,SI,SI,NO,1 seña,Simétrica (tipo I),Xe,,,,,01204_español.mp4
DBLSC,LSC0,1205,ESTUDIANTE,SUSTANTIVO,Persona que cursa estudios en un centro de enseñanza. (RAE),NO,1 seña,NO,SI,NO,1 seña,Compuestas (tipo C),Be,K,,,,01205_estudiante.mp4
DBLSC,LSC0,1206,ESTUDIAR,VERBO,Ejercitar el entendimiento para comprender o aprender una materia. (RAE),NO,1 seña,NO,SI,NO,1 seña,Simétrica (tipo I),Bl,,,,,01206_estudiar.mp4
DBLSC,LSC0,1207,EXAMEN,SUSTANTIVO,Prueba que se realiza para comprobar los conocimientos o aptitudes de un estudiante. (RAE),NO,1 seña,SI,SI,NO,1 seña,Unimanual (tipo 0),Gl,,,,,01207_examen.mp4
DBLSC,LSC0,1208,NO-VINO,VERBO,Indicación o registro de ausencia de una persona a un compromiso o clase. (Generada Gemini),NO,1 seña,NO,SI,NO,1 seña,Unimanual (tipo 0),P,,,,,01208_novino.mp4
DBLSC,LSC0,1209,FÍSICA,SUSTANTIVO,Ciencia que estudia las propiedades de la materia y la energía y sus interacciones. (RAE),NO,1 seña,SI,SI,NO,1 seña,Semi-simétrica (tipo II),Q,,,,,01209_fisica.mp4
DBLSC,LSC0,1210,GANAR-EL-AÑO,VERBO,Acreditar y superar satisfactoriamente un grado o año escolar. (Generada Gemini),NO,1 seña,NO,SI,NO,1 seña,Semi-simétrica (tipo II),A,,,,,01210_ganarelañ.mp4
DBLSC,LSC1,1211,GEOGRAFÍA,SUSTANTIVO,Ciencia que trata de la descripción de la Tierra. (RAE),NO,1 seña,NO,SI,NO,1 seña,Semi-simétrica (tipo II),Jc,,,,,01211_geografia.mp4
DBLSC,LSC0,1212,GRADO,SUSTANTIVO,"Estado, valor o nivel en una escala. / Nivel o curso escolar. (RAE)",SI,2 señas,NO,SI,SI,2 señas,Compuestas (tipo C),Tb,Qe,L,,,01212_grado.mp4
DBLSC,LSC0,1213,HISTORIA(1),SUSTANTIVO,Disciplina que estudia y narra los acontecimientos pasados de la humanidad. (RAE),NO,1 seña,NO,SI,NO,1 seña,Unimanual (tipo 0),Gl,S,,,,01213_historia1.mp4
DBLSC,LSC0,1214,HISTORIA(2),SUSTANTIVO,"Variante de seña para relato, acontecimiento o asignatura de historia. (Generada Gemini)",NO,1 seña,NO,SI,NO,1 seña,Unimanual (tipo 0),H,,,,,01214_historia2.mp4
DBLSC,LSC0,1215,INGLÉS,SUSTANTIVO,"Lengua germánica originaria de Inglaterra, hablada ampliamente a nivel mundial. (RAE)",SI,2 señas,SI,SI,SI,2 señas,Compuestas (tipo C),Xc,B,Cl,,,01215_ingles.mp4
DBLSC,LSC0,1216,INVENTAR,VERBO,Hallar o descubrir algo nuevo o no conocido. (RAE),SI,2 señas,NO,SI,SI,2 señas,Compuestas (tipo C),P,Z,,,,01216_inventar.mp4
DBLSC,LSC0,1217,PREESCOLAR,SUSTANTIVO,Etapa educativa previa a la enseñanza primaria. (RAE),NO,1 seña,SI,SI,NO,1 seña,Asimétrica (tipo III),Af,K,,,,01217_preescolar.mp4
DBLSC,LSC0,1218,LEER,VERBO,Pasar la vista por lo escrito o impreso comprendiendo la significación de los caracteres. (RAE),NO,1 seña,NO,SI,NO,1 seña,Asimétrica (tipo III),B,V,,,,01218_leer.mp4
DBLSC,LSC0,1219,FORMA,SUSTANTIVO,Configuración externa de algo. / Modo o manera de hacer algo. (RAE),NO,1 seña,NO,SI,NO,1 seña,Simétrica (tipo I),Q,,,,,01219_forma.mp4
DBLSC,LSC0,1220,MATEMÁTICAS,SUSTANTIVO,Ciencia deductiva que estudia las propiedades de los entes abstractos y sus relaciones. (RAE),NO,1 seña,NO,SI,NO,1 seña,Simétrica (tipo I),Je,,,,,01220_matematica.mp4
DBLSC,LSC0,1221,MEDIR,VERBO,Determinar una cantidad comparándola con su unidad de medida. (RAE),NO,1 seña,NO,SI,NO,1 seña,Semi-simétrica (tipo II),Pc,,,,,01221_medir.mp4
DBLSC,LSC0,1222,PERDER-EL-AÑO,VERBO,"No superar los objetivos académicos de un curso escolar, teniendo que repetirlo. (Generada Gemini)",NO,1 seña,NO,SI,NO,1 seña,Semi-simétrica (tipo II),A,,,,,01222_perderelan.mp4
DBLSC,LSC0,1223,PROFESOR,SUSTANTIVO,"Persona que ejerce o enseña una ciencia, arte u oficio. (RAE)",NO,1 seña,NO,SI,NO,1 seña,Unimanual en contacto (tipo X),Af,,,,,01223_profesor.mp4
DBLSC,LSC0,1224,PUPITRE,SUSTANTIVO,Mueble con mesa y asiento adaptado para que los alumnos se sienten en clase. (RAE),SI,2 señas,NO,SI,SI,2 señas,Compuestas (tipo C),Af,Bl,Pc,,,01224_pupitre.mp4
DBLSC,LSC0,1225,QUÍMICA,SUSTANTIVO,"Ciencia que estudia la composición, estructura y propiedades de la materia y sus cambios. (RAE)",NO,1 seña,NO,SI,NO,1 seña,Simétrica (tipo I),A,,,,,01225_quimica.mp4
DBLSC,LSC0,1226,SALÓN,SUSTANTIVO,Habitación amplia o estancia destinada a recibir o a actividades grupales. (RAE),NO,1 seña,NO,SI,NO,1 seña,Simétrica (tipo I),S,,,,,01226_salon.mp4
DBLSC,LSC0,1227,AULA-DE-CLASE,SUSTANTIVO,Espacio físico dentro de una institución educativa donde se imparten lecciones. (Generada Gemini),SI,2 señas,NO,SI,SI,2 señas,Compuestas (tipo C),P,Cl,,,,01227_auladeclas.mp4
DBLSC,LSC0,1228,SUMAR,VERBO,Efectuar la operación de sumar o añadir cantidades. (RAE),NO,1 seña,NO,SI,NO,1 seña,Simétrica (tipo I),Tf,,,,,01228_sumar.mp4
DBLSC,LSC0,1229,MUSICA,SUSTANTIVO,"Arte de combinar los sonidos según las leyes de la melodía, la armonía y el ritmo. (RAE)",NO,1 seña,NO,SI,NO,1 seña,Simétrica (tipo I),B,Bl,,,,01229_musica.mp4
DBLSC,LSC0,1230,TABLERO,SUSTANTIVO,Superficie plana vertical en el aula para escribir o dibujar con tiza o marcador. (RAE),SI,2 señas,NO,SI,SI,2 señas,Compuestas (tipo C),P,Pc,,,,01230_tablero.mp4
DBLSC,LSC0,1231,TAREA(1),SUSTANTIVO,Trabajo u ocupación académica que debe realizar un estudiante. (RAE),NO,1 seña,SI,SI,NO,1 seña,Semi-simétrica (tipo II),A,Af,,,,01231_tarea1.mp4
DBLSC,LSC0,1232,TAREA(3),SUSTANTIVO,Variante de seña para asignación o labor escolar. (Generada Gemini),NO,1 seña,SI,SI,NO,1 seña,Unimanual (tipo 0),T,,,,,01232_tarea3.mp4
DBLSC,LSC0,1233,TAREA(2),SUSTANTIVO,Variante morfológica de seña para tarea o deber escolar. (Generada Gemini),NO,1 seña,SI,SI,NO,1 seña,Semi-simétrica (tipo II),A,,,,,01233_tarea2.mp4
DBLSC,LSC0,1234,TEMA,SUSTANTIVO,"Proposición o asunto sobre el que se habla, escribe o enseña. (RAE)",NO,1 seña,NO,SI,NO,1 seña,Simétrica (tipo I),XX,,,,,01234_tema.mp4
DBLSC,LSC0,1235,UNIVERSIDAD,SUSTANTIVO,Institución de enseñanza superior que comprende diversas facultades y otorga grados académicos. (RAE),NO,1 seña,NO,SI,NO,1 seña,Unimanual en contacto (tipo X),U,,,,,01235_universida.mp4
DBLSC,LSC0,1236,BORRADOR,SUSTANTIVO,Utensilio empleado para borrar lo escrito en un tablero o papel. (RAE),NO,1 seña,NO,SI,NO,1 seña,Asimétrica (tipo III),B,A,,,,01236_borrador.mp4
DBLSC,LSC0,1237,BORRAR(1),VERBO,"Hacer desaparecer lo escrito, dibujado o grabado. (RAE)",NO,1 seña,NO,SI,NO,1 seña,Asimétrica (tipo III),Bl,A,,,,01237_borrador1.mp4
DBLSC,LSC0,1238,BORRAR(2),VERBO,Variante de seña para la acción de suprimir o eliminar texto o trazos. (Generada Gemini),NO,1 seña,NO,SI,NO,1 seña,Asimétrica (tipo III),Bl,P,Xe,,,01238_borrador2.mp4
DBLSC,LSC0,1239,CARTUCHERA,SUSTANTIVO,Estuche de tela o plástico utilizado por estudiantes para guardar útiles escolares. (RAE),NO,1 seña,NO,SI,NO,1 seña,Asimétrica (tipo III),Qa,Tb,,,,01239_cartuchera.mp4
DBLSC,LSC0,1240,COSEDORA,SUSTANTIVO,Aparato mecánico para unir hojas de papel mediante grapas metálicas. (RAE),NO,1 seña,NO,SI,NO,1 seña,Semi-simétrica (tipo II),Bl,,,,,01240_cosedora.mp4
DBLSC,LSC0,1241,CUADERNO,SUSTANTIVO,Conjunto de hojas de papel encuadernadas para tomar notas o escribir. (RAE),NO,1 seña,NO,SI,NO,1 seña,Simétrica (tipo I),Bl,,,,,01241_cuaderno.mp4
DBLSC,LSC0,1242,DICCIONARIO,SUSTANTIVO,Libro en que se recogen y explican las palabras de una lengua o materia. (RAE),NO,1 seña,SI,SI,NO,1 seña,Asimétrica (tipo III),Bl,D,,,,01242_diccionari.mp4
DBLSC,LSC0,1243,HOJA,SUSTANTIVO,Lámina delgada de papel u otro material flexible. (RAE),NO,1 seña,NO,SI,NO,1 seña,Simétrica (tipo I),Ok,,,,,01243_hoja.mp4
DBLSC,LSC0,1244,HORARIO-DE-CLASES,SUSTANTIVO,Distribución organizada de las asignaturas e intensidades horarias escolares por días. (Generada Gemini),NO,1 seña,NO,SI,NO,1 seña,Semi-simétrica (tipo II),J,Je,,,,01244_horariodec.mp4
DBLSC,LSC0,1245,LÁPIZ,SUSTANTIVO,Utensilio de madera con una mina de grafito en su interior usado para escribir o dibujar. (RAE),NO,1 seña,SI,SI,NO,1 seña,Unimanual en contacto (tipo X),L,,,,,01245_làpiz.mp4
DBLSC,LSC0,1246,LIBRO(1),SUSTANTIVO,Conjunto de muchas hojas de papel manuscritas o impresas unidas por uno de sus lados y con cubiertas. (RAE),NO,1 seña,NO,SI,NO,1 seña,Asimétrica (tipo III),Bl,L,,,,01246_libro1.mp4
DBLSC,LSC0,1247,LIBRO(2),SUSTANTIVO,"Variante de seña para texto, tomo o volumen impreso. (Generada Gemini)",NO,1 seña,NO,SI,NO,1 seña,Semi-simétrica (tipo II),Bl,,,,,01247_libro2.mp4
DBLSC,LSC0,1248,LONCHERA,SUSTANTIVO,Estuche o pequeña maleta usada para llevar la merienda o refrigerio escolar. (RAE),NO,1 seña,NO,SI,NO,1 seña,Unimanual (tipo 0),Ye,,,,,01248_lonchera.mp4
DBLSC,LSC0,1249,MARCADOR,SUSTANTIVO,Rotulador de tinta usado para escribir en tableros o carteleras. (RAE),NO,1 seña,NO,SI,NO,1 seña,Asimétrica (tipo III),Qa,P,,,,01249_marcador.mp4
DBLSC,LSC0,1250,MORRAL(1),SUSTANTIVO,Bolsa o mochila con correas para llevar a la espalda los útiles escolares. (RAE),NO,1 seña,NO,SI,NO,1 seña,Simétrica (tipo I),A,,,,,01250_morral1.mp4
DBLSC,LSC0,1251,MORRAL(2),SUSTANTIVO,Variante morfológica de seña para mochila escolar. (Generada Gemini),NO,1 seña,NO,SI,NO,1 seña,Simétrica (tipo I),Y,,,,,01251_morral2.mp4
DBLSC,LSC0,1252,MORRAL(3),SUSTANTIVO,Variante de seña para bolso o morral de carga personal. (Generada Gemini),SI,2 señas,NO,SI,SI,2 señas,Simétrica (tipo I),A,Bl,,,,01252_morral3.mp4
DBLSC,LSC0,1253,REGLA(1),SUSTANTIVO,Instrumento rígido y plano con escala graduada para trazar líneas rectas y medir. (RAE),NO,1 seña,NO,SI,NO,1 seña,Asimétrica (tipo III),Af,Bl,,,,01253_regla1.mp4
DBLSC,LSC0,1254,REGLA(2),SUSTANTIVO,Variante de seña para instrumento de medición rectilíneo. (Generada Gemini),SI,2 señas,NO,SI,SI,2 señas,Compuestas (tipo C),Xc,Af,Bl,,,01254_regla2.mp4
DBLSC,LSC0,1255,TAJALÁPIZ,SUSTANTIVO,Utensilio manual con una cuchilla para sacar punta a los lápices (sacapuntas). (RAE),NO,1 seña,NO,SI,NO,1 seña,Asimétrica (tipo III),S,P,,,,01255_tajalàpiz.mp4
DBLSC,LSC0,1256,ALMA(1),SUSTANTIVO,Entidad inmaterial que los creyentes consideran que posee el ser humano. (RAE),NO,1 seña,NO,SI,NO,1 seña,Asimétrica (tipo III),Bl,Tb,,,,01256_alma1.mp4
DBLSC,LSC0,1257,ALMA(2),SUSTANTIVO,Variante de seña para el concepto espiritual o sustancial de alma. (Generada Gemini),NO,1 seña,NO,SI,NO,1 seña,Compuestas (tipo C),J,Q,,,,01257_alma2.mp4
DBLSC,LSC0,1258,BAUTIZAR(1),VERBO,Administrar el sacramento del bautismo o dar nombre a algo. (RAE),NO,1 seña,NO,SI,NO,1 seña,Unimanual en contacto (tipo X),C,,,,,01258_bautizar1.mp4
DBLSC,LSC0,1259,BAUTIZAR(2),VERBO,Variante de seña para el ritual del bautismo. (Generada Gemini),SI,2 señas,NO,SI,SI,2 señas,Semi-simétrica (tipo II),A,,,,,01259_bautizar2.mp4
DBLSC,LSC1,1260,COMULGAR,VERBO,Recibir el sacramento de la Eucaristía en la Iglesia católica. (RAE),NO,1 seña,NO,SI,NO,1 seña,Unimanual (tipo 0),Cb,,,,,01260_comulgar.mp4
DBLSC,LSC1,1261,PRIMERA-COMUNION,SUSTANTIVO,Celebración católica en la que una persona recibe por primera vez la Eucaristía. (Generada Gemini),NO,1 seña,NO,SI,NO,1 seña,Compuestas (tipo C),Cb,,,,,01261_primeracom.mp4
DBLSC,LSC1,1262,SACRAMENTOS-CATOLICOS,SUSTANTIVO,Signos sensibles y eficaces de la gracia instituidos por Jesucristo en la Iglesia católica. (Generada Gemini),NO,1 seña,NO,SI,NO,1 seña,Asimétrica (tipo III),Bl,H,,,,01262_sacramento.mp4
DBLSC,LSC1,1263,CONFIRMACION-CATOLICA,SUSTANTIVO,Sacramento católico en el que se reafirma y fortalece la fe recibida en el bautismo. (Generada Gemini),SI,2 señas,SI,SI,SI,2 señas,Unimanual en contacto (tipo X),Bl,,,,,01263_confirmaci.mp4
DBLSC,LSC1,1264,PADRINO,SUSTANTIVO,Hombre que presenta o acompaña a una persona en un sacramento como el bautismo o confirmación. (RAE),NO,1 seña,SI,SI,NO,1 seña,Unimanual en contacto (tipo X),Bl,,,,,01264_padrino.mp4
DBLSC,LSC1,1265,PADRINO-MATRIMONIO,SUSTANTIVO,Padrino que atestigua o acompaña a los contrayentes en la boda. (Generada Gemini),SI,2 señas,NO,SI,SI,2 señas,Compuestas (tipo C),J,Tc,Bl,,,01265_padrinomat.mp4
DBLSC,LSC0,1266,DIABLO(1),SUSTANTIVO,"En el cristianismo, espíritu del mal o príncipe de los demonios. (RAE)",NO,1 seña,NO,SI,NO,1 seña,Unimanual en contacto (tipo X),U,,,,,01266_diablo1.mp4
DBLSC,LSC0,1267,DIABLO(2),SUSTANTIVO,Variante de seña para la representación del demonio o ser malévolo. (Generada Gemini),NO,1 seña,NO,SI,NO,1 seña,Unimanual en contacto (tipo X),Vc,,,,,01267_diablo2.mp4
DBLSC,LSC0,1268,DIOS(1),SUSTANTIVO,Ser supremo creador y conservador del universo en las religiones monoteístas. (RAE),NO,1 seña,NO,SI,NO,1 seña,Unimanual (tipo 0),Be,,,,,01268_dios1.mp4
DBLSC,LSC0,1269,DIOS(2),SUSTANTIVO,Variante de seña para la divinidad suprema. (Generada Gemini),NO,1 seña,NO,SI,NO,1 seña,Semi-simétrica (tipo II),Be,,,,,01269_dios2.mp4
DBLSC,LSC0,1270,FÉ,SUSTANTIVO,Creencia y confianza en la verdad de una religión o en una persona sin necesidad de demostración. (RAE),NO,1 seña,SI,SI,NO,1 seña,Semi-simétrica (tipo II),Tb,,,,,01270_fe.mp4
DBLSC,LSC0,1271,IGLESIA  1,SUSTANTIVO,Edificio destinado al culto cristiano público. (RAE),SI,2 señas,NO,SI,SI,2 señas,Compuestas (tipo C),Be,P,,,,01271_iglesia1.mp4
DBLSC,LSC0,1272,IGLESIA  2,SUSTANTIVO,Variante de seña para templo o comunidad de fieles cristianos. (Generada Gemini),NO,1 seña,NO,SI,NO,1 seña,Asimétrica (tipo III),B,I,,,,01272_iglesia2.mp4
DBLSC,LSC0,1273,JESÚS,SUSTANTIVO,"Figura central del cristianismo, considerado el Hijo de Dios y el Mesías. (RAE)",NO,1 seña,NO,SI,NO,1 seña,Semi-simétrica (tipo II),N,,,,,01273_jesus.mp4
DBLSC,LSC0,1274,MILAGRO 1,SUSTANTIVO,Hecho extraordinario y maravilloso que se atribuye a intervención divina. (RAE),NO,1 seña,NO,SI,NO,1 seña,Simétrica (tipo I),O,J,,,,01274_milagro1.mp4
DBLSC,LSC0,1275,MILAGRO 2,SUSTANTIVO,Variante de seña para fenómeno milagroso o prodigio divino. (Generada Gemini),NO,1 seña,SI,SI,NO,1 seña,Unimanual (tipo 0),P,,,,,01275_milagro2.mp4
DBLSC,LSC0,1276,MISA,SUSTANTIVO,Celebración del sacrificio de la Eucaristía en la liturgia católica. (RAE),NO,1 seña,SI,SI,NO,1 seña,Simétrica (tipo I),Ta,,,,,01276_misa.mp4
DBLSC,LSC0,1277,MONJA,SUSTANTIVO,Mujer que pertenece a una orden o congregación religiosa en un convento. (RAE),NO,1 seña,NO,SI,NO,1 seña,Simétrica (tipo I),B,,,,,01277_monja.mp4
DBLSC,LSC0,1278,NAVIDAD,SUSTANTIVO,Festividad cristiana en que se celebra el nacimiento de Jesucristo. (RAE),NO,1 seña,NO,SI,NO,1 seña,Simétrica (tipo I),Qa,,,,,01278_navidad.mp4
DBLSC,LSC0,1279,ORACIÓN,SUSTANTIVO,Plegaria o súplica que se dirige a Dios o a los santos. (RAE),NO,1 seña,NO,SI,NO,1 seña,Asimétrica (tipo III),Af,Qf,,,,01279_oracion.mp4
DBLSC,LSC0,1280,PECADO,SUSTANTIVO,Transgresión voluntaria de un precepto o ley religiosa. (RAE),NO,1 seña,SI,SI,NO,1 seña,Simétrica (tipo I),X,,,,,01280_pecado.mp4
DBLSC,LSC0,1281,RELIGIÓN  1,SUSTANTIVO,Conjunto de creencias o dogmas acerca de la divinidad y de prácticas de culto. (RAE),NO,1 seña,SI,SI,NO,1 seña,Unimanual en contacto (tipo X),Q,,,,,01281_religion1.mp4
DBLSC,LSC0,1282,RELIGIÓN  2,SUSTANTIVO,"Variante de seña para confesión, fe o culto religioso. (Generada Gemini)",NO,1 seña,SI,SI,NO,1 seña,Unimanual en contacto (tipo X),R,,,,,01282_religion2.mp4
DBLSC,LSC0,1283,RELIGIÓN  3,SUSTANTIVO,Variante morfológica de seña para práctica religiosa. (Generada Gemini),NO,1 seña,NO,SI,NO,1 seña,Asimétrica (tipo III),Q,B,,,,01283_religion3.mp4
DBLSC,LSC0,1284,REZAR,VERBO,Dirigir oraciones o plegarias a Dios o a una divinidad. (RAE),NO,1 seña,NO,SI,NO,1 seña,Simétrica (tipo I),B,,,,,01284_rezar.mp4
DBLSC,LSC0,1285,SACERDOTE,SUSTANTIVO,Hombre consagrado para el ejercicio del culto en una religión. (RAE),SI,2 señas,NO,SI,SI,2 señas,Unimanual (tipo 0),Tc,Xc,,,,01285_sacerdote.mp4
DBLSC,LSC0,1286,SEMANA SANTA  1,SUSTANTIVO,"Conmemoración anual cristiana de la Pasión, Muerte y Resurrección de Jesús. (RAE)",SI,2 señas,NO,SI,SI,2 señas,Compuestas (tipo C),P,N,,,,01286_semanasant.mp4
DBLSC,LSC0,1287,SEMANA SANTA  2,SUSTANTIVO,Variante de seña para la semana de la conmemoración de la Pasión cristiana. (Generada Gemini),NO,1 seña,SI,SI,NO,1 seña,Semi-simétrica (tipo II),P,,,,,01287_semanasant.mp4
DBLSC,LSC0,1288,ABORTAR,VERBO,Interrumpir de forma espontánea o provocada el embarazo. (RAE),NO,1 seña,NO,SI,NO,1 seña,Asimétrica (tipo III),S,Ql,,,,01288_abortar.mp4
DBLSC,LSC0,1289,ABUSAR,VERBO,"Usar mal, excesiva u de forma indebida de algo o de la confianza de alguien. (RAE)",NO,1 seña,NO,SI,NO,1 seña,Unimanual en contacto (tipo X),A,,,,,01289_abusar.mp4
DBLSC,LSC0,1290,CASTIGAR,VERBO,Imponer una pena o sanción a quien ha cometido un delito o falta. (RAE),NO,1 seña,NO,SI,NO,1 seña,Asimétrica (tipo III),P,S,,,,01290_castigar.mp4
DBLSC,LSC0,1291,CULPABLE,ADJETIVO,Que tiene la culpa de algo o es responsable de un delito. (RAE),SI,2 señas,NO,SI,SI,2 señas,Compuestas (tipo C),B,P,,,,01291_culpable.mp4
DBLSC,LSC1,1292,DROGADICCIÓN,SUSTANTIVO,Adicción a las drogas o sustancias tóxicas. (RAE),SI,2 señas,NO,SI,SI,2 señas,Asimétrica (tipo III),Q,Tb,,,,01292_drogadicci.mp4
DBLSC,LSC0,1293,ENEMIGO,ADJETIVO,Persona que tiene mala voluntad a otra y le desea o hace mal. (RAE),NO,1 seña,NO,SI,NO,1 seña,Simétrica (tipo I),Q,,,,,01293_enemigo.mp4
DBLSC,LSC0,1294,FUMAR ,VERBO,Aspirar y despedir el humo producido por la combustión del tabaco u otra sustancia. (RAE),NO,1 seña,NO,SI,NO,1 seña,Unimanual en contacto (tipo X),Za,,,,,01294_fumar.mp4
DBLSC,LSC0,1295,LADRÓN,SUSTANTIVO,Que hurta o roba. (RAE),SI,2 señas,NO,SI,SI,2 señas,Compuestas (tipo C),Xc,J,,,,01295_ladron.mp4
DBLSC,LSC1,1296,NARCOTRÁFICO,SUSTANTIVO,Comercio ilícito de drogas tóxicas a gran escala. (RAE),SI,2 señas,NO,SI,SI,2 señas,Compuestas (tipo C),A,Xf,,,,01296_narcotrafi.mp4
DBLSC,LSC0,1297,PELEAR,VERBO,Contender o reñir usando la fuerza o las armas. (RAE),NO,1 seña,NO,SI,NO,1 seña,Simétrica (tipo I),P,,,,,01297_pelear.mp4
DBLSC,LSC0,1298,ROBAR,VERBO,Tomar para sí lo ajeno mediante fuerza o intimidación. (RAE),NO,1 seña,NO,SI,NO,1 seña,Asimétrica (tipo III),XX,S,,,,01298_robar.mp4
DBLSC,LSC1,1299,SECUESTRAR/SECUESTRO,VERBO,Retener indebidamente a una persona para exigir dinero o condiciones por su libertad. (RAE),NO,1 seña,NO,SI,NO,1 seña,Semi-simétrica (tipo II),Ql,,,,,01299_secuestrar.mp4
DBLSC,LSC0,1300,ACONSEJAR,VERBO,Dar consejo o dictamen a alguien sobre lo que debe o no hacer. (RAE),NO,1 seña,NO,SI,NO,1 seña,Semi-simétrica (tipo II),B,,,,,01300_aconsejar.mp4
DBLSC,LSC0,1301,APARTE,ADJETIVO,En lugar separado o retirado de otros. / Fuera de un grupo. (RAE),NO,1 seña,NO,SI,NO,1 seña,Semi-simétrica (tipo II),B,,,,,01301_aparte.mp4
DBLSC,LSC0,1302,CHISME,SUSTANTIVO,"Murmuración, cuento o noticia verdadera o falsa para indisponer a unas personas con otras. (RAE)",NO,1 seña,NO,SI,NO,1 seña,Semi-simétrica (tipo II),Ok,,,,,01302_chisme.mp4
DBLSC,LSC0,1303,COMUNICAR/COMUNICACIÓN  1,VERBO,"Transmitir y recibir información, ideas o sentimientos. (RAE)",NO,1 seña,NO,SI,NO,1 seña,Semi-simétrica (tipo II),C,,,,,01303_comunicarr.mp4
DBLSC,LSC0,1304,COMUNICAR_COMUNICACIÓN_(2).mp4,VERBO,Variante de la seña para la acción o proceso de comunicación en el corpus. (Generada Gemini),NO,1 seña,NO,SI,NO,1 seña,Asimétrica (tipo III),Q,J,,,,01304_comunicari.mp4
DBLSC,LSC0,1305,CONTAR,VERBO,Narrar o referir un acontecimiento o historia. / Numerar. (RAE),NO,1 seña,NO,SI,NO,1 seña,Semi-simétrica (tipo II),J,,,,,01305_contar.mp4
DBLSC,LSC0,1306,CORREO,SUSTANTIVO,Servicio público que tiene por objeto el transporte y reparto de la correspondencia. (RAE),NO,1 seña,NO,SI,NO,1 seña,Asimétrica (tipo III),Qa,P,,,,01306_correo.mp4
DBLSC,LSC0,1307,CRITICAR,VERBO,"Juzgar o expresar un juicio sobre las cualidades, defectos o conducta de alguien. (RAE)",NO,1 seña,NO,SI,NO,1 seña,Asimétrica (tipo III),S,Pc,,,,01307_criticar.mp4
DBLSC,LSC0,1308,DISCURSO  SORDO,SUSTANTIVO,Exposición oral o signada pública estructurada según las pautas lingüísticas y culturales de la comunidad sorda. (Generada Gemini),NO,1 seña,NO,SI,NO,1 seña,Simétrica (tipo I),J,,,,,01308_discursose.mp4
DBLSC,LSC0,1309,DISCURSO  OYENTE,SUSTANTIVO,Exposición verbal hablada adaptada a las convenciones discursivas de las personas oyentes. (Generada Gemini),NO,1 seña,NO,SI,NO,1 seña,Simétrica (tipo I),P,,,,,01309_discursooy.mp4
DBLSC,LSC0,1310,DISCUTIR,VERBO,Contender y alegar razones contra el parecer de alguien. (RAE),NO,1 seña,NO,SI,NO,1 seña,Semi-simétrica (tipo II),P,,,,,01310_discutir.mp4
DBLSC,LSC0,1311,ENTONCES,ADVERBIO,En ese tiempo o momento. / En tal caso o como consecuencia. (RAE),NO,1 seña,NO,SI,NO,1 seña,Asimétrica (tipo III),L,P,,,,01311_entonces.mp4
DBLSC,LSC0,1312,¡ESPERE!,VERBO,Expresión imperativa para solicitar la detención temporal de una acción o la espera. (Generada Gemini),NO,1 seña,NO,SI,NO,1 seña,Unimanual (tipo 0),J,,,,,01312_espere.mp4
DBLSC,LSC0,1313,FRASE,SUSTANTIVO,Conjunto de palabras que forman un sentido gramatical completo o incompleto. (RAE),NO,1 seña,NO,SI,NO,1 seña,Simétrica (tipo I),Tb,,,,,01313_frase.mp4
DBLSC,LSC0,1314,GRITAR,VERBO,Proferir gritos o voces elevadas de manera estridente. (RAE),NO,1 seña,NO,SI,NO,1 seña,Unimanual en contacto (tipo X),Gl,,,,,01314_gritar.mp4
DBLSC,LSC0,1315,HABLAR  1,VERBO,Articular sonidos y palabras para comunicarse. (RAE),NO,1 seña,NO,SI,NO,1 seña,Simétrica (tipo I),Qa,,,,,01315_hablar1.mp4
DBLSC,LSC0,1316,HABLAR  2,VERBO,Variante de la seña para comunicarse mediante la voz o habla expresiva. (Generada Gemini),NO,1 seña,NO,SI,NO,1 seña,Simétrica (tipo I),J,,,,,01316_hablar2.mp4
DBLSC,LSC0,1317,HASTA  A,ADVERBIO,"Preposición o marcador espacio-temporal que indica el límite final o término ""A"". (Generada Gemini)",NO,1 seña,NO,SI,NO,1 seña,Semi-simétrica (tipo II),Bl,,,,,01317_hastaa.mp4
DBLSC,LSC0,1318,HASTA  B,ADVERBIO,"Preposición o marcador espacio-temporal que indica el límite final o término ""B"". (Generada Gemini)",NO,1 seña,NO,SI,NO,1 seña,Semi-simétrica (tipo II),Bl,,,,,01318_hastab.mp4
DBLSC,LSC0,1319,JUSTIFICAR  1,VERBO,"Probar con razones o documentos la inocencia, veracidad o pertinencia de algo. (RAE)",NO,1 seña,SI,SI,NO,1 seña,Asimétrica (tipo III),B,Bl,,,,01319_justificar.mp4
DBLSC,LSC0,1320,JUSTIFICAR  2,VERBO,Variante de seña para dar razones o justificación de un acto. (Generada Gemini),SI,2 señas,SI,SI,SI,2 señas,Asimétrica (tipo III),I,B,Bl,,,01320_justificar.mp4
DBLSC,LSC0,1321,LENGUA ,SUSTANTIVO,Sistema de comunicación verbal o gestual propio de una comunidad humana. (RAE),NO,1 seña,NO,SI,NO,1 seña,Unimanual en contacto (tipo X),P,,,,,01321_lengua.mp4
DBLSC,LSC0,1322,LLAMAR  1,VERBO,Designar con un nombre. / Convocar o requerir la presencia de alguien. (RAE),NO,1 seña,NO,SI,NO,1 seña,Unimanual en contacto (tipo X),Y,,,,,01322_llamar1.mp4
DBLSC,LSC0,1323,LLAMAR  2,VERBO,"Variante de la seña para avisar, telefonear o citar a alguien. (Generada Gemini)",NO,1 seña,NO,SI,NO,1 seña,Unimanual (tipo 0),Bl,Ql,,,,01323_llamar2.mp4
DBLSC,LSC0,1324,NO  1,ADVERBIO,Adverbio que se usa para negar un enunciado o responder negativamente. (RAE),NO,1 seña,NO,SI,NO,1 seña,Unimanual (tipo 0),Vc,,,,,01324_no1.mp4
DBLSC,LSC0,1325,NO  2,ADVERBIO,Variante de seña para la negación categórica o gramatical. (Generada Gemini),NO,1 seña,NO,SI,NO,1 seña,Unimanual (tipo 0),P,,,,,01325_no2.mp4
DBLSC,LSC0,1326,NOMBRE,SUSTANTIVO,Palabra que designa o identifica a seres animados o inanimados. (RAE),NO,1 seña,NO,SI,NO,1 seña,Semi-simétrica (tipo II),H,,,,,01326_nombre.mp4
DBLSC,LSC0,1327,NOTICIERO,SUSTANTIVO,Programa de televisión o radio en que se dan noticias de actualidad. (RAE),SI,2 señas,NO,SI,SI,2 señas,Compuestas (tipo C),Xc,S,B,,,01327_noticiero.mp4
DBLSC,LSC0,1328,OTRO  1,ADJETIVO,Distinto o diferente de aquel de que se habla. (RAE),NO,1 seña,NO,SI,NO,1 seña,Unimanual (tipo 0),A,,,,,01328_otro1.mp4
DBLSC,LSC0,1329,OTRO  2,ADJETIVO,Variante de seña para señalar diversidad o alternancia de elemento. (Generada Gemini),NO,1 seña,NO,SI,NO,1 seña,Unimanual (tipo 0),V,,,,,01329_otro2.mp4
DBLSC,LSC0,1330,OTRO  3,ADJETIVO,Variante morfológica de seña para adición u otro elemento. (Generada Gemini),NO,1 seña,NO,SI,NO,1 seña,Unimanual (tipo 0),P,,,,,01330_otro3.mp4
DBLSC,LSC0,1331,PALABRA,SUSTANTIVO,"Unidad lingüística dotada de significado, formada por sonidos o señas. (RAE)",NO,1 seña,NO,SI,NO,1 seña,Asimétrica (tipo III),P,Cb,,,,01331_palabra.mp4
DBLSC,LSC0,1332,PARA,FUNCION,"Preposición que denota el fin, destino, dirección o uso de algo. (RAE)",NO,1 seña,NO,SI,NO,1 seña,Unimanual en contacto (tipo X),P,,,,,01332_para.mp4
DBLSC,LSC0,1333,PERIÓDICO,SUSTANTIVO,Publicación informativa impresa o digital que se edita con periodicidad fija. (RAE),NO,1 seña,NO,SI,NO,1 seña,Simétrica (tipo I),K,,,,,01333_periodico.mp4
DBLSC,LSC0,1334,PERO  1,ADVERBIO,Conjunción adversativa que contrapone un concepto a otro. (RAE),NO,1 seña,SI,SI,NO,1 seña,Simétrica (tipo I),P,,,,,01334_pero1.mp4
DBLSC,LSC0,1335,PERO  2,ADVERBIO,Variante de seña para la conjunción adversativa o restricción. (Generada Gemini),NO,1 seña,SI,SI,NO,1 seña,Simétrica (tipo I),P,,,,,01335_pero2.mp4
DBLSC,LSC0,1336,PREGUNTAR  1,VERBO,Interrogar o hacer preguntas para obtener información. (RAE),NO,1 seña,NO,SI,NO,1 seña,Unimanual en contacto (tipo X),S,Pa,,,,01336_preguntar1.mp4
DBLSC,LSC0,1337,PREGUNTAR  2,VERBO,Variante de seña direccional para formular una pregunta a alguien. (Generada Gemini),NO,1 seña,NO,SI,NO,1 seña,Unimanual (tipo 0),P,Xe,,,,01337_preguntar2.mp4
DBLSC,LSC0,1338,INTERROGAR,VERBO,Hacer preguntas a alguien para aclararse sobre un hecho o delito. (RAE),NO,1 seña,NO,SI,NO,1 seña,Semi-simétrica (tipo II),P,Xe,,,,01338_interrogar.mp4
DBLSC,LSC0,1339,REPETIR,VERBO,Volver a hacer o decir lo que ya se ha hecho o dicho. (RAE),NO,1 seña,NO,SI,NO,1 seña,Unimanual (tipo 0),R,,,,,01339_repetir.mp4
DBLSC,LSC0,1340,RESPONDER,VERBO,"Contestación dada a una pregunta, propuesta o requerimiento. (RAE)",NO,1 seña,NO,SI,NO,1 seña,Unimanual en contacto (tipo X),R,,,,,01340_responder.mp4
DBLSC,LSC0,1341,SÍ  1,ADVERBIO,Adverbio usado para responder afirmativamente a una pregunta o aseverar algo. (RAE),NO,1 seña,SI,SI,NO,1 seña,Unimanual en contacto (tipo X),S,,,,,01341_si1.mp4
DBLSC,LSC0,1342,SÍ  2,ADVERBIO,Variante de seña para la confirmación o afirmación categórica. (Generada Gemini),NO,1 seña,SI,SI,NO,1 seña,Unimanual en contacto (tipo X),Y,,,,,01342_si2.mp4
DBLSC,LSC0,1343,SIGNIFICAR,VERBO,"Ser una cosa signo, representación o noción de otra. (RAE)",NO,1 seña,NO,SI,NO,1 seña,Asimétrica (tipo III),Bl,V,,,,01343_significar.mp4
DBLSC,LSC0,1344,SILENCIO  1,SUSTANTIVO,Abstención de hablar o ausencia de ruido y sonido. (RAE),NO,1 seña,NO,SI,NO,1 seña,Unimanual en contacto (tipo X),P,,,,,01344_silencio1.mp4
DBLSC,LSC0,1345,SILENCIO  2,SUSTANTIVO,Variante de seña para la orden o estado de guardar silencio. (Generada Gemini),SI,2 señas,NO,SI,SI,2 señas,Semi-simétrica (tipo II),J,S,,,,01345_silecncio2.mp4
DBLSC,LSC0,1346,TAMBIÉN,ADVERBIO,"Adverbio que se emplea para indicar la coincidencia, inclusión o suma con otra cosa. (RAE)",NO,1 seña,NO,SI,NO,1 seña,Simétrica (tipo I),P,,,,,01346_tambien.mp4
DBLSC,LSC0,1347,TAMPOCO,ADVERBIO,Adverbio para negar algo después de haberse negado otra cosa. (RAE),NO,1 seña,NO,SI,NO,1 seña,Unimanual (tipo 0),P,,,,,01347_tampoco.mp4
DBLSC,LSC0,1348,VOCABULARIO  1,SUSTANTIVO,Conjunto de palabras de un idioma o especialidad. (RAE),NO,1 seña,NO,SI,NO,1 seña,Unimanual en contacto (tipo X),V,,,,,01348_vocabulari.mp4
DBLSC,LSC0,1349,VOCABULARIO  2,SUSTANTIVO,Variante de seña para el repertorio léxico o glosario. (Generada Gemini),SI,2 señas,SI,SI,SI,2 señas,Asimétrica (tipo III),B,V,,,,01349_vocabulari.mp4
DBLSC,LSC0,1350,ALFABETO MANUAL,SUSTANTIVO,Sistema de representación de las letras de un abecedario mediante configuraciones de las manos (dactilología). (Generada Gemini),SI,2 señas,NO,SI,SI,2 señas,Asimétrica (tipo III),Bc,Gl,,,,01350_alfabetoma.mp4
DBLSC,LSC1,1351,ASORVAL,SUSTANTIVO,"Asociación de Sordos del Valle del Cauca, organización representativa de la comunidad sorda regional. (Generada Gemini)",SI,2 señas,SI,SI,SI,2 señas,Compuestas (tipo C),Bl,A,,,,01351_asorval.mp4
DBLSC,LSC0,1352,AUDÍFONO  1,SUSTANTIVO,Dispositivo electrónico que amplifica el sonido para personas con pérdida auditiva. (RAE),NO,1 seña,SI,SI,NO,1 seña,Unimanual en contacto (tipo X),Cb,,,,,01352_audifono1.mp4
DBLSC,LSC0,1353,AUDÍFONO  2,SUSTANTIVO,Variante de seña para el auxiliar auditivo o prótesis de audición. (Generada Gemini),NO,1 seña,SI,SI,NO,1 seña,Simétrica (tipo I),Gl,,,,,01353_audifono2.mp4
DBLSC,LSC0,1354,AUDÍFONO  3,SUSTANTIVO,Variante de seña para auriculares de escucha o audífonos corporales. (Generada Gemini),NO,1 seña,SI,SI,NO,1 seña,Simétrica (tipo I),Pc,,,,,01354_audifono3.mp4
DBLSC,LSC1,1355,AUDIOMETRÍA,SUSTANTIVO,Examen médico especializado que mide el nivel y capacidad de audición de una persona. (RAE),SI,2 señas,NO,SI,SI,2 señas,Semi-simétrica (tipo II),C,Bl,,,,01355_audiometri.mp4
DBLSC,LSC0,1356,COPIAR,VERBO,Escribir lo que dice otro o imitar un modelo. (RAE),NO,1 seña,NO,SI,NO,1 seña,Asimétrica (tipo III),Bl,Qa,Q,,,01356_copiar.mp4
DBLSC,LSC0,1357,FENASCOL,SUSTANTIVO,"Federación Nacional de Sordos de Colombia, ONG que lidera la defensa de derechos de las personas sordas. (Generada Gemini)",NO,1 seña,SI,SI,NO,1 seña,Semi-simétrica (tipo II),Ok,,,,,01357_fenascol.mp4
DBLSC,LSC1,1358,FONOAUDIÓLOGO,SUSTANTIVO,"Profesional de la salud encargado del diagnóstico y rehabilitación de los trastornos de comunicación, voz y audición. (RAE)",SI,2 señas,SI,SI,SI,2 señas,Simétrica (tipo I),,,,,,01358_fonoaudiol.mp4
DBLSC,LSC0,1359,HIPOACÚSICO  1,SUSTANTIVO,Persona que padece una disminución de la capacidad auditiva. (RAE),SI,2 señas,SI,SI,SI,2 señas,Asimétrica (tipo III),P,Bl,,,,01359_hipoacusic.mp4
DBLSC,LSC0,1360,HIPOACÚSICO  2,SUSTANTIVO,Variante de seña para la condición de pérdida auditiva parcial. (Generada Gemini),SI,2 señas,SI,SI,SI,2 señas,Asimétrica (tipo III),L,Tf,P,,,01360_hipoacusic.mp4
DBLSC,LSC0,1361,INSOR,SUSTANTIVO,"Instituto Nacional para Sordos, entidad pública colombiana adscrita al Ministerio de Educación. (Generada Gemini)",NO,1 seña,SI,SI,NO,1 seña,Unimanual en contacto (tipo X),Tc,,,,,01361_insor.mp4
DBLSC,LSC1,1362,INSTITUTO DE CIEGOS Y SORDOS,SUSTANTIVO,Institución o centro especializado en la atención e integración social de personas con discapacidad sensorial. (Generada Gemini),NO,1 seña,NO,SI,NO,1 seña,Unimanual en contacto (tipo X),I,,,,,01362_institutod.mp4
DBLSC,LSC0,1363,INTEGRAR/INTEGRACIÓN,VERBO,Hacer que alguien o algo pase a formar parte de un todo. / Inclusión social. (RAE),NO,1 seña,NO,SI,NO,1 seña,Simétrica (tipo I),J,,,,,01363_integrarin.mp4
DBLSC,LSC0,1364,INTÉRPRETE,SUSTANTIVO,Persona que traduce oralmente o mediante lengua de señas un discurso de un idioma a otro. (RAE),NO,1 seña,NO,SI,NO,1 seña,Asimétrica (tipo III),Bl,H,,,,01364_interprete.mp4
DBLSC,LSC0,1365,LENGUA DE SEÑAS,SUSTANTIVO,Lengua natural de carácter visogestual y espacial utilizada por las comunidades sordas. (Generada Gemini),NO,1 seña,NO,SI,NO,1 seña,Semi-simétrica (tipo II),J,,,,,01365_lenguadese.mp4
DBLSC,LSC0,1366,ORALIZAR,VERBO,Proceso de enseñanza o entrenamiento para la articulación de la voz hablada y lectura labiofacial en personas sordas. (Generada Gemini),NO,1 seña,NO,SI,NO,1 seña,Unimanual (tipo 0),XX,,,,,01366_oralizar.mp4
DBLSC,LSC0,1367,OYENTE,SUSTANTIVO,Persona que tiene la capacidad de oír o percibir sonidos de manera auditiva. (RAE),NO,1 seña,NO,SI,NO,1 seña,Unimanual (tipo 0),Tb,,,,,01367_oyente.mp4
DBLSC,LSC1,1368,SOCIEDAD DE SORDOS DE BOGOTÁ,SUSTANTIVO,Organización gremial y comunitaria de la población sorda en Bogotá. (Generada Gemini),NO,1 seña,SI,SI,NO,1 seña,Semi-simétrica (tipo II),C,,,,,01368_sociedadde.mp4
DBLSC,LSC0,1369,SORDO  1,SUSTANTIVO,Persona que padece una pérdida total o severa de la capacidad auditiva. (RAE),NO,1 seña,NO,SI,NO,1 seña,Unimanual en contacto (tipo X),P,,,,,01369_sordo1.mp4
DBLSC,LSC0,1370,SORDO  2,SUSTANTIVO,Variante de la seña para denominar a la persona integrante de la comunidad sorda. (Generada Gemini),SI,2 señas,NO,SI,SI,2 señas,Unimanual en contacto (tipo X),D,Q,,,,01370_sordo2.mp4
DBLSC,LSC0,1371,SORDO CIEGO  1,SUSTANTIVO,Persona que presenta una condición combinada de sordoceguera (pérdida auditiva y visual). (Generada Gemini),SI,2 señas,NO,SI,SI,2 señas,Unimanual en contacto (tipo X),P,XX,,,,01371_sordociego.mp4
DBLSC,LSC0,1372,SORDO CIEGO  2,SUSTANTIVO,Variante de seña para la condición o persona con sordoceguera. (Generada Gemini),NO,1 seña,NO,SI,NO,1 seña,Semi-simétrica (tipo II),Ql,B,,,,01372_sordociego.mp4
DBLSC,LSC0,1373,TELÉFONO DE TEXTO,SUSTANTIVO,Dispositivo de comunicación telefónica adaptado con teclado y pantalla para personas sordas (TTY). (Generada Gemini),SI,2 señas,NO,SI,SI,2 señas,Compuestas (tipo C),Be,Al,Af,,,01373_telefonode.mp4
DBLSC,LSC0,1374,BIEN,ADVERBIO,"De manera adecuada, conveniente, acertada o próspera. (RAE)",NO,1 seña,NO,SI,NO,1 seña,Unimanual (tipo 0),A,,,,,01374_bien.mp4
DBLSC,LSC0,1375,CUIDADO,SUSTANTIVO,"Atención, advertencia o precaución al hacer algo. (RAE)",NO,1 seña,NO,SI,NO,1 seña,Simétrica (tipo I),V,,,,,01375_cuidado.mp4
DBLSC,LSC0,1376,DESPACIO,ADVERBIO,"Poco a poco, con lentitud o espacio. (RAE)",NO,1 seña,NO,SI,NO,1 seña,Simétrica (tipo I),J,,,,,01376_despacio.mp4
DBLSC,LSC1,1377,HOMICIDIO  1,SUSTANTIVO,Delito consistente en matar a una persona. (RAE),NO,1 seña,SI,SI,NO,1 seña,Asimétrica (tipo III),B,Xt,,,,01377_homicidio1.mp4
DBLSC,LSC1,1378,HOMICIDIO  2,SUSTANTIVO,Variante de seña para asesinato o crimen de homicidio. (Generada Gemini),NO,1 seña,SI,SI,NO,1 seña,Asimétrica (tipo III),Bl,S,,,,01378_homicidio2.mp4
DBLSC,LSC1,1379,HOMICIDIO  3,SUSTANTIVO,Variante de seña para la acción de causar la muerte a una persona. (Generada Gemini),NO,1 seña,SI,SI,NO,1 seña,Asimétrica (tipo III),S,,,,,01379_homicidio3.mp4
DBLSC,LSC0,1380,DIFÍCIL  1,ADJETIVO,"Que requiere gran esfuerzo, habilidad o trabajo para realizarse o entenderse. (RAE)",NO,1 seña,SI,SI,NO,1 seña,Unimanual en contacto (tipo X),P,Xe,,,,01380_dificil1.mp4
DBLSC,LSC0,1381,DIFÍCIL  2,ADJETIVO,Variante de seña para calificar algo como complejo o arduo. (Generada Gemini),NO,1 seña,SI,SI,NO,1 seña,Semi-simétrica (tipo II),XX,,,,,01381_dificil2.mp4
DBLSC,LSC0,1382,FÁCIL  1,ADJETIVO,"Que no requiere gran esfuerzo, habilidad o capacidad para lograrse o entenderse. (RAE)",NO,1 seña,SI,SI,NO,1 seña,Unimanual en contacto (tipo X),Xt,A,,,,01382_facil1.mp4
DBLSC,LSC0,1383,FÁCIL  2,ADJETIVO,Variante de seña para indicar sencillez o facilidad. (Generada Gemini),NO,1 seña,SI,SI,NO,1 seña,Semi-simétrica (tipo II),Ql,,,,,01383_facil2.mp4
DBLSC,LSC0,1384,IMPORTANTE,ADJETIVO,"Que tiene entidad, trascendencia o gran valor. (RAE)",NO,1 seña,NO,SI,NO,1 seña,Simétrica (tipo I),Ok,,,,,01384_importante.mp4
DBLSC,LSC0,1385,IMPOSIBLE,ADJETIVO,"Que no es posible, que no se puede hacer o que no puede ocurrir. (RAE)",NO,1 seña,NO,SI,NO,1 seña,Simétrica (tipo I),S,,,,,01385_imposible.mp4
DBLSC,LSC0,1386,MAL,ADVERBIO,"De manera contraria a lo bueno, a la razón o a lo deseable. (RAE)",NO,1 seña,NO,SI,NO,1 seña,Unimanual (tipo 0),A,,,,,01386_mal.mp4
DBLSC,LSC0,1387,MEJOR,ADJETIVO,Superior o preferible a otra cosa en calidad u oportunidad. (RAE),NO,1 seña,NO,SI,NO,1 seña,Unimanual en contacto (tipo X),Bl,A,,,,01387_mejor.mp4
DBLSC,LSC0,1388,MISMO  1,ADJETIVO,"Idéntico, exactamente igual que otro o que lo antes dicho. (RAE)",NO,1 seña,NO,SI,NO,1 seña,Asimétrica (tipo III),Bl,Y,,,,01388_mismo1.mp4
DBLSC,LSC0,1389,MISMO  2,ADJETIVO,"Variante de seña para igualdad, identidad o coincidencia. (Generada Gemini)",NO,1 seña,SI,SI,NO,1 seña,Simétrica (tipo I),P,,,,,01389_mismo2.mp4
DBLSC,LSC0,1390,NORMAL  1,ADJETIVO,Que se halla en su estado natural o es habitual y ordinario. (RAE),NO,1 seña,SI,SI,NO,1 seña,Simétrica (tipo I),Ok,,,,,01390_normal1.mp4
DBLSC,LSC0,1391,NORMAL  2,ADJETIVO,Variante de seña para la condición de normalidad o cotidianeidad. (Generada Gemini),NO,1 seña,SI,SI,NO,1 seña,Asimétrica (tipo III),B,H,,,,01391_normal2.mp4
DBLSC,LSC0,1392,PEOR,ADJETIVO,"Más malo, o de inferior calidad que otra cosa. (RAE)",NO,1 seña,NO,SI,NO,1 seña,Unimanual en contacto (tipo X),A,,,,,01392_peor.mp4
DBLSC,LSC0,1393,URGENTE,ADJETIVO,Que precisa de pronta o inmediata atención o solución. (RAE),NO,1 seña,NO,SI,NO,1 seña,Asimétrica (tipo III),Bl,N,,,,01393_urgente.mp4
DBLSC,LSC0,1394,¿CÓMO SABER?,ADJETIVO,"Interrogación que indaga sobre la forma, método o medio para enterarse de algo. (Generada Gemini)",NO,1 seña,SI,SI,NO,1 seña,Unimanual en contacto (tipo X),U,,,,,01394_comosaber.mp4
DBLSC,LSC0,1395,¿CÓMO?,ADJETIVO,Pronombre o adverbio interrogativo que pregunta sobre el modo o manera. (RAE),NO,1 seña,NO,SI,NO,1 seña,Simétrica (tipo I),J,,,,,01395_como.mp4
DBLSC,LSC0,1396,¿CUÁL DE LOS DOS?,ADJETIVO,Pregunta que solicita la selección o elección entre dos opciones determinadas. (Generada Gemini),NO,1 seña,NO,SI,NO,1 seña,Semi-simétrica (tipo II),V,,,,,01396_cualdelosd.mp4
DBLSC,LSC0,1397,¿CUÁL?,ADJETIVO,Pronombre interrogativo para elegir o identificar un elemento de un grupo. (RAE),NO,1 seña,NO,SI,NO,1 seña,Semi-simétrica (tipo II),A,,,,,01397_cual.mp4
DBLSC,LSC0,1398,¿CUÁNDO?,ADJETIVO,Adverbio interrogativo que pregunta sobre el momento o tiempo en que ocurre algo. (RAE),NO,1 seña,NO,SI,NO,1 seña,Unimanual en contacto (tipo X),Bl,,,,,01398_cuando.mp4
DBLSC,LSC0,1399,¿CUÁNTO?,ADJETIVO,"Pronombre o adverbio interrogativo que pregunta por número, cantidad o grado. (RAE)",NO,1 seña,NO,SI,NO,1 seña,Simétrica (tipo I),O,J,,,,01399_cuanto.mp4
DBLSC,LSC0,1400,¿DÓNDE?,ADJETIVO,Adverbio interrogativo que pregunta por el lugar o ubicación de algo. (RAE),NO,1 seña,NO,SI,NO,1 seña,Simétrica (tipo I),J,,,,,01400_donde.mp4
DBLSC,LSC0,1401,¿PARA QUÉ?,ADJETIVO,"Expresión interrogativa que indaga sobre el propósito, finalidad o utilidad de una acción. (Generada Gemini)",NO,1 seña,NO,SI,NO,1 seña,Simétrica (tipo I),Q,,,,,01401_paraque.mp4
DBLSC,LSC0,1402,¿POR QUÉ?,ADJETIVO,"Expresión interrogativa que indaga sobre la causa, razón o motivo de algo. (RAE)",NO,1 seña,NO,SI,NO,1 seña,Unimanual en contacto (tipo X),N,Gl,,,,01402_porque.mp4
DBLSC,LSC0,1403,¿QUÉ ES ESO?,ADJETIVO,Pregunta que solicita la identificación o definición de un objeto o asunto cercano. (Generada Gemini),NO,1 seña,NO,SI,NO,1 seña,Unimanual (tipo 0),P,,,,,01403_queeseso.mp4
DBLSC,LSC0,1404,¿QUÉ?,ADJETIVO,"Pronombre interrogativo que pregunta por la naturaleza, identidad o definición de una cosa. (RAE)",NO,1 seña,NO,SI,NO,1 seña,Asimétrica (tipo III),Bl,P,,,,01404_que.mp4
DBLSC,LSC0,1405,¿QUÉ LE PASA?,ADJETIVO,Expresión interrogativa que indaga sobre el estado o molestia que padece una persona. (Generada Gemini),SI,2 señas,NO,SI,SI,2 señas,Compuestas (tipo C),Y,Bl,,,,01405_quelepasa.mp4
DBLSC,LSC0,1406,¿QUÉ PASÓ?,ADJETIVO,Pregunta que solicita información sobre la ocurrencia de un suceso recienteme. (Generada Gemini),NO,1 seña,NO,SI,NO,1 seña,Unimanual en contacto (tipo X),Y,,,,,01406_quepaso.mp4
DBLSC,LSC0,1407,¿QUIÉN?,ADJETIVO,Pronombre interrogativo que pregunta por la identidad de una persona. (RAE),NO,1 seña,NO,SI,NO,1 seña,Unimanual en contacto (tipo X),Be,,,,,01407_quien.mp4
DBLSC,LSC0,1408,AGRADECER-1,VERBO,Dar las gracias o mostrar gratitud por un beneficio recibido. (RAE),NO,1 seña,NO,SI,NO,1 seña,Unimanual en contacto (tipo X),Bl,,,,,01408_agradecer1.mp4
DBLSC,LSC0,1409,AGRADECER-2,VERBO,Variante de seña para dar las gracias o manifestar agradecimiento. (Generada Gemini),NO,1 seña,NO,SI,NO,1 seña,Semi-simétrica (tipo II),Bl,,,,,01409_agradecer2.mp4
DBLSC,LSC0,1410,BIENVENIDO,ADJETIVO,Fórmula de cortesía para expresar complacencia por la llegada de alguien. (RAE),SI,2 señas,NO,SI,SI,2 señas,Simétrica (tipo I),Bl,,,,,01410_bienvenido.mp4
DBLSC,LSC0,1411,BUENAS NOCHES,ADJETIVO,Saludo o despedida cortesana que se utiliza al anochecer o por la noche. (RAE),SI,2 señas,NO,SI,SI,2 señas,Compuestas (tipo C),Bl,Bc,Qa,,,01411_buenasnoch.mp4
DBLSC,LSC0,1412,BUENAS TARDES,ADJETIVO,Saludo de cortesía que se utiliza desde el mediodía hasta el anochecer. (RAE),SI,2 señas,NO,SI,SI,2 señas,Semi-simétrica (tipo II),Bl,,,,,01412_buenastard.mp4
DBLSC,LSC0,1413,BUENOS DÍAS,ADJETIVO,Saludo de cortesía utilizado durante las primeras horas de la mañana. (RAE),SI,2 señas,NO,SI,SI,2 señas,Compuestas (tipo C),Bl,O,J,,,01413_buenosdias.mp4
DBLSC,LSC0,1414,¿CÓMO ESTÁ?,ADJETIVO,Fórmula interrogativa de cortesía para preguntar por la salud o estado de alguien. (Generada Gemini),SI,2 señas,NO,SI,SI,2 señas,Compuestas (tipo C),J,P,,,,01414_comoestas.mp4
DBLSC,LSC0,1415,CON MUCHO GUSTO,ADJETIVO,Expresión de amabilidad para ofrecer ayuda o responder a un agradecimiento. (Generada Gemini),NO,1 seña,NO,SI,NO,1 seña,Unimanual en contacto (tipo X),Bl,,,,,01415_conmuchogu.mp4
DBLSC,LSC0,1416,DE NADA,ADJETIVO,Fórmula de cortesía con la que se responde a quien da las gracias. (RAE),NO,1 seña,NO,SI,NO,1 seña,Unimanual (tipo 0),Oks,,,,,01416_denada.mp4
DBLSC,LSC0,1417,DECIR ADIÓS,VERBO,Acción de despedirse de alguien mediante palabras o señas. (Generada Gemini),NO,1 seña,NO,SI,NO,1 seña,Unimanual (tipo 0),J,,,,,01417_deciradios.mp4
DBLSC,LSC0,1418,DECIR HOLA  1,VERBO,Fórmula de saludo común utilizada al encontrarse con alguien. (RAE),NO,1 seña,NO,SI,NO,1 seña,Unimanual en contacto (tipo X),Bl,,,,,01418_decirhola1.mp4
DBLSC,LSC0,1419,DECIR HOLA  2,VERBO,Variante gestual o de seña para saludar a una persona. (Generada Gemini),NO,1 seña,NO,SI,NO,1 seña,Unimanual en contacto (tipo X),H,,,,,01419_decirhola2.mp4
DBLSC,LSC0,1420,FELICITAR,VERBO,Manifestar a alguien la enhorabuena por un acontecimiento dichoso. (RAE),,,NO,SI,SI,2 señas,Compuestas (tipo C),Bl,J,,,,01420_felicitar.mp4
DBLSC,LSC0,1421,LO SIENTO,VERBO,"Expresión de condolencia, disculpa o lamento por un contratiempo. (RAE)",NO,1 seña,NO,SI,NO,1 seña,Unimanual en contacto (tipo X),Bl,,,,,01421_losiento.mp4
DBLSC,LSC0,1422,LO  SIENTO  2,VERBO,Variante de seña para manifestar disculpa o pesar. (Generada Gemini),NO,1 seña,NO,SI,NO,1 seña,Unimanual en contacto (tipo X),A,,,,,01422_losiento2.mp4
DBLSC,LSC0,1423,NO IMPORTA,VERBO,Expresión para restar relevancia o minimizar la gravedad de un asunto. (Generada Gemini),NO,1 seña,NO,SI,NO,1 seña,Semi-simétrica (tipo II),Bl,,,,,01423_noimporta.mp4
DBLSC,LSC0,1424,PEDIR PERDÓN,VERBO,Solicitar la absolución o disculpa por una falta o falta cometida. (Generada Gemini),NO,1 seña,NO,SI,NO,1 seña,Asimétrica (tipo III),Bl,Ql,,,,01424_pedirperdo.mp4
DBLSC,LSC0,1425,POR FAVOR  1,ADVERBIO,Fórmula de cortesía utilizada para pedir o solicitar algo educadamente. (RAE),NO,1 seña,NO,SI,NO,1 seña,Unimanual en contacto (tipo X),S,,,,,01425_porfavor1.mp4
DBLSC,LSC0,1426,POR FAVOR  2,ADVERBIO,Variante de seña para la solicitud cortés o por favor. (Generada Gemini),NO,1 seña,NO,SI,NO,1 seña,Unimanual en contacto (tipo X),Ql,,,,,01426_porfavor2.mp4
DBLSC,LSC0,1427,ÁRBOL,SUSTANTIVO,Planta leñosa con tronco propio y elevado que se ramifica a cierta altura. (RAE),NO,1 seña,NO,SI,NO,1 seña,Asimétrica (tipo III),Bl,J,,,,01427_arbol.mp4
DBLSC,LSC0,1428,PRESENTAR A,VERBO,Dar a conocer una persona a otra formalmente. (RAE),NO,1 seña,NO,SI,NO,1 seña,Asimétrica (tipo III),Bl,P,,,,01428_presentara.mp4
DBLSC,LSC0,1429,ARCO IRIS,SUSTANTIVO,Fenómeno óptico y meteorológico que presenta un arco de bandas cromáticas en el cielo. (RAE),SI,2 señas,NO,SI,SI,2 señas,Compuestas (tipo C),J,Je,,,,01429_arcoiris.mp4
UEB,LSC0,1430,ARCO IRIS 2,SUSTANTIVO,Variante de seña para la representación del arcoíris. (Generada Gemini),SI,2 señas,NO,SI,SI,2 señas,Asimétrica (tipo III),Bl,J,Je,,,01430_arcoiris2.mp4
DBLSC,LSC0,1431,CAMPESINO,SUSTANTIVO,Persona que vive y trabaja habitualmente en el campo. (RAE),SI,3 señas,NO,SI,SI,3 señas,Compuestas (tipo C),J,Bl,XX,,,01431_campesino.mp4
DBLSC,LSC0,1432,CAMPO,SUSTANTIVO,"Terreno extenso fuera de poblado, dedicado al cultivo o al ganado. (RAE)",SI,2 señas,NO,SI,SI,2 señas,Compuestas (tipo C),J,J,,,,01432_campo.mp4
DBLSC,LSC0,1433,ESTRELLA,SUSTANTIVO,Cuerpo celeste brillante que emite luz propia en el firmamento. (RAE),NO,1 seña,NO,SI,NO,1 seña,Compuestas (tipo C),Lc,Pc,,,,01433_estrella.mp4
DBLSC,LSC0,1434,FINCA,SUSTANTIVO,Propiedad inmueble rústica o urbana en el campo. (RAE),NO,1 seña,SI,SI,NO,1 seña,Unimanual en contacto (tipo X),J,,,,,01434_finca.mp4
UEB,LSC0,1435,FINCA 2,SUSTANTIVO,Variante de seña para predio o heredad de campo. (Generada Gemini),NO,1 seña,SI,SI,NO,1 seña,Unimanual en contacto (tipo X),L,,,,,01435_finca2.mp4
DBLSC,LSC0,1436,FLOR,SUSTANTIVO,"Estructura reproductiva característica de las plantas espermatofitas, vistosa y de colores. (RAE)",NO,1 seña,NO,SI,NO,1 seña,Asimétrica (tipo III),C,Q,Jc,,,01436_flor.mp4
DBLSC,LSC0,1437,HOJA PLANTA,SUSTANTIVO,"Órgano de las plantas, generalmente verde y aplanado, brotado del tallo. (RAE)",NO,1 seña,NO,SI,NO,1 seña,Asimétrica (tipo III),P,Pc,Lc,Pc,,01437_hojaplanta.mp4
DBLSC,LSC0,1438,LLUVIA,SUSTANTIVO,Precipitación de gotas de agua que caen de las nubes. (RAE),NO,1 seña,NO,SI,NO,1 seña,Unimanual (tipo 0),Gl,,,,,01438_lluvia.mp4
DBLSC,LSC0,1439,LUNA,SUSTANTIVO,Satelite natural de la Tierra que gira a su alrededor. (RAE),NO,1 seña,NO,SI,NO,1 seña,Asimétrica (tipo III),Lc,Pc,,,,01439_luna.mp4
DBLSC,LSC0,1440,MAR ,SUSTANTIVO,Masa de agua salada que cubre la mayor parte de la superficie terrestre. (RAE),SI,2 señas,NO,SI,SI,2 señas,Unimanual en contacto (tipo X),A,J,Bl,,,01440_mar.mp4
DBLSC,LSC0,1441,MONTAÑA,SUSTANTIVO,Gran elevación natural del terreno. (RAE),NO,1 seña,NO,SI,NO,1 seña,Unimanual (tipo 0),J,,,,,01441_montaña.mp4
DBLSC,LSC0,1442,NUBE,SUSTANTIVO,Masa de vapor de agua suspendida en la atmósfera. (RAE),NO,1 seña,NO,SI,NO,1 seña,Simétrica (tipo I),Jb,Jb,,,,01442_nube.mp4
DBLSC,LSC1,1443,PETRÓLEO,SUSTANTIVO,Líquido oleoso e inflamable de origen fósil y color oscuro. (RAE),NO,1 seña,NO,SI,NO,1 seña,Unimanual (tipo 0),Xe,A,,,,01443_petroleo.mp4
DBLSC,LSC0,1444,PIEDRA,SUSTANTIVO,Sustancia mineral dura y compacta que forma las rocas. (RAE),SI,2 señas,NO,SI,SI,2 señas,Unimanual en contacto (tipo X),Xe,Al,,,,01444_piedra.mp4
DBLSC,LSC0,1445,PLAYA,SUSTANTIVO,"Ribera del mar o de un río grande, formada por arenales o pedregales. (RAE)",SI,2 señas,NO,SI,SI,2 señas,Unimanual (tipo 0),Bl,J,,,,01445_playa.mp4
UEB,LSC0,1446,PLAYA 2,SUSTANTIVO,Variante de seña para la zona costera o ribera de playa. (Generada Gemini),SI,2 señas,NO,SI,SI,2 señas,Unimanual (tipo 0),J,J,,,,01446_playa2.mp4
DBLSC,LSC0,1447,RÍO,SUSTANTIVO,Corriente natural de agua que fluye continuamente y desemboca en otra o en el mar. (RAE),NO,1 seña,NO,SI,NO,1 seña,Simétrica (tipo I),R,R,,,,01447_rio.mp4
UEB,LSC0,1448,RÍO 2,SUSTANTIVO,Variante de seña para el cauce o corriente fluyente de río. (Generada Gemini),NO,1 seña,NO,SI,NO,1 seña,Simétrica (tipo I),Bl,Bl,,,,01448_rio2.mp4
DBLSC,LSC1,1449,SEMBRAR  1,VERBO,Esparcir o plantar semillas en la tierra para que germinen y den fruto. (RAE),NO,1 seña,NO,SI,NO,1 seña,Unimanual (tipo 0),Xf,,,,,01449_sembrar1.mp4
DBLSC,LSC1,1450,SEMBRAR  2,VERBO,Variante de seña para la acción de cultivar o plantar semillas. (Generada Gemini),NO,1 seña,NO,SI,NO,1 seña,Asimétrica (tipo III),Tb,O,,,,01450_sembrar2.mp4
DBLSC,LSC0,1451,SOL,SUSTANTIVO,Estrella central del sistema solar alrededor de la cual gira la Tierra. (RAE),NO,1 seña,NO,SI,NO,1 seña,Unimanual (tipo 0),Q,J,,,,01451_sol.mp4
DBLSC,LSC0,1452,VIENTO,SUSTANTIVO,Corriente de aire producida en la atmósfera por causas naturales. (RAE),NO,1 seña,NO,SI,NO,1 seña,Simétrica (tipo I),J,J,,,,01452_viento.mp4
DBLSC,LSC1,1453,ACUARIO,SUSTANTIVO,Depósito de agua donde se conservan vivos animales o plantas acuáticas. (RAE),SI,2 señas,NO,SI,SI,2 señas,Simétrica (tipo I),Bl,Bl,B,Bl,,01453_acuario.mp4
DBLSC,LSC0,1454,ANIMAL,SUSTANTIVO,Ser vivo orgánico que se mueve por su propia voluntad y siente. (RAE),NO,1 seña,NO,SI,NO,1 seña,Simétrica (tipo I),G,G,,,,01454_animal.mp4
DBLSC,LSC1,1455,CÓNDOR,SUSTANTIVO,Ave rapaz de gran tamaño que habita en las altas montañas de los Andes. (RAE),SI,2 señas,NO,SI,SI,2 señas,Unimanual en contacto (tipo X),C,Bl,Bl,,,01455_condor.mp4
UEB,LSC1,1456,CÓNDOR 2,SUSTANTIVO,Variante de seña para el ave rapaz andina (cóndor). (Generada Gemini),SI,4 señas o más,NO,SI,SI,4 señas o más,Simétrica (tipo I),Vc,Vc,C,Xe,Vc,01456_condor2.mp4
DBLSC,LSC1,1457,DELFÍN  1,SUSTANTIVO,"Mamífero cetáceo piscívoro, muy inteligente, que vive en los mares. (RAE)",NO,1 seña,NO,SI,NO,1 seña,Unimanual (tipo 0),B,,,,,01457_delfin1.mp4
DBLSC,LSC1,1458,DELFÍN  2,SUSTANTIVO,Variante de seña para el delfín. (Generada Gemini),NO,1 seña,SI,SI,NO,1 seña,Unimanual en contacto (tipo X),B,,,,,01458_delfin2.mp4
DBLSC,LSC1,1459,JAULA,SUSTANTIVO,Caja o estructura de barrotes para encerrar animales. (RAE),SI,2 señas,NO,SI,SI,2 señas,Semi-simétrica (tipo II),Je,Je,Lc,,,01459_jaula.mp4
DBLSC,LSC1,1460,MARIPOSA  1,SUSTANTIVO,Insecto con cuatro alas vistosas de colores brillantes. (RAE),NO,1 seña,NO,SI,NO,1 seña,Simétrica (tipo I),Bl,Bl,,,,01460_mariposa1.mp4
DBLSC,LSC1,1461,MARIPOSA  2,SUSTANTIVO,Variante de seña para el insecto lepidóptero (mariposa). (Generada Gemini),NO,1 seña,NO,SI,NO,1 seña,Simétrica (tipo I),Bl,Bl,,,,01461_mariposa2.mp4
DBLSC,LSC1,1462,MOSCA  1,SUSTANTIVO,Insecto díptero de cuerpo negro y alas transparentes. (RAE),NO,1 seña,NO,SI,NO,1 seña,Unimanual (tipo 0),Ob,,,,,01462_mosca1.mp4
DBLSC,LSC1,1463,MOSCA  2,SUSTANTIVO,Variante de seña para la mosca. (Generada Gemini),NO,1 seña,NO,SI,NO,1 seña,Unimanual (tipo 0),Ok,,,,,01463_mosca2.mp4
DBLSC,LSC1,1464,NIDO,SUSTANTIVO,Lecho o cavidad que construyen las aves para poner sus huevos y criar los polluelos. (RAE),SI,2 señas,NO,SI,SI,2 señas,Simétrica (tipo I),G,G,Lc,,,01464_nido.mp4
UEB,LSC1,1465,NIDO 2,SUSTANTIVO,Variante de seña para la estructura o refugio de aves (nido). (Generada Gemini),SI,2 señas,NO,SI,SI,2 señas,Simétrica (tipo I),G,G,Lc,,,01465_nido2.mp4
DBLSC,LSC1,1466,OVEJA,SUSTANTIVO,Mamífero rumiante de lana apreciada y carne comestible. (RAE),NO,1 seña,NO,SI,NO,1 seña,Unimanual en contacto (tipo X),V,A,,,,01466_oveja.mp4
UEB,LSC1,1467,OVEJA 2,SUSTANTIVO,Variante de seña para la oveja. (Generada Gemini),NO,1 seña,NO,SI,NO,1 seña,Unimanual en contacto (tipo X),V,A,,,,01467_oveja2.mp4
DBLSC,LSC1,1468,PÁJARO,SUSTANTIVO,"Ave de pequeño tamaño, especialmente las cantoras. (RAE)",SI,2 señas,NO,SI,SI,2 señas,Unimanual en contacto (tipo X),Lc,Bl,Bl,,,01468_pajaro.mp4
DBLSC,LSC1,1469,ÁFRICA,SUSTANTIVO,Tercer continente más extenso del planeta. (RAE),SI,2 señas,NO,SI,SI,2 señas,Unimanual en contacto (tipo X),A,Qa,,,,01469_africa.mp4
UEB,LSC1,1470,ÁFRICA 2,SUSTANTIVO,Variante de seña para el continente africano. (Generada Gemini),NO,1 seña,NO,SI,NO,1 seña,Unimanual (tipo 0),Qa,,,,,01470_africa2.mp4
UEB,LSC1,1471,ÁFRICA 3,SUSTANTIVO,Variante morfológica de seña para África. (Generada Gemini),NO,1 seña,NO,SI,NO,1 seña,Unimanual en contacto (tipo X),A,,,,,01471_africa3.mp4
UEB,LSC1,1472,ÁFRICA 4,SUSTANTIVO,Variante léxica para referirse al continente africano. (Generada Gemini),SI,2 señas,NO,SI,SI,2 señas,Asimétrica (tipo III),B,,,,,01472_africa3.mp4
DBLSC,LSC1,1473,AMÉRICA,SUSTANTIVO,Continente que se extiende desde el océano Glacial Ártico hasta el cabo de Hornos. (RAE),NO,1 seña,NO,SI,NO,1 seña,Semi-simétrica (tipo II),Bl,Bl,,,,01473_america.mp4
DBLSC,LSC1,1474,ASIA,SUSTANTIVO,Continente más grande y poblado de la Tierra. (RAE),NO,1 seña,NO,SI,NO,1 seña,Unimanual en contacto (tipo X),A,,,,,01474_asia.mp4
UEB,LSC1,1475,ASIA 2,SUSTANTIVO,Variante de seña para el continente asiático. (Generada Gemini),NO,1 seña,NO,SI,NO,1 seña,Unimanual en contacto (tipo X),A,,,,,01475_asia2.mp4
DBLSC,LSC1,1476,AUSTRALIA,SUSTANTIVO,País soberano de Oceanía que ocupa la masa continental australiana. (RAE),NO,1 seña,NO,SI,NO,1 seña,Simétrica (tipo I),N,N,,,,01476_australia.mp4
DBLSC,LSC1,1477,BARRANQUILLA,SUSTANTIVO,Ciudad y puerto importante de la costa caribe colombiana. (Generada Gemini),NO,1 seña,NO,SI,NO,1 seña,Unimanual (tipo 0),Bc,,,,,01477_barranquil.mp4
DBLSC,LSC1,1478,BOGOTÁ,SUSTANTIVO,Capital de la República de Colombia. (RAE),NO,1 seña,NO,SI,NO,1 seña,Simétrica (tipo I),S,S,,,,01478_bogota.mp4
DBLSC,LSC1,1479,BRASIL,SUSTANTIVO,"País soberano de América del Sur, el más extenso de la región. (RAE)",NO,1 seña,NO,SI,NO,1 seña,Unimanual (tipo 0),Bc,,,,,01479_brasil.mp4
DBLSC,LSC1,1480,CALI  1,SUSTANTIVO,"Ciudad colombiana, capital del departamento del Valle del Cauca. (Generada Gemini)",NO,1 seña,NO,SI,NO,1 seña,Unimanual en contacto (tipo X),C,Y,,,,01480_cali.mp4
DBLSC,LSC1,1481,CALI  2,SUSTANTIVO,Variante de seña para la ciudad de Cali. (Generada Gemini),SI,2 señas,NO,SI,SI,2 señas,Unimanual (tipo 0),C,A,L,I,,01481_cali2.mp4
DBLSC,LSC1,1482,CARTAGENA,SUSTANTIVO,Ciudad y distrito turístico e histórico de Colombia sobre el mar Caribe. (Generada Gemini),SI,2 señas,NO,SI,SI,2 señas,Unimanual en contacto (tipo X),Cb,J,,,,01482_cartagena.mp4
DBLSC,LSC1,1483,ESPAÑA,SUSTANTIVO,"País soberano del suroeste de Europa, en la península ibérica. (RAE)",NO,1 seña,NO,SI,NO,1 seña,Unimanual en contacto (tipo X),Xf,,,,,01483_españa.mp4
DBLSC,LSC1,1484,ESTADOS UNIDOS,SUSTANTIVO,País soberano de América del Norte constituido en república federal. (RAE),NO,1 seña,NO,SI,NO,1 seña,Simétrica (tipo I),J,J,,,,01484_estadosuni.mp4
UEB,LSC1,1485,ESTADOS UNIDOS 2,SUSTANTIVO,Variante de seña para Estados Unidos. (Generada Gemini),NO,1 seña,NO,SI,NO,1 seña,Unimanual en contacto (tipo X),U,,,,,01485_estadosuni.mp4
UEB,LSC1,1486,ESTADOS UNIDOS 3,SUSTANTIVO,Variante morfológica de seña para Estados Unidos. (Generada Gemini),SI,2 señas,NO,SI,SI,2 señas,Unimanual en contacto (tipo X),U,J,J,,,01486_estadosuni.mp4
DBLSC,LSC1,1487,EUROPA,SUSTANTIVO,"Continente situado en el hemisferio norte, al oeste de Asia. (RAE)",NO,1 seña,NO,SI,NO,1 seña,Unimanual (tipo 0),G,,,,,01487_europa.mp4
UEB,LSC1,1488,EUROPA 2,SUSTANTIVO,Variante de seña para el continente europeo. (Generada Gemini),SI,2 señas,NO,SI,SI,2 señas,Unimanual (tipo 0),G,J,,,,01488_europa2.mp4
DBLSC,LSC1,1489,MEDELLÍN,SUSTANTIVO,"Ciudad colombiana, capital del departamento de Antioquia. (Generada Gemini)",NO,1 seña,NO,SI,NO,1 seña,Unimanual en contacto (tipo X),Be,,,,,01489_medellin.mp4
DBLSC,LSC0,1490,MUNDO,SUSTANTIVO,"Conjunto de todas las cosas creadas, la Tierra o el género humano. (RAE)",NO,1 seña,NO,SI,NO,1 seña,Asimétrica (tipo III),W,W,,,,01490_mundo1.mp4
UEB,LSC0,1491,MUNDO 2,SUSTANTIVO,Variante de seña para el planeta o globo terráqueo. (Generada Gemini),NO,1 seña,NO,SI,NO,1 seña,Simétrica (tipo I),J,J,,,,01491_mundo2.mp4
DBLSC,LSC1,1492,PANAMÁ,SUSTANTIVO,País soberano situado en el istmo que une América Central y del Sur. (RAE),NO,1 seña,NO,SI,NO,1 seña,Simétrica (tipo I),B,B,,,,01492_panama.mp4
DBLSC,LSC1,1493,PERÚ,SUSTANTIVO,País soberano de América del Sur situado en la parte occidental. (RAE),NO,1 seña,NO,SI,NO,1 seña,Unimanual en contacto (tipo X),V,,,,,01493_peru.mp4
DBLSC,LSC1,1494,VENEZUELA,SUSTANTIVO,País soberano de América del Sur con costa en el mar Caribe. (RAE),NO,1 seña,NO,SI,NO,1 seña,Unimanual en contacto (tipo X),V,,,,,01494_venezuela1.mp4
UEB,LSC1,1495,VENEZUELA 2,SUSTANTIVO,Variante de seña para Venezuela. (Generada Gemini),NO,1 seña,NO,SI,NO,1 seña,Unimanual en contacto (tipo X),V,,,,,01495_venezuela2.mp4
DBLSC,LSC0,1496,ALTO,ADJETIVO,Que tiene una altura superior a la media o a lo normal. (RAE),NO,1 seña,NO,SI,NO,1 seña,Unimanual (tipo 0),J,,,,,01496_alto1.mp4
UEB,LSC0,1497,ALTO 2,ADJETIVO,Variante de seña para expresar estatura o elevación física. (Generada Gemini),NO,1 seña,NO,SI,NO,1 seña,Unimanual (tipo 0),Cf,,,,,01497_alto2.mp4
DBLSC,LSC0,1498,ANGOSTO,ADJETIVO,Estrecho o reducido en anchura. (RAE),NO,1 seña,NO,SI,NO,1 seña,Simétrica (tipo I),B,B,,,,01498_angosto.mp4
DBLSC,LSC0,1499,BUENO ,ADJETIVO,"Que tiene bondad, calidad superior o utilidad deseable. (RAE)",NO,1 seña,NO,SI,NO,1 seña,Semi-simétrica (tipo II),Bl,Bl,,,,01499_bueno1.mp4
UEB,LSC0,1500,BUENO 2,ADJETIVO,"Variante de seña para expresar calidad, bondad o aprobación. (Generada Gemini)",NO,1 seña,NO,SI,NO,1 seña,Unimanual (tipo 0),A,,,,,01500_bueno2.mp4
UEB,LSC0,1501,BUENO 3,ADJETIVO,Variante de seña para señalar algo positivo o adecuado. (Generada Gemini),NO,1 seña,NO,SI,NO,1 seña,Simétrica (tipo I),J,J,,,,01501_bueno3.mp4
DBLSC,LSC0,1502,CORTO,ADJETIVO,De poca longitud o duración. (RAE),NO,1 seña,NO,SI,NO,1 seña,Semi-simétrica (tipo II),P,P,,,,01502_corto1.mp4
UEB,LSC0,1503,CORTO 2,ADJETIVO,Variante de seña para indicar dimensión breve o de escasa longitud. (Generada Gemini),NO,1 seña,NO,SI,NO,1 seña,Semi-simétrica (tipo II),P,P,,,,01503_corto2.mp4
DBLSC,LSC0,1504,COSA,SUSTANTIVO,"Entidad inanimada, objeto u asunto abstracto o concreto. (RAE)",NO,1 seña,NO,SI,NO,1 seña,Simétrica (tipo I),J,J,,,,01504_cosa.mp4
DBLSC,LSC0,1505,DAÑADO,ADJETIVO,"Deteriorado, estropeado o en mal estado. (RAE)",NO,1 seña,NO,SI,NO,1 seña,Simétrica (tipo I),S,S,,,,01505_dañado.mp4
DBLSC,LSC0,1506,FINO,ADJETIVO,"Delicado, de buena calidad, delgado o de textura suave. (RAE)",SI,2 señas,NO,SI,SI,2 señas,Unimanual en contacto (tipo X),Ok,,,,,01506_fino.mp4
DBLSC,LSC0,1507,FRÍO,ADJETIVO,Que tiene una temperatura reducida o inferior a la normal. (RAE),NO,1 seña,NO,SI,NO,1 seña,Simétrica (tipo I),S,S,,,,01507_frio.mp4
DBLSC,LSC0,1508,LARGO,ADJETIVO,Que tiene una longitud o duración extensa. (RAE),NO,1 seña,NO,SI,NO,1 seña,Semi-simétrica (tipo II),P,P,,,,01508_largo1.mp4
UEB,LSC0,1509,LARGO 2,ADJETIVO,Variante de seña para indicar extensión en el espacio o tiempo. (Generada Gemini),NO,1 seña,NO,SI,NO,1 seña,Semi-simétrica (tipo II),P,P,,,,01509_largo2.mp4
DBLSC,LSC0,1510,PARECIDO,ADJETIVO,Que tiene semejanza o similitud con algo o alguien. (RAE),NO,1 seña,NO,SI,NO,1 seña,Unimanual en contacto (tipo X),J,,,,,01510_parecido1.mp4
UEB,LSC0,1511,PARECIDO 2,ADJETIVO,Variante de seña para denotar semejanza o analogía. (Generada Gemini),SI,2 señas,NO,SI,SI,2 señas,Unimanual en contacto (tipo X),L,Vc,,,,01511_parecido2.mp4
DBLSC,LSC0,1512,PELIGROSO,ADJETIVO,"Que involucra riesgo, amenaza o peligro de daño. (RAE)",NO,1 seña,NO,SI,NO,1 seña,Semi-simétrica (tipo II),V,V,,,,01512_peligroso.mp4
DBLSC,LSC0,1513,PESADO,ADJETIVO,Que tiene mucho peso o gravedad. / Aburrido o molesto. (RAE),NO,1 seña,NO,SI,NO,1 seña,Simétrica (tipo I),S,S,,,,01513_pesado.mp4
UEB,LSC0,1514,PESADO 2,ADJETIVO,Variante de seña para denotar gran peso físico o dificultad. (Generada Gemini),NO,1 seña,NO,SI,NO,1 seña,Simétrica (tipo I),J,J,,,,01514_pesado2.mp4
DBLSC,LSC0,1515,VACÍO,SUSTANTIVO,Falto de contenido físico o que no tiene nada en su interior. (RAE),NO,1 seña,NO,SI,NO,1 seña,Asimétrica (tipo III),B,Bl,,,,01515_vacio.mp4
UEB,LSC0,1516,VACÍO 2,SUSTANTIVO,Variante de seña para ausencia de contenido o espacio desocupado. (Generada Gemini),NO,1 seña,NO,SI,NO,1 seña,Simétrica (tipo I),Bl,Bl,,,,01516_vacio2.mp4
DBLSC,LSC0,1517,VIEJO,ADJETIVO,"De edad avanzada, antiguo o con mucho tiempo de uso. (RAE)",NO,1 seña,NO,SI,NO,1 seña,Unimanual en contacto (tipo X),S,,,,,01517_viejo.mp4
UEB,LSC0,1518,VIEJO 2,ADJETIVO,Variante de seña para denotar ancianidad o antigüedad de un objeto. (Generada Gemini),NO,1 seña,NO,SI,NO,1 seña,Simétrica (tipo I),J,J,G,G,,01518_viejo2.mp4
DBLSC,LSC0,1519,COLOR,SUSTANTIVO,Sensación producida por los rayos luminosos sobre los órganos visuales. (RAE),NO,1 seña,NO,SI,NO,1 seña,Unimanual en contacto (tipo X),J,,,,,01519_color.mp4
DBLSC,LSC1,1520,ALCOHOLISMO,ADJETIVO,Adicción o dependencia patológica respecto de las bebidas alcohólicas. (RAE),NO,1 seña,NO,SI,NO,1 seña,Semi-simétrica (tipo II),A,A,,,,01520_alcoholism.mp4
UEB,LSC1,1521,ALCOHOLISMO 2,ADJETIVO,Variante de seña para el hábito o trastorno por consumo de alcohol. (Generada Gemini),NO,1 seña,NO,SI,NO,1 seña,Unimanual (tipo 0),A,,,,,01521_alcoholism.mp4
UEB,LSC1,1522,ALCOHOLISMO 3,ADJETIVO,Variante morfológica de seña para la adicción al alcohol. (Generada Gemini),SI,2 señas,NO,SI,SI,2 señas,Semi-simétrica (tipo II),L,L,,,,01522_alcoholism.mp4
DBLSC,LSC1,1523,SECRETO,SUSTANTIVO,Cosa que se mantiene oculta y fuera del conocimiento general. (RAE),NO,1 seña,NO,SI,NO,1 seña,Unimanual en contacto (tipo X),Tb,,,,,01523_secreto.mp4
UEB,LSC1,1524,SECRETO 2,SUSTANTIVO,Variante de seña para confidencia o asunto reservado. (Generada Gemini),NO,1 seña,NO,SI,NO,1 seña,Unimanual en contacto (tipo X),G,S,,,,01524_secreto2.mp4
DBLSC,LSC0,1525,¡QUÉ ALIVIO!,FUNCION,Expresión para manifestar descanso o tranquilidad tras una tensión o preocupación. (Generada Gemini),NO,1 seña,NO,SI,NO,1 seña,Simétrica (tipo I),B,B,,,,01525_quealivio.mp4
DBLSC,LSC0,1526,INSULTAR,VERBO,Ofender a alguien con palabras o acciones despectivas. (RAE),SI,2 señas,NO,SI,SI,2 señas,Asimétrica (tipo III),Tc,J,,,,01526_insultar.mp4
FENASCOL I,LSC0,1527,¿TU NOMBRE?,FUNCION,Pregunta dirigida a un interlocutor para solicitar la identificación de su nombre propio. (Generada Gemini),SI,2 señas,NO,SI,SI,2 señas,Unimanual (tipo 0),H,H,,,,01527_tunombre.mp4
FENASCOL I,LSC0,1528,¿TU SEÑA?,FUNCION,Pregunta de la comunidad sorda para solicitar el nombre en señas (sign-name) de una persona. (Generada Gemini),SI,2 señas,NO,SI,SI,2 señas,Unimanual (tipo 0),J,J,,,,01528_tuseña.mp4
FENASCOL I,LSC0,1529,ACABAR 1,VERBO,"Dar fin, poner término o consumir por completo algo. (RAE)",NO,1 seña,NO,SI,NO,1 seña,Simétrica (tipo I),J,J,Q,Q,,01529_acabar.mp4
FENASCOL I,LSC0,1530,ACABAR 2,VERBO,Variante de seña para la conclusión o finalización completa de una acción. (Generada Gemini),NO,1 seña,NO,SI,NO,1 seña,Semi-simétrica (tipo II),P,P,,,,01530_acabar2.mp4
UEB,LSC0,1531,ACABAR 3,VERBO,"Variante de seña para rematar, extinguir o concluir algo. (Generada Gemini)",SI,2 señas,NO,SI,SI,2 señas,Semi-simétrica (tipo II),J,J,,,,01531_acabar3.mp4
FENASCOL I,LSC0,1532,ACLARACIÓN,SUSTANTIVO,Acción y efecto de aclarar o dar explicaciones para resolver una duda. (RAE),NO,1 seña,NO,SI,NO,1 seña,Simétrica (tipo I),S,S,J,J,,01532_aclaracion.mp4
FENASCOL I,LSC0,1533,AL LADO,SUSTANTIVO,En un lugar contiguo o cercano a otro. (RAE),NO,1 seña,NO,SI,NO,1 seña,Unimanual (tipo 0),Bl,,,,,01533_allado.mp4
FENASCOL I,LSC1,1534,ALMACÉN,SUSTANTIVO,Local o edificio donde se guardan o mercadean cosas. (RAE),NO,1 seña,NO,SI,NO,1 seña,Semi-simétrica (tipo II),Bl,Bl,,,,01534_almacen.mp4
FENASCOL I,LSC1,1535,ALMUERZO,SUSTANTIVO,Comida principal del mediodía. (RAE),SI,2 señas,NO,SI,SI,2 señas,Asimétrica (tipo III),B,Q,,,,01535_almuerzo.mp4
UEB,LSC1,1536,ALMUERZO 2,SUSTANTIVO,Variante de seña para el alimento o comida del mediodía. (Generada Gemini),NO,1 seña,NO,SI,NO,1 seña,Unimanual en contacto (tipo X),W,,,,,01536_almuerzo2.mp4
FENASCOL I,LSC0,1537,AMARILLO,SUSTANTIVO,De color semejante al del oro o la yema de huevo. (RAE),NO,1 seña,NO,SI,NO,1 seña,Unimanual (tipo 0),J,,,,,01537_amarillo.mp4
FENASCOL I,LSC1,1538,AMBICIOSO,ADJETIVO,Que tiene ambición o deseo ardiente de conseguir algo grande o importante. (RAE),NO,1 seña,NO,SI,NO,1 seña,Unimanual (tipo 0),Q,,,,,01538_ambicioso.mp4
FENASCOL I,LSC0,1539,ANARANJADO,ADJETIVO,De color semejante al de la naranja. (RAE),NO,1 seña,NO,SI,NO,1 seña,Unimanual en contacto (tipo X),S,,,,,01539_anaranjado.mp4
FENASCOL I,LSC0,1540,ANCHO,ADJETIVO,Que tiene una dimensión transversal holgada o superior a la media. (RAE),NO,1 seña,NO,SI,NO,1 seña,Semi-simétrica (tipo II),B,B,,,,01540_ancho.mp4
FENASCOL I,LSC0,1541,ANTES,FUNCION,En tiempo o prioridad anterior a otro suceso o momento. (RAE),NO,1 seña,NO,SI,NO,1 seña,Asimétrica (tipo III),S,Bl,,,,01541_antes.mp4
FENASCOL I,LSC0,1542,APRETADO,ADJETIVO,"Estrecho, ajustado o comprimido con fuerza. (RAE)",NO,1 seña,NO,SI,NO,1 seña,Simétrica (tipo I),S,,,,,01542_apretado.mp4
FENASCOL I,LSC1,1543,ARAÑA,SUSTANTIVO,Arácnido de cuatro pares de patas y glándulas venenosas que teje redes. (RAE),NO,1 seña,NO,SI,NO,1 seña,Unimanual (tipo 0),G,,,,,01543_araña.mp4
FENASCOL I,LSC1,1544,ARRUGADO,ADJETIVO,"Que tiene arrugas, pliegues o deslucimiento en la superficie. (RAE)",NO,1 seña,SI,SI,NO,1 seña,Asimétrica (tipo III),C,G,O,,,01544_arrugado.mp4
FENASCOL I,LSC1,1545,ATRASADO,ADJETIVO,"Que se halla retrasado en el tiempo, marcha o desarrollo. (RAE)",NO,1 seña,NO,SI,NO,1 seña,Unimanual (tipo 0),Bl,,,,,01545_atrasado.mp4
FENASCOL I,LSC0,1546,AYUDAR,VERBO,"Prestar auxilio, socorro o cooperación para un fin. (RAE)",NO,1 seña,NO,SI,NO,1 seña,Asimétrica (tipo III),Bl,A,,,,01546_ayudar.mp4
FENASCOL I,LSC0,1547,AZUL,SUSTANTIVO,De color semejante al del cielo despejado o al del mar profundo. (RAE),NO,1 seña,NO,SI,NO,1 seña,Unimanual (tipo 0),Y,,,,,01547_azul.mp4
FENASCOL I,LSC1,1548,BALLENA,SUSTANTIVO,Mamífero cetáceo marino de gran tamaño que vive en los océanos. (RAE),NO,1 seña,NO,SI,NO,1 seña,Unimanual en contacto (tipo X),O,Gl,,,,01548_ballena.mp4
FENASCOL I,LSC1,1549,BLANCO,SUSTANTIVO,De color semejante a la nieve o a la leche. (RAE),NO,1 seña,NO,SI,NO,1 seña,Unimanual (tipo 0),L,,,,,01549_blanco.mp4
FENASCOL I,LSC1,1550,BRASSIER,SUSTANTIVO,Sujetador o prenda interior femenina para sostener el pecho. (RAE),NO,1 seña,NO,SI,NO,1 seña,Simétrica (tipo I),L,,,,,01550_brassier.mp4
FENASCOL I,LSC1,1551,BRILLANTE,ADJETIVO,Que brilla o destaca extraordinariamente por su inteligencia o acabado. (RAE),NO,1 seña,NO,SI,NO,1 seña,Semi-simétrica (tipo II),N,,,,,01551_brillante.mp4
UEB,LSC1,1552,BRILLANTE 2,ADJETIVO,Variante de seña para objeto refulgente o persona de ingenio sobresaliente. (Generada Gemini),NO,1 seña,NO,SI,NO,1 seña,Simétrica (tipo I),N,,,,,01552_brillante2.mp4
FENASCOL I,LSC0,1553,BROMEAR,VERBO,"Hacer o decir bromas, chanzas o burlas amables. (RAE)",SI,2 señas,NO,SI,SI,2 señas,Compuestas (tipo C),X,S,,,,01553_bromear.mp4
UEB,LSC0,1554,BROMEAR 2,VERBO,Variante de seña para la acción de chancear o gastar bromas. (Generada Gemini),NO,1 seña,NO,SI,NO,1 seña,Unimanual (tipo 0),S,,,,,01554_bromear2.mp4
UEB,LSC0,1555,BROMEAR 3,VERBO,Variante morfológica de seña para chacotear o bromear. (Generada Gemini),SI,2 señas,NO,SI,SI,2 señas,Compuestas (tipo C),X,G,,,,01555_bromear3.mp4
FENASCOL I,LSC1,1556,BUÑUELO,SUSTANTIVO,"Masa de harina frita de forma redondeada, esponjosa y tradicional en Colombia. (RAE)",NO,1 seña,NO,SI,NO,1 seña,Semi-simétrica (tipo II),Qf,,,,,01556_buñuelo.mp4
FENASCOL I,LSC1,1557,BURRO,SUSTANTIVO,"Mamífero solípedo, más pequeño que el caballo, de orejas largas. (RAE)",NO,1 seña,NO,SI,NO,1 seña,Simétrica (tipo I),Be,,,,,01557_burro.mp4
FENASCOL I,LSC1,1558,CABALLO,SUSTANTIVO,"Mamífero perisodáctilo de gran tamaño, crin larga y pezuñas no hendidas. (RAE)",NO,1 seña,NO,SI,NO,1 seña,Asimétrica (tipo III),H,Vl,,,,01558_caballo.mp4
FENASCOL I,LSC1,1559,CABRA,SUSTANTIVO,Mamífero rumiante de cuernos ahuecados hacia atrás y pelo áspero. (RAE),NO,1 seña,NO,SI,NO,1 seña,Unimanual en contacto (tipo X),Qa,Q,,,,01559_cabra.mp4
UEB,LSC1,1560,CABRA 2,SUSTANTIVO,Variante de seña para el mamífero caprino (cabra). (Generada Gemini),SI,2 señas,NO,SI,SI,2 señas,Compuestas (tipo C),Qa,Q,P,X,,01560_cabra2.mp4
FENASCOL I,LSC0,1561,CAFE,SUSTANTIVO,Bebida estimulante o color castaño oscuro. (RAE),NO,1 seña,NO,SI,NO,1 seña,Unimanual en contacto (tipo X),Tb,,,,,01561_cafe.mp4
FENASCOL I,LSC1,1562,CAFE  TINTO,SUSTANTIVO,Bebida de café negro sin leche preparada en infusión. (Generada Gemini),NO,1 seña,NO,SI,NO,1 seña,Asimétrica (tipo III),Tb,Bl,,,,01562_cafetinto.mp4
FENASCOL I,LSC1,1563,CALDO,SUSTANTIVO,Líquido resultante de la cocción de alimentos en agua. (RAE),NO,1 seña,NO,SI,NO,1 seña,Semi-simétrica (tipo II),Bl,,,,,01563_caldo.mp4
FENASCOL I,LSC0,1564,CALIENTE,SUSTANTIVO,Que tiene o imparte una temperatura elevada. (RAE),NO,1 seña,NO,SI,NO,1 seña,Unimanual (tipo 0),G,,,,,01564_caliente.mp4
FENASCOL I,LSC1,1565,CAMELLO,SUSTANTIVO,Mamífero artiodáctilo de gran tamaño con una o dos jorobas adaptado a zonas áridas. (RAE),NO,1 seña,NO,SI,NO,1 seña,Unimanual (tipo 0),B,,,,,01565_camello.mp4
FENASCOL I,LSC1,1566,CANGREJO,SUSTANTIVO,Crustáceo decápodo con patas delanteras en forma de pinzas. (RAE),NO,1 seña,NO,SI,NO,1 seña,Simétrica (tipo I),Xc,Ob,,,,01566_cangrejo.mp4
UEB,LSC1,1567,CANGREJO 2,SUSTANTIVO,Variante de seña para el crustáceo decápodo (cangrejo). (Generada Gemini),NO,1 seña,NO,SI,NO,1 seña,Simétrica (tipo I),Vc,XXc,,,,01567_cangrejo2.mp4
FENASCOL I,LSC1,1568,CANGURO,SUSTANTIVO,Mamífero marsupial australiano de patas traseras muy desarrolladas para dar saltos. (RAE),NO,1 seña,NO,SI,NO,1 seña,Simétrica (tipo I),B,,,,,01568_canguro.mp4
FENASCOL I,LSC1,1569,CARACOL,SUSTANTIVO,Molusco gasterópodo provisto de una concha espiral. (RAE),NO,1 seña,NO,SI,NO,1 seña,Asimétrica (tipo III),B,XX,,,,01569_caracol.mp4
FENASCOL I,LSC1,1570,CARÁCTER,SUSTANTIVO,Conjunto de cualidades o rasgos psicológicos que distinguen a una persona. (RAE),NO,1 seña,NO,SI,NO,1 seña,Simétrica (tipo I),B,,,,,01570_caracter.mp4
FENASCOL I,LSC1,1571,CASA GRANDE,SUSTANTIVO,Edificación residencial de amplias dimensiones. (Generada Gemini),NO,1 seña,NO,SI,NO,1 seña,Asimétrica (tipo III),S,X,,,,01571_casagrande.mp4
FENASCOL I,LSC1,1572,CASA PEQUEÑA,SUSTANTIVO,Edificación residencial de dimensiones reducidas o compacta. (Generada Gemini),NO,1 seña,NO,SI,NO,1 seña,Simétrica (tipo I),B,,,,,01572_casapequen.mp4
FENASCOL I,LSC0,1573,CASÍ,FUNCION,"Cerca de, aproximadamente o a punto de suceder algo. (RAE)",NO,1 seña,NO,SI,NO,1 seña,Unimanual (tipo 0),Xf,A,,,,01573_casi.mp4
FENASCOL I,LSC1,1574,CATÓLICO,SUSTANTIVO,Perteneciente o relativo a la Iglesia católica. (RAE),NO,1 seña,NO,SI,NO,1 seña,Unimanual en contacto (tipo X),H,,,,,01574_catolico.mp4
FENASCOL I,LSC1,1575,CEBOLLA,SUSTANTIVO,Planta hortense de bulbo comestible de olor fuerte y sabor picante. (RAE),NO,1 seña,NO,SI,NO,1 seña,Asimétrica (tipo III),Q,B,,,,01575_cebolla.mp4
UEB,LSC1,1576,,SUSTANTIVO,,NO,1 seña,NO,SI,NO,1 seña,,,,,,,01576_cebolla2.mp4
FENASCOL I,LSC1,1577,CENTRO,SUSTANTIVO,Punto equidistante de los límites de una figura o zona urbana principal. (RAE),NO,1 seña,NO,SI,NO,1 seña,Semi-simétrica (tipo II),Bl,,,,,01577_centro.mp4
UEB,LSC1,1578,CENTRO 2,SUSTANTIVO,Variante de seña para núcleo urbano o zona céntrica. (Generada Gemini),NO,1 seña,NO,SI,NO,1 seña,Semi-simétrica (tipo II),J,,,,,01578_centro2.mp4
UEB,LSC1,1579,CENTRO 3,SUSTANTIVO,Variante morfológica para centro o núcleo. (Generada Gemini),SI,2 señas,NO,SI,SI,2 señas,Asimétrica (tipo III),Bl,G,,,,01579_centro3.mp4
FENASCOL I,LSC1,1580,CIVIL,SUSTANTIVO,Perteneciente a la ciudadanía o no militar ni eclesiástico. (RAE),NO,1 seña,NO,SI,NO,1 seña,Semi-simétrica (tipo II),Xc,,,,,01580_civil.mp4
UEB,LSC1,1581,CIVIL 2,SUSTANTIVO,Variante de seña para la condición de ciudadano o ámbito civil. (Generada Gemini),NO,1 seña,NO,SI,NO,1 seña,Semi-simétrica (tipo II),Xc,,,,,01581_civil2.mp4
FENASCOL I,LSC1,1582,CLARO,ADJETIVO,"Que tiene luz o es inteligible, transparente o poco denso. (RAE)",NO,1 seña,NO,SI,NO,1 seña,Simétrica (tipo I),S,J,,,,01582_claro.mp4
FENASCOL I,LSC1,1583,COCODRILO,SUSTANTIVO,Gran reptil semiacuático de mandíbulas potentes y piel escamosa. (RAE),NO,1 seña,NO,SI,NO,1 seña,Simétrica (tipo I),G,,,,,01583_cocodrilo.mp4
FENASCOL I,LSC0,1584,COLOREAR,VERBO,Dar color a una figura o dibujo. (RAE),SI,2 señas,NO,SI,SI,2 señas,Asimétrica (tipo III),J,D,Bl,,,01584_colorear.mp4
FENASCOL I,LSC0,1585,COLORES,SUSTANTIVO,Diversidad de tonalidades o matices cromáticos. (RAE),NO,1 seña,NO,SI,NO,1 seña,Unimanual en contacto (tipo X),J,,,,,01585_colores.mp4
FENASCOL I,LSC1,1586,COMPLETO,SUSTANTIVO,Que tiene todas las partes que le corresponden; íntegro. (RAE),NO,1 seña,NO,SI,NO,1 seña,Asimétrica (tipo III),B,X,,,,01586_completo.mp4
FENASCOL I,LSC0,1587,COMUNICACIÓN,SUSTANTIVO,Acción y efecto de transmitir y recibir información o mensajes. (RAE),NO,1 seña,NO,SI,NO,1 seña,Semi-simétrica (tipo II),C,,,,,01587_comunicaci.mp4
FENASCOL I,LSC1,1588,CONEJO,SUSTANTIVO,Mamífero lagomorfo de orejas largas y patas traseras aptas para dar saltos. (RAE),NO,1 seña,NO,SI,NO,1 seña,Simétrica (tipo I),V,XX,,,,01588_conejo.mp4
FENASCOL I,LSC1,1589,CONFUSO,SUSTANTIVO,"Mezclado, oscuro, perplejo o difícil de distinguir. (RAE)",NO,1 seña,NO,SI,NO,1 seña,Semi-simétrica (tipo II),J,,,,,01589_confuso.mp4
FENASCOL I,LSC1,1590,CONTADO,SUSTANTIVO,Que ha sido objeto de cómputo numérico o dicho de manera restringida. (RAE),NO,1 seña,NO,SI,NO,1 seña,Unimanual (tipo 0),Xt,J,,,,01590_contado.mp4
FENASCOL I,LSC0,1591,CONTAR  INFORMACION,VERBO,"Acción de transmitir relatos, datos o noticias a otra persona. (Generada Gemini)",NO,1 seña,NO,SI,NO,1 seña,Semi-simétrica (tipo II),J,,,,,01591_contarinfo.mp4
UEB,LSC0,1592,CONTAR  ,VERBO,Enumerar o computar unidades o contar un relato. (RAE),NO,1 seña,NO,SI,NO,1 seña,Unimanual (tipo 0),S,I,Okf,Je,,01592_contar.mp4
UEB,LSC0,1593,CONTAR 2,VERBO,Variante de seña para enumerar o relatar información. (Generada Gemini),NO,1 seña,NO,SI,NO,1 seña,Unimanual (tipo 0),P,,,,,01593_contar2.mp4
FENASCOL I,LSC0,1594,CONTENTO,ADJETIVO,"Alegre, satisfecho o complacido. (RAE)",NO,1 seña,NO,SI,NO,1 seña,Simétrica (tipo I),Bl,,,,,01594_contento.mp4
FENASCOL I,LSC0,1595,CONTRA ,FUNCION,"Que denota oposición, resistencia o contrariedad. (RAE)",NO,1 seña,NO,SI,NO,1 seña,Semi-simétrica (tipo II),Bl,,,,,01595_contra.mp4
FENASCOL I,LSC1,1596,CORREA,SUSTANTIVO,Tira de cuero u otro material flexible para ceñir o sujetar. (RAE),NO,1 seña,NO,SI,NO,1 seña,Simétrica (tipo I),Xc,,,,,01596_correa.mp4
FENASCOL I,LSC0,1597,CORRECTO,SUSTANTIVO,"Conforme a las reglas, libre de errores o adecuado. (RAE)",NO,1 seña,NO,SI,NO,1 seña,Semi-simétrica (tipo II),P,,,,,01597_correcto.mp4
UEB,LSC0,1598,NO ES CORRECTO,SUSTANTIVO,Expresión de rechazo o disconformidad por falta de corrección o verdad. (Generada Gemini),NO,1 seña,NO,SI,NO,1 seña,Semi-simétrica (tipo II),P,,,,,01598_noescorrec.mp4
FENASCOL I,LSC1,1599,CORRER,VERBO,Desplazarse rápidamente a pie con pasos acelerados. (RAE),NO,1 seña,NO,SI,NO,1 seña,Semi-simétrica (tipo II),J,,,,,01599_correr.mp4
UEB,LSC1,1600,CORRER 2,VERBO,Variante de seña para la acción de desplazarse a veloz carrera. (Generada Gemini),NO,1 seña,NO,SI,NO,1 seña,Semi-simétrica (tipo II),S,,,,,01600_correr2.mp4
FENASCOL I,LSC0,1601,COSTUMBRE,SUSTANTIVO,Práctica habitual de una persona o colectividad. (RAE),NO,1 seña,NO,SI,NO,1 seña,Unimanual en contacto (tipo X),Be,,,,,01601_costumbre.mp4
UEB,LSC1,1602,MALA COSTUMBRE,SUSTANTIVO,"Hábito o práctica perjudicial, inadecuada o reprobable. (Generada Gemini)",NO,1 seña,NO,SI,NO,1 seña,Unimanual en contacto (tipo X),Be,,,,,01602_malacostum.mp4
FENASCOL I,LSC0,1603,CUALQUIERA,ADVERBIO,Persona o cosa indeterminada entre varias. (RAE),NO,1 seña,NO,SI,NO,1 seña,Simétrica (tipo I),J,,,,,01603_cualquiera.mp4
UEB,LSC0,1604,COMO QUIERA.,FUNCION,"De cualquier modo, forma o sin exigir condiciones estrictas. (Generada Gemini)",NO,1 seña,NO,SI,NO,1 seña,Simétrica (tipo I),J,G,,,,01604_comoquiera.mp4
FENASCOL I,LSC1,1605,CUCARACHA,SUSTANTIVO,Insecto ortóptero de cuerpo aplastado y color café u oscuro. (RAE),NO,1 seña,NO,SI,NO,1 seña,Unimanual (tipo 0),Gl,,,,,01605_cucaracha.mp4
UEB,LSC1,1606,CUCARACHA 2,SUSTANTIVO,Variante de seña para el insecto blatodeo (cucaracha). (Generada Gemini),NO,1 seña,NO,SI,NO,1 seña,Semi-simétrica (tipo II),B,,,,,01606_cucaracha2.mp4
FENASCOL I,LSC1,1607,CULEBRA,SUSTANTIVO,Serpiente no venenosa o término genérico para reptiles ofidios. (RAE),NO,1 seña,NO,SI,NO,1 seña,Unimanual (tipo 0),XX,,,,,01607_culebra.mp4
FENASCOL I,LSC0,1608,DARSE CUENTA  PILLAR,VERBO,"Advertir, percatarse o comprender de repente algo que sucedía. (Generada Gemini)",SI,2 señas,NO,SI,SI,2 señas,Compuestas (tipo C),P,G,S,,,01608_darsecuent.mp4
FENASCOL I,LSC0,1609,DE ACUERDO,SUSTANTIVO,"Expresión de conformidad, asentimiento o concordancia. (RAE)",NO,1 seña,NO,SI,NO,1 seña,Semi-simétrica (tipo II),Jc,Q,,,,01609_deacuerdo.mp4
FENASCOL I,LSC0,1610,DEBER,VERBO,"Estar obligado a algo por ley, moral o compromiso. (RAE)",NO,1 seña,NO,SI,NO,1 seña,Unimanual (tipo 0),X,,,,,01610_deber.mp4
UEB,LSC1,1611,DEBER PLATA,VERBO,Tener una obligación financiera de pago o saldo pendiente con alguien. (Generada Gemini),NO,1 seña,NO,SI,NO,1 seña,Asimétrica (tipo III),N,Bl,,,,01611_deberplata.mp4
FENASCOL I,LSC0,1612,DECENTE,ADJETIVO,"Honesto, justo, de buena conducta y acorde con las normas morales. (RAE)",NO,1 seña,NO,SI,NO,1 seña,Compuestas (tipo C),Ok,,,,,01612_decente.mp4
FENASCOL I,LSC0,1613,DEJAR,VERBO,"Permitir, abandonar o depositar algo en un lugar. (RAE)",NO,1 seña,NO,SI,NO,1 seña,Asimétrica (tipo III),S,No,J,,,01613_dejar.mp4
FENASCOL I,LSC1,1614,DELGADO,ADJETIVO,"De pocas carnes, esbelto o de escaso grosor. (RAE)",NO,1 seña,NO,SI,NO,1 seña,Semi-simétrica (tipo II),I,,,,,01614_delgado.mp4
FENASCOL I,LSC0,1615,DESACUERDO,SUSTANTIVO,"Falta de acuerdo, discordancia o discrepancia entre dos o más partes. (RAE)",NO,1 seña,NO,SI,NO,1 seña,Semi-simétrica (tipo II),Jc,Q,,,,01615_desacuerdo.mp4
FENASCOL I,LSC1,1616,DESAYUNO,SUSTANTIVO,Primera comida del día que se toma por la mañana. (RAE),NO,1 seña,NO,SI,NO,1 seña,Unimanual en contacto (tipo X),Okf,,,,,01616_desayuno.mp4
UEB,LSC1,1617,DESAYUNO 2,SUSTANTIVO,Variante de seña para la primera comida de la mañana. (Generada Gemini),NO,1 seña,NO,SI,NO,1 seña,Unimanual en contacto (tipo X),D,,,,,01617_desayuno2.mp4
FENASCOL I,LSC0,1618,DESPUES,FUNCION,En un tiempo o lugar posterior respecto de otro. (RAE),NO,1 seña,NO,SI,NO,1 seña,Semi-simétrica (tipo II),B,Bl,,,,01618_despues1.mp4
UEB,LSC0,1619,DESPUES 2,FUNCION,Variante de seña para indicar secuencia posterior en el tiempo. (Generada Gemini),NO,1 seña,NO,SI,NO,1 seña,Unimanual (tipo 0),Bl,,,,,01619_despues2.mp4
FENASCOL I,LSC0,1620,DIALOGAR,VERBO,"Platicar, conversar o discutir alternativamente ideas entre dos o más personas. (RAE)",NO,1 seña,NO,SI,NO,1 seña,Semi-simétrica (tipo II),P,,,,,01620_dialogar.mp4
FENASCOL I,LSC0,1621,DIFERENTE,ADJETIVO,"Que no es igual, que se distingue o diversifica de otra cosa. (RAE)",NO,1 seña,NO,SI,NO,1 seña,Semi-simétrica (tipo II),P,,,,,01621_diferente.mp4
FENASCOL I,LSC0,1622,DIFÍCIL,ADJETIVO,"Que requiere gran esfuerzo, habilidad o trabajo para realizarse. (RAE)",NO,1 seña,NO,SI,NO,1 seña,Unimanual en contacto (tipo X),P,Xe,,,,01622_dificil1.mp4
UEB,LSC0,1623,DIFICIL 2,ADJETIVO,Variante de seña para indicar complejidad o dificultad. (Generada Gemini),NO,1 seña,NO,SI,NO,1 seña,Compuestas (tipo C),XX,XX,,,,01623_dificil2.mp4
UEB,LSC0,1624,DIFICIL 3,ADJETIVO,Variante morfológica para señalar un grado elevado de dificultad. (Generada Gemini),NO,1 seña,NO,SI,NO,1 seña,Compuestas (tipo C),P,P,Xe,Xe,,01624_dificil3.mp4
FENASCOL I,LSC0,1625,DOLOR,SUSTANTIVO,Sensación molesta y aflictiva de una parte del cuerpo por causa interior o exterior. (RAE),NO,1 seña,NO,SI,NO,1 seña,Unimanual (tipo 0),No,,,,,01625_dolor1.mp4
UEB,LSC0,1626,DOLOR 2,SUSTANTIVO,Variante de seña para la percepción o manifestación de dolor físico. (Generada Gemini),NO,1 seña,NO,SI,NO,1 seña,Simétrica (tipo I),P,P,,,,01626_dolor2.mp4
FENASCOL I,LSC0,1627,DORMIR,VERBO,Estar en el reposo que implica la suspensión de la conciencia y del movimiento voluntario. (RAE),NO,1 seña,NO,SI,NO,1 seña,Simétrica (tipo I),Lc,Lc,Pc,Pc,,01627_dormir1.mp4
UEB,LSC1,1628,DORMIR 2,VERBO,Variante de seña para el estado o acto de reposo nocturno. (Generada Gemini),NO,1 seña,NO,SI,NO,1 seña,Semi-simétrica (tipo II),Bl,Bl,,,,01628_dormir2.mp4
FENASCOL I,LSC1,1629,DULCES,SUSTANTIVO,Alimentos elaborados con azúcar o golosinas de sabor dulce. (RAE),NO,1 seña,NO,SI,NO,1 seña,Unimanual en contacto (tipo X),H,,,,,01629_dulces.mp4
FENASCOL I,LSC0,1630,ÉL ES MUY INTELIGENTE,FUNCION,Oración declarativa que pondera la alta capacidad cognitiva de la tercera persona. (Generada Gemini),SI,3 señas,NO,SI,SI,3 señas,Compuestas (tipo C),P,X,J,J,,01630_elesmuyint.mp4
FENASCOL I,LSC1,1631,ELEFANTE,SUSTANTIVO,Mamífero paquidermo de gran tamaño con trompa prensil y grandes colmillos de marfil. (RAE),NO,1 seña,NO,SI,NO,1 seña,Unimanual en contacto (tipo X),C,,,,,01631_elefante.mp4
FENASCOL I,LSC0,1632,ELLA ES MUCHO MÁS BONITA QUE YO,FUNCION,Enunciado comparativo de belleza atribuido a la tercera persona femenina respecto a la primera. (Generada Gemini),SI,3 señas,NO,SI,SI,3 señas,Unimanual (tipo 0),P,J,No,,,01632_ellaesmuch.mp4
FENASCOL I,LSC0,1633,ELLOS ,SUSTANTIVO,Pronombre personal de tercera persona del plural masculino. (RAE),SI,2 señas,NO,SI,SI,2 señas,Unimanual (tipo 0),P,O,,,,01633_ellos.mp4
UEB,LSC0,1634,ELLAS,SUSTANTIVO,Pronombre personal de tercera persona del plural femenino. (RAE),SI,2 señas,NO,SI,SI,2 señas,Unimanual (tipo 0),P,A,,,,01634_ellas.mp4
FENASCOL I,LSC1,1635,EMPAREDADO,SUSTANTIVO,Sándwich; bocadillo hecho con dos rebanadas de pan de molde. (RAE),NO,1 seña,NO,SI,NO,1 seña,Asimétrica (tipo III),Qa,Bl,,,,01635_emparedado.mp4
FENASCOL I,LSC1,1636,ENAMORAR,VERBO,Inculcar o sentir amor o fuerte atracción afectiva por alguien. (RAE),NO,1 seña,NO,SI,NO,1 seña,Asimétrica (tipo III),P,Bl,,,,01636_enamorar1.mp4
UEB,LSC1,1637,ENAMORAR 2,VERBO,Variante de seña para la acción o proceso de enamoramiento. (Generada Gemini),NO,1 seña,NO,SI,NO,1 seña,Compuestas (tipo C),X,X,,,,01637_enamorar2.mp4
FENASCOL I,LSC0,1638,ENFRENTE,FUNCION,En la parte opuesta o delante de una persona o lugar. (RAE),NO,1 seña,NO,SI,NO,1 seña,Unimanual en contacto (tipo X),Bl,,,,,01638_enfrente.mp4
FENASCOL I,LSC0,1639,ENSEÑALE TÚ,SUSTANTIVO,Expresión imperativa o directiva para que el interlocutor instruya a un tercero. (Generada Gemini),SI,3 señas,NO,SI,SI,3 señas,Compuestas (tipo C),P,P,J,J,,01639_enseñalet.mp4
FENASCOL I,LSC0,1640,ENSEÑAME ,SUSTANTIVO,"Solicitud directa para recibir instrucción, muestra o conocimiento del interlocutor. (Generada Gemini)",NO,1 seña,NO,SI,NO,1 seña,Simétrica (tipo I),Jb,Jb,,,,01640_enseñame.mp4
UEB,LSC0,1641,FORMARME,SUSTANTIVO,"Proceso de autoformación, educación o desarrollo personal en una disciplina. (Generada Gemini)",NO,1 seña,NO,SI,NO,1 seña,Simétrica (tipo I),Q,Q,,,,01641_formarme.mp4
FENASCOL I,LSC0,1642,FORMAR,VERBO,"Dar forma, adiestrar, educar o constituir un conjunto. (RAE)",NO,1 seña,NO,SI,NO,1 seña,Simétrica (tipo I),Q,Q,,,,01642_formar.mp4
FENASCOL I,LSC1,1643,ESPAQUETI,SUSTANTIVO,Pasta alimenticia de harina de trigo en forma de hilos largos y delgados. (RAE),NO,1 seña,NO,SI,NO,1 seña,Compuestas (tipo C),I,I,,,,01643_espaqueti.mp4
FENASCOL I,LSC0,1644,FALTA,SUSTANTIVO,"Ausencia, escasez o privación de algo. / Infracción de una regla. (RAE)",NO,1 seña,NO,SI,NO,1 seña,Unimanual (tipo 0),P,X,,,,01644_falta.mp4
FENASCOL I,LSC0,1645,FELICITAR,VERBO,Manifestar a alguien la enhorabuena por un logro o acontecimiento dichoso. (RAE),NO,1 seña,NO,SI,NO,1 seña,Compuestas (tipo C),Bl,Bl,,,,01645_felicitar.mp4
FENASCOL I,LSC1,1646,FESTIVO,SUSTANTIVO,Día no laborable o dedicado a una celebración festiva. (RAE),SI,2 señas,NO,SI,SI,2 señas,Compuestas (tipo C),P,J,J,,,01646_festivo.mp4
FENASCOL I,LSC1,1647,FRIJOL,SUSTANTIVO,Semilla comestible de la planta leguminosa del mismo nombre. (RAE),SI,2 señas,NO,SI,SI,2 señas,Compuestas (tipo C),Ob,P,,,,01647_frijol.mp4
FENASCOL I,LSC0,1648,FRIO,SUSTANTIVO,Que tiene una temperatura significativamente baja. (RAE),NO,1 seña,NO,SI,NO,1 seña,Simétrica (tipo I),S,S,,,,01648_frio.mp4
FENASCOL I,LSC1,1649,GALLINA,SUSTANTIVO,"Hembra del gallo, ave doméstica apreciada por su carne y sus huevos. (RAE)",SI,2 señas,NO,SI,SI,2 señas,Compuestas (tipo C),Pa,Pc,S,S,,01649_gallina.mp4
FENASCOL I,LSC1,1650,GALLO,SUSTANTIVO,Ave doméstica de cresta roja y plumaje vistoso que canta al amanecer. (RAE),SI,2 señas,NO,SI,SI,2 señas,Unimanual en contacto (tipo X),Pa,Pc,Je,,,01650_gallo.mp4
FENASCOL I,LSC1,1651,GATO,SUSTANTIVO,"Mamífero felino doméstico de cuerpo flexible, garras retráctiles y agudo sentido del oído. (RAE)",NO,1 seña,NO,SI,NO,1 seña,Compuestas (tipo C),J,J,,,,01651_gato.mp4
FENASCOL I,LSC1,1652,GORILA,SUSTANTIVO,"Primate de gran tamaño, pelaje oscuro y sólida constitución que habita en África. (RAE)",NO,1 seña,NO,SI,NO,1 seña,Compuestas (tipo C),S,S,,,,01652_gorila.mp4
FENASCOL I,LSC0,1653,GRIS,SUSTANTIVO,De color acromático intermedio entre el blanco y el negro. (RAE),NO,1 seña,NO,SI,NO,1 seña,Unimanual (tipo 0),P,X,,,,01653_gris.mp4
FENASCOL I,LSC1,1654,GUANTES,SUSTANTIVO,Prenda de vestir que cubre la mano y los dedos por separado. (RAE),NO,1 seña,NO,SI,NO,1 seña,Simétrica (tipo I),Q,J,J,,,01654_guantes.mp4
FENASCOL I,LSC1,1655,GUSANO,SUSTANTIVO,Nombre genérico de animales invertebrados de cuerpo blando y alargado sin extremidades. (RAE),NO,1 seña,NO,SI,NO,1 seña,Compuestas (tipo C),S,P,X,,,01655_gusano.mp4
FENASCOL I,LSC0,1656,HACE POCO,SUSTANTIVO,Indica un tiempo o momento muy cercano en el pasado. (Generada Gemini),NO,1 seña,NO,SI,NO,1 seña,Unimanual (tipo 0),Ob,,,,,01656_hacepoco.mp4
FENASCOL I,LSC0,1657,HACE POQUITO,SUSTANTIVO,Expresión diminutiva que remarca una proximidad temporal inmediata en el pasado. (Generada Gemini),NO,1 seña,NO,SI,NO,1 seña,Unimanual (tipo 0),Pc,,,,,01657_hacepoquit.mp4
FENASCOL I,LSC0,1658,HACE TIEMPO,FUNCION,Expresión que indica un período o intervalo temporal lejano en el pasado. (Generada Gemini),NO,1 seña,NO,SI,NO,1 seña,Unimanual en contacto (tipo X),Bl,,,,,01658_hacetiempo.mp4
FENASCOL I,LSC1,1659,HIGADO,SUSTANTIVO,Órgano glandular voluminoso del aparato digestivo de los vertebrados. (RAE),NO,1 seña,NO,SI,NO,1 seña,Unimanual (tipo 0),Cl,B,,,,01659_higado.mp4
FENASCOL I,LSC1,1660,HIPOPÓTAMO,SUSTANTIVO,Gran mamífero paquidermo semiacuático de piel gruesa y mandíbulas potentes. (RAE),NO,1 seña,NO,SI,NO,1 seña,Simétrica (tipo I),XX,XX,,,,01660_hipopotamo.mp4
FENASCOL I,LSC1,1661,HORMIGA,SUSTANTIVO,Insecto himenóptero social de cuerpo pequeño y divididos en tres segmentos. (RAE),NO,1 seña,NO,SI,NO,1 seña,Asimétrica (tipo III),S,J,,,,01661_hormiga1.mp4
UEB,LSC1,1662,HORMIGA 2,SUSTANTIVO,Variante de seña para el insecto hormícido. (Generada Gemini),NO,1 seña,NO,SI,NO,1 seña,Semi-simétrica (tipo II),J,J,,,,01662_hormiga2.mp4
FENASCOL I,LSC0,1663,IGUAL,SUSTANTIVO,"Que tiene la misma naturaleza, forma, valor o cantidad que otra cosa. (RAE)",NO,1 seña,NO,SI,NO,1 seña,Unimanual (tipo 0),Y,,,,,01663_igual1.mp4
UEB,LSC0,1664,IGUAL 2,SUSTANTIVO,"Variante de seña para denotar equidad, simetría o similitud. (Generada Gemini)",NO,1 seña,NO,SI,NO,1 seña,Unimanual (tipo 0),Y,,,,,01664_igual2.mp4
UEB,LSC0,1665,IGUAL 3,SUSTANTIVO,Variante de seña para indicar equivalencia estricta. (Generada Gemini),NO,1 seña,NO,SI,NO,1 seña,Unimanual (tipo 0),V,H,,,,01665_igual3.mp4
UEB,LSC0,1666,IGUAL 4,SUSTANTIVO,Variante morfológica de seña para la noción de igualdad. (Generada Gemini),NO,1 seña,NO,SI,NO,1 seña,Simétrica (tipo I),Cf,Cf,,,,01666_igual4.mp4
UEB,LSC1,1667,HUMILDE,ADJETIVO,"Que tiene humildad, sencillez o moderación en su comportamiento. (RAE)",NO,1 seña,NO,SI,NO,1 seña,Compuestas (tipo C),B,Bl,,,,01667_humilde.mp4
FENASCOL I,LSC0,1668,INTERÉS,SUSTANTIVO,"Inclinación, provecho o valor asignado a un asunto o persona. (RAE)",NO,1 seña,NO,SI,NO,1 seña,Unimanual (tipo 0),U,,,,,01668_interes.mp4
UEB,LSC0,1669,INTERES 2,SUSTANTIVO,Variante de seña para la manifestación de atención o interés. (Generada Gemini),NO,1 seña,NO,SI,NO,1 seña,Semi-simétrica (tipo II),H,H,,,,01669_interes2.mp4
FENASCOL I,LSC0,1670,INVITAME,SUSTANTIVO,Expresión de solicitud para ser convidado a un evento o reunión. (Generada Gemini),NO,1 seña,NO,SI,NO,1 seña,Asimétrica (tipo III),B,Cf,,,,01670_invitame.mp4
FENASCOL I,LSC1,1671,JIRAFA,SUSTANTIVO,Mamífero rumiante de cuello extremadamente largo y pelaje moteado oriundo de África. (RAE),NO,1 seña,NO,SI,NO,1 seña,Unimanual (tipo 0),L,,,,,01671_jirafa.mp4
UEB,LSC1,1672,JIRAFA 2,SUSTANTIVO,Variante de seña para el mamífero jiráfido. (Generada Gemini),NO,1 seña,NO,SI,NO,1 seña,Asimétrica (tipo III),B,Ud,,,,01672_jirafa2.mp4
FENASCOL I,LSC0,1673,JUGAR,VERBO,Realizar una actividad recreativa o deportiva con reglas o por entretenimiento. (RAE),NO,1 seña,NO,SI,NO,1 seña,Semi-simétrica (tipo II),Y,Y,,,,01673_jugar.mp4
FENASCOL I,LSC1,1674,LECCIÓN,SUSTANTIVO,Enseñanza que imparte el profesor o texto que se estudia de una materia. (RAE),NO,1 seña,NO,SI,NO,1 seña,Asimétrica (tipo III),B,P,,,,01674_leccion.mp4
FENASCOL I,LSC1,1675,LENTEJA,SUSTANTIVO,"Semilla comestible pequeña, plana y con forma de disco de la planta lenteja. (RAE)",NO,1 seña,SI,SI,NO,1 seña,Unimanual (tipo 0),Okf,,,,,01675_lenteja.mp4
FENASCOL I,LSC1,1676,LEÓN,SUSTANTIVO,Gran mamífero carnívoro felino de pelaje pardo y densa melena en los machos. (RAE),NO,1 seña,NO,SI,NO,1 seña,Unimanual (tipo 0),J,Gl,,,,01676_leon.mp4
FENASCOL I,LSC1,1677,LETRA,SUSTANTIVO,Cada uno de los signos gráficos que componen el alfabeto de un idioma. (RAE),NO,1 seña,NO,SI,NO,1 seña,Simétrica (tipo I),L,L,,,,01677_letra.mp4
FENASCOL I,LSC1,1678,LEVANTARSE,VERBO,Ponerse de pie o salir de la cama tras el descanso. (RAE),NO,1 seña,NO,SI,NO,1 seña,Asimétrica (tipo III),Bl,V,,,,01678_levantarse.mp4
FENASCOL I,LSC0,1679,LIMPIO,ADJETIVO,"Que no tiene mancha, suciedad o impurezas. (RAE)",NO,1 seña,NO,SI,NO,1 seña,Unimanual (tipo 0),Bl,N,,,,01679_limpio.mp4
UEB,LSC0,1680,LIMPIO 2,ADJETIVO,"Variante de seña para pulcro, aseado o transparente. (Generada Gemini)",NO,1 seña,NO,SI,NO,1 seña,Compuestas (tipo C),V,V,,,,01680_limpio2.mp4
UEB,LSC0,1681,LIMPIO 3,ADJETIVO,Variante morfológica de seña para aseo o limpieza. (Generada Gemini),NO,1 seña,NO,SI,NO,1 seña,Compuestas (tipo C),N,N,,,,01681_limpio3.mp4
FENASCOL I,LSC1,1682,PRECIOSO,ADJETIVO,"De gran valor, hermosura o exquisitez. (RAE)",NO,1 seña,NO,SI,NO,1 seña,Unimanual en contacto (tipo X),J,O,J,,,01682_precioso.mp4
FENASCOL I,LSC0,1683,LLENO,ADJETIVO,Que contiene todo lo que su capacidad admite o está ocupado por completo. (RAE),NO,1 seña,NO,SI,NO,1 seña,Compuestas (tipo C),B,J,,,,01683_lleno.mp4
UEB,LSC0,1684,LLENO 2,ADJETIVO,Variante de seña para saciedad o capacidad colmada. (Generada Gemini),NO,1 seña,NO,SI,NO,1 seña,Unimanual (tipo 0),S,,,,,01684_lleno2.mp4
UEB,LSC0,1685,LLENO 3,ADJETIVO,Variante de seña para abundancia o saturación. (Generada Gemini),SI,2 señas,NO,SI,SI,2 señas,Asimétrica (tipo III),C,J,,,,01685_lleno3.mp4
UEB,LSC0,1686,SUFICIENTE,SUSTANTIVO,"Apto, adecuado o bastante para lo que se necesita. (RAE)",NO,1 seña,NO,SI,NO,1 seña,Unimanual en contacto (tipo X),Bl,,,,,01686_suficiente.mp4
FENASCOL I,LSC1,1687,MADRUGADA,SUSTANTIVO,Tiempo posterior a la medianoche y anterior al amanecer. (RAE),NO,1 seña,NO,SI,NO,1 seña,Simétrica (tipo I),S,S,J,J,,01687_madrugada.mp4
FENASCOL I,LSC1,1688,MAÍZ,SUSTANTIVO,Planta gramínea de mazorcas con granos amarillos nutritivos. (RAE),NO,1 seña,NO,SI,NO,1 seña,Asimétrica (tipo III),P,Xl,Xt,,,01688_maiz.mp4
FENASCOL I,LSC1,1689,MALO  PERSONA,ADJETIVO,"Persona de perversas intenciones, mala conducta o falta de virtud moral. (Generada Gemini)",SI,2 señas,NO,SI,SI,2 señas,Compuestas (tipo C),Xc,Bl,,,,01689_maloperson.mp4
FENASCOL I,LSC1,1690,MANTEQUILLA,SUSTANTIVO,Sustancia grasa obtenida por el batido de la crema de la leche. (RAE),NO,1 seña,NO,SI,NO,1 seña,Asimétrica (tipo III),Bl,H,,,,01690_mantequill.mp4
FENASCOL I,LSC0,1691,MÁS INTELIGENTE QUE  ...,ADJETIVO,Estructura comparativa de superioridad referida a la capacidad intelectual. (Generada Gemini),SI,4 señas o más,NO,SI,SI,4 señas o más,Compuestas (tipo C),P,J,X,No,N,01691_masintelig.mp4
FENASCOL I,LSC1,1692,MATRIMONIO,SUSTANTIVO,Unión de dos personas mediante determinados ritos o formalidades legales. (RAE),NO,1 seña,NO,SI,NO,1 seña,Asimétrica (tipo III),J,Pa,,,,01692_matrimonio.mp4
UEB,LSC1,1693,MATRIMONIO 2,SUSTANTIVO,Variante de seña para la unión conyugal o matrimonio. (Generada Gemini),NO,1 seña,NO,SI,NO,1 seña,Unimanual (tipo 0),Ne,,,,,01693_matrimonio.mp4
FENASCOL I,LSC1,1694,MEDIAS,SUSTANTIVO,Prendas de punto que cubren el pie y parte de la pierna. (RAE),NO,1 seña,NO,SI,NO,1 seña,Simétrica (tipo I),J,J,,,,01694_medias.mp4
FENASCOL I,LSC0,1695,MENTIR,VERBO,"Decir o manifestar lo contrario de lo que se sabe, cree o piensa. (RAE)",NO,1 seña,NO,SI,NO,1 seña,Unimanual en contacto (tipo X),P,,,,,01695_mentir.mp4
FENASCOL I,LSC1,1696,MERMELADA,SUSTANTIVO,Conserva dulce elaborada mediante la cocción de fruta con azúcar. (RAE),SI,2 señas,NO,SI,SI,2 señas,Asimétrica (tipo III),C,H,Bl,H,,01696_mermelada.mp4
FENASCOL I,LSC1,1697,NIVEL,SUSTANTIVO,"Altura, medida o grado de desarrollo que alcanza una persona o cosa. (RAE)",NO,1 seña,NO,SI,NO,1 seña,Simétrica (tipo I),XX,XX,,,,01697_nivel.mp4
FENASCOL I,LSC1,1698,NUEVO,ADJETIVO,"Recién hecho, fabricado, descubierto o de escaso uso. (RAE)",NO,1 seña,NO,SI,NO,1 seña,Semi-simétrica (tipo II),Bl,Bl,,,,01698_nuevo.mp4
FENASCOL I,LSC1,1699,NUEVO  ESTRENAR,ADJETIVO,Objeto o prenda sin uso previo que se utiliza por primera vez. (Generada Gemini),NO,1 seña,NO,SI,NO,1 seña,Simétrica (tipo I),V,V,XX,XX,,01699_nuevoestre.mp4
FENASCOL I,LSC1,1700,NÚMERO,SUSTANTIVO,Concepto matemático que expresa cantidad o posición en una secuencia. (RAE),NO,1 seña,NO,SI,NO,1 seña,Unimanual (tipo 0),O,J,,,,01700_numero.mp4
FENASCOL I,LSC0,1701,O,FUNCION,Conjunción disyuntiva que denota alternativa o elección entre dos o más cosas. (RAE),NO,1 seña,NO,SI,NO,1 seña,Unimanual (tipo 0),O,,,,,01701_odisyuncio.mp4
FENASCOL I,LSC0,1702,OBEDECER,VERBO,"Cumplir la voluntad de quien manda, o lo establecido en una ley o regla. (RAE)",NO,1 seña,NO,SI,NO,1 seña,Simétrica (tipo I),Q,Q,J,J,,01702_obedecer.mp4
FENASCOL I,LSC1,1703,OBLIGACIÓN,SUSTANTIVO,"Exigencia establecida por la moral, la ley o la autoridad. (RAE)",NO,1 seña,NO,SI,NO,1 seña,Asimétrica (tipo III),Bl,S,,,,01703_obligacion.mp4
FENASCOL I,LSC1,1704,OSCURO,ADJETIVO,Falto de luz o claridad; de color cercano al negro. (RAE),NO,1 seña,NO,SI,NO,1 seña,Simétrica (tipo I),J,J,S,S,,01704_oscuro.mp4
FENASCOL I,LSC1,1705,OSO,SUSTANTIVO,"Mamífero carnívoro de gran tamaño, cuerpo macizo y pelaje denso. (RAE)",NO,1 seña,NO,SI,NO,1 seña,Compuestas (tipo C),C,C,,,,01705_oso.mp4
FENASCOL I,LSC1,1706,PALIDO,ADJETIVO,Que tiene la piel o el color más blanco o menos vivo de lo normal. (RAE),NO,1 seña,NO,SI,NO,1 seña,Unimanual en contacto (tipo X),Bl,,,,,01706_palido.mp4
FENASCOL I,LSC1,1707,PANTUFLAS,SUSTANTIVO,Calzado cómodo y sin talón para andar por casa. (RAE),NO,1 seña,NO,SI,NO,1 seña,Asimétrica (tipo III),Bl,C,,,,01707_pantuflas.mp4
FENASCOL I,LSC1,1708,PATO,SUSTANTIVO,Ave acuática de pico ancho y plano y patas palmípedas. (RAE),NO,1 seña,NO,SI,NO,1 seña,Unimanual en contacto (tipo X),Bc,Bc,,,,01708_pato.mp4
FENASCOL I,LSC1,1709,PAVO REAL,SUSTANTIVO,Ave de plumaje azul y verde iridiscente con una gran cola desplegable en abanico. (RAE),SI,2 señas,NO,SI,SI,2 señas,Compuestas (tipo C),Pa,C,Je,Je,,01709_pavoreal.mp4
FENASCOL I,LSC0,1710,PERDON,SUSTANTIVO,"Acción de perdonar, disculpa o remisión de una falta. (RAE)",NO,1 seña,NO,SI,NO,1 seña,Semi-simétrica (tipo II),Bl,Bl,,,,01710_perdon.mp4
FENASCOL I,LSC1,1711,PEREZA,SUSTANTIVO,"Negligencia, falta de gana o flojera para hacer las cosas. (RAE)",NO,1 seña,NO,SI,NO,1 seña,Unimanual en contacto (tipo X),P,Xe,,,,01711_pereza.mp4
FENASCOL I,LSC1,1712,PERFECTO,ADJETIVO,Que tiene todas las cualidades requeridas o deseables; sin defecto. (RAE),NO,1 seña,NO,SI,NO,1 seña,Simétrica (tipo I),Nb,Nb,,,,01712_perfecto.mp4
FENASCOL I,LSC0,1713,PERO,FUNCION,Conjunción adversativa que contrapone un concepto a otro. (RAE),NO,1 seña,NO,SI,NO,1 seña,Simétrica (tipo I),P,P,,,,01713_pero.mp4
FENASCOL I,LSC0,1714,PERRO,SUSTANTIVO,Mamífero canino doméstico de agudo olfato y gran lealtad al ser humano. (RAE),NO,1 seña,NO,SI,NO,1 seña,Unimanual en contacto (tipo X),G,,,,,01714_perro.mp4
FENASCOL I,LSC0,1715,PERSONAS 1,SUSTANTIVO,Plural genérico para seres humanos o individuos. (RAE),SI,2 señas,NO,SI,SI,2 señas,Semi-simétrica (tipo II),K,,,,,01715_persona1.mp4
FENASCOL I,LSC0,1716,PERSONAS 2,SUSTANTIVO,Variante de seña para un conjunto de individuos o grupo humano. (Generada Gemini),NO,1 seña,NO,SI,NO,1 seña,Unimanual (tipo 0),Xl,,,,,01716_persona2.mp4
FENASCOL I,LSC1,1717,PEZ,SUSTANTIVO,Animal vertebrado acuático de respiración branquial y extremidades en forma de aletas. (RAE),NO,1 seña,NO,SI,NO,1 seña,Unimanual (tipo 0),Bl,,,,,01717_pez.mp4
FENASCOL I,LSC1,1718,PICAR,VERBO,"Pinchar con una punta, morder un insecto o trocear alimentos. (RAE)",SI,2 señas,NO,SI,SI,2 señas,Asimétrica (tipo III),Okp,Ql,,,,01718_picar.mp4
FENASCOL I,LSC1,1719,PINGÜINO,SUSTANTIVO,Ave marina no voladora de regiones frías adaptada al buceo. (RAE),SI,2 señas,NO,SI,SI,2 señas,Compuestas (tipo C),Pc,B,,,,01719_pinguino.mp4
FENASCOL I,LSC1,1720,PIOJO,SUSTANTIVO,Insecto parásito sin alas que vive sobre la piel de los mamíferos y aves. (RAE),SI,2 señas,NO,SI,SI,2 señas,Compuestas (tipo C),Pc,Qe,,,,01720_piojo.mp4
FENASCOL I,LSC0,1721,POCO 1,ADJETIVO,"Escaso en cantidad, número o grado. (RAE)",NO,1 seña,NO,SI,NO,1 seña,Unimanual (tipo 0),Pc,,,,,01721_poco1.mp4
FENASCOL I,LSC0,1722,POCO 2,ADJETIVO,Variante de seña para una cantidad limitada o reducida. (Generada Gemini),NO,1 seña,NO,SI,NO,1 seña,Unimanual (tipo 0),Tc,,,,,01722_poco2.mp4
FENASCOL I,LSC0,1723,POCO A POCO,ADVERBIO,"De manera gradual, despacio y progresiva. (RAE)",SI,1 seña,NO,SI,SI,1 seña,Semi-simétrica (tipo II),Ql,,,,,01723_pocoapoco.mp4
FENASCOL I,LSC1,1724,POLLITO,SUSTANTIVO,Cría de la gallina o de otras aves. (RAE),SI,2 señas,NO,SI,SI,2 señas,Compuestas (tipo C),Tc,Qf,,,,01724_pollito.mp4
FENASCOL I,LSC0,1725,POR FAVOR,ADVERBIO,Fórmula de cortesía empleada para pedir o solicitar algo. (RAE),NO,1 seña,NO,SI,NO,1 seña,Unimanual en contacto (tipo X),Af,,,,,01725_porfavor.mp4
FENASCOL I,LSC0,1726,PREGUNTAR,VERBO,Hacer preguntas o formular interrogantes para obtener información. (RAE),NO,1 seña,NO,SI,NO,1 seña,Compuestas (tipo C),Ob,Pl,,,,01726_preguntar.mp4
FENASCOL I,LSC1,1727,PROXIMO SEMANA,ADVERBIO,Período de siete días inmediatamente posterior al actual. (Generada Gemini),NO,1 seña,NO,SI,NO,1 seña,Unimanual (tipo 0),P,,,,,01727_proximasem.mp4
FENASCOL I,LSC1,1728,PUENTE  FESTIVO,SUSTANTIVO,Fin de semana prolongado por la unión de uno o dos días festivos. (Generada Gemini),SI,2 señas,NO,SI,SI,2 señas,Compuestas (tipo C),P,J,,,,01728_puentefest.mp4
FENASCOL I,LSC1,1729,PULGA,SUSTANTIVO,Insecto parásito sin alas de patas traseras muy adaptadas para dar saltos. (RAE),SI,2 señas,NO,SI,SI,2 señas,Compuestas (tipo C),Okp,Qe,,,,01729_pulga.mp4
FENASCOL I,LSC1,1730,PUNTUAL,ADJETIVO,Que llega o hace las cosas a la hora convenida. (RAE),SI,2 señas,NO,SI,SI,2 señas,Compuestas (tipo C),J,Ok,,,,01730_puntual.mp4
FENASCOL I,LSC0,1731,RARO,ADJETIVO,"Extraordinario, poco común o singular. (RAE)",NO,1 seña,NO,SI,NO,1 seña,Unimanual (tipo 0),Rl,,,,,01731_raro.mp4
FENASCOL I,LSC1,1732,RATÓN,SUSTANTIVO,Mamífero roedor pequeño de hocico puntiagudo y cola larga. (RAE),SI,1 seña,NO,SI,SI,1 seña,Semi-simétrica (tipo II),B,,,,,01732_raton.mp4
FENASCOL I,LSC0,1733,REGAÑAR,VERBO,Reprender o reconvenir con enfado a alguien por su conducta. (RAE),SI,1 seña,NO,SI,SI,1 seña,Semi-simétrica (tipo II),Bl,,,,,01733_regañar.mp4
FENASCOL I,LSC1,1734,RINOCERONTE,SUSTANTIVO,Gran mamífero paquidermo de piel muy gruesa y uno o dos cuernos en el hocico. (RAE),SI,2 señas,NO,SI,SI,2 señas,Compuestas (tipo C),Y,S,,,,01734_rinoceront.mp4
FENASCOL I,LSC1,1735,ROJO,ADJETIVO,De color semejante al de la sangre o el rubí. (RAE),NO,1 seña,NO,SI,NO,1 seña,Unimanual en contacto (tipo X),P,,,,,01735_rojo.mp4
FENASCOL I,LSC1,1736,ROSADO,ADJETIVO,De color rojo claro o semejante al de la rosa. (RAE),NO,1 seña,NO,SI,NO,1 seña,Unimanual en contacto (tipo X),A,,,,,01736_rosado.mp4
FENASCOL I,LSC1,1737,RUANA,SUSTANTIVO,"Manta cuadrada o rectangular con una abertura central para la cabeza, típica de Colombia. (RAE)",SI,2 señas,NO,SI,SI,2 señas,Compuestas (tipo C),J,S,,,,01737_ruana.mp4
FENASCOL I,LSC1,1738,SALCHICHA,SUSTANTIVO,Embutido de carne picada sazonada introducida en una tripa delgada. (RAE),NO,2 señas,NO,SI,SI,2 señas,Compuestas (tipo C),Cb,Cb,,,,01738_salchicha.mp4
FENASCOL I,LSC0,1739,SEGUIR,VERBO,"Ir después o detrás de alguien, o continuar una acción iniciada. (RAE)",NO,1 seña,NO,SI,NO,1 seña,Asimétrica (tipo III),Bl,,,,,01739_seguir.mp4
UEB,LSC1,1740,SEGURO 3,ADJETIVO,"Variante de seña para expresar certidumbre, confianza o póliza de protección. (Generada Gemini)",NO,1 seña,NO,SI,NO,1 seña,Unimanual (tipo 0),Ok,J,,,,01740_seguro3.mp4
FENASCOL I,LSC1,1741,SENCILLO,ADJETIVO,Que no ofrece dificultad o carece de artificio y complicación. (RAE),NO,1 seña,NO,SI,NO,1 seña,Simétrica (tipo I),Ok,,,,,01741_sencillo.mp4
FENASCOL I,LSC1,1742,MORADO,ADJETIVO,De color violáceo semejante al de la mora. (RAE),NO,1 seña,SI,SI,NO,1 seña,Unimanual en contacto (tipo X),No,,,,,01742_morado.mp4
UEB,LSC1,1743,MORDER,VERBO,Clavar los dientes en algo o aprisionar con ellos. (RAE),SI,2 señas,NO,SI,SI,2 señas,Unimanual en contacto (tipo X),S,G,,,,01743_morder.mp4
FENASCOL I,LSC1,1744,SORPRESA,SUSTANTIVO,Conmoción o impresión causada por algo imprevisto o inesperado. (RAE),SI,2 señas,NO,SI,SI,2 señas,Compuestas (tipo C),Ob,L,,,,01744_sorpresa.mp4
FENASCOL I,LSC0,1745,MAS-QUE,FUNCION,Estructura comparativa para expresar superioridad en cantidad o grado. (Generada Gemini),SI,2 señas,NO,SI,SI,2 señas,Unimanual (tipo 0),No,,,,,01745_masque.mp4
FENASCOL I,LSC0,1746,SUCIO,ADJETIVO,"Que tiene mancha, impureza o suciedad. (RAE)",SI,1 seña,NO,SI,SI,1 seña,Unimanual en contacto (tipo X),Ok,J,,,,01746_sucio.mp4
FENASCOL I,LSC1,1747,SUPERIOR,ADJETIVO,Que está más alto o tiene mayor jerarquía o calidad respecto de otra cosa. (RAE),NO,1 seña,NO,SI,NO,1 seña,Simétrica (tipo I),Ql,,,,,01747_superior.mp4
FENASCOL I,LSC1,1748,INFERIOR,ADJETIVO,"Que está debajo o tiene menor rango, calidad o cantidad. (RAE)",NO,1 seña,NO,SI,NO,1 seña,Simétrica (tipo I),Ql,,,,,01748_inferior.mp4
FENASCOL I,LSC1,1749,TIBURON,SUSTANTIVO,Pez elasmobranquio carnívoro marino de esqueleto cartilaginoso y cuerpo hidrodinámico. (RAE),NO,1 seña,NO,SI,NO,1 seña,Asimétrica (tipo III),Be,,,,,01749_tiburon.mp4
FENASCOL I,LSC0,1750,TAL VEZ,FUNCION,Expresión adverbial que denota duda o posibilidad. (RAE),NO,1 seña,NO,SI,NO,1 seña,Simétrica (tipo I),B,,,,,01750_talvez.mp4
FENASCOL I,LSC1,1751,TIO-HOMBRE,SUSTANTIVO,Hermano del padre o de la madre especificado en género masculino. (Generada Gemini),SI,2 señas,SI,SI,SI,2 señas,Compuestas (tipo C),P,O,,,,01751_tiohombre.mp4
FENASCOL I,LSC1,1752,TIA-MUJER,SUSTANTIVO,Hermana del padre o de la madre especificada en género femenino. (Generada Gemini),SI,2 señas,SI,SI,SI,2 señas,Compuestas (tipo C),C,A,,,,01752_tiamujer.mp4
FENASCOL I,LSC1,1753,TIO-NEUTRO 1,SUSTANTIVO,Representación de la relación de parentesco de tío sin especificación léxica de género. (Generada Gemini),NO,1 seña,SI,SI,NO,1 seña,Asimétrica (tipo III),P,,,,,01753_tioneutro1.mp4
FENASCOL I,LSC1,1754,TIO-NEUTRO 2,SUSTANTIVO,Variante de seña para el parentesco de tío/tía. (Generada Gemini),NO,1 seña,SI,SI,NO,1 seña,Unimanual (tipo 0),T,,,,,01754_tioneutro2.mp4
FENASCOL I,LSC1,1755,TODOS-LOS-DIAS 1,ADJETIVO,Expresión de frecuencia cotidiana o diaria. (Generada Gemini),NO,1 seña,NO,SI,NO,1 seña,Unimanual (tipo 0),J,,,,,01755_todoslosdi.mp4
FENASCOL I,LSC1,1756,TODOS-LOS-DIAS 2,ADJETIVO,Variante de seña para periodicidad habitual o diaria. (Generada Gemini),NO,1 seña,SI,SI,NO,1 seña,Unimanual (tipo 0),A,,,,,01756_todoslosdi.mp4
FENASCOL I,LSC1,1757,INVISIBLE,ADJETIVO,Que no puede ser visto o percibido por la vista. (RAE),NO,1 seña,SI,SI,NO,1 seña,Unimanual en contacto (tipo X),P,,,,,01757_invisible.mp4
FENASCOL I,LSC1,1758,TORO,SUSTANTIVO,"Macho adulto del ganado vacuno, no castrado. (RAE)",NO,1 seña,NO,SI,NO,1 seña,Simétrica (tipo I),P,,,,,01758_toro.mp4
FENASCOL I,LSC1,1759,TRANSPARENTE,ADJETIVO,Que deja pasar la luz y permite ver claramente a través de él. (RAE),NO,1 seña,NO,SI,NO,1 seña,Simétrica (tipo I),J,,,,,01759_transparen.mp4
FENASCOL I,LSC1,1760,ÚLTIMO 1,ADJETIVO,"Que está al final de una línea, serie o secuencia. (RAE)",NO,1 seña,NO,SI,NO,1 seña,Asimétrica (tipo III),I,Ye,,,,01760_ultimo1.mp4
FENASCOL I,LSC1,1761,ÚLTIMO 2,ADJETIVO,Variante de seña para la posición final o conclusiva. (Generada Gemini),NO,1 seña,NO,SI,NO,1 seña,Asimétrica (tipo III),B,I,,,,01761_ultimo2.mp4
FENASCOL I,LSC1,1762,VACA 1,SUSTANTIVO,"Hembra del toro, mamífero rumiante criado por su leche y su carne. (RAE)",NO,1 seña,NO,SI,NO,1 seña,Simétrica (tipo I),Xe,,,,,01762_vaca1.mp4
FENASCOL I,LSC1,1763,VACA 2,SUSTANTIVO,Variante de seña para el mamífero bovino (vaca). (Generada Gemini),NO,1 seña,NO,SI,NO,1 seña,Simétrica (tipo I),Y,,,,,01763_vaca2.mp4
FENASCOL I,LSC1,1764,VACA RECOLECTA,ADJETIVO,Aportación voluntaria de dinero efectuada entre varias personas para un fin común. (Generada Gemini),NO,1 seña,NO,SI,NO,1 seña,Simétrica (tipo I),P,,,,,01764_vacarecole.mp4
FENASCOL I,LSC0,1765,VENDER 1,VERBO,Traspasar la propiedad de algo a cambio de un precio acordado. (RAE),NO,1 seña,NO,SI,NO,1 seña,Simétrica (tipo I),Qe,,,,,01765_vender1.mp4
FENASCOL I,LSC0,1766,VENDER 2,VERBO,Variante de seña para el acto de comerciar o vender. (Generada Gemini),NO,1 seña,NO,SI,NO,1 seña,Simétrica (tipo I),Xf,,,,,01766_vender2.mp4
FENASCOL I,LSC0,1767,VENDER 3,VERBO,Variante morfológica de seña para expendio o venta. (Generada Gemini),NO,1 seña,NO,SI,NO,1 seña,Simétrica (tipo I),Xf,,,,,01767_vender3.mp4
FENASCOL I,LSC0,1768,VERDE,VERBO,De color semejante al de la hierba fresca o la esmeralda. (RAE),NO,1 seña,NO,SI,NO,1 seña,Unimanual (tipo 0),V,,,,,01768_verde.mp4
FENASCOL I,LSC1,1769,VESTIDO,SUSTANTIVO,Prenda de vestir femenina de una sola pieza que cubre el cuerpo. (RAE),NO,1 seña,NO,SI,NO,1 seña,Simétrica (tipo I),J,,,,,01769_vestido.mp4
FENASCOL I,LSC1,1770,VESTIRSE,VERBO,Ponerse la ropa o vestimenta adecuada. (RAE),NO,1 seña,NO,SI,NO,1 seña,Simétrica (tipo I),A,,,,,01770_vestirse.mp4
FENASCOL I,LSC1,1771,ZANCUDO,SUSTANTIVO,Mosquito de patas largas que pica y molesta. (RAE),NO,1 seña,NO,SI,NO,1 seña,Asimétrica (tipo III),Tb,B,,,,01771_zancudo.mp4
FENASCOL I,LSC1,1772,ZAPATO TENIS,SUSTANTIVO,Calzado deportivo cómodo de suela flexible. (Generada Gemini),SI,2 señas,SI,SI,SI,2 señas,Simétrica (tipo I),XXe,,,,,01772_zapatoteni.mp4
FENASCOL I,LSC1,1773,ZAPATOSDE TACÓN,SUSTANTIVO,Calzado femenino con elevación en el talón. (Generada Gemini),NO,1 seña,NO,SI,NO,1 seña,Simétrica (tipo I),Y,,,,,01773_zapatosdet.mp4
FENASCOL II,LSC1,1774,MAR,SUSTANTIVO,Masa de agua salada que cubre la mayor parte de la superficie terrestre. (RAE),NO,1 seña,NO,SI,NO,1 seña,Asimétrica (tipo III),B,J,,,,01774_mar.mp4
FENASCOL II,LSC1,1775,PRIMER-PISO,ADJETIVO,Planta de un edificio situada inmediatamente por encima de la planta baja. (RAE),SI,2 señas,NO,SI,SI,2 señas,Unimanual (tipo 0),P,B,,,,01775_primerpiso.mp4
UEB,LSC1,1776,SEGUNDO-PISO,ADJETIVO,Planta de un edificio situada dos niveles por encima de la planta baja. (RAE),SI,2 señas,NO,SI,SI,2 señas,Unimanual (tipo 0),XXc,V,B,,,01776_segundopis.mp4
FENASCOL II,LSC0,1777,A-PROPOSITO,FUNCION,Con la intención deliberada de hacer algo. / Por cierto. (RAE),NO,1 seña,NO,SI,NO,1 seña,Unimanual (tipo 0),S,,,,,01777_aproposito.mp4
FENASCOL II,LSC1,1778,ABREVIAR,VERBO,Hacer más breve o corto algo. (RAE),NO,1 seña,NO,SI,NO,1 seña,Simétrica (tipo I),P,,,,,01778_abreviar.mp4
FENASCOL II,LSC1,1779,ABSTENERSE,VERBO,Privarse de algo o no intervenir en una votación u opción. (RAE),NO,1 seña,NO,SI,NO,1 seña,Simétrica (tipo I),Bl,A,,,,01779_abstenerse.mp4
UEB,LSC1,1780,NEUTRAL 1,ADJETIVO,Que no se inclina por ninguna de las partes en conflicto. (RAE),NO,1 seña,NO,SI,NO,1 seña,Simétrica (tipo I),Bl,J,,,,01780_neutral1.mp4
UEB,LSC1,1781,NEUTRAL 2,ADJETIVO,Variante de seña para la condición de neutralidad o imparcialidad. (Generada Gemini),NO,1 seña,NO,SI,NO,1 seña,Simétrica (tipo I),Bl,,,,,01781_neutral2.mp4
FENASCOL II,LSC1,1782,ACARICIAR,VERBO,Tratar a alguien o algo con caricias o muestras de afecto. (RAE),NO,1 seña,NO,SI,NO,1 seña,Asimétrica (tipo III),P,B,,,,01782_acariciar.mp4
FENASCOL II,LSC1,1783,ACIDO-SABOR,ADJETIVO,Que tiene sabor agrio o picante como el del limón o vinagre. (RAE),NO,1 seña,NO,SI,NO,1 seña,Unimanual en contacto (tipo X),P,,,,,01783_acidosabor.mp4
FENASCOL II,LSC1,1784,ACOSTAR,VERBO,Echar o tender a alguien para que descanse o duerma. (RAE),,,NO,SI,NO,1 seña,Simétrica (tipo I),Q,,,,,01784_acostar.mp4
FENASCOL II,LSC0,1785,ACTIVO,ADJETIVO,Que obra o tiene virtud de obrar; diligente y eficaz. (RAE),NO,1 seña,NO,SI,NO,1 seña,Simétrica (tipo I),P,,,,,01785_activo.mp4
FENASCOL II,LSC1,1786,ADMINISTRADOR,SUSTANTIVO,Persona que administra bienes u organizaciones. (RAE),NO,1 seña,NO,SI,NO,1 seña,Semi-simétrica (tipo II),B,,,,,01786_administra.mp4
FENASCOL II,LSC1,1787,ADVERTIR,VERBO,"Llamar la atención sobre algo, aconsejar o prevenir. (RAE)",NO,1 seña,NO,SI,NO,1 seña,Asimétrica (tipo III),O,X,,,,01787_advertir.mp4
FENASCOL II,LSC1,1788,AFILIADO,ADJETIVO,Persona inscrita o asociada a una entidad u organización. (RAE),NO,1 seña,NO,SI,NO,1 seña,Asimétrica (tipo III),G,XX,,,,01788_afiliado.mp4
FENASCOL II,LSC1,1789,AGRICULTURA,SUSTANTIVO,Arte o técnica de cultivar la tierra. (RAE),NO,1 seña,NO,SI,NO,1 seña,Simétrica (tipo I),XX,,,,,01789_agricultur.mp4
FENASCOL II,LSC1,1790,CULTIVAR,VERBO,Hacer en la tierra las labores necesarias para plantar y obtener frutos. (RAE),NO,1 seña,NO,SI,NO,1 seña,Compuestas (tipo C),Cb,J,,,,01790_cultivar.mp4
FENASCOL II,LSC1,1791,AGUILA,SUSTANTIVO,"Ave rapaz diurna de gran tamaño, vista aguda y vuelo potente. (RAE)",SI,2 señas,NO,SI,SI,2 señas,Unimanual (tipo 0),Y,,,,,01791_aguila.mp4
FENASCOL II,LSC0,1792,AHÍ-ESTA,FUNCION,Expresión deíctica que señala la presencia o ubicación de algo o alguien. (Generada Gemini),NO,1 seña,NO,SI,NO,1 seña,Semi-simétrica (tipo II),V,,,,,01792_ahiesta.mp4
FENASCOL II,LSC0,1793,AL CONTRARIO,FUNCION,De manera opuesta o en sentido inverso. (RAE),NO,1 seña,NO,SI,NO,1 seña,Simétrica (tipo I),N,,,,,01793_alcontrari.mp4
FENASCOL II,LSC1,1794,ALEGRE,VERBO,"Lleno de alegría, contento o festivo. (RAE)",NO,1 seña,NO,SI,NO,1 seña,Semi-simétrica (tipo II),Qf,,,,,01794_alegre.mp4
FENASCOL II,LSC1,1795,ALMEJA,SUSTANTIVO,Molusco bivalvo marino de concha estriada apreciado en gastronomía. (RAE),SI,1 seña,NO,SI,SI,1 seña,Simétrica (tipo I),S,,,,,01795_almeja.mp4
FENASCOL II,LSC1,1796,ALTERADO,ADJETIVO,"Cambiado, trastornado, perturbado o irritado. (RAE)",NO,1 seña,NO,SI,NO,1 seña,Simétrica (tipo I),O,J,,,,01796_alterado.mp4
FENASCOL II,LSC1,1797,AMANECER TRASNOCHAR (EN UNA FIESTA),VERBO,Pasar la noche entera sin dormir festejando hasta el alba. (Generada Gemini),NO,1 seña,SI,SI,NO,1 seña,Simétrica (tipo I),P,,,,,01797_amanecertr.mp4
FENASCOL II,LSC1,1798,AMANTE,ADJETIVO,Persona que ama a otra o que mantiene una relación extramatrimonial. (RAE),NO,1 seña,SI,SI,NO,1 seña,Compuestas (tipo C),P,J,,,,01798_amante.mp4
FENASCOL II,LSC1,1799,AMARGO,ADJETIVO,"Que tiene sabor amargo, desagradable o que causa aflicción. (RAE)",SI,2 señas,NO,SI,SI,2 señas,Asimétrica (tipo III),A,Bl,,,,01799_amargo.mp4
FENASCOL II,LSC1,1800,AMÉRICA DEL NORTE,SUSTANTIVO,Subcontinente del continente americano situado en el hemisferio norte. (RAE),NO,1 seña,SI,SI,NO,1 seña,Asimétrica (tipo III),Bl,A,,,,01800_americadel.mp4
FENASCOL II,LSC1,1801,AMÉRICA DEL SUR,SUSTANTIVO,Subcontinente del continente americano situado en el hemisferio sur. (RAE),NO,1 seña,NO,SI,NO,1 seña,Asimétrica (tipo III),A,Bl,,,,01801_americadel.mp4
FENASCOL II,LSC1,1802,ANALIZAR,VERBO,Someter algo a análisis o examen detallado. (RAE),NO,1 seña,NO,SI,NO,1 seña,Semi-simétrica (tipo II),B,,,,,01802_analizar.mp4
FENASCOL II,LSC1,1803,ANEMÍA,SUSTANTIVO,Disminución de la concentración de hemoglobina en la sangre. (RAE),SI,2 señas,NO,SI,SI,2 señas,Asimétrica (tipo III),Bl,S,X,,,01803_anemia.mp4
FENASCOL II,LSC1,1804,ANTIOQUIA,SUSTANTIVO,Departamento de Colombia situado en el noroccidente del país. (Generada Gemini),NO,1 seña,NO,SI,NO,1 seña,Unimanual (tipo 0),B,,,,,01804_antioquia.mp4
FENASCOL II,LSC1,1805,ANUAL,ADJETIVO,"Que ocurre, se hace o se repite cada año. (RAE)",NO,1 seña,NO,SI,NO,1 seña,Compuestas (tipo C),P,S,,,,01805_anual.mp4
FENASCOL II,LSC1,1806,APROVECHADO,ADJETIVO,Que saca partido o beneficio personal de las circunstancias u otras personas. (RAE),NO,1 seña,SI,SI,NO,1 seña,Simétrica (tipo I),V,XX,,,,01806_aprovechad.mp4
FENASCOL II,LSC1,1807,ARENA,SUSTANTIVO,Conjunto de partículas disgregadas de las rocas acumuladas en playas y desiertos. (RAE),NO,1 seña,NO,SI,NO,1 seña,Simétrica (tipo I),Qe,,,,,01807_arena.mp4
FENASCOL II,LSC1,1808,ARGENTINA,SUSTANTIVO,País soberano de América del Sur situado en el extremo sur. (RAE),NO,1 seña,NO,SI,NO,1 seña,Unimanual en contacto (tipo X),Gl,,,,,01808_argentina.mp4
FENASCOL II,LSC1,1809,ARMENIA,SUSTANTIVO,"Ciudad colombiana, capital del departamento del Quindío. (Generada Gemini)",NO,1 seña,NO,SI,NO,1 seña,Unimanual (tipo 0),Ql,,,,,01809_armenia.mp4
FENASCOL II,LSC1,1810,ARRENDAR,VERBO,Ceder o adquirir el uso de una cosa por un precio y tiempo determinados. (RAE),NO,1 seña,NO,SI,NO,1 seña,Semi-simétrica (tipo II),P,,,,,01810_arrendar.mp4
FENASCOL II,LSC1,1811,ARREPENTIDO,ADJETIVO,Que siente pesar por haber hecho o dejado de hacer algo. (RAE),NO,1 seña,SI,SI,NO,1 seña,Unimanual en contacto (tipo X),P,,,,,01811_arrepentid.mp4
FENASCOL II,LSC1,1812,ASMA,SUSTANTIVO,Enfermedad crónica caracterizada por dificultad respiratoria y sibilancias. (RAE),NO,1 seña,NO,SI,NO,1 seña,Unimanual en contacto (tipo X),J,,,,,01812_asma.mp4
FENASCOL II,LSC1,1813,ATLANTICO,SUSTANTIVO,Océano que separa América de Europa y África / Departamento de Colombia. (RAE),NO,1 seña,SI,SI,NO,1 seña,Asimétrica (tipo III),Bl,Qe,,,,01813_atlantico.mp4
FENASCOL II,LSC1,1814,ATLETISMO,SUSTANTIVO,"Conjunto de disciplinas deportivas que comprenden carreras, saltos y lanzamientos. (RAE)",NO,1 seña,NO,SI,NO,1 seña,Semi-simétrica (tipo II),B,,,,,01814_atletismo.mp4
FENASCOL II,LSC1,1815,AUDIOLOGIA,SUSTANTIVO,Disciplina que estudia la audición y sus trastornos. (RAE),SI,2 señas,NO,SI,SI,2 señas,Asimétrica (tipo III),C,B,,,,01815_audiologia.mp4
FENASCOL II,LSC1,1816,AURORA,SUSTANTIVO,Luz sonrosada que precede inmediatamente a la salida del sol. (RAE),NO,1 seña,NO,SI,NO,1 seña,Asimétrica (tipo III),B,Ok,,,,01816_aurora.mp4
FENASCOL II,LSC1,1817,AUTOPISTA,SUSTANTIVO,Carretera de varios carriles por sentido pensada para alta velocidad. (RAE),NO,1 seña,NO,SI,NO,1 seña,Semi-simétrica (tipo II),B,,,,,01817_autopista.mp4
FENASCOL II,LSC1,1818,AUXILIAR,ADJETIVO,Persona que presta asistencia o auxilio en una labor. (RAE),NO,1 seña,SI,SI,NO,1 seña,Semi-simétrica (tipo II),A,,,,,01818_auxiliar.mp4
FENASCOL II,LSC1,1819,AVIONETA,ADJETIVO,Avión pequeño y de poca potencia. (RAE),SI,2 señas,NO,SI,SI,2 señas,Compuestas (tipo C),Y,P,,,,01819_avioneta.mp4
FENASCOL II,LSC0,1820,AVISAR,VERBO,Dar noticia o advertencia a alguien de algo. (RAE),NO,1 seña,NO,SI,NO,1 seña,Unimanual (tipo 0),Q,,,,,01820_avisar.mp4
FENASCOL II,LSC1,1821,ANUNCIAR,VERBO,"Dar a conocer un hecho, evento o producto al público. (RAE)",NO,1 seña,SI,SI,NO,1 seña,Simétrica (tipo I),Qe,,,,,01821_anunciar.mp4
FENASCOL II,LSC1,1822,AZARADO,ADJETIVO,"Persona sobresaltada, aturdida o turbada por la prisa o el miedo. (RAE / Regionalismo)",NO,1 seña,SI,SI,NO,1 seña,Semi-simétrica (tipo II),J,,,,,01822_azarado.mp4
UEB,LSC0,1823,DAR-A-MI,VERBO,Acción de entregar o conceder un objeto o beneficio hacia la primera persona. (Generada Gemini),NO,1 seña,NO,SI,NO,1 seña,Asimétrica (tipo III),Qe,Ql,,,,01823_darami.mp4
FENASCOL II,LSC1,1824,BAJO 1,ADJETIVO,De escasa estatura o situado a poca altura. (RAE),NO,1 seña,NO,SI,NO,1 seña,Unimanual (tipo 0),Bl,,,,,01824_bajo1.mp4
UEB,LSC1,1825,BAJO 2,ADJETIVO,Variante de seña para posición inferior o baja estatura. (Generada Gemini),NO,1 seña,SI,SI,NO,1 seña,Asimétrica (tipo III),Bl,Be,,,,01825_bajo2.mp4
FENASCOL II,LSC1,1826,BANQUITAS,SUSTANTIVO,Modalidad popular del fútbol jugada en canchas reducidas y con arcos pequeños. (Generada Gemini),NO,1 seña,NO,SI,NO,1 seña,Simétrica (tipo I),Cb,,,,,01826_banquitas.mp4
FENASCOL II,LSC1,1827,BARBOSA (SANTANDER),SUSTANTIVO,Municipio colombiano ubicado en el departamento de Santander. (Generada Gemini),NO,1 seña,SI,SI,NO,1 seña,Unimanual en contacto (tipo X),Bl,,,,,01827_barbosasan.mp4
FENASCOL II,LSC1,1828,BARRANCABERMEJA (SANTANDER),SUSTANTIVO,Municipio y puerto petrolero colombiano en Santander. (Generada Gemini),NO,1 seña,NO,SI,NO,1 seña,Unimanual en contacto (tipo X),S,,,,,01828_barrancabe.mp4
FENASCOL II,LSC1,1829,BECERRO,SUSTANTIVO,Cría de la vaca hasta que cumple uno o dos años. (RAE),SI,2 señas,NO,SI,SI,2 señas,Compuestas (tipo C),L,Bl,,,,01829_becerro.mp4
FENASCOL II,LSC1,1830,BELIZE,SUSTANTIVO,País soberano de América Central con costa en el mar Caribe (Belice). (RAE),NO,1 seña,NO,SI,NO,1 seña,Unimanual (tipo 0),Be,,,,,01830_belize.mp4
FENASCOL II,LSC1,1831,BERMUDAS,SUSTANTIVO,Pantalón corto que llega hasta la rodilla. (RAE),NO,1 seña,NO,SI,NO,1 seña,Simétrica (tipo I),Qf,,,,,01831_bermudas.mp4
FENASCOL II,LSC1,1832,BESO-1,SUSTANTIVO,"Toque con los labios en señal de afecto, amor o saludo. (RAE)",NO,1 seña,NO,SI,NO,1 seña,Unimanual en contacto (tipo X),Q,,,,,01832_beso1.mp4
UEB,LSC1,1833,BESO-2,SUSTANTIVO,Variante de seña para la acción o gesto de besar. (Generada Gemini),NO,1 seña,NO,SI,NO,1 seña,Unimanual en contacto (tipo X),Q,,,,,01833_beso2.mp4
UEB,LSC1,1834,BESO-3,SUSTANTIVO,Variante morfológica de seña para muestra de afecto labial. (Generada Gemini),NO,1 seña,NO,SI,NO,1 seña,Semi-simétrica (tipo II),Q,,,,,01834_beso3.mp4
FENASCOL II,LSC1,1835,BETAMAX,SUSTANTIVO,Formato analógico de grabación y reproducción de video doméstico. (Generada Gemini),SI,2 señas,SI,SI,SI,2 señas,Compuestas (tipo C),Bl,Qa,,,,01835_betamax.mp4
FENASCOL II,LSC1,1836,BIBLIOTECA,SUSTANTIVO,Institución o lugar donde se conservan y prestan libros para la lectura. (RAE),NO,1 seña,NO,SI,NO,1 seña,Unimanual (tipo 0),Be,,,,,01836_biblioteca.mp4
FENASCOL II,LSC1,1837,BIFET,SUSTANTIVO,Mueble de comedor o servicio de comidas de autoservicio (bufé/buffet). (RAE),SI,2 señas,SI,SI,SI,2 señas,Simétrica (tipo I),S,C,,,,01837_bifet.mp4
FENASCOL II,LSC1,1838,BIMESTRAL,ADJETIVO,Que se realiza o repite cada dos meses. (RAE),NO,1 seña,NO,SI,NO,1 seña,Unimanual (tipo 0),V,,,,,01838_bimestral.mp4
FENASCOL II,LSC1,1839,BIPER,SUSTANTIVO,Dispositivo de telecomunicaciones portátil que recibe mensajes de texto breves (pager/búper). (Generada Gemini),NO,1 seña,SI,SI,NO,1 seña,Unimanual en contacto (tipo X),C,,,,,01839_biper.mp4
FENASCOL II,LSC1,1840,BLANQUEADOR,SUSTANTIVO,Producto químico empleado para blanquear o desinfectar la ropa o superficies. (Generada Gemini),SI,2 señas,SI,SI,SI,2 señas,Compuestas (tipo C),A,S,J,,,01840_blanqueado.mp4
FENASCOL II,LSC1,1841,BOLIVAR,SUSTANTIVO,Departamento de Colombia / Moneda oficial de Venezuela. (RAE),NO,1 seña,SI,SI,NO,1 seña,Unimanual en contacto (tipo X),Bl,,,,,01841_bolivar.mp4
FENASCOL II,LSC1,1842,BOLIVIA,SUSTANTIVO,País soberano sin litoral marítimo situado en el centro-oeste de América del Sur. (RAE),NO,1 seña,SI,SI,NO,1 seña,Unimanual (tipo 0),Ud,,,,,01842_bolivia.mp4
FENASCOL II,LSC1,1843,BOYACA,SUSTANTIVO,Departamento de Colombia situado en el centro-oriente del país. (Generada Gemini),NO,1 seña,SI,SI,NO,1 seña,Asimétrica (tipo III),S,A,,,,01843_boyaca.mp4
FENASCOL II,LSC1,1844,BUCARAMANGA,SUSTANTIVO,"Ciudad colombiana, capital del departamento de Santander. (Generada Gemini)",NO,1 seña,SI,SI,NO,1 seña,Unimanual en contacto (tipo X),Tl,Xc,Xe,,,01844_bucaramang.mp4
FENASCOL II,LSC1,1845,BUCEAR,VERBO,Nadar con todo el cuerpo sumergido bajo la superficie del agua. (RAE),SI,2 señas,SI,SI,SI,2 señas,Compuestas (tipo C),C,V,,,,01845_bucear.mp4
FENASCOL II,LSC1,1846,BUENAVETURA (VALLE),SUSTANTIVO,Distrito especial y principal puerto colombiano en el océano Pacífico. (Generada Gemini),NO,1 seña,SI,SI,NO,1 seña,Unimanual (tipo 0),B,Bl,,,,01846_buenaventu.mp4
FENASCOL II,LSC1,1847,BUGA (VALLE),SUSTANTIVO,Municipio colombiano en el departamento del Valle del Cauca. (Generada Gemini),NO,1 seña,SI,SI,NO,1 seña,Unimanual en contacto (tipo X),Pc,,,,,01847_bugavalle.mp4
FENASCOL II,LSC1,1848,BUZO,SUSTANTIVO,Persona que practica el buceo / Prenda de vestir de abrigo o deportiva. (RAE),SI,2 señas,SI,SI,SI,2 señas,Compuestas (tipo C),C,C,O,,,01848_buzo.mp4
FENASCOL II,LSC1,1849,CAER-EN-CUENTA (ah-ya),VERBO,Darse cuenta o comprender de pronto algo que no se había advertido. (Generada Gemini),SI,2 señas,SI,SI,SI,2 señas,Compuestas (tipo C),J,Y,,,,01849_caerencuen.mp4
UEB,LSC0,1850,NO-TENER--NADA-QUE-DECIR (mmm),FUNCION,Expresión gestual de reservarse la opinión o falta de comentarios sobre un tema. (Generada Gemini),NO,1 seña,SI,SI,NO,1 seña,Simétrica (tipo I),Ma,,,,,01850_notenernad.mp4
UEB,LSC0,1851,QUEDARSE-SIN-PALABRAS (agarra-cuello),FUNCION,"Expresión de perplejidad, asombro o turbación que impide hablar. (Generada Gemini)",NO,1 seña,NO,SI,NO,1 seña,Unimanual en contacto (tipo X),Gl,S,,,,01851_quedarsesi.mp4
FENASCOL II,LSC1,1852,BUENA PERSONA 1,ADJETIVO,"Individuo caracterizado por su virtud, bondad o integridad moral. (RAE)",SI,2 señas,SI,SI,SI,2 señas,Compuestas (tipo C),Bl,K,,,,01852_buenaperso.mp4
UEB,LSC1,1853,BUENA PERSONA 2,ADJETIVO,Variante de seña para la calidad moral o bondad de una persona. (Generada Gemini),SI,2 señas,SI,SI,SI,2 señas,Compuestas (tipo C),Bl,Xc,,,,01853_buenaperso.mp4
UEB,LSC1,1854,BUENA PERSONA 3,ADJETIVO,Variante morfológica de seña para ponderar la bondad personal. (Generada Gemini),SI,2 señas,SI,SI,SI,2 señas,Unimanual (tipo 0),A,Xc,,,,01854_buenaperso.mp4
UEB,LSC1,1855,CALAMAR,SUSTANTIVO,Molusco cefalópodo marino de cuerpo alargado con diez tentáculos y bolsa de tinta. (RAE),NO,1 seña,NO,SI,NO,1 seña,Unimanual (tipo 0),J,Qe,,,,01855_calamar.mp4
FENASCOL II,LSC1,1856,CALDAS,SUSTANTIVO,Departamento de Colombia situado en la región andina (eje cafetero). (Generada Gemini),NO,1 seña,SI,SI,NO,1 seña,Unimanual en contacto (tipo X),Xf,Xc,,,,01856_caldas.mp4
FENASCOL II,LSC1,1857,CAMA MATRIMONIAL,SUSTANTIVO,Cama de dos plazas o dimensiones amplias para dos personas. (Generada Gemini),SI,2 señas,SI,SI,SI,2 señas,Simétrica (tipo I),Ud,J,,,,01857_camamatrim.mp4
FENASCOL II,LSC1,1858,CAMA SENCILLA,SUSTANTIVO,Cama individual destinada al descanso de una sola persona. (Generada Gemini),SI,2 señas,SI,SI,SI,2 señas,Simétrica (tipo I),Ud,Bl,,,,01858_camasencil.mp4
FENASCOL II,LSC1,1859,CAMÁRA FOTOGRÁFICA,SUSTANTIVO,Aparato empleado para registrar imágenes fotográficas. (RAE),NO,1 seña,NO,SI,NO,1 seña,Semi-simétrica (tipo II),Xc,,,,,01859_camarafoto.mp4
FENASCOL II,LSC1,1860,CAMARONES,SUSTANTIVO,Crustáceos decápodos marinos o de agua dulce apreciados en gastronomía. (RAE),NO,1 seña,NO,SI,NO,1 seña,Unimanual (tipo 0),X,Xe,,,,01860_camarones.mp4
FENASCOL II,LSC1,1861,CANADÁ,SUSTANTIVO,País soberano de América del Norte que se extiende desde el Atlántico hasta el Pacífico. (RAE),NO,1 seña,SI,SI,NO,1 seña,Unimanual en contacto (tipo X),A,,,,,01861_canada.mp4
FENASCOL II,LSC1,1862,CANCER,SUSTANTIVO,Enfermedad caracterizada por la proliferación descontrolada de células anormales. (RAE),NO,1 seña,NO,SI,NO,1 seña,Unimanual (tipo 0),Gl,G,,,,01862_cancer.mp4
FENASCOL II,LSC1,1863,CANOA,SUSTANTIVO,"Embarcación de remo estrecha y ligera, sin timón. (RAE)",NO,1 seña,NO,SI,NO,1 seña,Simétrica (tipo I),B,,,,,01863_canoa.mp4
FENASCOL II,LSC1,1864,CAQUETA,SUSTANTIVO,Departamento de Colombia situado en la región amazónica. (Generada Gemini),NO,1 seña,NO,SI,NO,1 seña,Simétrica (tipo I),C,,,,,01864_caqueta.mp4
FENASCOL II,LSC1,1865,CARDIÓLOGO 1,SUSTANTIVO,Médico especialista en las enfermedades del corazón y del aparato circulatorio. (RAE),NO,1 seña,SI,SI,NO,1 seña,Unimanual en contacto (tipo X),B,,,,,01865_cardiologo.mp4
UEB,LSC1,1866,CARDIÓLOGO 2,SUSTANTIVO,Variante de seña para la especialidad médica de cardiología. (Generada Gemini),SI,2 señas,SI,SI,SI,2 señas,Asimétrica (tipo III),Be,Nc,J,G,,01866_cardiologo.mp4
FENASCOL II,LSC1,1867,CARIBE 1,SUSTANTIVO,Mar de la cuenca del Atlántico o región geográfica del norte de América del Sur. (RAE),NO,1 seña,SI,SI,NO,1 seña,Unimanual (tipo 0),Bl,,,,,01867_caribe1.mp4
UEB,LSC1,1868,CARIBE 2,SUSTANTIVO,Variante de seña para la región costera o marítima del Caribe. (Generada Gemini),NO,1 seña,SI,SI,NO,1 seña,Unimanual en contacto (tipo X),C,,,,,01868_caribe2.mp4
UEB,LSC1,1869,CARIBE 3,SUSTANTIVO,Variante morfológica para la zona geográfica caribeña. (Generada Gemini),SI,2 señas,SI,SI,SI,2 señas,Asimétrica (tipo III),Y,C,,,,01869_caribe3.mp4
FENASCOL II,LSC1,1870,CARPETA,SUSTANTIVO,Útil de escritorio consistente en dos tapas unidas para guardar documentos. (RAE),NO,1 seña,NO,SI,NO,1 seña,Asimétrica (tipo III),Qa,Bl,,,,01870_carpeta.mp4
FENASCOL II,LSC1,1871,CARTELERA,SUSTANTIVO,"Marco o lámina fija para colocar avisos, afiches o informaciones públicas. (RAE)",NO,1 seña,NO,SI,NO,1 seña,Simétrica (tipo I),A,,,,,01871_cartelera.mp4
FENASCOL II,LSC1,1872,CARTÓN,SUSTANTIVO,Material formado por superposición de capas de pasta de papel endurecida. (RAE),NO,1 seña,NO,SI,NO,1 seña,Semi-simétrica (tipo II),Qa,,,,,01872_carton.mp4
FENASCOL II,LSC1,1873,CARTULINA,SUSTANTIVO,Papel de grosor e inflexibilidad intermedios entre el papel y el cartón. (RAE),NO,1 seña,NO,SI,NO,1 seña,Semi-simétrica (tipo II),Qe,,,,,01873_cartulina.mp4
FENASCOL II,LSC1,1874,CASA DE CAMPO,SUSTANTIVO,Vivienda situada en una zona rural o de descanso fuera de la ciudad. (Generada Gemini),SI,2 señas,SI,SI,SI,2 señas,Compuestas (tipo C),Bl,Bl,J,,,01874_casadecamp.mp4
FENASCOL II,LSC1,1875,CASA DE TRES PISOS,SUSTANTIVO,Edificación residencial constituida por tres niveles de planta. (Generada Gemini),SI,2 señas,SI,SI,SI,2 señas,Compuestas (tipo C),Bl,W,,,,01875_casadetres.mp4
FENASCOL II,LSC1,1876,CASSET,SUSTANTIVO,Casete; pequeña caja de plástico con cinta magnética para grabar y reproducir audio o video. (RAE),NO,1 seña,SI,SI,NO,1 seña,Asimétrica (tipo III),Bl,Xc,,,,01876_casset.mp4
FENASCOL II,LSC1,1877,CASSETE VIDEO BETA,SUSTANTIVO,Formato magnético analógico de video Betamax. (Generada Gemini),SI,2 señas,SI,SI,SI,2 señas,Compuestas (tipo C),Vl,Bl,,,,01877_cassetevid.mp4
FENASCOL II,LSC1,1878,CASSETE VIDEO VHS,SUSTANTIVO,Formato analógico de video doméstico en cinta magnética (VHS). (Generada Gemini),SI,2 señas,SI,SI,SI,2 señas,Compuestas (tipo C),Vl,Bl,,,,01878_cassettevi.mp4
FENASCOL II,LSC1,1879,CENTROAMÉRICA,SUSTANTIVO,Subcontinente o región que une América del Norte con América del Sur. (RAE),NO,1 seña,SI,SI,NO,1 seña,Semi-simétrica (tipo II),A,,,,,01879_centroamer.mp4
FENASCOL II,LSC1,1880,CEPILLO DE EMBOLAR,SUSTANTIVO,Cepillo de cerdas para aplicar o lustrar el betún en el calzado. (Generada Gemini),NO,1 seña,SI,SI,NO,1 seña,Asimétrica (tipo III),Bl,S,,,,01880_cepillodee.mp4
FENASCOL II,LSC1,1881,CEPILLO DE ROPA,SUSTANTIVO,Utensilio provisto de cerdas finas para limpiar el polvo de las prendas de vestir. (RAE),NO,1 seña,SI,SI,NO,1 seña,Unimanual en contacto (tipo X),S,,,,,01881_cepilloder.mp4
FENASCOL II,LSC1,1882,CHAMPU,SUSTANTIVO,Jabón líquido empleado para la limpieza del cabello. (RAE),NO,1 seña,NO,SI,NO,1 seña,Simétrica (tipo I),J,,,,,01882_champu.mp4
FENASCOL II,LSC1,1883,CHILE,SUSTANTIVO,País soberano de América del Sur situado en el extremo suroccidental. (RAE),NO,1 seña,NO,SI,NO,1 seña,Unimanual (tipo 0),No,Nc,,,,01883_chile.mp4
FENASCOL II,LSC1,1884,CHÍA (CUNDINAMARCA),SUSTANTIVO,Municipio colombiano ubicado en el departamento de Cundinamarca. (Generada Gemini),NO,1 seña,NO,SI,NO,1 seña,Unimanual (tipo 0),No,Nc,,,,01884_chiacund.mp4
FENASCOL II,LSC1,1885,CHIVO 1,SUSTANTIVO,Macho de la cabra o cría de la misma. (RAE),NO,1 seña,SI,SI,NO,1 seña,Asimétrica (tipo III),Bl,Qe,,,,01885_chivo1.mp4
UEB,LSC1,1886,CHIVO 2,SUSTANTIVO,Variante de seña para el mamífero caprino (chivo). (Generada Gemini),SI,2 señas,NO,SI,SI,2 señas,Unimanual en contacto (tipo X),Jb,,Xe,Xe,,01886_chivo2.mp4
FENASCOL II,LSC1,1887,CHOCO,SUSTANTIVO,Departamento de Colombia situado en el pacífico y el noroeste del país. (Generada Gemini),NO,1 seña,NO,SI,NO,1 seña,Unimanual en contacto (tipo X),X,,,,,01887_choco.mp4
FENASCOL II,LSC1,1888,CHOCONTA (CUNDINAMARCA),SUSTANTIVO,Municipio colombiano ubicado en el departamento de Cundinamarca. (Generada Gemini),NO,1 seña,NO,SI,NO,1 seña,Unimanual (tipo 0),G,,,,,01888_chocontacu.mp4
FENASCOL II,LSC1,1889,CICLISMO,SUSTANTIVO,Deporte o práctica del uso de la bicicleta. (RAE),SI,2 señas,NO,SI,SI,2 señas,Simétrica (tipo I),Pa,Pa,S,S,,01889_ciclismo.mp4
FENASCOL II,LSC1,1890,CINCO MESES 1,ADJETIVO,Período temporal equivalente a cinco lapsos mensuales. (Generada Gemini),NO,1 seña,NO,SI,NO,1 seña,Asimétrica (tipo III),J,P,,,,01890_cincomeses.mp4
UEB,LSC1,1891,CINCO MESES 2,ADJETIVO,Variante de seña para una duración temporal de cinco meses. (Generada Gemini),NO,1 seña,NO,SI,NO,1 seña,Unimanual en contacto (tipo X),J,,,,,01891_cincomeses.mp4
FENASCOL II,LSC1,1892,CINTA PEGANTE 1,SUSTANTIVO,Tira adhesiva transparente o de papel empleada para fijar u ordenar objetos. (RAE),NO,1 seña,NO,SI,NO,1 seña,Asimétrica (tipo III),B,A,,,,01892_cintapegan.mp4
UEB,LSC1,1893,CINTA PEGANTE 2,SUSTANTIVO,Variante de seña para cinta adhesiva. (Generada Gemini),NO,1 seña,NO,SI,NO,1 seña,Simétrica (tipo I),Tb,Tb,,,,01893_cintapegan.mp4
FENASCOL II,LSC1,1894,CIRUJANO 1,SUSTANTIVO,Médico especialista habilitado para realizar intervenciones quirúrgicas. (RAE),NO,1 seña,NO,SI,NO,1 seña,Unimanual en contacto (tipo X),A,,,,,01894_cirujano1.mp4
UEB,LSC1,1895,CIRUJANO 2,SUSTANTIVO,Variante de seña para la profesión u oficio de cirujano. (Generada Gemini),NO,1 seña,NO,SI,NO,1 seña,Unimanual (tipo 0),A,S,,,,01895_cirujano2.mp4
FENASCOL II,LSC1,1896,CIRUJIA,SUSTANTIVO,Cirugía; especialidad o intervención médica mediante procedimientos quirúrgicos. (RAE),SI,2 señas,NO,SI,NO,1 seña,Asimétrica (tipo III),S,A,,,,01896_cirugia.mp4
FENASCOL II,LSC1,1897,CLIP,SUSTANTIVO,Pieza metálica o de plástico doblada que sirve para sujetar hojas de papel. (RAE),NO,1 seña,NO,SI,NO,1 seña,Asimétrica (tipo III),Pc,B,,,,01897_clip.mp4
FENASCOL II,LSC1,1898,CLIP MARIPOSA,SUSTANTIVO,Tipo de clip plano con forma de mariposa para sujetar grandes fajos de papel. (Generada Gemini),NO,1 seña,NO,SI,NO,1 seña,Asimétrica (tipo III),Z,B,,,,01898_clipmaripo.mp4
FENASCOL II,LSC1,1899,CLUB 1,SUSTANTIVO,"Sociedad de personas asociadas para actividades recreativas, culturales o deportivas. (RAE)",NO,1 seña,NO,SI,NO,1 seña,Unimanual (tipo 0),O,Be,,,,01899_club1.mp4
UEB,LSC1,1900,CLUB 2,SUSTANTIVO,Variante de seña para centro recreativo o asociación social (club). (Generada Gemini),NO,1 seña,NO,SI,NO,1 seña,Asimétrica (tipo III),Be,O,,,,01900_club2.mp4
FENASCOL II,LSC1,1901,COLCHON,SUSTANTIVO,Pieza de tela acolchada sobre la que se yace para dormir. (RAE),SI,2 señas,NO,SI,SI,2 señas,Simétrica (tipo I),Cf,Cf,B,B,,01901_colchon.mp4
FENASCOL II,LSC1,1902,COLIFLOR,SUSTANTIVO,"Variedad de col de pella blanca, tierna y comestible formada por flores apelotonadas. (RAE)",NO,1 seña,NO,SI,NO,1 seña,Semi-simétrica (tipo II),Qe,Qe,,,,01902_coliflor.mp4
FENASCOL II,LSC1,1903,COMITE,SUSTANTIVO,Conjunto de personas delegadas para un asunto u organización. (RAE),NO,1 seña,NO,SI,NO,1 seña,Unimanual en contacto (tipo X),Cb,,,,,01903_comite.mp4
FENASCOL II,LSC1,1904,COMPAS,SUSTANTIVO,Instrumento de dos ramas articuladas usado para trazar círculos o tomar distancias. (RAE),NO,1 seña,NO,SI,NO,1 seña,Asimétrica (tipo III),Bl,V,,,,01904_compas.mp4
FENASCOL II,LSC1,1905,COMPROMISO,SUSTANTIVO,Obligación contraída o acuerdo formal entre partes. (RAE),NO,1 seña,NO,SI,NO,1 seña,Unimanual (tipo 0),H,,,,,01905_compromiso.mp4
FENASCOL II,LSC1,1906,CONDIMENTO,SUSTANTIVO,Sustancia empleada para sazonar y dar sabor a las comidas. (RAE),NO,1 seña,NO,SI,NO,1 seña,Asimétrica (tipo III),B,C,,,,01906_condimento.mp4
FENASCOL II,LSC1,1907,CONDOR,SUSTANTIVO,Cierto tipo de ave rapaz andina o variante de seña. (RAE),SI,2 señas,NO,SI,SI,2 señas,Unimanual en contacto (tipo X),C,Jb,,,,01907_condor.mp4
FENASCOL II,LSC1,1908,CONSENTIR,VERBO,Mimarlo o permitirle a alguien sus gustos / Aceptar un acuerdo. (RAE),NO,1 seña,NO,SI,NO,1 seña,Asimétrica (tipo III),P,B,,,,01908_consentir.mp4
FENASCOL II,LSC1,1909,CONTAC 1,SUSTANTIVO,Papel adhesivo transparente o de colores usado para forrar cuadernos y libros (Contact). (Generada Gemini),NO,1 seña,NO,SI,NO,1 seña,Semi-simétrica (tipo II),A,A,,,,01909_contac1.mp4
FENASCOL II,LSC1,1910,CONTAC 2,SUSTANTIVO,Variante de seña para papel adhesivo o película protectora forradora. (Generada Gemini),NO,1 seña,NO,SI,NO,1 seña,Semi-simétrica (tipo II),Ta,Bl,,,,01910_contac.mp4
UEB,LSC1,1911,CONTACTO,SUSTANTIVO,Acción de tocarse dos cosas / Conexión o relación con personas o entidades. (RAE),NO,1 seña,NO,SI,NO,1 seña,Simétrica (tipo I),N,N,,,,01911_contacto.mp4
UEB,LSC1,1912,COQUETA 1,ADJETIVO,Persona que procura agradar o coquetear. / Mueble tocador. (RAE),NO,1 seña,NO,SI,NO,1 seña,Asimétrica (tipo III),J,X,,,,01912_coqueta1.mp4
FENASCOL II,LSC1,1913,COQUETA 2,ADJETIVO,Variante de seña para coqueta o actitud de coqueteo. (Generada Gemini),NO,1 seña,NO,SI,NO,1 seña,Simétrica (tipo I),J,J,,,,01913_coqueta2.mp4
FENASCOL II,LSC1,1914,CORDOBA(DEPARTAMENTO),SUSTANTIVO,Departamento de Colombia situado en el Caribe colombiano. (Generada Gemini),NO,1 seña,NO,SI,NO,1 seña,Unimanual en contacto (tipo X),Cb,,,,,01914_cordobadep.mp4
FENASCOL II,LSC1,1915,CORTINA 1,SUSTANTIVO,Tela colgada en puertas o ventanas para regular la luz o cubrir vistas. (RAE),NO,1 seña,NO,SI,NO,1 seña,Simétrica (tipo I),J,J,,,,01915_cortina1.mp4
FENASCOL II,LSC1,1916,CORTINA 2,SUSTANTIVO,Variante de seña para cortina o persiana. (Generada Gemini),NO,1 seña,NO,SI,NO,1 seña,Simétrica (tipo I),J,J,,,,01916_cortina2.mp4
FENASCOL II,LSC1,1917,CORTINA 3,SUSTANTIVO,Variante morfológica para cortinaje. (Generada Gemini),NO,1 seña,NO,SI,NO,1 seña,Semi-simétrica (tipo II),Af,Af,,,,01917_cortina3.mp4
FENASCOL II,LSC1,1918,COSTA RICA(PAIS),SUSTANTIVO,País soberano de América Central situado entre Nicaragua y Panamá. (RAE),SI,2 señas,NO,SI,SI,2 señas,Unimanual (tipo 0),C,R,,,,01918_costaricap.mp4
FENASCOL II,LSC0,1919,CUARTO,SUSTANTIVO,Habitación de una vivienda / Fracción de cuatro partes iguales. (RAE),NO,1 seña,NO,SI,NO,1 seña,Unimanual (tipo 0),Je,,,,,01919_cuarto.mp4
FENASCOL II,LSC1,1920,CUATRO MESES,ADJETIVO,Período de tiempo equivalente a cuatro mensualidades. (Generada Gemini),NO,1 seña,NO,SI,NO,1 seña,Unimanual (tipo 0),Je,,,,,01920_cuatromese.mp4
FENASCOL II,LSC1,1921,CUBA,SUSTANTIVO,País soberano insular del mar Caribe constituido en un archipiélago. (RAE),NO,1 seña,NO,SI,NO,1 seña,Unimanual en contacto (tipo X),Bc,,,,,01921_cuba.mp4
FENASCOL II,LSC1,1922,CUBRELECHO,SUSTANTIVO,Colcha o edredón que se pone sobre las sábanas para cubrir la cama. (RAE),NO,1 seña,NO,SI,NO,1 seña,Simétrica (tipo I),Qe,Qe,,,,01922_cubrelecho.mp4
FENASCOL II,LSC1,1923,CUCUTA,SUSTANTIVO,"Ciudad colombiana, capital del departamento de Norte de Santander. (Generada Gemini)",NO,1 seña,NO,SI,NO,1 seña,Unimanual (tipo 0),C,,,,,01923_cucuta.mp4
FENASCOL II,LSC1,1924,CUNDINAMARCA 1,SUSTANTIVO,Departamento de Colombia ubicado en el centro del país. (Generada Gemini),NO,1 seña,NO,SI,NO,1 seña,Asimétrica (tipo III),J,S,,,,01924_cundinamar.mp4
UEB,LSC1,1925,CUNDINAMARCA 2,SUSTANTIVO,Variante de seña para el departamento de Cundinamarca. (Generada Gemini),NO,1 seña,NO,SI,NO,1 seña,Asimétrica (tipo III),C,J,S,,,01925_cundinamar.mp4
FENASCOL II,LSC1,1926,DEBIL,ADJETIVO,"De poco vigor, poca fuerza física o resistencia reducida. (RAE)",NO,1 seña,NO,SI,NO,1 seña,Asimétrica (tipo III),J,B,,,,01926_debil.mp4
UEB,LSC0,1927,DEDICADO 1,ADJETIVO,"Aplicado, constante u orientado con esmero a un propósito. (RAE)",SI,2 señas,NO,SI,SI,2 señas,Asimétrica (tipo III),P,B,P,,,01927_dedicado1.mp4
UEB,LSC1,1928,DEDICADO 2,ADJETIVO,Variante de seña para la constancia o dedicación a una tarea. (Generada Gemini),NO,1 seña,NO,SI,NO,1 seña,Simétrica (tipo I),Be,Be,,,,01928_dedicado2.mp4
FENASCOL II,LSC0,1929,CONCENTRAR,VERBO,Fijar intensamente la atención o el pensamiento en un asunto. (RAE),,,NO,SI,NO,1 seña,Simétrica (tipo I),Qa,,,,,01929_concentrar.mp4
UEB,LSC0,1930,DESCONCENTRADO 1,ADJETIVO,Que ha perdido la atención o la concentración en lo que hace. (RAE),NO,1 seña,NO,SI,NO,1 seña,Simétrica (tipo I),Bl,Bl,,,,01930_desconcent.mp4
UEB,LSC0,1931,DESCONCENTRADO 2,ADJETIVO,Variante de seña para la pérdida de atención o enfoque. (Generada Gemini),,,NO,SI,SI,2 señas,Semi-simétrica (tipo II),Qa,,,,,01931_desconcent.mp4
UEB,LSC0,1932,DISTRAIDO 1,ADJETIVO,Que se despista fácilmente o no presta atención a lo que hace. (RAE),NO,1 seña,NO,SI,NO,1 seña,Simétrica (tipo I),Bl,Bl,,,,01932_distraido1.mp4
UEB,LSC0,1933,DISTRAIDO 2,ADJETIVO,Variante de seña para persona abstraída o desatenta. (Generada Gemini),NO,1 seña,NO,SI,NO,1 seña,Unimanual en contacto (tipo X),X,,,,,01933_distraido2.mp4
FENASCOL II,LSC1,1934,DELFIN,SUSTANTIVO,Mamífero cetáceo marino de gran inteligencia. (RAE),NO,1 seña,NO,SI,NO,1 seña,Unimanual (tipo 0),B,,,,,01934_delfin.mp4
FENASCOL II,LSC0,1935,DELICADO,ADJETIVO,"Fino, suave, frágil o que requiere trato atento y cuidadoso. (RAE)",NO,1 seña,NO,SI,NO,1 seña,Unimanual (tipo 0),Xf,,,,,01935_delicado.mp4
FENASCOL II,LSC0,1936,DEMORAR 1,VERBO,Tardar en hacer algo o retrasar un proceso. (RAE),NO,1 seña,NO,SI,NO,1 seña,Simétrica (tipo I),Ok,Ok,,,,01936_demorar1.mp4
FENASCOL II,LSC0,1937,DEMORAR 2,VERBO,Variante de seña para la acción de retrasarse o tardar. (Generada Gemini),NO,1 seña,NO,SI,NO,1 seña,Asimétrica (tipo III),S,L,,,,01937_demorar2.mp4
FENASCOL II,LSC0,1938,DEMORAR 3,VERBO,Variante morfológica para señalar dilatación en el tiempo. (Generada Gemini),NO,1 seña,NO,SI,NO,1 seña,Asimétrica (tipo III),S,P,,,,01938_demorar3.mp4
FENASCOL II,LSC1,1939,DERRAME CEREBRAL,SUSTANTIVO,Accidente cerebrovascular producido por la rotura de un vaso sanguíneo en el encéfalo. (RAE),NO,1 seña,NO,SI,NO,1 seña,Unimanual (tipo 0),Cf,,,,,01939_derramecer.mp4
FENASCOL II,LSC1,1940,DESARROLLAR,VERBO,Hacer pasar algo por una serie de estados sucesivos para perfeccionarlo o ampliarlo. (RAE),NO,1 seña,NO,SI,NO,1 seña,Semi-simétrica (tipo II),Cf,S,,,,01940_desarrolla.mp4
UEB,LSC1,1941,DESARROLLO,SUSTANTIVO,"Acción y efecto de desarrollar o desarrollarse en lo académico, económico o humano. (RAE)",NO,1 seña,NO,SI,NO,1 seña,Asimétrica (tipo III),Qe,B,,,,01941_desarrollo.mp4
FENASCOL II,LSC1,1942,DESCONFIANZA,SUSTANTIVO,"Falta de confianza, recelo o sospecha respecto de alguien o algo. (RAE)",NO,1 seña,NO,SI,NO,1 seña,Semi-simétrica (tipo II),B,B,,,,01942_desconfian.mp4
FENASCOL II,LSC0,1943,DECISIÓN,SUSTANTIVO,Determinación o resolución que se toma sobre una duda o asunto. (RAE),NO,1 seña,NO,SI,NO,1 seña,Unimanual (tipo 0),D,,,,,01943_decision.mp4
FENASCOL II,LSC1,1944,DESODORANTE EN CREMA,SUSTANTIVO,Producto cosmético de consistencia cremosa para neutralizar el olor corporal. (Generada Gemini),NO,1 seña,NO,SI,NO,1 seña,Asimétrica (tipo III),C,,,,,01944_desodorant.mp4
FENASCOL II,LSC1,1945,DESORDENAR,VERBO,"Alterar el orden, concierto o estructura de las cosas. (RAE)",NO,1 seña,NO,SI,NO,1 seña,Semi-simétrica (tipo II),Gl,Gl,,,,01945_desordenar.mp4
FENASCOL II,LSC1,1946,DESPEDIR 1,VERBO,Alejar a alguien de un empleo o servicio. / Decir adiós a alguien. (RAE),NO,1 seña,NO,SI,NO,1 seña,Unimanual (tipo 0),J,,,,,01946_despedir1.mp4
UEB,LSC1,1947,DESPEDIR 2,VERBO,Variante de seña para la acción de decir adiós o despedir. (Generada Gemini),NO,1 seña,NO,SI,NO,1 seña,Simétrica (tipo I),B,B,,,,01947_despedir2.mp4
UEB,LSC1,1948,DESPEDIR 3,VERBO,Variante morfológica de seña para la ruptura o separación laboral/afectiva. (Generada Gemini),NO,1 seña,NO,SI,NO,1 seña,Unimanual (tipo 0),Nb,Xf,,,,01948_despedir3.mp4
FENASCOL II,LSC1,1949,DESPRECIAR,VERBO,"Desestimar, rechazar o no apreciar el valor de algo o alguien. (RAE)",NO,1 seña,NO,SI,NO,1 seña,Simétrica (tipo I),N,N,J,J,,01949_despreciar.mp4
FENASCOL II,LSC1,1950,DESVINCULARSE 1,VERBO,"Desprenderse o apartarse de una relación, compromiso o entidad. (RAE)",NO,1 seña,NO,SI,NO,1 seña,Asimétrica (tipo III),H,O,,,,01950_desvincula.mp4
UEB,LSC1,1951,DESVINCULARSE 2,VERBO,Variante de seña para la desasociación o desvinculación formal. (Generada Gemini),NO,1 seña,NO,SI,NO,1 seña,Asimétrica (tipo III),X,O,,,,01951_desvincula.mp4
FENASCOL II,LSC1,1952,DIRECTOR ADMINISTRATIVO,SUSTANTIVO,Persona encargada de la gestión y dirección administrativa de una organización. (Generada Gemini),SI,2 señas,NO,SI,SI,2 señas,Asimétrica (tipo III),A,B,Pa,Pa,,01952_directorad.mp4
FENASCOL II,LSC1,1953,DIRECTOR EJECUTIVO,SUSTANTIVO,Máximo responsable operativo y de gestión de una empresa o entidad (CEO). (Generada Gemini),,,NO,SI,SI,2 señas,Compuestas (tipo C),Bl,A,,,,01953_directorej.mp4
FENASCOL II,LSC1,1954,DIRECTOR GENERAL,SUSTANTIVO,Persona que ostenta la máxima autoridad directiva en una institución o empresa. (Generada Gemini),SI,2 señas,NO,SI,SI,2 señas,Asimétrica (tipo III),A,B,P,,,01954_directorge.mp4
FENASCOL II,LSC1,1955,DISCO,SUSTANTIVO,Lámina circular de materia rígida usada para almacenar música o datos digital/analógicamente. (RAE),SI,2 señas,NO,SI,SI,2 señas,Semi-simétrica (tipo II),Cb,Cb,B,,,01955_disco.mp4
FENASCOL II,LSC1,1956,DISTANCIARSE,VERBO,Alejarse en el espacio o en el trato con otra persona. (RAE),NO,1 seña,NO,SI,NO,1 seña,Semi-simétrica (tipo II),B,B,,,,01956_distanciar.mp4
FENASCOL II,LSC1,1957,DIVORCIO 1,SUSTANTIVO,Disolución legal de un matrimonio por sentencia judicial. (RAE),NO,1 seña,NO,SI,NO,1 seña,Simétrica (tipo I),D,D,,,,01957_divorcio1.mp4
UEB,LSC1,1958,DIVORCIO 2,SUSTANTIVO,Variante de seña para la separación legal conyugal (divorcio). (Generada Gemini),NO,1 seña,NO,SI,NO,1 seña,Asimétrica (tipo III),F,B,B,,,01958_divorcio2.mp4
FENASCOL II,LSC1,1959,DOS MESES,ADJETIVO,Período temporal equivalente a dos mensualidades. (Generada Gemini),NO,1 seña,NO,SI,NO,1 seña,Unimanual (tipo 0),V,,,,,01959_dosmeses.mp4
FENASCOL II,LSC1,1960,DUITAMA (BOYACA),SUSTANTIVO,"Municipio e importante centro comercial del departamento de Boyacá, Colombia. (Generada Gemini)",NO,1 seña,NO,SI,NO,1 seña,Unimanual (tipo 0),D,,,,,01960_duitamaboy.mp4
FENASCOL II,LSC0,1961,DURO 1,ADJETIVO,"Firme, resistente que difícilmente se deforma / Difícil o severo. (RAE)",NO,1 seña,NO,SI,NO,1 seña,Unimanual en contacto (tipo X),A,,,,,01961_duro1.mp4
FENASCOL II,LSC0,1962,DURO 2,ADJETIVO,"Variante de seña para denotar rigidez, severidad o solidez. (Generada Gemini)",NO,1 seña,NO,SI,NO,1 seña,Unimanual (tipo 0),S,,,,,01962_duro2.mp4
UEB,LSC0,1963,DURO 3,ADJETIVO,Variante morfológica para resistencia o firmeza. (Generada Gemini),NO,1 seña,NO,SI,NO,1 seña,Asimétrica (tipo III),N,J,P,,,01963_duro3.mp4
FENASCOL II,LSC0,1964,ECHAR AL OLVIDO,VERBO,Dejar voluntariamente de pensar o recordar a alguien o algo. (Generada Gemini),SI,2 señas,NO,SI,SI,2 señas,Simétrica (tipo I),Ql,Ql,Qe,Qe,,01964_echaralolv.mp4
FENASCOL II,LSC1,1965,ECONOMISTA,SUSTANTIVO,Especialista en las ciencias económicas y financieras. (RAE),NO,1 seña,NO,SI,NO,1 seña,Simétrica (tipo I),Xf,Xf,,,,01965_economista.mp4
FENASCOL II,LSC1,1966,EGOISTA,ADJETIVO,Que antepone el interés propio al ajeno y no comparte. (RAE),NO,1 seña,NO,SI,NO,1 seña,Simétrica (tipo I),J,J,G,G,,01966_egoista.mp4
FENASCOL II,LSC1,1967,EL-SALVADOR (PAIS),SUSTANTIVO,País soberano de América Central situado en el litoral del océano Pacífico. (RAE),NO,1 seña,NO,SI,NO,1 seña,Unimanual en contacto (tipo X),S,,,,,01967_elsalvador.mp4
FENASCOL II,LSC1,1968,ENCERRAR,VERBO,Meter a alguien o algo en un lugar cerrado y sin salida. (RAE),SI,2 señas,NO,SI,SI,2 señas,Simétrica (tipo I),Je,Je,,,,01968_encerrar.mp4
FENASCOL II,LSC1,1969,ENCESTAR,VERBO,Meter el balón en la cesta en el juego de baloncesto. (RAE),SI,3 señas,NO,SI,SI,3 señas,Asimétrica (tipo III),J,Jb,O,X,,01969_encestar.mp4
FENASCOL II,LSC0,1970,ENFRENTARSE 1,VERBO,Ponerse frente a frente o hacer frente a un problema o rival. (RAE),NO,1 seña,NO,SI,NO,1 seña,Simétrica (tipo I),P,P,,,,01970_enfrentars.mp4
UEB,LSC0,1971,ENFRENTARSE 2,VERBO,Variante de seña para confrontar o medirse a un adversario. (Generada Gemini),NO,1 seña,NO,SI,NO,1 seña,Simétrica (tipo I),B,B,,,,01971_enfrentars.mp4
FENASCOL II,LSC1,1972,ENLATADO,ADJETIVO,Alimento conservado herméticamente en latas metálicas. (RAE),SI,2 señas,NO,SI,SI,2 señas,Compuestas (tipo C),C,Cb,,,,01972_enlatado.mp4
FENASCOL II,LSC1,1973,ENVIDIOSO,ADJETIVO,Que siente envidia o pesar del bien ajeno. (RAE),NO,1 seña,NO,SI,NO,1 seña,Unimanual en contacto (tipo X),G,,,,,01973_envidioso.mp4
FENASCOL II,LSC1,1974,ESBELTA,ADJETIVO,"Alta, delgada y de figura estilizada y bien proporcionada. (RAE)",NO,1 seña,NO,SI,NO,1 seña,Simétrica (tipo I),A,,,,,01974_esbelta.mp4
FENASCOL II,LSC1,1975,ESCUELA,SUSTANTIVO,Establecimiento público o privado de enseñanza primaria o básica. (RAE),NO,1 seña,NO,SI,NO,1 seña,Unimanual (tipo 0),P,,,,,01975_escuela.mp4
FENASCOL II,LSC1,1976,ESCULPIR,VERBO,"Labrar o modelar una obra de escultura en piedra, madera o metal. (RAE)",SI,2 señas,NO,SI,SI,2 señas,Asimétrica (tipo III),Q,Pc,,,,01976_esculpir.mp4
FENASCOL II,LSC1,1977,ESPECIAL,ADJETIVO,"Singular, particular, fuera de lo común o con un valor destacado. (RAE)",NO,1 seña,NO,SI,NO,1 seña,Asimétrica (tipo III),P,Ok,,,,01977_especial.mp4
FENASCOL II,LSC1,1978,ESPINAL (TOLIMA),SUSTANTIVO,Municipio colombiano ubicado en el departamento del Tolima. (Generada Gemini),SI,2 señas,NO,SI,SI,2 señas,Unimanual (tipo 0),J,E,,,,01978_espinaltol.mp4
FENASCOL II,LSC1,1979,ESPONJA 1,SUSTANTIVO,Utensilio poroso usado para absorber líquidos o fregar. (RAE),SI,2 señas,NO,SI,SI,2 señas,Compuestas (tipo C),G,,,,,01979_esponja1.mp4
FENASCOL II,LSC1,1980,ESTATUA,SUSTANTIVO,Escultura que representa una figura humana o animal. (RAE),SI,2 señas,NO,SI,SI,2 señas,Compuestas (tipo C),Gl,Pc,,,,01980_estatua.mp4
UEB,LSC1,1981,ESTATURA,SUSTANTIVO,Altura de una persona desde los pies hasta la cabeza. (RAE),NO,1 seña,NO,SI,NO,1 seña,Semi-simétrica (tipo II),Ok,,,,,01981_estatura.mp4
FENASCOL II,LSC1,1982,ESTILOGRAFO,SUSTANTIVO,Pluma o instrumento de escritura con depósito de tinta recargable. (RAE),NO,1 seña,NO,SI,NO,1 seña,Asimétrica (tipo III),P,Qa,Qe,,,01982_estilograf.mp4
FENASCOL II,LSC0,1983,ESTIMULAR,VERBO,Incitación o fomento del desarrollo de una actividad o facultad. (RAE),NO,1 seña,NO,SI,NO,1 seña,Asimétrica (tipo III),S,N,,,,01983_estimular.mp4
FENASCOL II,LSC1,1984,ESPONJA 2,SUSTANTIVO,Variante de seña para el elemento absorvente o esponja de limpieza. (Generada Gemini),NO,1 seña,SI,SI,NO,1 seña,Unimanual (tipo 0),Qa,,,,,01984_esponja2.mp4
UEB,LSC1,1985,ESTUDIO (HABITACION),SUSTANTIVO,"Habitación destinada al trabajo intelectual, lectura o estudio personal. (Generada Gemini)",SI,2 señas,NO,SI,SI,2 señas,Asimétrica (tipo III),P,B,,,,01985_estudiohab.mp4
FENASCOL II,LSC1,1986,EXPLOSIVO,ADJETIVO,Sustancia o artefacto capaz de sufrir una detonación o explosión violenta. (RAE),NO,1 seña,NO,SI,NO,1 seña,Asimétrica (tipo III),S,J,,,,01986_explosivo.mp4
UEB,LSC1,1987,EXPULSAR 1,VERBO,"Obligar a alguien a salir de un lugar, grupo o institución. (RAE)",NO,1 seña,NO,SI,NO,1 seña,Asimétrica (tipo III),B,Lc,,,,01987_expulsar1.mp4
FENASCOL II,LSC1,1988,EXPULSAR 2,VERBO,Variante de seña para la acción de expulsar o echar fuera. (Generada Gemini),NO,1 seña,NO,SI,NO,1 seña,Semi-simétrica (tipo II),Bl,,,,,01988_expulsar2.mp4
FENASCOL II,LSC1,1989,FECHA,SUSTANTIVO,Indicación del tiempo en que se realiza u ocurre un hecho. (RAE),NO,1 seña,NO,SI,NO,1 seña,Semi-simétrica (tipo II),No,J,,,,01989_fecha.mp4
FENASCOL II,LSC1,1990,FEDERACIÓN,SUSTANTIVO,Agrupación o entidad formada por la unión de varias asociaciones u órganos. (RAE),NO,1 seña,NO,SI,NO,1 seña,Asimétrica (tipo III),XXe,S,,,,01990_federacion.mp4
FENASCOL II,LSC1,1991,ULTIMO 3,ADJETIVO,Variante de seña para la posición o lugar final en una serie. (Generada Gemini),NO,1 seña,NO,SI,NO,1 seña,Semi-simétrica (tipo II),I,,,,,01991_ultimo3.mp4
FENASCOL II,LSC1,1992,FLORENCIA,SUSTANTIVO,"Ciudad colombiana, capital del departamento del Caquetá. (Generada Gemini)",NO,1 seña,NO,SI,NO,1 seña,Unimanual (tipo 0),O,Gl,,,,01992_florencia.mp4
FENASCOL II,LSC1,1993,FLORIDABLANCA (SANTANDER),SUSTANTIVO,Municipio colombiano perteneciente al área metropolitana de Bucaramanga. (Generada Gemini),NO,1 seña,NO,SI,NO,1 seña,Semi-simétrica (tipo II),Bl,,,,,01993_floridabla.mp4
FENASCOL II,LSC1,1994,FORMAL 1 (AMABLE),ADJETIVO,"Persona educada, correcta y afable en el trato social. (Generada Gemini)",SI,2 señas,NO,SI,SI,2 señas,Compuestas (tipo C),Xc,Bl,,,,01994_formal1ama.mp4
UEB,LSC1,1995,FORMAL 2 (AMABLE),ADJETIVO,Variante de seña para cortesía y afabilidad formal. (Generada Gemini),SI,2 señas,NO,SI,SI,2 señas,Compuestas (tipo C),Xc,Hl,,,,01995_formal2.mp4
UEB,LSC1,1996,FORMAL (REGULADO),ADJETIVO,"Conforme a las normas, reglas establecidas o trámites oficiales. (RAE)",SI,2 señas,SI,SI,SI,2 señas,Simétrica (tipo I),Ok,,,,,01996_formalregu.mp4
FENASCOL II,LSC1,1997,FOTO 1 (MARCO),SUSTANTIVO,Imagen fotográfica encuadrada dentro de un marco decorativo. (Generada Gemini),SI,2 señas,NO,SI,SI,2 señas,Compuestas (tipo C),Xc,Bl,C,,,01997_foto1marco.mp4
UEB,LSC1,1998,FOTO 2 (CAPTURA),SUSTANTIVO,Acción de tomar o capturar una fotografía mediante una cámara. (Generada Gemini),NO,1 seña,NO,SI,NO,1 seña,Simétrica (tipo I),L,Xc,,,,01998_foto2captu.mp4
FENASCOL II,LSC1,1999,FOTO 3 (DOCUMENTO),SUSTANTIVO,Fotografía de tamaño estándar requerida para trámites e identificación. (Generada Gemini),SI,2 señas,NO,SI,SI,2 señas,Compuestas (tipo C),L,Xc,Be,,,01999_foto3docum.mp4
FENASCOL II,LSC1,2000,FOTOCOPIADORA 1,SUSTANTIVO,Máquina eléctrica empleada para reproducir documentos impresos. (RAE),SI,2 señas,NO,SI,SI,2 señas,Semi-simétrica (tipo II),Be,J,,,,02000_fotocopiad.mp4
FENASCOL II,LSC1,2001,FOTOCOPIADORA 2,SUSTANTIVO,Variante de seña para el equipo de reprografía o fotocopiadora. (Generada Gemini),SI,2 señas,NO,SI,SI,2 señas,Compuestas (tipo C),J,B,O,Gl,,02001_fotocopiad.mp4
FENASCOL II,LSC1,2002,FOTOGRAFO,SUSTANTIVO,Persona dedicada a tomar o procesar fotografías. (RAE),SI,2 señas,NO,SI,SI,2 señas,Compuestas (tipo C),Xc,L,,,,02002_fotografo.mp4
FENASCOL II,LSC1,2003,FRACASAR,VERBO,Tener un resultado adverso o no lograr el éxito pretendido en un asunto. (RAE),NO,1 seña,NO,SI,NO,1 seña,Semi-simétrica (tipo II),B,Be,,,,02003_fracasar.mp4
FENASCOL II,LSC1,2004,FRUSTRADO,ADJETIVO,"Que siente decepción, desilusión o imposibilidad de lograr sus deseos. (RAE)",SI,2 señas,NO,SI,SI,2 señas,Compuestas (tipo C),P,J,G,,,02004_frustrado.mp4
FENASCOL II,LSC1,2005,FURIOSO,ADJETIVO,"Lleno de furia, iracundo o muy irritado. (RAE)",NO,1 seña,NO,SI,NO,1 seña,Simétrica (tipo I),J,,,,,02005_furioso.mp4
FENASCOL II,LSC1,2006,GAIRA (MAGDALENA),SUSTANTIVO,"Corregimiento e histórico poblado perteneciente al distrito de Santa Marta, Colombia. (Generada Gemini)",NO,1 seña,NO,SI,NO,1 seña,Compuestas (tipo C),R,,,,,02006_gairamagda.mp4
FENASCOL II,LSC1,2007,GALLINAZO,SUSTANTIVO,Ave rapaz de plumaje negro que se alimenta de carroña (chulo/buitre). (RAE),SI,2 señas,NO,SI,SI,2 señas,Compuestas (tipo C),Bl,J,,,,02007_gallinazo.mp4
FENASCOL II,LSC1,2008,GAS 3,SUSTANTIVO,Variante de seña para sustancia en estado gaseoso o combustible. (Generada Gemini),NO,1 seña,NO,SI,NO,1 seña,Unimanual (tipo 0),O,Gl,,,,02008_gas3.mp4
UEB,LSC1,2009,GAS 4,SUSTANTIVO,Variante morfológica de seña para suministro de gas. (Generada Gemini),SI,2 señas,NO,SI,SI,2 señas,Compuestas (tipo C),Bl,O,Gl,,,02009_gas4.mp4
UEB,LSC1,2010,PEDO,SUSTANTIVO,Ventosidad expelida por el ano. (RAE),NO,1 seña,NO,SI,NO,1 seña,Asimétrica (tipo III),S,O,J,,,02010_pedo.mp4
FENASCOL II,LSC1,2011,GENERAL (CUALIDAD),ADJETIVO,"Que atañe al conjunto, común a todos o no particular. (RAE)",NO,1 seña,NO,SI,NO,1 seña,Unimanual (tipo 0),P,,,,,02011_generalcua.mp4
UEB,LSC1,2012,ESPECIFICO (CUALIDAD),ADJETIVO,"Propio, determinado o característico de una cosa. (RAE)",NO,1 seña,NO,SI,NO,1 seña,Unimanual (tipo 0),P,Pc,,,,02012_especifico.mp4
FENASCOL II,LSC1,2013,GINECÓLOGO 1,SUSTANTIVO,Médico especialista en ginecología y salud del sistema reproductor femenino. (RAE),SI,2 señas,NO,SI,SI,2 señas,Compuestas (tipo C),L,S,Nc,,,02013_ginecologo.mp4
UEB,LSC1,2014,GINECOLOGÍA,SUSTANTIVO,Parte de la medicina que trata de las enfermedades de la mujer. (RAE),SI,2 señas,NO,SI,SI,2 señas,Compuestas (tipo C),L,V,XX,,,02014_ginecologi.mp4
UEB,LSC1,2015,CITOLOGÍA,SUSTANTIVO,Examen de células obtenidas de un tejido para diagnosticar patologías. (RAE),SI,2 señas,NO,SI,SI,2 señas,Compuestas (tipo C),L,Pc,,,,02015_citologia.mp4
FENASCOL II,LSC1,2016,GIRARDOT (CUNDINAMARCA),SUSTANTIVO,Municipio colombiano ubicado en el departamento de Cundinamarca. (Generada Gemini),NO,1 seña,NO,SI,NO,1 seña,Unimanual en contacto (tipo X),XX,,,,,02016_girardotcu.mp4
FENASCOL II,LSC1,2017,GIRON (SANTANDER),SUSTANTIVO,Municipio colombiano perteneciente al área metropolitana de Bucaramanga. (Generada Gemini),NO,1 seña,NO,SI,NO,1 seña,Asimétrica (tipo III),XX,Bl,,,,02017_gironsanta.mp4
FENASCOL II,LSC1,2018,GOLF,SUSTANTIVO,Deporte que consiste en meter una bola mediante palos en diversos hoyos. (RAE),NO,1 seña,NO,SI,NO,1 seña,Simétrica (tipo I),Xf,,,,,02018_golf.mp4
FENASCOL II,LSC1,2019,GRABAR (PANTALLA),VERBO,Capturar en formato de video digital el contenido mostrado en pantalla. (Generada Gemini),SI,2 señas,NO,SI,SI,2 señas,Asimétrica (tipo III),L,J,G,,,02019_grabarpant.mp4
UEB,LSC1,2020,GRABAR (VIDEO),VERBO,Registrar imágenes en movimiento y sonido mediante un dispositivo audiovisual. (RAE),NO,1 seña,NO,SI,NO,1 seña,Unimanual (tipo 0),J,G,,,,02020_grabarvide.mp4
UEB,LSC1,2021,DESCARGAR (DATOS),VERBO,Transferir información o archivos desde un servidor a un dispositivo local. (RAE),NO,1 seña,NO,SI,NO,1 seña,Asimétrica (tipo III),U,Bl,,,,02021_descargard.mp4
UEB,LSC1,2022,CARGAR (DATOS),VERBO,Subir o enviar información desde un equipo local hacia un servidor o red. (Generada Gemini),NO,1 seña,NO,SI,NO,1 seña,Asimétrica (tipo III),U,Bl,,,,02022_cargardato.mp4
UEB,LSC1,2023,SEÑAL (TELEVISION),SUSTANTIVO,Transmisión hertziana o digital de imágenes y sonido televisivos. (Generada Gemini),NO,1 seña,NO,SI,NO,1 seña,Simétrica (tipo I),U,,,,,02023_señaltele.mp4
FENASCOL II,LSC1,2024,GRANADILLA,SUSTANTIVO,Fruta comestible tropical de cáscara anaranjada y pulpa gelatinosa aromática. (RAE),NO,1 seña,NO,SI,NO,1 seña,Simétrica (tipo I),Ea,,,,,02024_granadilla.mp4
FENASCOL II,LSC1,2025,GRAVE,SUSTANTIVO,De gran importancia o peligro; severo. / Sonido de baja frecuencia. (RAE),NO,1 seña,SI,SI,NO,1 seña,Simétrica (tipo I),Okf,J,,,,02025_grave.mp4
FENASCOL II,LSC1,2026,GUAPO 1,ADJETIVO,"De buena presencia, bien parecido o valiente. (RAE)",SI,2 señas,NO,SI,SI,2 señas,Unimanual en contacto (tipo X),Ok,,,,,02026_guapo1.mp4
UEB,LSC1,2027,GUAPO 2,ADJETIVO,Variante de seña para atractivo físico o valentía. (Generada Gemini),NO,1 seña,NO,SI,NO,1 seña,Unimanual en contacto (tipo X),S,,,,,02027_guapo2.mp4
FENASCOL II,LSC1,2028,GUATEMALA,SUSTANTIVO,País soberano de América Central con riqueza cultural e histórica. (RAE),NO,1 seña,SI,SI,NO,1 seña,Asimétrica (tipo III),Vl,S,,,,02028_guatemala.mp4
FENASCOL II,LSC1,2029,HABLAR A ESPALDA DE...,VERBO,Murmurar o criticar a una persona en su ausencia. (Generada Gemini),SI,2 señas,NO,SI,SI,2 señas,Unimanual en contacto (tipo X),Qe,Bl,,,,02029_hablaraesp.mp4
FENASCOL II,LSC1,2030,HABLAR MAL DE...,VERBO,Difamar o hacer comentarios desfavorables sobre alguien. (Generada Gemini),NO,1 seña,NO,SI,NO,1 seña,Unimanual (tipo 0),Qe,Ql,,,,02030_hablarmald.mp4
UEB,LSC1,2031,COMBINA-ROPA 1,VERBO,Armonía en la selección y concordancia de colores y prendas de vestir. (Generada Gemini),SI,2 señas,NO,SI,SI,2 señas,Simétrica (tipo I),Okp,N,,,,02031_combinarop.mp4
FENASCOL II,LSC1,2032,COMBINA-ROPA 2,VERBO,Variante de seña para combinar vestuario o atuendo. (Generada Gemini),SI,2 señas,NO,SI,SI,2 señas,Asimétrica (tipo III),P,N,,,,02032_combinarop.mp4
FENASCOL II,LSC1,2033,HERENCIA,SUSTANTIVO,"Conjunto de bienes, derechos y obligaciones que se transmiten tras la muerte. (RAE)",NO,1 seña,NO,SI,NO,1 seña,Simétrica (tipo I),P,,,,,02033_herencia.mp4
FENASCOL II,LSC1,2034,HALCON,SUSTANTIVO,"Ave rapaz de alas largas y aguzadas, adaptada para vuelos muy veloces. (RAE)",SI,2 señas,NO,SI,SI,2 señas,Simétrica (tipo I),Ql,Vl,,,,02034_halcon.mp4
FENASCOL II,LSC1,2035,HIPOCRITA,ADJETIVO,Que actúa con hipocresía o finge cualidades y sentimientos que no tiene. (RAE),NO,1 seña,SI,SI,NO,1 seña,Simétrica (tipo I),Al,Af,,,,02035_hipocrita.mp4
FENASCOL II,LSC0,2036,PROFUNDO,ADJETIVO,Que se extiende muy hacia el fondo o que abarca una gran densidad conceptual. (RAE),NO,1 seña,NO,SI,NO,1 seña,Asimétrica (tipo III),B,F,,,,02036_profundo.mp4
FENASCOL II,LSC1,2037,HONDURAS,SUSTANTIVO,País soberano de América Central con costa en el mar Caribe y océano Pacífico. (RAE),NO,1 seña,SI,SI,NO,1 seña,Unimanual en contacto (tipo X),H,,,,,02037_honduras.mp4
FENASCOL II,LSC1,2038,HONOR,SUSTANTIVO,Cualidad moral que lleva al cumplimiento de los propios deberes respecto del prójimo. (RAE),NO,1 seña,NO,SI,NO,1 seña,Unimanual en contacto (tipo X),V,,,,,02038_honor.mp4
FENASCOL II,LSC1,2039,HORNO,SUSTANTIVO,"Dispositivo cerrado para calentar, cocer o asar alimentos. (RAE)",SI,2 señas,NO,SI,SI,2 señas,Simétrica (tipo I),S,Bl,,,,02039_horno.mp4
FENASCOL II,LSC1,2040,HORNO MICROHONDAS,SUSTANTIVO,Electrodoméstico que calienta alimentos mediante ondas electromagnéticas. (RAE),SI,2 señas,NO,SI,SI,2 señas,Simétrica (tipo I),Gl,S,,,,02040_hornomicro.mp4
FENASCOL II,LSC1,2041,HUILA,SUSTANTIVO,Departamento de Colombia ubicado en el suroccidente del país. (Generada Gemini),NO,1 seña,SI,SI,NO,1 seña,Simétrica (tipo I),XX,,,,,02041_huila.mp4
FENASCOL II,LSC1,2042,IBAGUE,SUSTANTIVO,"Ciudad colombiana, capital del departamento del Tolima. (Generada Gemini)",NO,1 seña,SI,SI,NO,1 seña,Unimanual (tipo 0),I,,,,,02042_ibague.mp4
FENASCOL II,LSC1,2043,IGNORAR-ME (COMPLETAMENTE),VERBO,Desatender o no hacer caso intencionalmente a la primera persona. (Generada Gemini),NO,1 seña,NO,SI,NO,1 seña,Asimétrica (tipo III),S,P,,,,02043_ignorarmec.mp4
FENASCOL II,LSC1,2044,IGNORAR-LO (COMPLETAMENTE),ADVERBIO,Desatender o pasar por alto deliberadamente a una persona o asunto. (Generada Gemini),NO,1 seña,NO,SI,NO,1 seña,Asimétrica (tipo III),Af,P,,,,02044_ignorarloo.mp4
FENASCOL II,LSC1,2045,IMPRESIONANTE,ADJETIVO,"Que causa impresión, asombro o admiración extraordinaria. (RAE)",NO,1 seña,NO,SI,NO,1 seña,Simétrica (tipo I),X,Gl,,,,02045_impresiona.mp4
FENASCOL II,LSC1,2046,INCITAR INDUCIR PROVOCAR,VERBO,Mover o estimular a alguien a ejecutar una acción o reacción. (RAE),NO,1 seña,SI,SI,NO,1 seña,Asimétrica (tipo III),Xe,P,,,,02046_incitarind.mp4
FENASCOL II,LSC1,2047,INGENIERIA,SUSTANTIVO,Conjunto de conocimientos científicos y tecnológicos para la innovación y construcción. (RAE),NO,1 seña,SI,SI,NO,1 seña,Simétrica (tipo I),Y,,,,,02047_ingenieria.mp4
FENASCOL II,LSC1,2048,INGENIERIA DE SISTEMAS 1,SUSTANTIVO,Rama de la ingeniería dedicada al diseño y desarrollo de sistemas informáticos. (Generada Gemini),SI,2 señas,SI,SI,SI,2 señas,Simétrica (tipo I),Y,C,,,,02048_ingenieria.mp4
UEB,LSC1,2049,INGENIERIA DE SISTEMAS 2,SUSTANTIVO,Variante de seña para la titulación en ingeniería de sistemas. (Generada Gemini),SI,2 señas,SI,SI,SI,2 señas,Simétrica (tipo I),Y,C,,,,02049_ingenieria.mp4
FENASCOL II,LSC1,2050,INGENIERIA ELECTRONICO,SUSTANTIVO,Rama de la ingeniería enfocada en el control y diseño de circuitos electrónicos. (Generada Gemini),SI,2 señas,NO,SI,SI,2 señas,Simétrica (tipo I),Y,Ok,,,,02050_ingenieria.mp4
FENASCOL II,LSC1,2051,INGENIERIA INDUSTRIAL,SUSTANTIVO,Rama de la ingeniería enfocada en la optimización de procesos de producción y logística. (Generada Gemini),SI,2 señas,NO,SI,SI,2 señas,Semi-simétrica (tipo II),Y,G,O,,,02051_ingenieria.mp4
FENASCOL II,LSC1,2052,INGENIERO MECÁNICO,SUSTANTIVO,Profesional que aplica principios mecánicos para el diseño de máquinas y equipos. (Generada Gemini),SI,2 señas,NO,SI,SI,2 señas,Simétrica (tipo I),V,H,,,,02052_ingenierom.mp4
FENASCOL II,LSC1,2053,INGENIERO CIVIL,SUSTANTIVO,Profesional capacitado para la proyección y construcción de infraestructuras y obras viales. (Generada Gemini),SI,2 señas,SI,SI,SI,2 señas,Asimétrica (tipo III),Y,F,Bl,,,02053_ingenieroc.mp4
FENASCOL II,LSC1,2054,INCONSTANTE,ADJETIVO,"Falto de constancia, mudable o inestable en sus propósitos. (RAE)",NO,1 seña,NO,SI,NO,1 seña,Semi-simétrica (tipo II),Bl,,,,,02054_inconstant.mp4
FENASCOL II,LSC0,2055,IR,VERBO,Moverse o desplazarse de un lugar hacia otro. (RAE),NO,1 seña,NO,SI,NO,1 seña,Unimanual (tipo 0),Bl,,,,,02055_ir.mp4
FENASCOL II,LSC1,2056,JABALINA,SUSTANTIVO,Lanza ligera empleada en atletismo como prueba deportiva de lanzamiento. (RAE),NO,1 seña,NO,SI,NO,1 seña,Unimanual (tipo 0),Af,,,,,02056_jabalina.mp4
FENASCOL II,LSC1,2057,JABÓN,SUSTANTIVO,Sustancia empleada en la higiene personal para lavar y disolver la grasa. (RAE),NO,1 seña,NO,SI,NO,1 seña,Unimanual en contacto (tipo X),Af,,,,,02057_jabon.mp4
FENASCOL II,LSC1,2058,JAGUAR,SUSTANTIVO,Gran mamífero carnívoro felino de pelaje manchado nativo de América. (RAE),SI,2 señas,NO,SI,SI,2 señas,Unimanual en contacto (tipo X),G,Xc,,,,02058_jaguar.mp4
FENASCOL II,LSC1,2059,JAMAICA,SUSTANTIVO,País soberano insular de las Antillas en el mar Caribe. (RAE),NO,1 seña,NO,SI,NO,1 seña,Asimétrica (tipo III),Bl,B,,,,02059_jamaica.mp4
FENASCOL II,LSC1,2060,JUNTA DIRECTIVA,SUSTANTIVO,Órgano colegiado encargado de dirigir y administrar una entidad o empresa. (Generada Gemini),SI,2 señas,SI,SI,SI,2 señas,Asimétrica (tipo III),A,Bl,S,,,02060_juntadirec.mp4
FENASCOL II,LSC1,2061,LA CALERA (CUNDINAMARCA),SUSTANTIVO,Municipio colombiano cercano a Bogotá en el departamento de Cundinamarca. (Generada Gemini),NO,1 seña,NO,SI,NO,1 seña,Unimanual (tipo 0),B,,,,,02061_lacaleracu.mp4
FENASCOL II,LSC1,2062,LA VEGA (CUNDINAMARCA),SUSTANTIVO,Municipio colombiano ubicado en el departamento de Cundinamarca. (Generada Gemini),NO,1 seña,SI,SI,NO,1 seña,Unimanual en contacto (tipo X),X,,,,,02062_lavegacund.mp4
FENASCOL II,LSC1,2063,LANCHA,SUSTANTIVO,Embarcación pequeña y descubierta movida por motor o remos. (RAE),NO,1 seña,NO,SI,NO,1 seña,Simétrica (tipo I),Bl,,,,,02063_lancha.mp4
FENASCOL II,LSC1,2064,LANZAMIENTO DE BALA,SUSTANTIVO,Prueba atlética que consiste en propulsar una esfera sólida de metal. (Generada Gemini),NO,1 seña,NO,SI,NO,1 seña,Unimanual (tipo 0),Gl,,,,,02064_lanzamient.mp4
FENASCOL II,LSC1,2065,LAPIZ,SUSTANTIVO,Utensilio de madera con una mina de grafito en su interior para escribir o dibujar. (RAE),NO,1 seña,NO,SI,NO,1 seña,Unimanual en contacto (tipo X),Pl,,,,,02065_lapiz.mp4
FENASCOL II,LSC1,2066,LASAÑA,SUSTANTIVO,"Plato al horno compuesto por láminas de pasta intercaladas con carne, queso y salsa. (RAE)",NO,1 seña,NO,SI,NO,1 seña,Simétrica (tipo I),Ql,,,,,02066_lasaña.mp4
FENASCOL II,LSC1,2067,LATINOAMERICA,SUSTANTIVO,Conjunto de países del continente americano cuya lengua oficial es derivada del latín. (RAE),SI,1 seña,NO,SI,SI,1 seña,Asimétrica (tipo III),Bl,Hl,,,,02067_latinoamer.mp4
FENASCOL II,LSC1,2068,LAVADERO,SUSTANTIVO,Pila o instalación acondicionada para lavar la ropa a mano. (RAE),SI,2 señas,NO,SI,SI,2 señas,Simétrica (tipo I),P,Af,,,,02068_lavadero.mp4
FENASCOL II,LSC1,2069,LAVANDERÍA,SUSTANTIVO,Establecimiento comercial o espacio dedicado al lavado de ropa. (RAE),SI,2 señas,NO,SI,SI,2 señas,Simétrica (tipo I),P,S,,,,02069_lavanderia.mp4
FENASCOL II,LSC1,2070,LECHE-CONDENSADA,SUSTANTIVO,Leche concentrada por evaporación con la adición de azúcar. (RAE),NO,1 seña,NO,SI,NO,1 seña,Unimanual (tipo 0),C,,,,,02070_lecheconde.mp4
UEB,LSC1,2071,FOCA,SUSTANTIVO,Mamífero pinnípedo marino de cuerpo pisciforme y extremidades en forma de aletas. (RAE),SI,2 señas,NO,SI,SI,2 señas,Asimétrica (tipo III),Bl,B,,,,02071_foca.mp4
FENASCOL II,LSC1,2072,LEÓN MARINO,SUSTANTIVO,Mamífero pinnípedo marino de cuello grueso y orejas visibles. (RAE),SI,2 señas,NO,SI,SI,2 señas,Simétrica (tipo I),Bl,B,,,,02072_leonmarino.mp4
UEB,LSC1,2073,MORSA,SUSTANTIVO,Gran mamífero pinnípedo marino con dos largos colmillos en el maxilar superior. (RAE),SI,2 señas,NO,SI,SI,2 señas,Simétrica (tipo I),Bl,Tf,,,,02073_morsa.mp4
FENASCOL II,LSC1,2074,LEOPARDO,SUSTANTIVO,Gran mamífero carnívoro felino de piel amarillenta con manchas negras en roseta. (RAE),SI,2 señas,NO,SI,SI,2 señas,Compuestas (tipo C),J,Gl,Oks,,,02074_leopardo.mp4
FENASCOL II,LSC1,2075,LIDER ,SUSTANTIVO,Persona que dirige o guía un grupo o colectividad. (RAE),NO,1 seña,NO,SI,NO,1 seña,Unimanual (tipo 0),L,,,,,02075_lider.mp4
FENASCOL II,LSC1,2076,LINGÜÍSTICA 1,SUSTANTIVO,Ciencia que estudia el lenguaje humano y sus estructuras. (RAE),NO,1 seña,SI,SI,NO,1 seña,Simétrica (tipo I),L,,,,,02076_linguistic.mp4
FENASCOL II,LSC1,2077,LINGÜÍSTICA 2,SUSTANTIVO,Variante de seña para el estudio lingüístico o ciencia del lenguaje. (Generada Gemini),SI,2 señas,SI,SI,SI,2 señas,Asimétrica (tipo III),Y,Je,,,,02077_linguistic.mp4
FENASCOL II,LSC1,2078,LIVIANO,ADJETIVO,De poco peso; ligero. (RAE),NO,1 seña,NO,SI,NO,1 seña,Simétrica (tipo I),Bl,,,,,02078_liviano.mp4
FENASCOL II,LSC1,2079,LLAMAR-VENIR,VERBO,Acción de convocar o requerir a alguien para que se acerque. (Generada Gemini),NO,2 seña,NO,SI,NO,1 seña,Unimanual (tipo 0),Bl,,,,,02079_llamarveni.mp4
FENASCOL II,LSC1,2080,LLAMAR-AMI-VENIR,VERBO,Acción de convocar o pedir al interlocutor que venga hacia la primera persona. (Generada Gemini),NO,1 seña,NO,SI,NO,1 seña,Unimanual en contacto (tipo X),Bl,A,,,,02080_llamaramiv.mp4
UEB,LSC1,2081,LLAMAR-ATENCIÓN,VERBO,"Requerir la mirada, cuidado o interés de alguien sobre un asunto. (Generada Gemini)",NO,1 seña,NO,SI,NO,1 seña,Unimanual (tipo 0),Qf,,,,,02081_llamaraten.mp4
UEB,LSC1,2082,LLAMAR-AMI-ATENCIÓN,VERBO,Reclamar o captar el interés de alguien hacia la primera persona. (Generada Gemini),NO,1 seña,NO,SI,NO,1 seña,Unimanual en contacto (tipo X),Ql,,,,,02082_llamaramia.mp4
FENASCOL II,LSC1,2083,LLAMAR POR TELEFONO,VERBO,Comunicarse telefónicamente con una persona. (Generada Gemini),NO,1 seña,NO,SI,NO,1 seña,Unimanual (tipo 0),Y,,,,,02083_llamarport.mp4
FENASCOL II,LSC0,2084,DE-UNA-VEZ,ADVERBIO,"De forma inmediata, categórica o sin dilación. (RAE)",NO,1 seña,NO,SI,NO,1 seña,Asimétrica (tipo III),Bl,P,,,,02084_deunavez.mp4
FENASCOL II,LSC1,2085,LOBO,SUSTANTIVO,Mamífero carnívoro canino salvaje que vive en manadas. (RAE),NO,1 seña,NO,SI,NO,1 seña,Unimanual en contacto (tipo X),Jc,Q,,,,02085_lobo.mp4
FENASCOL II,LSC1,2086,LORO,SUSTANTIVO,Ave de plumaje vistoso y verde con capacidad para imitar la voz humana. (RAE),NO,1 seña,NO,SI,NO,1 seña,Unimanual en contacto (tipo X),Bc,,,,,02086_loro.mp4
FENASCOL II,LSC1,2087,MADRID (CUNDINAMARCA),SUSTANTIVO,Municipio colombiano ubicado en el departamento de Cundinamarca. (Generada Gemini),NO,1 seña,SI,SI,NO,1 seña,Unimanual en contacto (tipo X),U,,,,,02087_madridcund.mp4
FENASCOL II,LSC1,2088,MAGDALENA,SUSTANTIVO,Departamento de Colombia ubicado en el norte del país en la región Caribe. (Generada Gemini),NO,2 señas,NO,SI,SI,2 señas,Unimanual (tipo 0),Jc,Q,J,,,02088_magdalena.mp4
FENASCOL II,LSC1,2089,MALGENIADO,ADJETIVO,"Persona de mal genio, irritable o propenso al enojo. (RAE)",NO,2 señas,NO,SI,SI,2 señas,Compuestas (tipo C),P,H,,,,02089_malgeniado.mp4
UEB,LSC1,2090,HACER-MALA-CARA,SUSTANTIVO,"Expresar disgusto, rechazo o enfado mediante el gesto facial. (Generada Gemini)",NO,2 señas,NO,SI,NO,1 seña,Semi-simétrica (tipo II),I,,,,,02090_hacermalac.mp4
UEB,LSC1,2091,MALA-CARA,SUSTANTIVO,"Gesto o expresión facial de descontento, enojo o disgusto. (Generada Gemini)",NO,1 seña,NO,SI,NO,1 seña,Unimanual (tipo 0),I,,,,,02091_malacara.mp4
FENASCOL II,LSC1,2092,MANIZALES,SUSTANTIVO,"Ciudad colombiana, capital del departamento de Caldas. (Generada Gemini)",NO,1 seña,SI,SI,NO,1 seña,Asimétrica (tipo III),H,XXe,,,,02092_manizales.mp4
FENASCOL II,LSC1,2093,MANTEL,SUSTANTIVO,Cubierta de tela u otro material que se pone en la mesa para comer. (RAE),NO,1 seña,NO,SI,NO,1 seña,Simétrica (tipo I),Tb,,,,,02093_mantel.mp4
UEB,LSC1,2094,MONSERRATE (BOGOTA),SUSTANTIVO,Cerro e hito geográfico y religioso emblemático de Bogotá. (Generada Gemini),NO,1 seña,NO,SI,NO,1 seña,Asimétrica (tipo III),H,XXe,,,,02094_monserrate.mp4
FENASCOL II,LSC1,2095,MATAS,SUSTANTIVO,"Plantas de tallo bajo, ramificadas desde la base. (RAE)",NO,1 seña,NO,SI,NO,1 seña,Simétrica (tipo I),O,Gl,,,,02095_matas.mp4
FENASCOL II,LSC1,2096,MAYONESA,SUSTANTIVO,"Salsa emulsionada a base de huevo, aceite y zumo de limón o vinagre. (RAE)",NO,1 seña,SI,SI,NO,1 seña,Asimétrica (tipo III),Cl,,,,,02096_mayonesa.mp4
FENASCOL II,LSC1,2097,MEDELLIN,SUSTANTIVO,"Ciudad colombiana, capital del departamento de Antioquia. (Generada Gemini)",NO,1 seña,SI,SI,NO,1 seña,Unimanual en contacto (tipo X),Be,,,,,02097_medellin.mp4
FENASCOL II,LSC1,2098,MELGAR (TOLIMA),SUSTANTIVO,Municipio turístico colombiano ubicado en el departamento del Tolima. (Generada Gemini),NO,1 seña,SI,SI,NO,1 seña,Unimanual en contacto (tipo X),W,,,,,02098_melgartoli.mp4
FENASCOL II,LSC1,2099,MENSUAL,ADJETIVO,"Que se hace, calcula o repite cada mes. (RAE)",NO,1 seña,SI,SI,NO,1 seña,Asimétrica (tipo III),P,,,,,02099_mensual.mp4
FENASCOL II,LSC1,2100,MESA DE NOCHE,SUSTANTIVO,Mueble pequeño que se coloca al lado de la cabecera de la cama. (RAE),NO,2 señas,NO,SI,NO,1 seña,Simétrica (tipo I),Bc,,,,,02100_mesadenoch.mp4
FENASCOL II,LSC1,2101,MESEDORA,SUSTANTIVO,Mecedora; silla provista de patas curvadas que permiten balancearse. (RAE),NO,1 seña,NO,SI,NO,1 seña,Asimétrica (tipo III),Z,XXe,,,,02101_mesedora.mp4
UEB,LSC1,2102,META  1,SUSTANTIVO,Fin o término al que se dirigen las acciones / Departamento de Colombia. (RAE),NO,1 seña,NO,SI,NO,1 seña,Simétrica (tipo I),P,,,,,02102_meta1.mp4
FENASCOL II,LSC1,2103,META  2,SUSTANTIVO,Variante de seña para meta u objetivo. (Generada Gemini),NO,1 seña,NO,SI,NO,1 seña,Simétrica (tipo I),P,,,,,02103_meta2.mp4
FENASCOL II,LSC1,2104,METIDO,ADJETIVO,Que se entromete o interviene indebidamente en asuntos ajenos. (RAE),NO,1 seña,NO,SI,NO,1 seña,Asimétrica (tipo III),Jc,Q,O,,,02104_metido.mp4
FENASCOL II,LSC1,2105,METRO,SUSTANTIVO,Unidad fundamental de longitud del sistema internacional. / Transporte férreo subterráneo o elevado. (RAE),NO,1 seña,SI,SI,NO,1 seña,Semi-simétrica (tipo II),Z,,,,,02105_metro.mp4
FENASCOL II,LSC1,2106,MEXICO,SUSTANTIVO,País soberano ubicado en la parte meridional de América del Norte (México). (RAE),NO,1 seña,SI,SI,NO,1 seña,Unimanual en contacto (tipo X),Za,,,,,02106_mexico.mp4
FENASCOL II,LSC1,2107,MICROFUTBOL,SUSTANTIVO,Modalidad de fútbol de salón practicada en canchas reducidas. (Generada Gemini),SI,2 señas,NO,SI,SI,2 señas,Compuestas (tipo C),Cl,S,Xc,,,02107_microfutbo.mp4
FENASCOL II,LSC1,2108,MONTERIA,SUSTANTIVO,"Ciudad colombiana, capital del departamento de Córdoba (Montería). (Generada Gemini)",NO,1 seña,SI,SI,NO,1 seña,Unimanual (tipo 0),Cl,,,,,02108_monteria.mp4
FENASCOL II,LSC1,2109,"MORFEMA PARA ""FELINOS SALVAJES""",SUSTANTIVO,Elemento subléxico o clasificador morfológico para denotar félidos silvestres. (Generada Gemini),NO,1 seña,NO,SI,NO,1 seña,Unimanual (tipo 0),Gl,,,,,02109_morfemapar.mp4
FENASCOL II,LSC1,2110,MOSCA,SUSTANTIVO,Insecto díptero de cuerpo oscuro y dos alas transparentes. (RAE),NO,2 señas,NO,SI,SI,2 señas,Unimanual (tipo 0),Tb,Xf,,,,02110_mosca.mp4
FENASCOL II,LSC1,2111,MOTOCICLETA,SUSTANTIVO,Vehículo automóvil de dos ruedas impulsado por un motor. (RAE),NO,1 seña,NO,SI,NO,1 seña,Semi-simétrica (tipo II),S,,,,,02111_motociclet.mp4
FENASCOL II,LSC1,2112,SOLO (ADVERBIO),ADVERBIO,"Únicamente, solamente o sin otra cosa. (RAE)",NO,1 seña,NO,SI,NO,1 seña,Unimanual (tipo 0),P,,,,,02112_solo.mp4
FENASCOL II,LSC1,2113,MUNICIPIO,SUSTANTIVO,Entidad territorial básica en que se dividen los departamentos en Colombia. (RAE),NO,1 seña,NO,SI,NO,1 seña,Semi-simétrica (tipo II),Ok,,,,,02113_municipio.mp4
FENASCOL II,LSC1,2114,NATACIÓN,SUSTANTIVO,Deporte o práctica de desplazarse en el agua mediante movimientos corporales. (RAE),NO,1 seña,NO,SI,NO,1 seña,Asimétrica (tipo III),Bl,Za,,,,02114_natacion.mp4
FENASCOL II,LSC1,2115,NORMAL,ADJETIVO,Conforme a las reglas fijadas de antemano o a lo que es habitual. (RAE),,,NO,SI,NO,1 seña,Semi-simétrica (tipo II),H,,,,,02115_normal.mp4
FENASCOL II,LSC1,2116,NEIVA,SUSTANTIVO,"Ciudad colombiana, capital del departamento del Huila. (Generada Gemini)",NO,1 seña,SI,SI,NO,1 seña,Asimétrica (tipo III),S,Za,,,,02116_neiva.mp4
FENASCOL II,LSC1,2117,NICARAGUA,SUSTANTIVO,País soberano de América Central ubicado entre el mar Caribe y el océano Pacífico. (RAE),NO,1 seña,SI,SI,NO,1 seña,Simétrica (tipo I),Vc,,,,,02117_nicaragua.mp4
FENASCOL II,LSC1,2118,NO ALCANZA,VERBO,Insuficiencia de recursos o tiempo para cubrir una necesidad. (Generada Gemini),NO,1 seña,NO,SI,NO,1 seña,Unimanual en contacto (tipo X),Za,,,,,02118_noalcanza.mp4
FENASCOL II,LSC1,2119,NO DARSE CUENTA (NARIZ),VERBO,Inadvertencia o falta de percepción expresada con articulación en la nariz. (Generada Gemini),NO,1 seña,NO,SI,NO,1 seña,Unimanual en contacto (tipo X),Ta,,,,,02119_nodarsecue.mp4
FENASCOL II,LSC1,2120,NO DARSE CUENTA (OJO SI),VERBO,Pasarle desapercibido un asunto a alguien a pesar de ser visible. (Generada Gemini),NO,1 seña,NO,SI,NO,1 seña,Compuestas (tipo C),P,S,,,,02120_nodarsecue.mp4
FENASCOL II,LSC1,2121,NO CAPTAR (PASA CABEZA),VERBO,Falta de comprensión o entender de manera diferida una explicación. (Generada Gemini),NO,1 seña,NO,SI,NO,1 seña,Simétrica (tipo I),P,,,,,02121_nocaptarpa.mp4
FENASCOL II,LSC1,2122,NO HACER CASO (SI) 1,VERBO,"Desoír deliberadamente una orden, consejo o llamada. (Generada Gemini)",NO,1 seña,NO,SI,NO,1 seña,Unimanual (tipo 0),S,,,,,02122_nohacercas.mp4
UEB,LSC1,2123,NO ME HACE CASO (SI),VERBO,Desobediencia o falta de atención de una persona hacia la primera persona. (Generada Gemini),NO,1 seña,NO,SI,NO,1 seña,Unimanual (tipo 0),S,,,,,02123_nomehaceca.mp4
UEB,LSC1,2124,NO-HACER-CASO (SI) 2,VERBO,Variante de seña para la desatención o desacato deliberado. (Generada Gemini),NO,1 seña,NO,SI,NO,1 seña,Semi-simétrica (tipo II),S,,,,,02124_nohacercas.mp4
FENASCOL II,LSC0,2125,OBJETIVO,SUSTANTIVO,Fin o meta que se pretende alcanzar con una acción. (RAE),NO,1 seña,NO,SI,NO,1 seña,Semi-simétrica (tipo II),P,,,,,02125_objetivo.mp4
FENASCOL II,LSC1,2126,OLA,SUSTANTIVO,Onda de gran amplitud que se forma en la superficie del agua del mar o río. (RAE),NO,1 seña,NO,SI,NO,1 seña,Semi-simétrica (tipo II),J,,,,,02126_ola.mp4
FENASCOL II,LSC1,2127,ORAR,VERBO,Dirigir oraciones a Dios o a una divinidad. (RAE),NO,2 señas,NO,SI,NO,1 seña,Asimétrica (tipo III),Af,Qf,,,,02127_orar.mp4
UEB,LSC1,2128,ORDEN (ARREGLADO),SUSTANTIVO,Disposición o colocación armoniosa y estructurada de las cosas. (RAE),NO,1 seña,NO,SI,NO,1 seña,Simétrica (tipo I),B,,,,,02128_ordenarreg.mp4
FENASCOL II,LSC1,2129,ORDENAR (MANDAR),VERBO,"Dar un mandato, orden o directriz a alguien. (RAE)",NO,1 seña,NO,SI,NO,1 seña,Unimanual (tipo 0),P,,,,,02129_ordenarman.mp4
FENASCOL II,LSC1,2130,OSTRA,SUSTANTIVO,Molusco bivalvo marino de concha irregular y áspera que produce perlas. (RAE),NO,1 seña,NO,SI,NO,1 seña,Semi-simétrica (tipo II),Qf,,,,,02130_ostra.mp4
FENASCOL II,LSC1,2131,PALA (CONSTRUCCION),SUSTANTIVO,Herramienta de mano usada en obras para excavar o mover materiales. (RAE),NO,1 seña,NO,SI,NO,1 seña,Simétrica (tipo I),Xf,,,,,02131_palaconstr.mp4
FENASCOL II,LSC1,2132,PALA PARA ASEO,SUSTANTIVO,Recogedor o utensils plano empleado para juntar la basura barrida. (Generada Gemini),NO,1 seña,NO,SI,NO,1 seña,Semi-simétrica (tipo II),Bl,,,,,02132_palaparaas.mp4
FENASCOL II,LSC1,2133,PAPEL HIGIENICO,SUSTANTIVO,Papel suave desechable en rollo usado para el aseo personal. (RAE),NO,1 seña,NO,SI,NO,1 seña,Semi-simétrica (tipo II),Bc,,,,,02133_papelhigie.mp4
FENASCOL II,LSC1,2134,PAPEL PERIODICO,SUSTANTIVO,Papel de bajo costo usado para la impresión de diarios o boletines. (Generada Gemini),NO,1 seña,NO,SI,NO,1 seña,Simétrica (tipo I),Qe,,,,,02134_papelperio.mp4
FENASCOL II,LSC1,2135,PAPELOGRAFO,SUSTANTIVO,Rotafolio o soporte para hojas grandes de papel empleadas en exposiciones. (RAE),NO,1 seña,NO,SI,NO,1 seña,Semi-simétrica (tipo II),B,,,,,02135_papelograf.mp4
FENASCOL II,LSC1,2136,PARA-QUE-APRENDA (DEDOS),VERBO,Expresión o seña admonitoria orientada a impartir una lección correctiva. (Generada Gemini),NO,1 seña,NO,SI,NO,1 seña,Unimanual (tipo 0),P,,,,,02136_paraqueapr.mp4
FENASCOL II,LSC1,2137,PARADERO 1,SUSTANTIVO,Lugar o parandero establecido para la parada y abordaje del transporte público. (RAE),SI,2 señas,NO,SI,SI,2 señas,Compuestas (tipo C),Bl,V,J,,,02137_paradero1.mp4
UEB,LSC1,2138,PARADERO 2,SUSTANTIVO,Variante de seña para estación o sitio de parada vehicular. (Generada Gemini),NO,1 seña,NO,SI,NO,1 seña,Semi-simétrica (tipo II),B,,,,,02138_paradero2.mp4
FENASCOL II,LSC1,2139,PARAGUAY,SUSTANTIVO,País soberano sin litoral ubicado en la zona central de América del Sur. (RAE),NO,1 seña,SI,SI,NO,1 seña,Asimétrica (tipo III),B,K,,,,02139_paraguay.mp4
FENASCOL II,LSC1,2140,PARALISIS CEREBLAR,SUSTANTIVO,Trastorno neuromuscular que afecta el movimiento y la postura corporal por daño cerebral. (RAE),NO,1 seña,NO,SI,NO,1 seña,Unimanual en contacto (tipo X),Gl,,,,,02140_paralisisc.mp4
FENASCOL II,LSC1,2141,PARTICULAR (SOCIO),ADJETIVO,Persona privada o socio no vinculado a entidades gubernamentales. (Generada Gemini),NO,1 seña,SI,SI,NO,1 seña,Unimanual en contacto (tipo X),A,,,,,02141_particular.mp4
FENASCOL II,LSC1,2142,PASADO MAÑANA,ADJETIVO,En el día que sigue inmediatamente al de mañana. (RAE),NO,1 seña,NO,SI,NO,1 seña,Unimanual (tipo 0),A,,,,,02142_pasadomañ.mp4
FENASCOL II,LSC1,2143,PASIVO,ADJETIVO,"Inactivo, que recibe una acción sin actuar. / Conjunto de deudas de una persona o empresa. (RAE)",NO,1 seña,NO,SI,NO,1 seña,Semi-simétrica (tipo II),B,,,,,02143_pasivo.mp4
FENASCOL II,LSC1,2144,PASTILLA,SUSTANTIVO,Porción pequeña y dosificada de medicamento sólido en comprimido. (RAE),NO,1 seña,NO,SI,NO,1 seña,Unimanual (tipo 0),Ob,,,,,02144_pastilla.mp4
FENASCOL II,LSC1,2145,PATACÓN,SUSTANTIVO,Trozo de plátano verde frito y aplastado típico de la gastronomía colombiana. (RAE),NO,1 seña,NO,SI,NO,1 seña,Asimétrica (tipo III),Bl,S,,,,02145_patacon1.mp4
UEB,LSC1,2146,PATACÓN 2,SUSTANTIVO,Variante de seña para el alimento tradicional frito de plátano (patacón). (Generada Gemini),NO,1 seña,SI,SI,NO,1 seña,Semi-simétrica (tipo II),B,,,,,02146_patacon2.mp4
FENASCOL II,LSC1,2147,PECOSO,ADJETIVO,Que tiene pecas en el rostro o la piel. (RAE),NO,1 seña,NO,SI,NO,1 seña,Unimanual en contacto (tipo X),Gl,,,,,02147_pecoso.mp4
FENASCOL II,LSC1,2148,PEGANTE DE BARRA,SUSTANTIVO,Adhesivo cilíndrico en barra sólida para fijar papel o cartón. (Generada Gemini),NO,1 seña,NO,SI,NO,1 seña,Asimétrica (tipo III),Bl,S,,,,02148_pegantedeb.mp4
FENASCOL II,LSC1,2149,PEGANTE LIQUIDO,SUSTANTIVO,Adhesivo fluido usado para pegar diversos materiales. (Generada Gemini),NO,1 seña,NO,SI,NO,1 seña,Unimanual (tipo 0),Nb,,,,,02149_peganteliq.mp4
FENASCOL II,LSC1,2150,PEGAR (A OTRA PERSONA),VERBO,Propinar golpes a una persona. (RAE),NO,1 seña,NO,NO,NO,1 seña,Asimétrica (tipo III),S,Bl,,,,02150_pegaraotra.mp4
FENASCOL II,LSC1,2151,PEGAR (COSA),VERBO,Unir dos o más cosas con una sustancia adhesiva. (RAE),NO,1 seña,NO,SI,NO,1 seña,Semi-simétrica (tipo II),Bl,,,,,02151_pegarcosa.mp4
FENASCOL II,LSC1,2152,PEINILLA,SUSTANTIVO,Peine pequeño o tipo de peine para el cabello. / Tipo de machete corto en Colombia. (RAE),NO,1 seña,NO,SI,NO,1 seña,Unimanual (tipo 0),Af,,,,,02152_peinilla.mp4
FENASCOL II,LSC1,2153,PELUQUERÍA,SUSTANTIVO,"Establecimiento donde se corta, peina o arregla el cabello. (RAE)",SI,2 señas,NO,SI,SI,2 señas,Compuestas (tipo C),P,V,,,,02153_peluqueria.mp4
FENASCOL II,LSC1,2154,PERDIDA CONOCIMIENTO,SUSTANTIVO,"Desmayo, desvanecimiento o síncope con suspensión temporal de la conciencia. (Generada Gemini)",NO,1 seña,NO,SI,NO,1 seña,Compuestas (tipo C),P,V,,,,02154_perdidacon.mp4
FENASCOL II,LSC1,2155,PEREIRA,SUSTANTIVO,"Ciudad colombiana, capital del departamento de Risaralda. (Generada Gemini)",NO,1 seña,SI,SI,NO,1 seña,Unimanual en contacto (tipo X),K,,,,,02155_pereira.mp4
FENASCOL II,LSC1,2156,PERFORADORA,SUSTANTIVO,Máquina o herramienta usada para hacer agujeros en papel o materiales rígidos. (RAE),NO,1 seña,NO,SI,NO,1 seña,Asimétrica (tipo III),Bl,A,,,,02156_perforador.mp4
FENASCOL II,LSC1,2157,PERFUME DE HOMBRE,SUSTANTIVO,Fragancia o colonia elaborada para el uso masculino. (Generada Gemini),SI,2 señas,NO,SI,SI,2 señas,Asimétrica (tipo III),A,Bl,,,,02157_perfumedeh.mp4
FENASCOL II,LSC1,2158,PERFUME DE MUJER,SUSTANTIVO,Fragancia o perfume elaborado para el uso femenino. (Generada Gemini),SI,2 señas,NO,SI,SI,2 señas,Asimétrica (tipo III),A,P,,,,02158_perfumedem.mp4
FENASCOL II,LSC1,2159,PERSIANA,SUSTANTIVO,Estructura de tablillas para graduar la entrada de luz en una ventana. (RAE),SI,2 señas,NO,SI,SI,2 señas,Compuestas (tipo C),A,B,,,,02159_persiana.mp4
FENASCOL II,LSC1,2160,PERU,SUSTANTIVO,País soberano de América del Sur con costa en el océano Pacífico (Perú). (RAE),NO,1 seña,NO,SI,NO,1 seña,Unimanual en contacto (tipo X),Za,,,,,02160_peru.mp4
FENASCOL II,LSC1,2161,PINTAR,VERBO,Representar algo mediante líneas y colores o aplicar pintura a una superficie. (RAE),NO,1 seña,NO,SI,NO,1 seña,Semi-simétrica (tipo II),B,,,,,02161_pintar.mp4
FENASCOL II,LSC1,2162,PLANCHA,VERBO,Electrodoméstico de base metálica lisa usado para alisar la ropa. (RAE),NO,1 seña,NO,SI,NO,1 seña,Asimétrica (tipo III),B,S,,,,02162_plancha.mp4
FENASCOL II,LSC1,2163,PLÁSTICO 1,SUSTANTIVO,Material sintético moldeable obtenido mediante polimerización. (RAE),NO,1 seña,NO,SI,NO,1 seña,Simétrica (tipo I),Qe,,,,,02163_plastico1.mp4
FENASCOL II,LSC1,2164,PLATANO,SUSTANTIVO,"Fruto de la platanera, alargado y comestible. (RAE)",NO,1 seña,NO,SI,NO,1 seña,Semi-simétrica (tipo II),B,,,,,02164_platano.mp4
FENASCOL II,LSC1,2165,PLATON,SUSTANTIVO,Recipiente grande de plástico o metal usado en labores del hogar (platón). (RAE),NO,1 seña,NO,SI,NO,1 seña,Simétrica (tipo I),Af,,,,,02165_platon.mp4
FENASCOL II,LSC1,2166,POBREZA,SUSTANTIVO,Estado o condición de quien carece de lo necesario para vivir. (RAE),,,NO,SI,NO,1 seña,Asimétrica (tipo III),S,Jc,Q,,,02166_pobreza.mp4
FENASCOL II,LSC1,2167,POLTRONA,SUSTANTIVO,"Silla de brazos grande, mullida y cómoda. (RAE)",,,NO,SI,SI,2 señas,Semi-simétrica (tipo II),H,Qf,,,,02167_poltrona.mp4
FENASCOL II,LSC1,2168,PONQUE,SUSTANTIVO,Torta o pastel esponjoso de repostería (ponqué). (RAE),NO,1 seña,NO,SI,NO,1 seña,Simétrica (tipo I),L,,,,,02168_ponque.mp4
FENASCOL II,LSC1,2169,POPAYAN,SUSTANTIVO,"Ciudad colombiana, capital del departamento del Cauca (Popayán). (Generada Gemini)",NO,1 seña,NO,SI,NO,1 seña,Simétrica (tipo I),Cl,,,,,02169_popayan.mp4
FENASCOL II,LSC1,2170,PORTALAPIZ,SUSTANTIVO,Recipiente o estuche usado para sostener o guardar lápices. (RAE),NO,1 seña,SI,SI,NO,1 seña,Asimétrica (tipo III),Be,Pc,,,,02170_portalapiz.mp4
FENASCOL II,LSC1,2171,PORTERIA,SUSTANTIVO,Puesto o pabellón del portero a la entrada de un edificio. (RAE),SI,2 señas,NO,SI,SI,2 señas,Compuestas (tipo C),Be,Bl,Za,,,02171_porteria.mp4
FENASCOL II,LSC1,2172,PREPARAR,VERBO,Disponer o prevenir algo para un fin determinado. (RAE),NO,1 seña,NO,SI,NO,1 seña,Simétrica (tipo I),Ok,,,,,02172_preparar.mp4
FENASCOL II,LSC1,2173,PRESIDENTE,SUSTANTIVO,"Persona que preside un gobierno, consejo, tribunal o asociación. (RAE)",NO,1 seña,NO,SI,NO,1 seña,Unimanual en contacto (tipo X),Bc,,,,,02173_presidente.mp4
FENASCOL II,LSC1,2174,PROBAR (ALIMENTOS),VERBO,Gustar o deglutir una pequeña porción de comida para conocer su sabor. (RAE),NO,1 seña,NO,SI,NO,1 seña,Unimanual (tipo 0),N,,,,,02174_probaralim.mp4
FENASCOL II,LSC1,2175,PROBAR (ROPA),VERBO,Ponerse una prenda de vestir para comprobar si se ajusta al cuerpo. (RAE),NO,1 seña,SI,SI,NO,1 seña,Unimanual (tipo 0),Bl,,,,,02175_probarropa.mp4
FENASCOL II,LSC1,2176,PROBLEMAS CARDIACOS,SUSTANTIVO,Afecciones o patologías que alteran el funcionamiento del corazón. (Generada Gemini),SI,2 señas,NO,NO,SI,2 señas,Compuestas (tipo C),XXe,J,,,,02176_problemasc.mp4
FENASCOL II,LSC1,2177,PUERTO RICO,SUSTANTIVO,Estado libre asociado e isla de las Antillas Mayores en el Caribe. (RAE),NO,1 seña,NO,SI,NO,1 seña,Compuestas (tipo C),B,K,R,,,02177_puertorico.mp4
FENASCOL II,LSC1,2178,PULPO,SUSTANTIVO,Molusco cefalópodo marino sin concha provisto de ocho tentáculos con ventosas. (RAE),NO,1 seña,NO,SI,NO,1 seña,Unimanual (tipo 0),Q,Jc,,,,02178_pulpo.mp4
FENASCOL II,LSC1,2179,PUMA,SUSTANTIVO,Gran mamífero carnívoro felino de pelaje uniforme dorado o pardo propio de América. (RAE),NO,1 seña,NO,SI,NO,1 seña,Unimanual (tipo 0),Gl,,,,,02179_puma.mp4
FENASCOL II,LSC1,2180,QUESO,SUSTANTIVO,Alimento obtenido por maduración de la cuajada de la leche. (RAE),NO,1 seña,SI,SI,NO,1 seña,Semi-simétrica (tipo II),Bl,,,,,02180_queso.mp4
FENASCOL II,LSC1,2181,QUESO CREMA,SUSTANTIVO,"Variedad suave, untable y fresca de queso rico en materia grasa. (Generada Gemini)",NO,1 seña,NO,NO,NO,1 seña,Unimanual (tipo 0),Ok,,,,,02181_quesocrema.mp4
FENASCOL II,LSC1,2182,QUESO PARMESANO,SUSTANTIVO,"Variedad de queso italiano duro, madurado y de textura granulada. (RAE)",NO,1 seña,NO,SI,NO,1 seña,Simétrica (tipo I),Qe,,,,,02182_quesoparme.mp4
FENASCOL II,LSC1,2183,QUESO RAYADO,SUSTANTIVO,Queso desmenuzado en hebras finas mediante un rallador (queso rallado). (RAE),NO,1 seña,NO,SI,NO,1 seña,Asimétrica (tipo III),B,S,,,,02183_quesorayad.mp4
FENASCOL II,LSC1,2184,QUINCENA,SUSTANTIVO,Período de quince días consecutivos o paga correspondiente a ese tiempo. (RAE),SI,2 señas,SI,SI,SI,2 señas,Unimanual (tipo 0),No,J,,,,02184_quincena.mp4
FENASCOL II,LSC1,2185,QUINDIO,SUSTANTIVO,Departamento de Colombia ubicado en la región andina (Quindío). (Generada Gemini),NO,1 seña,NO,SI,NO,1 seña,Unimanual (tipo 0),J,Q,,,,02185_quindio.mp4
FENASCOL II,LSC1,2186,QUINTO,ADJETIVO,Que ocupa el lugar número cinco en una serie o conjunto ordenado. (RAE),NO,1 seña,NO,SI,NO,1 seña,Unimanual (tipo 0),S,J,,,,02186_quinto.mp4
FENASCOL II,LSC1,2187,RABIA,SUSTANTIVO,"Enfado grande, ira o violencia. / Enfermedad infecciosa del sistema nervioso. (RAE)",SI,1 seña,NO,SI,SI,1 seña,Unimanual (tipo 0),J,R,,,,02187_rabia.mp4
FENASCOL II,LSC1,2188,RADIO,SUSTANTIVO,Aparato receptor de las ondas electromagnéticas de radiodifusión. (RAE),SI,2 señas,NO,SI,SI,2 señas,Simétrica (tipo I),Gl,,,,,02188_radio.mp4
FENASCOL II,LSC0,2189,RAZÓN,SUSTANTIVO,"Facultad del ser humano de pensar, reflexionar y juzgar. / Motivo o causa. (RAE)",NO,1 seña,NO,SI,NO,1 seña,Unimanual en contacto (tipo X),R,,,,,02189_razon.mp4
FENASCOL II,LSC1,2190,RECEPCIONISTA,SUSTANTIVO,Persona encargada de atender a los clientes o público a la entrada de un establecimiento. (RAE),NO,1 seña,NO,SI,NO,1 seña,Simétrica (tipo I),Bl,,,,,02190_recepcioni.mp4
FENASCOL II,LSC0,2191,RECHAZAR,VERBO,"Mostrar oposición, desacuerdo o negar la admisión de algo o alguien. (RAE)",NO,1 seña,NO,SI,NO,1 seña,Asimétrica (tipo III),Bl,E,,,,02191_rechazar.mp4
FENASCOL II,LSC1,2192,REMAR,VERBO,Mover los remos en el agua para hacer avanzar una embarcación. (RAE),NO,1 seña,NO,SI,NO,1 seña,Simétrica (tipo I),S,,,,,02192_remar.mp4
FENASCOL II,LSC1,2193,REMO,SUSTANTIVO,Instrumento de madera con forma de pala para impulsar embarcaciones en el agua. (RAE),NO,1 seña,NO,SI,NO,1 seña,Simétrica (tipo I),S,,,,,02193_remo.mp4
FENASCOL II,LSC1,2194,REMOLACHA,SUSTANTIVO,Planta de raíz gruesa comestible y de intenso color rojo o púrpura. (RAE),NO,1 seña,SI,SI,NO,1 seña,Unimanual en contacto (tipo X),Af,,,,,02194_remolacha.mp4
FENASCOL II,LSC1,2195,REPOLLO,SUSTANTIVO,Hortaliza de hojas apretadas formando una pella densa (col). (RAE),NO,1 seña,SI,SI,NO,1 seña,Asimétrica (tipo III),Gl,S,,,,02195_repollo.mp4
FENASCOL II,LSC1,2196,REPUBLICA DOMINICANA,SUSTANTIVO,País soberano ubicado en la zona central de la isla La Española en el Caribe. (RAE),NO,1 seña,SI,SI,NO,1 seña,Unimanual en contacto (tipo X),R,D,,,,02196_republicad.mp4
FENASCOL II,LSC1,2197,REQUISITO,SUSTANTIVO,Condición o circunstancia obligatoria que se exige para algo. (RAE),NO,1 seña,NO,SI,NO,1 seña,Asimétrica (tipo III),B,Pc,,,,02197_requisito.mp4
FENASCOL II,LSC1,2198,RESALTAR,VERBO,Destacar o hacer que algo sea más visible o sobresaliente. (RAE),NO,1 seña,NO,SI,NO,1 seña,Compuestas (tipo C),B,P,Gl,,,02198_resaltar.mp4
FENASCOL II,LSC1,2199,RESBALAR,VERBO,Deslizarse la superficie de algo sin el agarre adecuado perdiendo el equilibrio. (RAE),NO,1 seña,NO,SI,NO,1 seña,Asimétrica (tipo III),B,V,,,,02199_resbalar.mp4
FENASCOL II,LSC1,2200,RESUMIR,VERBO,Reducir a términos breves y precisos lo esencial de un asunto o texto. (RAE),NO,1 seña,NO,SI,NO,1 seña,Semi-simétrica (tipo II),Qf,,,,,02200_resumir.mp4
FENASCOL II,LSC1,2201,RETROPROYECTOR DE ACETATOS,SUSTANTIVO,Dispositivo óptico para proyectar transparencias u hojas de acetato sobre una pantalla. (Generada Gemini),SI,2 señas,NO,SI,SI,2 señas,Compuestas (tipo C),B,O,J,,,02201_retroproye.mp4
FENASCOL II,LSC1,2202,RETROPROYECTOR DE FILMINAS,SUSTANTIVO,Aparato óptico empleado para proyectar fotogramas o tiras de película transparente. (Generada Gemini),NO,1 seña,NO,SI,NO,1 seña,Simétrica (tipo I),Ql,,,,,02202_retroproye.mp4
FENASCOL II,LSC1,2203,RIO,SUSTANTIVO,Corriente natural de agua que fluye continuamente y desemboca en otra o en el mar. (RAE),NO,1 seña,NO,SI,NO,1 seña,Simétrica (tipo I),R,,,,,02203_rio.mp4
FENASCOL II,LSC1,2204,RIOHACHA,SUSTANTIVO,"Ciudad colombiana, capital del departamento de La Guajira. (Generada Gemini)",NO,1 seña,NO,SI,NO,1 seña,Compuestas (tipo C),B,R,,,,02204_riohacha.mp4
FENASCOL II,LSC1,2205,ROBUSTO,ADJETIVO,"Fuerte, vigoroso, firme y de sólida constitución física. (RAE)",NO,1 seña,NO,SI,NO,1 seña,Simétrica (tipo I),S,,,,,02205_robusto.mp4
FENASCOL II,LSC1,2206,ROPA DELGADA,SUSTANTIVO,Vestimenta liviana concebida para climas cálidos o épocas de verano. (Generada Gemini),NO,2 señas,NO,NO,SI,2 señas,Compuestas (tipo C),Tb,Pc,,,,02206_ropadelgad.mp4
FENASCOL II,LSC1,2207,ROPA GRUESA,SUSTANTIVO,Vestimenta abrigada elaborada con tejidos densos para proteger del frío. (Generada Gemini),NO,2 señas,NO,SI,SI,2 señas,Compuestas (tipo C),Tb,Qe,,,,02207_ropagruesa.mp4
FENASCOL II,LSC1,2208,RUBORIZADO,ADJETIVO,Que siente o muestra sonrojo o rubor en el rostro por vergüenza o timidez. (RAE),NO,1 seña,NO,SI,NO,1 seña,Simétrica (tipo I),Ql,,,,,02208_ruborizado.mp4
FENASCOL II,LSC1,2209,SABANA,SUSTANTIVO,Prenda de tela fina para vestir la cama. / Llanura extensa sin vegetación arbórea. (RAE),NO,1 seña,SI,SI,NO,1 seña,Simétrica (tipo I),Be,,,,,02209_sabana.mp4
FENASCOL II,LSC1,2210,SABROSO,ADJETIVO,Que tiene un sabor agradable y deleitoso al paladar. (RAE),NO,1 seña,NO,SI,NO,1 seña,Compuestas (tipo C),Q,J,,,,02210_sabroso.mp4
FENASCOL II,LSC1,2211,SACAGRAPAS,SUSTANTIVO,Utensilio de oficina empleado para extraer grapas fijadas en papel. (Generada Gemini),NO,1 seña,NO,SI,NO,1 seña,Asimétrica (tipo III),Bl,Xc,,,,02211_sacagrapas.mp4
FENASCOL II,LSC1,2212,SACAPUNTAS,SUSTANTIVO,Utensilio con cuchilla interna empleado para afilar las minas de los lápices. (RAE),NO,1 seña,NO,SI,NO,1 seña,Asimétrica (tipo III),S,P,,,,02212_sacapuntas.mp4
FENASCOL II,LSC1,2213,SALCHICHON,SUSTANTIVO,Embutido grueso de carne picada sazonada con pimienta y otras especias. (RAE),SI,2 señas,NO,NO,SI,2 señas,Compuestas (tipo C),Xc,X,,,,02213_salchichon.mp4
FENASCOL II,LSC1,2214,SALÓN DE CLASE,SUSTANTIVO,Recinto o espacio físico en una escuela o universidad donde se imparten lecciones. (Generada Gemini),SI,2 señas,NO,SI,SI,2 señas,Simétrica (tipo I),P,Cl,,,,02214_salondecla.mp4
FENASCOL II,LSC1,2215,SALTO ALTO,SUSTANTIVO,Modalidad del atletismo que consiste en sobrepasar una barra horizontal a cierta altura. (Generada Gemini),NO,1 seña,NO,SI,NO,1 seña,Asimétrica (tipo III),P,V,,,,02215_saltoalto.mp4
FENASCOL II,LSC1,2216,SAN ANDRES,SUSTANTIVO,Isla y archipiélago colombiano situado en el mar Caribe occidental. (Generada Gemini),NO,1 seña,SI,SI,NO,1 seña,Simétrica (tipo I),J,,,,,02216_sanandres.mp4
FENASCOL II,LSC1,2217,SANDIA,SUSTANTIVO,"Fruto grande y globoso de pulpa roja, dulce y jugosa con abundantes semillas (sandía). (RAE)",NO,1 seña,NO,SI,NO,1 seña,Simétrica (tipo I),Qa,,,,,02217_sandia.mp4
FENASCOL II,LSC1,2218,SANDUCHERA,SUSTANTIVO,Electrodoméstico de placas metálicas calientes para tostar o prensar sándwiches. (RAE),NO,1 seña,NO,SI,NO,1 seña,Semi-simétrica (tipo II),S,,,,,02218_sanduchera.mp4
FENASCOL II,LSC1,2219,SANTA MARTA,SUSTANTIVO,"Ciudad y distrito turístico histórico de Colombia, capital del departamento del Magdalena. (Generada Gemini)",NO,2 señas,SI,SI,SI,2 señas,Compuestas (tipo C),P,J,,,,02219_santamarta.mp4
FENASCOL II,LSC1,2220,SANTAFE DE BOGOTÁ,SUSTANTIVO,Denominación histórica oficial de la capital de Colombia entre 1991 y 2000. (Generada Gemini),,,NO,SI,NO,1 seña,Simétrica (tipo I),S,,,,,02220_santafedeb.mp4
FENASCOL II,LSC1,2221,SANTANDER,SUSTANTIVO,Departamento de Colombia situado en la región andina nororiental. (Generada Gemini),NO,1 seña,SI,SI,NO,1 seña,Asimétrica (tipo III),Bl,Gl,,,,02221_santander.mp4
FENASCOL II,LSC1,2222,SASTRE,SUSTANTIVO,"Persona que tiene por oficio cortar y coser trajes de vestir, especialmente masculinos. (RAE)",NO,1 seña,NO,SI,NO,1 seña,Compuestas (tipo C),Pc,,,,,02222_sastre.mp4
FENASCOL II,LSC1,2223,SECADOR DE PELO,SUSTANTIVO,Aparato electrodoméstico que emite aire para secar o moldear el cabello. (RAE),NO,1 seña,NO,SI,NO,1 seña,Unimanual (tipo 0),S,,,,,02223_secadordep.mp4
FENASCOL II,LSC1,2224,SECO BANDEJA,ADJETIVO,"Plato o servicio fuerte de comida que incluye seco (arroz, proteína) servido en bandeja. (Generada Gemini)",NO,1 seña,SI,SI,NO,1 seña,Simétrica (tipo I),Xc,,,,,02224_secobandej.mp4
FENASCOL II,LSC1,2225,SECRETARIO,SUSTANTIVO,"Persona encargada de la correspondencia, archivo y gestión administrativa. (RAE)",NO,1 seña,NO,SI,NO,1 seña,Simétrica (tipo I),Gl,,,,,02225_secretario.mp4
FENASCOL II,LSC1,2226,SEIS MESES,ADJETIVO,Período de tiempo equivalente a medio año o seis mensualidades. (Generada Gemini),SI,2 señas,NO,SI,SI,2 señas,Compuestas (tipo C),P,J,P,,,02226_seismeses.mp4
FENASCOL II,LSC1,2227,SEMESTRAL,SUSTANTIVO,"Que ocurre, se repite o se calcula cada seis meses. (RAE)",SI,2 señas,NO,NO,SI,2 señas,Asimétrica (tipo III),P,J,,,,02227_semestral.mp4
FENASCOL II,LSC1,2228,SICÓLOGO,SUSTANTIVO,Especialista en psicología o procesos mentales y del comportamiento (psicólogo). (RAE),NO,1 seña,SI,SI,NO,1 seña,Unimanual en contacto (tipo X),Ok,,,,,02228_psicologo.mp4
FENASCOL II,LSC1,2229,SIMPLE,ADJETIVO,"Sencillo, sin complicación, adorno ni mezcla. (RAE)",NO,1 seña,SI,SI,NO,1 seña,Unimanual (tipo 0),Qe,,,,,02229_simple.mp4
FENASCOL II,LSC0,2230,SIN CULPA,FUNCION,Estado de inocencia o exención de responsabilidad ante una falta o delito. (Generada Gemini),NO,1 seña,NO,SI,NO,1 seña,Simétrica (tipo I),Bl,,,,,02230_sinculpa.mp4
FENASCOL II,LSC1,2231,SINCELEJO,SUSTANTIVO,"Ciudad colombiana, capital del departamento de Sucre. (Generada Gemini)",NO,1 seña,SI,SI,NO,1 seña,Compuestas (tipo C),X,J,,,,02231_sincelejo.mp4
FENASCOL II,LSC1,2232,SINVERGÜENZA-1,SUSTANTIVO,"Persona descarada, pícara o que carece de vergüenza o escrúpulos. (RAE)",NO,1 seña,NO,SI,NO,1 seña,Unimanual en contacto (tipo X),Bl,,,,,02232_sinverguen.mp4
FENASCOL II,LSC1,2233,SOBRESABANA,SUSTANTIVO,Sábana superior que se coloca entre la sábana bajera y la cobija en la cama. (Generada Gemini),NO,1 seña,NO,SI,NO,1 seña,Simétrica (tipo I),Tb,,,,,02233_sobresaban.mp4
FENASCOL II,LSC1,2234,SOFA,SUSTANTIVO,Asiento cómodo provisto de respaldo y brazos para dos o más personas (sofá). (RAE),SI,2 señas,NO,SI,SI,2 señas,Compuestas (tipo C),Z,XXe,Ql,,,02234_sofa.mp4
FENASCOL II,LSC1,2235,SOFACAMA,SUSTANTIVO,Mueble articulado que puede convertirse alternativamente en sofá o en cama. (RAE),NO,1 seña,NO,SI,NO,1 seña,Semi-simétrica (tipo II),Bl,,,,,02235_sofacama.mp4
FENASCOL II,LSC1,2236,SOGAMOSO (BOYACA),SUSTANTIVO,"Municipio e importante centro industrial y comercial del departamento de Boyacá, Colombia. (Generada Gemini)",NO,1 seña,SI,SI,NO,1 seña,Unimanual (tipo 0),Jc,,,,,02236_sogamosobo.mp4
FENASCOL II,LSC1,2237,SOLO (LUGAR VACIO),ADJETIVO,"Espacio o recinto deshabitado, desierto o carente de presencia humana. (Generada Gemini)",NO,1 seña,SI,SI,NO,1 seña,Semi-simétrica (tipo II),B,,,,,02237_sololugarv.mp4
FENASCOL II,LSC1,2238,SOÑAR,VERBO,Representar en la fantasía imágenes o sucesos mientras se duerme / Anhelar algo. (RAE),NO,1 seña,NO,SI,NO,1 seña,Unimanual (tipo 0),X,,,,,02238_soñar.mp4
FENASCOL II,LSC1,2239,SOPO (CUNDINAMARCA),SUSTANTIVO,Municipio colombiano ubicado en el departamento de Cundinamarca (Sopó). (Generada Gemini),NO,1 seña,SI,SI,NO,1 seña,Asimétrica (tipo III),B,Gl,,,,02239_sopocundin.mp4
FENASCOL II,LSC0,2240,SUAVE,ADJETIVO,"Liso, blando, dulce o agradable al tacto u otros sentidos. (RAE)",NO,1 seña,NO,SI,NO,1 seña,Simétrica (tipo I),Qe,,,,,02240_suave.mp4
FENASCOL II,LSC1,2241,SUBIR POR LA ESCALERA 1,VERBO,Ascender de un nivel a otro utilizando los peldaños de una escalera. (Generada Gemini),NO,1 seña,NO,SI,NO,1 seña,Asimétrica (tipo III),B,V,,,,02241_subirporla.mp4
FENASCOL II,LSC1,2242,SUBIR POR LA ESCALERA 2,VERBO,Variante de seña para la acción de ascender escalones. (Generada Gemini),NO,1 seña,NO,SI,NO,1 seña,Unimanual (tipo 0),Za,,,,,02242_subirporla.mp4
FENASCOL II,LSC1,2243,SUCRE ,SUSTANTIVO,Departamento de Colombia situado en la región Caribe. (Generada Gemini),NO,1 seña,NO,SI,NO,1 seña,Unimanual (tipo 0),L,Tc,,,,02243_sucre.mp4
FENASCOL II,LSC1,2244,SUMERGIRSE,VERBO,Introducirse completamente bajo la superficie de un líquido. (RAE),NO,1 seña,NO,SI,NO,1 seña,Asimétrica (tipo III),Be,Za,,,,02244_sumergirse.mp4
FENASCOL II,LSC1,2245,SUPERADO,ADJETIVO,"Que ha vencido o dejado atrás un obstáculo, dificultad o prueba. (RAE)",NO,1 seña,NO,SI,NO,1 seña,Asimétrica (tipo III),P,B,,,,02245_superado.mp4
FENASCOL II,LSC1,2246,SUPERMECADO,SUSTANTIVO,Establecimiento comercial de autoservicio de alimentos y productos del hogar (supermercado). (RAE),SI,2 señas,NO,SI,SI,2 señas,Compuestas (tipo C),S,O,Gl,,,02246_supermecad.mp4
FENASCOL II,LSC1,2247,SUSPENDER,VERBO,Detener o interrumpir temporalmente una acción. / Reprobar un examen. (RAE),NO,1 seña,NO,SI,NO,1 seña,Simétrica (tipo I),Bl,,,,,02247_suspender.mp4
FENASCOL II,LSC1,2248,SUSTO,SUSTANTIVO,Impresión repentina de miedo o pavor causada por un peligro imprevisto. (RAE),NO,1 seña,NO,SI,NO,1 seña,Simétrica (tipo I),Gl,,,,,02248_susto.mp4
FENASCOL II,LSC1,2249,TELEFONO,SUSTANTIVO,Dispositivo de telecomunicación para transmitir sonidos a distancia (teléfono). (RAE),NO,1 seña,NO,SI,NO,1 seña,Unimanual en contacto (tipo X),Y,,,,,02249_telefono.mp4
FENASCOL II,LSC1,2250,TELEFONO CELULAR,SUSTANTIVO,Dispositivo telefónico portátil e inalámbrico de comunicación celular. (RAE),NO,1 seña,NO,SI,NO,1 seña,Unimanual en contacto (tipo X),B,,,,,02250_telefonoce.mp4
FENASCOL II,LSC1,2251,TELEFONO PARA SORDOS,SUSTANTIVO,Dispositivo de telecomunicación adaptado con pantalla y teclado para uso de personas sordas. (Generada Gemini),SI,2 señas,NO,SI,SI,2 señas,Compuestas (tipo C),Y,Gl,,,,02251_telefonopa.mp4
FENASCOL II,LSC1,2252,TEMPERA,SUSTANTIVO,"Pintura de colores diluida en agua, utilizada comúnmente en trabajos escolares (témpera). (RAE)",SI,1 seña,NO,SI,SI,1 seña,Asimétrica (tipo III),O,P,,,,02252_tempera.mp4
FENASCOL II,LSC1,2253,TENIS DE CAMPO,SUSTANTIVO,Deporte que se practica con raquetas y una pelota sobre una cancha dividida por una red. (RAE),NO,1 seña,NO,SI,NO,1 seña,Unimanual (tipo 0),Xf,,,,,02253_tenisdecam.mp4
FENASCOL II,LSC1,2254,TENIS DE MESA,SUSTANTIVO,Juego semejante al tenis que se practica sobre una mesa con palas de madera (ping-pong). (RAE),NO,1 seña,NO,SI,NO,1 seña,Unimanual (tipo 0),B,,,,,02254_tenisdemes.mp4
FENASCOL II,LSC1,2255,TENSIÓN ALTA,SUSTANTIVO,Presión arterial superior a los niveles normales (hipertensión). (RAE),SI,2 señas,NO,SI,SI,2 señas,Compuestas (tipo C),Cl,Bl,,,,02255_tensionalt.mp4
FENASCOL II,LSC1,2256,TENSIÓN BAJA,SUSTANTIVO,Presión arterial inferior a los niveles normales (hipotensión). (RAE),SI,2 señas,NO,SI,SI,2 señas,Compuestas (tipo C),Cl,Bl,,,,02256_tensionbaj.mp4
FENASCOL II,LSC1,2257,TERMINAL,SUSTANTIVO,Estación donde inician o terminan su trayecto los vehículos de transporte público. (RAE),NO,1 seña,SI,SI,NO,1 seña,Asimétrica (tipo III),P,Bl,,,,02257_terminal.mp4
FENASCOL II,LSC1,2258,TERMOMETRO,SUSTANTIVO,Instrumento que sirve para medir la temperatura (termómetro). (RAE),NO,1 seña,NO,SI,NO,1 seña,Unimanual en contacto (tipo X),P,,,,,02258_termometro.mp4
FENASCOL II,LSC1,2259,TESORERO,SUSTANTIVO,"Persona encargada de custodiar, gestionar y administrar los fondos de una entidad. (RAE)",NO,1 seña,NO,SI,NO,1 seña,Semi-simétrica (tipo II),Af,,,,,02259_tesorero.mp4
FENASCOL II,LSC1,2260,TEXTO ESCONDIDO,SUSTANTIVO,Información o texto oculto en medios visuales o subtítulos cerrados (closed caption). (Generada Gemini),NO,1 seña,NO,SI,NO,1 seña,Asimétrica (tipo III),Bl,Tc,,,,02260_textoescon.mp4
FENASCOL II,LSC1,2261,TIGRE,SUSTANTIVO,Gran mamífero carnívoro felino de pelaje amarillo con rayas oscuras. (RAE),NO,1 seña,NO,SI,NO,1 seña,Unimanual en contacto (tipo X),Gl,,,,,02261_tigre.mp4
FENASCOL II,LSC1,2262,TIJERAS,SUSTANTIVO,Instrumento compuesto de dos hojas de acero cruzadas para cortar. (RAE),NO,1 seña,NO,SI,NO,1 seña,Unimanual (tipo 0),V,,,,,02262_tijeras.mp4
FENASCOL II,LSC1,2263,TIZA,SUSTANTIVO,Arcilla blanca y terrosa usada para escribir en los tableros. (RAE),NO,1 seña,NO,SI,NO,1 seña,Unimanual (tipo 0),Pc,,,,,02263_tiza.mp4
FENASCOL II,LSC1,2264,TOALLA FACIAL,SUSTANTIVO,Pieza de felpa de tamaño pequeño para secarse el rostro. (Generada Gemini),NO,1 seña,NO,SI,NO,1 seña,Simétrica (tipo I),B,,,,,02264_toallafaci.mp4
FENASCOL II,LSC1,2265,TOCADOR,SUSTANTIVO,Mueble con espejo y compartimentos para guardar artículos de belleza y peinado. (RAE),SI,2 señas,NO,SI,SI,2 señas,Semi-simétrica (tipo II),Bc,B,,,,02265_tocador.mp4
FENASCOL II,LSC1,2266,TOCAR LA PUERTA,VERBO,Golpear una puerta con los nudillos para anunciar la llegada o pedir ingreso. (Generada Gemini),NO,1 seña,NO,SI,NO,1 seña,Asimétrica (tipo III),Bl,Af,,,,02266_tocarlapue.mp4
FENASCOL II,LSC1,2267,TOLIMA,SUSTANTIVO,Departamento de Colombia situado en el centro-occidente del país. (Generada Gemini),NO,1 seña,SI,SI,NO,1 seña,Asimétrica (tipo III),B,Gl,,,,02267_tolima.mp4
FENASCOL II,LSC1,2268,TOMATE DE ARBOL,SUSTANTIVO,"Fruto comestible ovalado de color anaranjado o rojo, originario de los Andes (tamarillo). (RAE)",NO,1 seña,NO,SI,NO,1 seña,Asimétrica (tipo III),Pc,Q,,,,02268_tomatedear.mp4
FENASCOL II,LSC1,2269,TRAICIONERO,ADJETIVO,Que comete traición o falta a la lealtad y confianza depositada. (RAE),NO,1 seña,NO,SI,NO,1 seña,Unimanual en contacto (tipo X),B,,,,,02269_traicioner.mp4
FENASCOL II,LSC1,2270,TRAPEAR,VERBO,Limpiar o fregar el suelo usando un trapero húmedo. (RAE),NO,1 seña,NO,SI,NO,1 seña,Simétrica (tipo I),S,,,,,02270_trapear.mp4
FENASCOL II,LSC1,2271,TRAPO DE LIMPIAR,SUSTANTIVO,Pedazo de tela utilizado en las labores de limpieza para sacudir o fregar. (RAE),SI,2 señas,NO,SI,SI,2 señas,Compuestas (tipo C),Tb,Af,,,,02271_trapodelim.mp4
FENASCOL II,LSC1,2272,TRES MESES,ADJETIVO,Período temporal equivalente a tres mensualidades o un trimestre. (Generada Gemini),SI,2 señas,NO,SI,SI,2 señas,Compuestas (tipo C),W,P,,,,02272_tresmeses.mp4
FENASCOL II,LSC1,2273,TRIMESTRAL,ADJETIVO,"Que ocurre, se repite o se calcula cada tres meses. (RAE)",NO,1 seña,NO,SI,NO,1 seña,Unimanual (tipo 0),W,,,,,02273_trimestral.mp4
FENASCOL II,LSC1,2274,TRIPODE,SUSTANTIVO,Armazón de tres patas para sostener instrumentos como cámaras fotográficas. (RAE),NO,1 seña,NO,SI,NO,1 seña,Asimétrica (tipo III),Bl,Vc,,,,02274_tripode.mp4
FENASCOL II,LSC1,2275,TULUA (VALLE),SUSTANTIVO,Municipio colombiano situado en la región central del Valle del Cauca (Tuluá). (Generada Gemini),NO,1 seña,SI,SI,NO,1 seña,Simétrica (tipo I),Qe,,,,,02275_tuluavalle.mp4
FENASCOL II,LSC1,2276,TUNJA,SUSTANTIVO,"Ciudad colombiana, capital del departamento de Boyacá. (Generada Gemini)",NO,1 seña,SI,SI,NO,1 seña,Simétrica (tipo I),H,,,,,02276_tunja.mp4
FENASCOL II,LSC1,2277,UN MES,SUSTANTIVO,Período de tiempo equivalente a treinta días aproximadamente. (Generada Gemini),SI,2 señas,NO,SI,SI,2 señas,Compuestas (tipo C),P,,,,,02277_unmes.mp4
FENASCOL II,LSC1,2278,URÓLOGO,SUSTANTIVO,Médico especialista en el aparato urinario y reproductor masculino. (RAE),NO,1 seña,NO,SI,NO,1 seña,Unimanual en contacto (tipo X),B,,,,,02278_urologo.mp4
FENASCOL II,LSC1,2279,URUGUAY,SUSTANTIVO,País soberano de América del Sur situado en la región del Río de la Plata. (RAE),NO,1 seña,SI,SI,NO,1 seña,Unimanual (tipo 0),H,,,,,02279_uruguay.mp4
FENASCOL II,LSC1,2280,UTICA (CUNDINAMARCA),SUSTANTIVO,Municipio colombiano ubicado en el noroccidente del departamento de Cundinamarca (Útica). (Generada Gemini),NO,1 seña,SI,SI,NO,1 seña,Asimétrica (tipo III),B,U,,,,02280_uticacundi.mp4
FENASCOL II,LSC1,2281,UVAS,SUSTANTIVO,"Fruto de la vid, en forma de baya jugosa y dulce que crece en racimos. (RAE)",NO,2 señas,NO,SI,NO,1 seña,Semi-simétrica (tipo II),Tb,,,,,02281_uvas.mp4
FENASCOL II,LSC1,2282,VENADO,SUSTANTIVO,"Mamífero rumiante de la familia de los cérvidos, herbívoro y de cuernos ramificados. (RAE)",NO,1 seña,NO,SI,NO,1 seña,Simétrica (tipo I),Vl,,,,,02282_venado.mp4
FENASCOL II,LSC1,2283,SINVERGÜENZA-2,SUSTANTIVO,Variante de seña para calificar a alguien de descarado o falto de escrúpulos. (Generada Gemini),NO,1 seña,NO,SI,NO,1 seña,Unimanual (tipo 0),J,,,,,02283_sinverguen.mp4
FENASCOL II,LSC1,2284,VHS,SUSTANTIVO,Sistema analógico de grabación y reproducción de video en casete de cinta magnética. (Generada Gemini),NO,1 seña,SI,SI,NO,1 seña,Semi-simétrica (tipo II),Bl,,,,,02284_vhs.mp4
FENASCOL II,LSC1,2285,VIAJAR (MUCHO),VERBO,Realizar desplazamientos constantes o frecuentes a diferentes lugares. (Generada Gemini),NO,1 seña,NO,SI,NO,1 seña,Unimanual (tipo 0),X,,,,,02285_viajarmuch.mp4
FENASCOL II,LSC1,2286,VIAJAR (POR AVIÓN),VERBO,Desplazarse de un lugar a otro usando el transporte aéreo. (Generada Gemini),NO,1 seña,NO,SI,NO,1 seña,Unimanual (tipo 0),Y,,,,,02286_viajarpora.mp4
FENASCOL II,LSC1,2287,VIAJAR (POR TIERRA),VERBO,Desplazarse utilizando medios de transporte terrestre. (Generada Gemini),NO,1 seña,NO,SI,NO,1 seña,Unimanual (tipo 0),Vl,,,,,02287_viajarport.mp4
FENASCOL II,LSC1,2288,VICEPRESIDENTE,SUSTANTIVO,Persona que hace las veces del presidente o le sustituye en sus funciones. (RAE),SI,2 señas,NO,SI,SI,2 señas,Compuestas (tipo C),V,B,,,,02288_vicepresid.mp4
FENASCOL II,LSC1,2289,VILLAVICENCIO,SUSTANTIVO,"Ciudad colombiana, capital del departamento del Meta. (Generada Gemini)",NO,1 seña,SI,SI,NO,1 seña,Unimanual en contacto (tipo X),Ok,,,,,02289_villavicen.mp4
FENASCOL II,LSC1,2290,VINAGRE,SUSTANTIVO,"Líquido agrio derivado de la fermentación acética del vino, usado como condimento. (RAE)",NO,1 seña,NO,SI,NO,1 seña,Asimétrica (tipo III),Bl,A,,,,02290_vinagre.mp4
FENASCOL II,LSC1,2291,VOMITO,SUSTANTIVO,Expulsión violenta por la boca de los contenidos del estómago (vómito). (RAE),NO,1 seña,NO,SI,NO,1 seña,Unimanual (tipo 0),Jc,,,,,02291_vomito.mp4
FENASCOL II,LSC1,2292,ZIPAQUIRÁ,SUSTANTIVO,"Municipio colombiano del departamento de Cundinamarca, conocido por su Catedral de Sal. (Generada Gemini)",NO,1 seña,SI,SI,NO,1 seña,Unimanual en contacto (tipo X),P,,,,,02292_zipaquira.mp4
FENASCOL III,LSC0,2293,¡BIEN HECHO!,ADJETIVO,Expresión de aprobación o felicitación por la correcta ejecución de una tarea. (Generada Gemini),NO,1 seña,NO,SI,NO,1 seña,Semi-simétrica (tipo II),Xf,,,,,02293_bienhecho.mp4
FENASCOL III,LSC0,2294,¡CUANDO SERÁ!,VERBO,"Exclamación que expresa deseo, impaciencia o incertidumbre ante la ocurrencia de un evento futuro. (Generada Gemini)",NO,1 seña,NO,SI,NO,1 seña,Unimanual en contacto (tipo X),Bl,,,,,02294_cuandosera.mp4
FENASCOL III,LSC0,2295,¡MUY BUENO!,ADJETIVO,Expresión para exaltar la excelente calidad o estado óptimo de algo. (Generada Gemini),NO,1 seña,NO,SI,NO,1 seña,Semi-simétrica (tipo II),Xf,,,,,02295_muybueno.mp4
FENASCOL III,LSC0,2296,¡POR ESO!,ADVERBIO,Expresión empleada para enfatizar una causa o justificación mencionada previamente. (Generada Gemini),NO,1 seña,NO,SI,NO,1 seña,Asimétrica (tipo III),Bl,Y,,,,02296_poreso.mp4
FENASCOL III,LSC0,2297,¡POR FIN!,ADVERBIO,Exclamación que denota alivio o alegría por la conclusión de algo muy esperado. (Generada Gemini),SI,2 señas,NO,SI,SI,2 señas,Simétrica (tipo I),P,Y,,,,02297_porfin.mp4
FENASCOL III,LSC0,2298,¡POR ÚLTIMA VEZ!,ADVERBIO,Expresión admonitoria para indicar que no se repetirá un aviso o acción. (Generada Gemini),NO,1 seña,NO,SI,NO,1 seña,Semi-simétrica (tipo II),Y,,,,,02298_porultimav.mp4
FENASCOL III,LSC0,2299,¡QUE DESCANSO!,SUSTANTIVO,Expresión de alivio tras la finalización de un esfuerzo o preocupación. (Generada Gemini),NO,1 seña,NO,SI,NO,1 seña,Simétrica (tipo I),J,Tb,,,,02299_quedescans.mp4
FENASCOL III,LSC0,2300,¡SE LO DIJE!,FUNCION,Exclamación que reafirma una advertencia previa que ha resultado cierta. (Generada Gemini),SI,2 señas,NO,SI,SI,2 señas,Unimanual en contacto (tipo X),P,,,,,02300_selodije.mp4
FENASCOL III,LSC0,2301,¿A DÓNDE?,ADVERBIO,Interrogación sobre el lugar de destino o dirección de un movimiento. (RAE),NO,1 seña,NO,SI,NO,1 seña,Unimanual (tipo 0),J,,,,,02301_adonde.mp4
FENASCOL III,LSC0,2302,¿CON QUIÉN?,FUNCION,Interrogación que indaga sobre la compañía de una persona en una acción. (Generada Gemini),SI,2 señas,NO,SI,SI,2 señas,Compuestas (tipo C),Be,Af,,,,02302_conquien.mp4
FENASCOL III,LSC0,2303,¿DE DÓNDE ES?,FUNCION,"Interrogación que indaga sobre la procedencia, origen o nacionalidad de alguien. (Generada Gemini)",SI,2 señas,NO,SI,SI,2 señas,Unimanual (tipo 0),P,J,,,,02303_dedondees.mp4
FENASCOL III,LSC0,2304,¿DE QUÉ?,FUNCION,"Interrogación que indaga sobre la materia, causa o asunto de algo. (Generada Gemini)",NO,1 seña,NO,SI,NO,1 seña,Compuestas (tipo C),B,P,J,,,02304_deque.mp4
FENASCOL III,LSC0,2305,REEMPLAZAR,VERBO,Sustituir algo o a alguien por otra persona o cosa. (RAE),NO,1 seña,NO,SI,NO,1 seña,Simétrica (tipo I),Ok,,,,,02305_reemplazar.mp4
FENASCOL III,LSC1,2306,MENTE-ABIERTA,ADJETIVO,"Actitud receptiva y tolerante hacia nuevas ideas, opiniones o experiencias. (Generada Gemini)",NO,1 seña,NO,SI,NO,1 seña,Simétrica (tipo I),Bl,,,,,02306_menteabier.mp4
FENASCOL III,LSC1,2307,MENTE-CERRADA,ADJETIVO,"Actitud intolerante, obstinada o reacia a aceptar nuevas ideas. (Generada Gemini)",NO,1 seña,NO,SI,NO,1 seña,Simétrica (tipo I),B,,,,,02307_mentecerra.mp4
FENASCOL III,LSC1,2308,AGUA PANELA,SUSTANTIVO,Bebida tradicional colombiana preparada con panela disuelta en agua. (Generada Gemini),SI,2 señas,NO,SI,SI,2 señas,Compuestas (tipo C),A,B,,,,02308_aguapanela.mp4
FENASCOL III,LSC1,2309,AGUARDIENTE,SUSTANTIVO,"Bebida alcohólica destilada, anisada y tradicional en Colombia. (RAE)",NO,1 seña,SI,SI,NO,1 seña,Unimanual en contacto (tipo X),U,,,,,02309_aguardient.mp4
FENASCOL III,LSC1,2310,ALAMBRE,SUSTANTIVO,Hilo de metal obtenido por trefilado. (RAE),SI,2 señas,NO,SI,SI,2 señas,Compuestas (tipo C),S,I,,,,02310_alambre.mp4
FENASCOL III,LSC1,2311,ALAMBRE DE PÚAS,SUSTANTIVO,Hilo de metal provisto de púas a intervalos usado para cercas y barreras. (RAE),SI,2 señas,NO,SI,SI,2 señas,Compuestas (tipo C),J,P,,,,02311_alambredep.mp4
UEB,LSC1,2312,ALFOMBRA 1,SUSTANTIVO,Tejido de lana o de otras materias usado para cubrir y abrigar el suelo. (RAE),SI,2 señas,NO,SI,SI,2 señas,Compuestas (tipo C),B,Jc,,,,02312_alfombra1.mp4
FENASCOL III,LSC1,2313,ALFOMBRA 2,SUSTANTIVO,Variante de seña para cubierta tejida de pisos. (Generada Gemini),SI,2 señas,NO,SI,SI,2 señas,Compuestas (tipo C),Qe,V,,,,02313_alfombra2.mp4
FENASCOL III,LSC1,2314,ALIMENTO,SUSTANTIVO,Sustancia que toman los seres vivos para su nutrición. (RAE),SI,2 señas,NO,SI,SI,2 señas,Unimanual (tipo 0),Q,Bl,,,,02314_alimento.mp4
FENASCOL III,LSC1,2315,ALKA ZELTZER,SUSTANTIVO,Medicamento efervescente de marca comercial usado como antiácido y analgésico (Alka-Seltzer). (Generada Gemini),SI,2 señas,NO,SI,SI,2 señas,Compuestas (tipo C),Okp,Cl,Jc,,,02315_alkazeltze.mp4
FENASCOL III,LSC1,2316,ANTIPÁTICO 1,ADJETIVO,"Que causa repulsión, rechazo o antipatía. (RAE)",SI,2 señas,NO,SI,SI,2 señas,Compuestas (tipo C),Xc,J,,,,02316_antipatico.mp4
FENASCOL III,LSC1,2317,ANTIPÁTICO 2,ADJETIVO,Variante de seña para persona desagradable en el trato. (Generada Gemini),SI,2 señas,NO,SI,SI,2 señas,Unimanual (tipo 0),P,I,,,,02317_antipatico.mp4
FENASCOL III,LSC1,2318,ARDILLA,SUSTANTIVO,"Mamífero roedor de tamaño pequeño, pelaje rojizo y cola muy poblada. (RAE)",SI,2 señas,NO,SI,SI,2 señas,Asimétrica (tipo III),Bl,Qf,,,,02318_ardilla.mp4
FENASCOL III,LSC1,2319,ARMADILLO 1,SUSTANTIVO,Mamífero desdentado cubierto por un caparazón de placas óseas articuladas. (RAE),NO,1 seña,NO,SI,NO,1 seña,Asimétrica (tipo III),B,,,,,02319_armadillo1.mp4
UEB,LSC1,2320,ARMADILLO 2,SUSTANTIVO,Variante de seña para el mamífero cingulado (armadillo). (Generada Gemini),NO,1 seña,NO,SI,NO,1 seña,Asimétrica (tipo III),B,Qf,,,,02320_armadillo2.mp4
FENASCOL III,LSC1,2321,ARMADILLO 3,SUSTANTIVO,Variante morfológica de seña para armadillo. (Generada Gemini),SI,2 señas,NO,SI,SI,2 señas,Compuestas (tipo C),Jc,Gl,,,,02321_armadillo3.mp4
FENASCOL III,LSC1,2322,ARROZ CON LECHE,SUSTANTIVO,Postre tradicional elaborado cociendo arroz en leche con azúcar y canela. (RAE),SI,2 señas,NO,SI,SI,2 señas,Compuestas (tipo C),S,J,,,,02322_arrozconle.mp4
FENASCOL III,LSC1,2323,ASADO (CARNE),SUSTANTIVO,Carne cocinada directamente sobre las brasas o en horno. (RAE),SI,2 señas,NO,SI,SI,2 señas,Compuestas (tipo C),XX,Bl,,,,02323_asadocarne.mp4
FENASCOL III,LSC1,2324,ASADO (POLLO),SUSTANTIVO,Pollo cocinado al fuego vivo o asador giratorio. (RAE),SI,2 señas,NO,SI,SI,2 señas,Compuestas (tipo C),Pc,Bl,,,,02324_asadopollo.mp4
FENASCOL III,LSC1,2325,ATRACO 1,SUSTANTIVO,Asalto o robo realizado con intimidación o violencia. (RAE),NO,1 seña,NO,SI,NO,1 seña,Unimanual (tipo 0),Xf,,,,,02325_atraco1.mp4
FENASCOL III,LSC1,2326,ATRACO 2,SUSTANTIVO,Variante de seña para asalto a mano armada. (Generada Gemini),NO,1 seña,NO,SI,NO,1 seña,Semi-simétrica (tipo II),B,,,,,02326_atraco2.mp4
FENASCOL III,LSC1,2327,AULA,SUSTANTIVO,Sala en un centro educativo donde se imparten clases. (RAE),NO,1 seña,NO,SI,NO,1 seña,Simétrica (tipo I),A,,,,,02327_aula.mp4
FENASCOL III,LSC1,2328,AUTONOMÍA,SUSTANTIVO,Capacidad o facultad para gobernarse o tomar decisiones por uno mismo. (RAE),NO,1 seña,NO,SI,NO,1 seña,Unimanual en contacto (tipo X),A,,,,,02328_autonomia.mp4
UEB,LSC1,2329,DAR-PELOTA,VERBO,"Prestar atención, caso o interés a una persona o asunto. (RAE / Regionalismo)",NO,1 seña,NO,SI,NO,1 seña,Simétrica (tipo I),Jc,,,,,02329_darpelota.mp4
UEB,LSC0,2330,DAR-CAJA,VERBO,"Expresión para provocar risa, burlarse de alguien o resultar muy cómico. (Regionalismo)",NO,1 seña,NO,SI,NO,1 seña,Semi-simétrica (tipo II),B,,,,,02330_darcaja.mp4
UEB,LSC0,2331,DAR-LIBRO,VERBO,Acción de entregar o ceder un libro a otra persona. (Generada Gemini),NO,1 seña,NO,SI,NO,1 seña,Unimanual (tipo 0),Qa,,,,,02331_darlibro.mp4
UEB,LSC0,2332,CL-ENTIDAD-ERGUIDeA-1,SUSTANTIVO,Clasificador morfológico de entidad erguida o vertical (variante 1). (Generada Gemini),NO,1 seña,NO,SI,NO,1 seña,Unimanual (tipo 0),P,,,,,02332_clentidade.mp4
UEB,LSC0,2333,CL-ENTIDAD-ERGUIDA-2,SUSTANTIVO,Clasificador morfológico de entidad erguida o vertical (variante 2). (Generada Gemini),NO,1 seña,NO,SI,NO,1 seña,Unimanual (tipo 0),V,,,,,02333_clentidade.mp4
UEB,LSC0,2334,CL-ENTIDAD-ERGUIDA-3,SUSTANTIVO,Clasificador morfológico de entidad erguida o vertical (variante 3). (Generada Gemini),NO,1 seña,NO,SI,NO,1 seña,Unimanual (tipo 0),W,,,,,02334_clentidade.mp4
UEB,LSC0,2335,CL-ENTIDAD-ERGUIDA-4,SUSTANTIVO,Clasificador morfológico de entidad erguida o vertical (variante 4). (Generada Gemini),NO,1 seña,NO,SI,NO,1 seña,Unimanual (tipo 0),Je,,,,,02335_clentidade.mp4
UEB,LSC0,2336,CL-ENTIDAD-ERGUIDA-GRUPO,SUSTANTIVO,Clasificador espacial que representa a múltiples entidades erguidas en grupo. (Generada Gemini),NO,1 seña,NO,SI,NO,1 seña,Unimanual (tipo 0),Gl,,,,,02336_clentidade.mp4
UEB,LSC0,2337,CL-VEHICULO-GRUESO,ADJETIVO,Clasificador gestual que representa vehículos de gran tamaño o volumen. (Generada Gemini),NO,1 seña,NO,SI,NO,1 seña,Unimanual (tipo 0),B,,,,,02337_clvehiculo.mp4
UEB,LSC0,2338,CL-VEHICULO-DELGADO,ADJETIVO,Clasificador gestual que representa vehículos ligeros o de perfil delgado. (Generada Gemini),NO,1 seña,NO,SI,NO,1 seña,Unimanual (tipo 0),Vl,,,,,02338_vehiculode.mp4
UEB,LSC0,2339,CL-ENTIDADES-VAN,SUSTANTIVO,Clasificador direccional que denota el desplazamiento de entidades que se alejan. (Generada Gemini),NO,1 seña,NO,SI,NO,1 seña,Simétrica (tipo I),Gl,,,,,02339_clentidade.mp4
UEB,LSC0,2340,CL-ENTIDADES-VIENEN,SUSTANTIVO,Clasificador direccional que denota el acercamiento de entidades hacia el emisor. (Generada Gemini),NO,1 seña,NO,SI,NO,1 seña,Simétrica (tipo I),Jb,,,,,02340_clentidade.mp4
UEB,LSC0,2341,CL-OJOS-VEN-ESO,SUSTANTIVO,Clasificador visual de la dirección de la mirada hacia un objeto o suceso. (Generada Gemini),NO,1 seña,NO,SI,NO,1 seña,Simétrica (tipo I),Bl,,,,,02341_clojosvene.mp4
UEB,LSC0,2342,CL-OJOS-VEN-AMI,SUSTANTIVO,Clasificador visual que indica la mirada directa hacia la primera persona. (Generada Gemini),NO,1 seña,NO,SI,NO,1 seña,Unimanual (tipo 0),V,,,,,02342_clojosvena.mp4
UEB,LSC0,2343,CL-POSICION-ESPACIO,SUSTANTIVO,Clasificador locativo de ubicación y disposición de elementos en el espacio signado. (Generada Gemini),NO,1 seña,NO,SI,NO,1 seña,Unimanual (tipo 0),Gl,,,,,02343_clposicion.mp4
UEB,LSC0,2344,CL-DIRECCION,SUSTANTIVO,"Clasificador de trayectoria, orientación o rumbo en el espacio tridimensional. (Generada Gemini)",NO,1 seña,NO,SI,NO,1 seña,Unimanual (tipo 0),P,,,,,02344_cldireccio.mp4
UEB,LSC0,2345,CL-AGRUPADO,ADJETIVO,Clasificador gestual que representa un conjunto de elementos compactos o agrupados. (Generada Gemini),NO,1 seña,NO,SI,NO,1 seña,Simétrica (tipo I),Bl,Q,,,,02345_clagrupado.mp4
UEB,LSC0,2346,CL-CILINDRO-VASO,ADJETIVO,"Clasificador morfológico para objetos de forma cilíndrica, vasos o recipientes. (Generada Gemini)",NO,1 seña,NO,SI,NO,1 seña,Unimanual (tipo 0),C,,,,,02346_clcilindro.mp4
UEB,LSC0,2347,CL-MANIPULA-DELGADO,ADJETIVO,Clasificador manipulativo para asir o sostener objetos de grosor delgado. (Generada Gemini),NO,1 seña,NO,SI,NO,1 seña,Unimanual (tipo 0),X,,,,,02347_clmanipula.mp4
UEB,LSC0,2348,RESPETAR-A-TRES,VERBO,Acción de guardar respeto o consideración hacia un grupo de tres personas. (Generada Gemini),NO,1 seña,NO,SI,NO,1 seña,Unimanual en contacto (tipo X),R,,,,,02348_respetarat.mp4
UEB,LSC0,2349,TE-AYUDO,VERBO,Ofrecimiento directo de cooperación o auxilio al interlocutor. (Generada Gemini),NO,1 seña,NO,SI,NO,1 seña,Asimétrica (tipo III),Tf,A,B,,,02349_teayudo.mp4
UEB,LSC0,2350,ME-AYUDAS,VERBO,Solicitud directa de cooperación o auxilio dirigida al interlocutor. (Generada Gemini),NO,1 seña,NO,SI,NO,1 seña,Asimétrica (tipo III),A,Bl,,,,02350_meayudas.mp4
UEB,LSC0,2351,AYUDO-VARIOS,VERBO,Acción de prestar auxilio o colaboración a múltiples personas o en diversas tareas. (Generada Gemini),NO,1 seña,NO,SI,NO,1 seña,Asimétrica (tipo III),A,Bl,,,,02351_ayudarvari.mp4
UEB,LSC0,2352,COMIENDO,VERBO,Acción continuada de ingerir alimentos. (RAE),NO,1 seña,NO,SI,NO,1 seña,Unimanual (tipo 0),Qe,,,,,02352_comiendo.mp4
UEB,LSC0,2353,COMER-MUCHO,ADVERBIO,Ingerir alimentos en gran cantidad o con excesiva voracidad. (Generada Gemini),NO,1 seña,NO,SI,NO,1 seña,Simétrica (tipo I),Q,,,,,02353_comermucho.mp4
UEB,LSC0,2354,VER-OTRO,VERBO,Acción de observar o mirar a un tercero o a un objeto diferente. (Generada Gemini),NO,1 seña,NO,SI,NO,1 seña,Unimanual (tipo 0),V,,,,,02354_verotro.mp4
UEB,LSC0,2355,VER-AMI,VERBO,Acción de mirar u observar directamente a la primera persona. (Generada Gemini),NO,1 seña,NO,SI,NO,1 seña,Unimanual (tipo 0),V,,,,,02355_verami.mp4
UEB,LSC0,2356,VER-CONTINUO,VERBO,Acción de observación prolongada o ininterrumpida. (Generada Gemini),NO,1 seña,NO,SI,NO,1 seña,Unimanual en contacto (tipo X),V,,,,,02356_vercontinu.mp4
UEB,LSC0,2357,VER-AMI-FJO,VERBO,Mirada fija y sostenida dirigida hacia la primera persona. (Generada Gemini),NO,1 seña,NO,SI,NO,1 seña,Unimanual (tipo 0),V,,,,,02357_veramifijo.mp4
UEB,LSC0,2358,VER-OTRO-FIJO,VERBO,Mirada fija dirigida hacia un tercero u objeto determinado. (Generada Gemini),NO,1 seña,NO,SI,NO,1 seña,Unimanual (tipo 0),V,,,,,02358_verotrofij.mp4
UEB,LSC0,2359,VER-ITERATIVO,VERBO,Acción repetitiva de mirar u observar en múltiples ocasiones. (Generada Gemini),NO,1 seña,NO,SI,NO,1 seña,Unimanual (tipo 0),V,,,,,02359_veriterati.mp4
UEB,LSC0,2360,VER-CIRCULAR,VERBO,Acción de mirar describiendo un recorrido circular o panorámico. (Generada Gemini),NO,1 seña,NO,SI,NO,1 seña,Unimanual (tipo 0),V,,,,,02360_vercircula.mp4
UEB,LSC0,2361,VER-RESULTATIVO,VERBO,Acción de mirar que concluye con la focalización en un resultado u objeto. (Generada Gemini),NO,1 seña,NO,SI,NO,1 seña,Unimanual en contacto (tipo X),V,,,,,02361_verresulta.mp4
UEB,LSC0,2362,VER-IMPERATIVO,VERBO,Mandato o instrucción imperativa de mirar u observar algo. (Generada Gemini),NO,1 seña,NO,SI,NO,1 seña,Unimanual (tipo 0),V,,,,,02362_verimperat.mp4
UEB,LSC0,2363,VER-ARRIBA-ABAJO,VERBO,Acción de examinar visualmente un objeto o persona de arriba abajo. (Generada Gemini),NO,1 seña,NO,SI,NO,1 seña,Unimanual (tipo 0),V,,,,,02363_verarribaa.mp4
UEB,LSC0,2364,VER-DOS-PERSONAS-OTRO,VERBO,Intercambio visual de observación entre dos personas hacia un tercero. (Generada Gemini),SI,2 señas,NO,SI,SI,2 señas,Simétrica (tipo I),V,,,,,02364_verdospers.mp4
UEB,LSC0,2365,VER-DOS-PERSONAS-MISMAS,VERBO,Acción en que dos personas se miran recíprocamente entre sí. (Generada Gemini),SI,2 señas,NO,SI,SI,2 señas,Simétrica (tipo I),V,,,,,02365_verdospers.mp4
UEB,LSC0,2366,VIAJAR-AVION-MUCHO,VERBO,Realizar desplazamientos aéreos frecuentes o prolongados. (Generada Gemini),SI,2 señas,NO,SI,SI,2 señas,Simétrica (tipo I),Y,,,,,02366_viajaravio.mp4
UEB,LSC0,2367,VIAJAR-PLANETA,VERBO,Desplazarse o recorrer diversos lugares a escala global o planetaria. (Generada Gemini),SI,2 señas,NO,SI,SI,2 señas,Asimétrica (tipo III),Gl,X,,,,02367_viajarplan.mp4
UEB,LSC0,2368,ENTREGAR-TRES,VERBO,Acción de repartir o ceder exactamente tres elementos. (Generada Gemini),NO,1 seña,NO,SI,NO,1 seña,Simétrica (tipo I),Qf,,,,,02368_entregartr.mp4
UEB,LSC0,2369,ENTREGAR-MUCHO,VERBO,Acción de repartir o ceder gran cantidad de bienes o elementos. (Generada Gemini),SI,2 señas,NO,SI,SI,2 señas,Simétrica (tipo I),Qf,Qe,J,,,02369_entregarmu.mp4
UEB,LSC0,2370,ESCRIBIR-CONTINUO,VERBO,Acción de redactar o trazar signos de forma ininterrumpida. (Generada Gemini),NO,1 seña,NO,SI,NO,1 seña,Asimétrica (tipo III),B,X,,,,02370_escribirco.mp4
UEB,LSC0,2371,ESCRIBIR-CONTINUO-ESFUERZO,VERBO,Acción de escritura continuada que demanda alta fatiga o concentración. (Generada Gemini),NO,1 seña,NO,SI,NO,1 seña,Asimétrica (tipo III),Bl,Xt,,,,02371_escribirco.mp4
UEB,LSC0,2372,ESCRIBIR-MUCHO,VERBO,Acción de redactar textos extensos o en gran volumen. (Generada Gemini),SI,2 señas,NO,SI,SI,2 señas,Asimétrica (tipo III),Bl,Xt,Jb,,,02372_escribirmu.mp4
UEB,LSC0,2373,CAER(REEMPLAZA 0073),VERBO,Precipitarse desde una altura o perder el equilibrio (reemplaza entrada anterior). (RAE),NO,1 seña,NO,SI,NO,1 seña,Asimétrica (tipo III),V,Bl,,,,02373_caer.mp4
UEB,LSC0,2374,CAMINAR-INCEPTIVO,VERBO,Aspecto verbal que denota el inicio o comienzo de la marcha o caminata. (Generada Gemini),NO,2 señas,NO,SI,SI,2 señas,Unimanual (tipo 0),P,,,,,02374_caminarinc.mp4
UEB,LSC0,2375,CRITICAR-INCEPTIVO,VERBO,Aspecto verbal que denota el inicio o arranque de una crítica o murmuración. (Generada Gemini),NO,1 seña,NO,SI,NO,1 seña,Asimétrica (tipo III),B,Pc,,,,02375_criticarin.mp4
UEB,LSC0,2376,AYUDAR-INCEPTIVO,VERBO,Aspecto verbal que denota el comienzo repentino de una acción de ayuda. (Generada Gemini),NO,1 seña,SI,SI,NO,1 seña,Simétrica (tipo I),Bl,,,,,02376_ayudarince.mp4
UEB,LSC0,2377,CONTAR-INCEPTIVO,VERBO,Aspecto verbal que marca el inicio de la narración o conteo. (Generada Gemini),SI,2 señas,NO,SI,SI,2 señas,Simétrica (tipo I),J,,,,,02377_contarince.mp4
UEB,LSC0,2378,CAMINAR-INCEPTIVO-NO-REALIZADO,VERBO,Intento de comenzar a caminar que finalmente no se concreta. (Generada Gemini),SI,2 señas,NO,SI,SI,2 señas,Unimanual en contacto (tipo X),P,,,,,02378_caminarinc.mp4
UEB,LSC0,2379,CRITICAR-INCEPTIVO-NO-REALIZADO,VERBO,Intento de comenzar a criticar que queda suspendido o sin efecto. (Generada Gemini),NO,1 seña,NO,SI,NO,1 seña,Unimanual en contacto (tipo X),Pc,,,,,02379_criticarin.mp4
UEB,LSC0,2380,AYUDAR-INCEPTIVO-NO-REALIZADO,VERBO,Propósito de auxiliar que se inicia pero no llega a ejecutarse. (Generada Gemini),NO,1 seña,NO,SI,NO,1 seña,Asimétrica (tipo III),Bl,,,,,02380_ayudarince.mp4
UEB,LSC0,2381,CONTAR-INCEPTIVO-NO-REALIZADO,VERBO,Amago o inicio de relatar algo que no llega a narrarse. (Generada Gemini),NO,1 seña,NO,SI,NO,1 seña,Simétrica (tipo I),J,,,,,02381_contarince.mp4
UEB,LSC0,2382,LANZAR-BALA-LENTO,VERBO,Propulsión de la bala con un ritmo de ejecución pausado o moderado. (Generada Gemini),SI,2 señas,NO,SI,SI,2 señas,Unimanual (tipo 0),C,,,,,02382_lanzarbala.mp4
UEB,LSC0,2383,POSIBLE,ADVERBIO,"Que puede ser o suceder, factible. (RAE)",NO,1 seña,NO,SI,NO,1 seña,Simétrica (tipo I),S,,,,,02383_posible.mp4
FENASCOL III,LSC1,2384,AVENA,SUSTANTIVO,Planta gramínea cuyos frutos en grano se usan como alimento nutritivo. (RAE),NO,1 seña,NO,SI,NO,1 seña,Simétrica (tipo I),Bl,A,,,,02384_avena.mp4
FENASCOL III,LSC0,2385,VIVO-OJO,ADJETIVO,"Expresión de perspicacia, agudeza visual o estar alerta. (RAE)",SI,2 señas,NO,SI,SI,2 señas,Unimanual en contacto (tipo X),P,V,,,,02385_vivoojo.mp4
FENASCOL III,LSC0,2386,VIVO-OJO-V,ADJETIVO,Variante de seña para estado de alerta y agudeza perceptiva. (Generada Gemini),SI,2 señas,SI,SI,SI,2 señas,Unimanual en contacto (tipo X),P,V,,,,02386_vivoojov.mp4
FENASCOL III,LSC0,2387,VIVO-INTELIGENTE,ADJETIVO,"Persona astuta, despierta, avispada o de gran agudeza mental. (RAE)",SI,3 señas,NO,SI,SI,3 señas,Unimanual en contacto (tipo X),X,P,,,,02387_vivointeli.mp4
FENASCOL III,LSC0,2388,BACHILLERATO 1,SUSTANTIVO,Ciclo de estudios de enseñanza secundaria previa a la universidad. (RAE),NO,1 seña,SI,SI,NO,1 seña,Unimanual en contacto (tipo X),B,,,,,02388_bachillera.mp4
UEB,LSC0,2389,BACHILLERATO 2,SUSTANTIVO,Variante de seña para el nivel educativo de bachillerato. (Generada Gemini),NO,1 seña,NO,SI,NO,1 seña,Unimanual (tipo 0),Be,,,,,02389_bachillera.mp4
FENASCOL III,LSC1,2390,BALSAMO,SUSTANTIVO,Bálsamo; líquido aromático o ungüento que alivia heridas o dolores. (RAE),SI,2 señas,NO,SI,SI,2 señas,Asimétrica (tipo III),C,Bl,,,,02390_balsamo.mp4
FENASCOL III,LSC1,2391,BAZUCO,SUSTANTIVO,Sustancia estupefaciente derivada de la pasta básica de cocaína. (RAE),NO,1 seña,NO,SI,NO,1 seña,Unimanual en contacto (tipo X),Pc,,,,,02391_bazuco.mp4
FENASCOL III,LSC1,2392,BECA,SUSTANTIVO,Ayuda económica monetaria para cursar estudios o investigaciones. (RAE),NO,1 seña,NO,SI,NO,1 seña,Simétrica (tipo I),Af,J,,,,02392_beca.mp4
FENASCOL III,LSC1,2393,BLANDO,SUSTANTIVO,"Cedo al tacto, que no ofrece resistencia a ser deformado. (RAE)",NO,1 seña,NO,SI,NO,1 seña,Simétrica (tipo I),Qa,,,,,02393_blando.mp4
FENASCOL III,LSC1,2394,BLOCK,SUSTANTIVO,Bloc; libreta de hojas de papel unidas por un extremo. (RAE),SI,2 señas,NO,SI,SI,2 señas,Asimétrica (tipo III),Bl,Ql,Qe,,,02394_block.mp4
UEB,LSC1,2395,BLOQUEAR-REDES,VERBO,Restringir el acceso o inhabilitar cuentas en plataformas de redes sociales. (Generada Gemini),NO,1 seña,NO,SI,NO,1 seña,Asimétrica (tipo III),O,Be,,,,02395_bloquearre.mp4
FENASCOL III,LSC1,2396,BLOQUEADOR SOLAR,SUSTANTIVO,Producto cosmético protector frente a la radiación ultravioleta del sol. (RAE),SI,3 señas,NO,SI,SI,3 señas,Asimétrica (tipo III),O,Bl,B,,,02396_bloqueador.mp4
FENASCOL III,LSC0,2397,BOBO 1,ADJETIVO,"Tonto, falto de entendimiento o escasa inteligencia. (RAE)",NO,1 seña,NO,SI,NO,1 seña,Simétrica (tipo I),Qf,,,,,02397_bobo1.mp4
FENASCOL III,LSC0,2398,BOBO 2,ADJETIVO,Variante de seña para calificar a alguien de ingenuo o necio. (Generada Gemini),NO,1 seña,NO,SI,NO,1 seña,Unimanual (tipo 0),Gl,,,,,02398_bobo2.mp4
UEB,LSC0,2399,BOBO-GENERAL,ADJETIVO,Condición generalizada de necedad o falta de agudeza. (Generada Gemini),NO,1 seña,SI,SI,NO,1 seña,Unimanual (tipo 0),No,,,,,02399_bobogenera.mp4
FENASCOL III,LSC1,2400,BOMBA DE AIRE,SUSTANTIVO,Dispositivo mecánico para comprimir e impulsar aire hacia neumáticos u objetos inflables. (RAE),NO,1 seña,NO,SI,NO,1 seña,Asimétrica (tipo III),A,Xf,,,,02400_bombadeair.mp4
FENASCOL III,LSC1,2401,BRANDY,SUSTANTIVO,Bebida alcohólica destilada procedente del vino añejado. (RAE),NO,1 seña,SI,SI,NO,1 seña,Unimanual en contacto (tipo X),Be,,,,,02401_brandy.mp4
FENASCOL III,LSC1,2402,BROCHA,SUSTANTIVO,Pincel grueso empleado para aplicar pintura u otros revestimientos. (RAE),SI,2 señas,NO,SI,SI,2 señas,Asimétrica (tipo III),C,Be,,,,02402_brocha.mp4
FENASCOL III,LSC0,2403,BRUTO 1,ADJETIVO,"Falto de cultura, tosco, áspero o de escaso raciocinio. (RAE)",SI,2 señas,NO,SI,SI,2 señas,Asimétrica (tipo III),A,B,,,,02403_bruto1.mp4
UEB,LSC0,2404,BRUTO 2,ADJETIVO,Variante de seña para tosquedad o falta de refinamiento. (Generada Gemini),SI,2 señas,NO,SI,SI,2 señas,Asimétrica (tipo III),L,A,,,,02404_bruto2.mp4
UEB,LSC0,2405,BRUTO 3,ADJETIVO,Variante morfológica para indicar carencia de luces o tosquedad. (Generada Gemini),SI,2 señas,NO,SI,SI,2 señas,Unimanual en contacto (tipo X),L,A,,,,02405_bruto3.mp4
FENASCOL III,LSC0,2406,BRUTO 4,ADJETIVO,Variante léxica complementaria para el concepto de rudeza. (Generada Gemini),SI,2 señas,NO,SI,SI,2 señas,Unimanual en contacto (tipo X),Xc,Pc,,,,02406_bruto4.mp4
FENASCOL III,LSC1,2407,BUHO,SUSTANTIVO,Búho; ave rapaz nocturna de cabeza grande y ojos frontales. (RAE),NO,1 seña,NO,SI,NO,1 seña,Simétrica (tipo I),I,,,,,02407_buho.mp4
FENASCOL III,LSC1,2408,CAFETERIA,SUSTANTIVO,Cafetería; establecimiento donde se sirven cafés y bebidas ligeras. (RAE),SI,2 señas,NO,SI,SI,2 señas,Asimétrica (tipo III),Ok,Bl,,,,02408_cafeteria.mp4
FENASCOL III,LSC1,2409,CALENDARIO 1,SUSTANTIVO,"Sistema de distribución del tiempo en días, semanas y meses. (RAE)",NO,1 seña,NO,SI,NO,1 seña,Asimétrica (tipo III),J,Je,,,,02409_calendario.mp4
FENASCOL III,LSC1,2410,CALENDARIO 2,SUSTANTIVO,Variante de seña para el almanaque o calendario impreso/digital. (Generada Gemini),SI,3 señas,NO,SI,SI,3 señas,Asimétrica (tipo III),J,Je,No,,,02410_calendario.mp4
UEB,LSC1,2411,CALENDARIO 3,SUSTANTIVO,Variante morfológica o espacial para la representación del calendario. (Generada Gemini),NO,1 seña,SI,SI,NO,1 seña,Asimétrica (tipo III),Bl,No,,,,02411_calendario.mp4
FENASCOL III,LSC0,2412,CAMBIO-REPENTINO,ADJETIVO,Modificación o viraje drástico e imprevisto en una situación o estado. (RAE),NO,1 seña,NO,SI,NO,1 seña,Unimanual (tipo 0),B,,,,,02412_cambiorepe.mp4
FENASCOL III,LSC1,2413,CAMINO,SUSTANTIVO,Franja de terreno utilizada para transitar o viajar de un lugar a otro. (RAE),NO,1 seña,NO,SI,NO,1 seña,Simétrica (tipo I),Bl,,,,,02413_camino.mp4
FENASCOL III,LSC1,2414,CAMPAMENTO,SUSTANTIVO,Lugar al aire libre donde se acampa temporalmente con tiendas o refugios. (RAE),NO,1 seña,NO,SI,NO,1 seña,Simétrica (tipo I),U,,,,,02414_campamento.mp4
FENASCOL III,LSC1,2415,CANSOSO,ADJETIVO,"Que causa cansancio, fatiga o fastidio excesivo. (RAE)",NO,1 seña,SI,SI,NO,1 seña,Simétrica (tipo I),F,,,,,02415_cansoso.mp4
FENASCOL III,LSC1,2416,CARNET 1,SUSTANTIVO,Documento de identidad o credencial que acredita a una persona. (RAE),NO,1 seña,NO,SI,NO,1 seña,Simétrica (tipo I),Xc,,,,,02416_carnet1.mp4
UEB,LSC1,2417,CARNET 2,SUSTANTIVO,"Variante de seña para credencial, carné o tarjeta de identificación. (Generada Gemini)",SI,2 señas,NO,SI,SI,2 señas,Simétrica (tipo I),P,Xc,,,,02417_carnet2.mp4
FENASCOL III,LSC1,2418,CASCADA,SUSTANTIVO,Caída caudalosa de agua desde cierta altura por un desnivel en el terreno. (RAE),NO,1 seña,NO,SI,NO,1 seña,Asimétrica (tipo III),Bl,J,,,,02418_cascada.mp4
FENASCOL III,LSC0,2419,CASTIGO 1,VERBO,Pena o sanción impuesta a alguien por una falta o delito cometido. (RAE),NO,1 seña,NO,SI,NO,1 seña,Asimétrica (tipo III),S,P,,,,02419_castigo1.mp4
UEB,LSC0,2420,CASTIGO 2,VERBO,Variante de seña para sanción o medida punitiva. (Generada Gemini),NO,1 seña,NO,SI,NO,1 seña,Asimétrica (tipo III),S,Bl,,,,02420_castigo2.mp4
FENASCOL III,LSC1,2421,CATARATA,SUSTANTIVO,Caída grande de agua o alteración visual en la opacidad del cristalino del ojo. (RAE),SI,2 señas,NO,SI,SI,2 señas,Simétrica (tipo I),Qe,J,,,,02421_catarata.mp4
FENASCOL III,LSC1,2422,CATEDRAL 1,SUSTANTIVO,Iglesia principal que es sede de un obispado o diócesis. (RAE),SI,2 señas,NO,SI,SI,2 señas,Simétrica (tipo I),J,F,,,,02422_catedral1.mp4
FENASCOL III,LSC1,2423,CATEDRAL 2,SUSTANTIVO,Variante de seña para templo catedralicio. (Generada Gemini),SI,2 señas,NO,SI,SI,2 señas,Asimétrica (tipo III),A,I,,,,02423_catedral2.mp4
UEB,LSC1,2424,PRINCIPAL,SUSTANTIVO,"Que tiene mayor importancia, valor o jerarquía entre varios. (RAE)",NO,1 seña,SI,SI,NO,1 seña,Unimanual en contacto (tipo X),A,,,,,02424_principal.mp4
UEB,LSC1,2425,PRINCIPIO,SUSTANTIVO,"Primer instante del ser de algo, origen o regla fundamental. (RAE)",SI,2 señas,NO,SI,SI,2 señas,Asimétrica (tipo III),P,S,,,,02425_principio.mp4
FENASCOL III,LSC1,2426,CEBRA,SUSTANTIVO,Mamífero équido africano caracterizado por su pelaje blanco con rayas negras. (RAE),SI,2 señas,NO,SI,SI,2 señas,Asimétrica (tipo III),H,V,Je,,,02426_cebra.mp4
FENASCOL III,LSC1,2427,CEMENTERIO 1,SUSTANTIVO,Lugar destinado a inhumar cadáveres o restos humanos. (RAE),SI,2 señas,NO,SI,SI,2 señas,Simétrica (tipo I),Bl,B,,,,02427_cementerio.mp4
FENASCOL III,LSC1,2428,CEMENTERIO 2,SUSTANTIVO,Variante de seña para campo santo o cementerio. (Generada Gemini),SI,2 señas,NO,SI,SI,2 señas,Simétrica (tipo I),Bl,B,,,,02428_cementerio.mp4
FENASCOL III,LSC1,2429,CEPILLO PARA EL PELO,SUSTANTIVO,Utensilio provisto de cerdas para peinar y desenredar el cabello. (RAE),NO,1 seña,NO,SI,NO,1 seña,Unimanual (tipo 0),,,,,,02429_cepillopar.mp4
UEB,LSC1,2430,CREMA PARA DEPILAR,SUSTANTIVO,Producto cosmético formulado para facilitar la depilación del vello corporal. (Generada Gemini),SI,4 señas o más,NO,SI,SI,4 señas o más,Asimétrica (tipo III),,,,,,02430_cremaparad.mp4
UEB,LSC1,2431,CERA PARA DEPILAR,SUSTANTIVO,Sustancia resinosa o caliente usada para arrancar el vello desde la raíz. (Generada Gemini),SI,3 señas,NO,SI,SI,3 señas,Asimétrica (tipo III),,,,,,02431_ceraparade.mp4
FENASCOL III,LSC1,2432,MAQUINA PARA DEPILAR,SUSTANTIVO,Aparato eléctrico o manual para rasurar o extraer el vello corporal. (Generada Gemini),NO,1 seña,NO,SI,NO,1 seña,Asimétrica (tipo III),,,,,,02432_maquinapar.mp4
FENASCOL III,LSC1,2433,CHAMPAÑA,SUSTANTIVO,Vino espumoso originario de la región francesa de Champaña (champán). (RAE),SI,2 señas,NO,SI,SI,2 señas,Semi-simétrica (tipo II),,,,,,02433_champaña.mp4
FENASCOL III,LSC1,2434,CHICHA,SUSTANTIVO,Bebida fermentada tradicional elaborada a base de maíz u otros frutos en América Latina. (RAE),SI,2 señas,NO,SI,SI,2 señas,Simétrica (tipo I),,,,,,02434_chicha.mp4
FENASCOL III,LSC1,2435,CHICLE,SUSTANTIVO,Goma de mascar aromatizada para masticar sin tragar. (RAE),NO,1 seña,NO,SI,NO,1 seña,Unimanual (tipo 0),,,,,,02435_chicle.mp4
FENASCOL III,LSC1,2436,CHOCOLATINA,SUSTANTIVO,Pequeña porción o barra de chocolate moldeada. (RAE),SI,2 señas,NO,SI,SI,2 señas,Semi-simétrica (tipo II),Bc,Bl,,,,02436_chocolatin.mp4
FENASCOL III,LSC1,2437,CHUZO,SUSTANTIVO,Arma blanca cortopunzante o establecimiento popular de comida rápida en Colombia. (RAE),NO,1 seña,NO,SI,NO,1 seña,Simétrica (tipo I),,,,,,02437_chuzo.mp4
FENASCOL III,LSC1,2438,CIERVO,SUSTANTIVO,Mamífero rumiante esbelto de pelaje pardo y cuernos ramificados (venado). (RAE),NO,1 seña,NO,SI,NO,1 seña,Simétrica (tipo I),,,,,,02438_ciervo.mp4
FENASCOL III,LSC1,2439,CIRCO,SUSTANTIVO,"Espectáculo itinerante con acróbatas, payasos y animales. (RAE)",SI,2 señas,NO,SI,SI,2 señas,Asimétrica (tipo III),,,,,,02439_circo.mp4
FENASCOL III,LSC1,2440,CISNE,SUSTANTIVO,"Ave anseriforme de gran tamaño, cuello largo y plumaje blanco. (RAE)",SI,2 señas,NO,SI,SI,2 señas,Asimétrica (tipo III),,,,,,02440_cisne.mp4
FENASCOL III,LSC1,2441,CLAVO,SUSTANTIVO,Pieza metálica alargada con cabeza y punta para asegurar o fijar objetos. (RAE),SI,3 señas,NO,SI,SI,3 señas,Asimétrica (tipo III),,,,,,02441_clavo.mp4
FENASCOL III,LSC1,2442,CLOSET 1,SUSTANTIVO,Armario empotrado o mueble grande para guardar ropa y calzado (clóset). (RAE),SI,2 señas,NO,SI,SI,2 señas,Simétrica (tipo I),,,,,,02442_closet1.mp4
FENASCOL III,LSC1,2443,CLOSET 2,SUSTANTIVO,Variante de seña para armario o vestidor. (Generada Gemini),SI,3 señas,NO,SI,SI,3 señas,Asimétrica (tipo III),,,,,,02443_closet2.mp4
FENASCOL III,LSC1,2444,CLOSET 3,SUSTANTIVO,Variante morfológica para mueble ropero o clóset. (Generada Gemini),SI,2 señas,NO,SI,SI,2 señas,Simétrica (tipo I),P,B,,,,02444_closet3.mp4
FENASCOL III,LSC1,2445,COCAINA,SUSTANTIVO,Alcaloide estupefaciente y adictivo extraído de las hojas de la coca. (RAE),NO,1 seña,NO,SI,NO,1 seña,Unimanual en contacto (tipo X),,,,,,02445_cocaina.mp4
FENASCOL III,LSC1,2446,COLADA,SUSTANTIVO,Ropa sucia dispuesta para ser lavada o líquido espesado con almidón o harina. (RAE),SI,2 señas,NO,SI,SI,2 señas,Asimétrica (tipo III),,,,,,02446_colada.mp4
FENASCOL III,LSC1,2447,COLADOR,SUSTANTIVO,Utensilio con malla o rejilla para separar los elementos sólidos de los líquidos. (RAE),SI,2 señas,NO,SI,SI,2 señas,Asimétrica (tipo III),,,,,,02447_colador.mp4
FENASCOL III,LSC1,2448,COLADOR DE CAFÉ,SUSTANTIVO,Filtro de tela o malla destinado a colar la infusión de café. (Generada Gemini),SI,2 señas,NO,SI,SI,2 señas,Asimétrica (tipo III),,,,,,02448_coladordec.mp4
FENASCOL III,LSC1,2449,COLISEO,SUSTANTIVO,Gran edificio o recinto cubierto destinado a espectáculos deportivos o culturales. (RAE),NO,1 seña,NO,SI,NO,1 seña,Simétrica (tipo I),,,,,,02449_coliseo.mp4
FENASCOL III,LSC1,2450,COMITÉ,SUSTANTIVO,Grupo de personas elegidas para desempeñar una labor o asunto específico. (RAE),NO,1 seña,SI,SI,NO,1 seña,Unimanual en contacto (tipo X),,,,,,02450_comite.mp4
FENASCOL III,LSC1,2451,COMPOTA,SUSTANTIVO,"Postre elaborado con fruta cocida y triturada, a menudo sin azúcar añadido. (RAE)",SI,4 señas o más,NO,SI,SI,4 señas o más,Asimétrica (tipo III),,,,,,02451_compota.mp4
FENASCOL III,LSC1,2452,CONTABILIDAD,SUSTANTIVO,Sistema de control y registro de los gastos e ingresos de una entidad. (RAE),NO,1 seña,SI,SI,NO,1 seña,Simétrica (tipo I),F,,,,,02452_contabilid.mp4
FENASCOL III,LSC1,2453,CONVENIO,SUSTANTIVO,"Acuerdo o pacto suscrito entre personas, instituciones o naciones. (RAE)",SI,2 señas,NO,SI,SI,2 señas,Simétrica (tipo I),,,,,,02453_convenio.mp4
FENASCOL III,LSC1,2454,COPA 1,SUSTANTIVO,"Vaso con pie destinado a beber líquidos, especialmente vino. (RAE)",SI,3 señas,NO,SI,SI,3 señas,Unimanual (tipo 0),,,,,,02454_copa1.mp4
FENASCOL III,LSC1,2455,COPA 2,SUSTANTIVO,Variante de seña para vaso con pie o trofeo deportivo en forma de copa. (Generada Gemini),SI,3 señas,NO,SI,SI,3 señas,Unimanual (tipo 0),Tc,,,,,02455_copa2.mp4
FENASCOL III,LSC1,2456,CREMA HUMECTANTE,SUSTANTIVO,Loción cosmética formulada para hidratar y retener la humedad de la piel. (Generada Gemini),SI,2 señas,NO,SI,SI,2 señas,Asimétrica (tipo III),,,,,,02456_cremahumec.mp4
FENASCOL III,LSC1,2457,CREMA PARA AFEITAR,SUSTANTIVO,Espuma o crema aplicada en el rostro para facilitar el rasurado de la barba. (Generada Gemini),SI,2 señas,NO,SI,SI,2 señas,Asimétrica (tipo III),,,,,,02457_cremaparaa.mp4
FENASCOL III,LSC1,2458,CREMATORIO,SUSTANTIVO,Instalación o horno destinado a incinerar cadáveres humanos. (RAE),SI,3 señas,NO,SI,SI,3 señas,Simétrica (tipo I),B,Q,A,,,02458_crematorio.mp4
FENASCOL III,LSC1,2459,PELO-CRESPO,SUSTANTIVO,"Cabello rizado, de bucles cerrados o textura encrespada. (Generada Gemini)",SI,2 señas,NO,SI,SI,2 señas,Unimanual en contacto (tipo X),Ok,F,,,,02459_pelocrespo.mp4
UEB,LSC1,2460,CRISIS-GENERAL,SUSTANTIVO,Situación grave y decisiva de inestabilidad generalizada. (RAE),SI,2 señas,NO,SI,SI,2 señas,Asimétrica (tipo III),,,,,,02460_crisisgene.mp4
FENASCOL III,LSC1,2461,CRISIS-CUELLO,SUSTANTIVO,Metáfora gestual de agobio o asfixia ante una situación crítica. (Generada Gemini),NO,1 seña,NO,SI,NO,1 seña,Unimanual en contacto (tipo X),,,,,,02461_crisiscuel.mp4
FENASCOL III,LSC1,2462,CRUCETA,SUSTANTIVO,Pieza en forma de cruz empleada para fijar o unir elementos mecánicos. (RAE),SI,2 señas,NO,SI,SI,2 señas,Simétrica (tipo I),,,,,,02462_cruceta.mp4
UEB,LSC1,2463,VOLAR-ALAS,VERBO,Acción de volar extendiendo y moviendo las alas en el aire. (Generada Gemini),NO,1 seña,NO,SI,NO,1 seña,Simétrica (tipo I),,,,,,02463_volaralas.mp4
FENASCOL III,LSC1,2464,CUCARRON,SUSTANTIVO,Escarabajo o insecto coleóptero de caparazón duro (cucarrón). (RAE),SI,2 señas,NO,SI,SI,2 señas,Asimétrica (tipo III),,,,,,02464_cucarron.mp4
FENASCOL III,LSC1,2465,CUCHARON,SUSTANTIVO,Cuchara grande de mango largo empleada para servir sopas y guisos. (RAE),SI,2 señas,NO,SI,SI,2 señas,Unimanual (tipo 0),,,,,,02465_cucharon.mp4
FENASCOL III,LSC0,2466,CUCHILLO (COCINA),SUSTANTIVO,Instrumento cortante de hoja ancha usado en la preparación de alimentos. (RAE),NO,1 seña,NO,SI,NO,1 seña,Simétrica (tipo I),,,,,,02466_cuchilloco.mp4
FENASCOL III,LSC0,2467,CUCHILLO (COMEDOR),SUSTANTIVO,Cuchillo de mesa empleado para cortar los alimentos durante la comida. (Generada Gemini),NO,1 seña,NO,SI,NO,1 seña,Simétrica (tipo I),H,,,,,02467_cuchilloco.mp4
UEB,LSC0,2468,CUMPLIDO-PUNTUAL,SUSTANTIVO,Persona que llega a tiempo o cumple exactamente con sus horarios. (RAE),NO,1 seña,NO,SI,NO,1 seña,Unimanual (tipo 0),,,,,,02468_cumplidopu.mp4
UEB,LSC0,2469,CUMPLIDO-EVENTO,SUSTANTIVO,Realización o ejecución exitosa de un evento programado. (Generada Gemini),NO,1 seña,NO,SI,NO,1 seña,Semi-simétrica (tipo II),,,,,,02469_cumplidoev.mp4
FENASCOL III,LSC0,2470,CUMPLIDO-CORRECTO,SUSTANTIVO,Acción realizada conforme a las reglas o normas de cortesía. (RAE),NO,1 seña,NO,SI,NO,1 seña,Simétrica (tipo I),,,,,,02470_cumplidoco.mp4
FENASCOL III,LSC1,2471,CURRÍCULO,SUSTANTIVO,Plan de estudios o relación de títulos e historial académico/laboral. (RAE),SI,2 señas,SI,SI,SI,2 señas,Asimétrica (tipo III),,,,,,02471_curriculo.mp4
FENASCOL III,LSC1,2472,DEFENSA,VERBO,"Acción de proteger, amparar o resguardar frente a un ataque o riesgo. (RAE)",NO,1 seña,NO,SI,NO,1 seña,Simétrica (tipo I),,,,,,02472_defensa.mp4
FENASCOL III,LSC0,2473,DEJARSE-LLEVAR-HOCICO 1,VERBO,Modo de actuar influenciable o manipulable por lo que dicen los demás. (Generada Gemini),NO,1 seña,NO,SI,NO,1 seña,Simétrica (tipo I),,,,,,02473_dejarselle.mp4
UEB,LSC0,2474,DEJARSE-LLEVAR-HOCICO 2,VERBO,Variante de seña para dejarse influenciar por habladurías. (Generada Gemini),NO,1 seña,NO,SI,NO,1 seña,Unimanual en contacto (tipo X),Ok,,,,,02474_dejarselle.mp4
FENASCOL III,LSC1,2475,DELINEADOR 1,SUSTANTIVO,Lápiz o cosmético empleado para trazar contornos en los ojos o labios. (RAE),NO,1 seña,NO,SI,NO,1 seña,Unimanual (tipo 0),,,,,,02475_delineador.mp4
FENASCOL III,LSC1,2476,DELINEADOR 2,SUSTANTIVO,Variante de seña para el cosmético delineador. (Generada Gemini),NO,1 seña,NO,SI,NO,1 seña,Unimanual (tipo 0),,,,,,02476_delineador.mp4
FENASCOL III,LSC1,2477,DEMOCRACIA,SUSTANTIVO,Sistema político en el que la soberanía reside en el pueblo. (RAE),NO,1 seña,SI,SI,NO,1 seña,Simétrica (tipo I),,,,,,02477_democracia.mp4
FENASCOL III,LSC1,2478,DERECHO (FACULTAD DEL HOMBRE),SUSTANTIVO,Prerrogativa o potestad inherente a la naturaleza humana. (RAE),NO,1 seña,NO,SI,NO,1 seña,Unimanual (tipo 0),,,,,,02478_derechofac.mp4
FENASCOL III,LSC1,2479,DERECHO (PROFESIÓN),SUSTANTIVO,Ciencia jurídica o ejercicio legal de la abogacía. (RAE),NO,1 seña,NO,SI,NO,1 seña,Unimanual (tipo 0),,,,,,02479_derechopro.mp4
UEB,LSC1,2480,DERECHA-LATERAL,SUSTANTIVO,Ubicación o costado situado en el lado opuesto a la izquierda. (RAE),NO,1 seña,NO,SI,NO,1 seña,Unimanual (tipo 0),,,,,,02480_derechalat.mp4
UEB,LSC1,2481,DERECHO-DIRECCION,SUSTANTIVO,"Orientación en línea recta, sin desviaciones. (RAE)",NO,1 seña,NO,SI,NO,1 seña,Unimanual en contacto (tipo X),Be,,,,,02481_derechodir.mp4
UEB,LSC0,2482,IZQUIERDA,SUSTANTIVO,Lado opuesto a la derecha. (RAE),NO,1 seña,NO,SI,NO,1 seña,Unimanual (tipo 0),,,,,,02482_izquierda.mp4
UEB,LSC1,2483,DESIERTO-SOL,SUSTANTIVO,Región árida desprovista de vegetación expuesta a intensa radiación solar. (RAE),SI,2 señas,NO,SI,SI,2 señas,Asimétrica (tipo III),,,,,,02483_desiertoso.mp4
FENASCOL III,LSC1,2484,DESIERTO-SECO,SUSTANTIVO,Paraje desértico caracterizado por la sequedad extrema del suelo. (RAE),SI,2 señas,NO,SI,SI,2 señas,Asimétrica (tipo III),,,,,,02484_desiertose.mp4
FENASCOL III,LSC1,2485,DESPENSA 1,SUSTANTIVO,Lugar o armario donde se guardan comestibles y provisiones. (RAE),SI,2 señas,NO,SI,SI,2 señas,Simétrica (tipo I),,,,,,02485_despensa1.mp4
FENASCOL III,LSC1,2486,DESPENSA 2,SUSTANTIVO,Variante de seña para almacén de víveres o despensa. (Generada Gemini),SI,3 señas,NO,SI,SI,3 señas,Simétrica (tipo I),,,,,,02486_despensa2.mp4
FENASCOL III,LSC1,2487,DETENER CAPTURAR,VERBO,Aprehender o retener a una persona por la fuerza o autoridad legal. (RAE),NO,1 seña,NO,SI,NO,1 seña,Simétrica (tipo I),,,,,,02487_detenercap.mp4
FENASCOL III,LSC1,2488,DETENIDO,SUSTANTIVO,Persona privada de libertad por orden de autoridad competente. (RAE),SI,2 señas,NO,SI,SI,2 señas,Asimétrica (tipo III),,,,,,02488_detenido.mp4
FENASCOL III,LSC1,2489,DIPLOMADO-D,SUSTANTIVO,Programa académico corto de especialización o actualización profesional (modalidad D). (Generada Gemini),NO,1 seña,NO,SI,NO,1 seña,Simétrica (tipo I),D,,,,,02489_diplomadod.mp4
FENASCOL III,LSC1,2490,DIPLOMADO-L,SUSTANTIVO,Programa académico corto de especialización o actualización profesional (modalidad L). (Generada Gemini),NO,1 seña,NO,SI,NO,1 seña,Simétrica (tipo I),,,,,,02490_diplomadol.mp4
UEB,LSC1,2491,DIVERSIDAD-V,SUSTANTIVO,Variante de seña para diversidad o pluralidad con configuración en V. (Generada Gemini),SI,3 señas,NO,SI,SI,3 señas,Asimétrica (tipo III),,,,,,02491_diversidad.mp4
FENASCOL III,LSC1,2492,DIVERSIDAD-X,SUSTANTIVO,Variante de seña para diversidad o pluralidad con configuración en X. (Generada Gemini),NO,1 seña,NO,SI,NO,1 seña,Simétrica (tipo I),,,,,,02492_diversidad.mp4
UEB,LSC1,2493,DOCTORADO-PUÑO,SUSTANTIVO,Grado académico de doctorado representado mediante configuración de puño. (Generada Gemini),SI,2 señas,NO,SI,SI,2 señas,Asimétrica (tipo III),,,,,,02493_doctoradop.mp4
FENASCOL III,LSC1,2494,DOCTORADO-L,SUSTANTIVO,Variante de seña para el grado de doctorado con configuración en L. (Generada Gemini),SI,2 señas,NO,SI,SI,2 señas,Asimétrica (tipo III),,,,,,02494_doctoradol.mp4
FENASCOL III,LSC1,2495,DOLAR,SUSTANTIVO,Dólar; moneda oficial de los Estados Unidos y otros países. (RAE),NO,1 seña,SI,SI,NO,1 seña,Asimétrica (tipo III),,,,,,02495_dolar.mp4
FENASCOL III,LSC1,2496,DROGADICTO,ADJETIVO,Persona dependiente o adicta al consumo habitual de drogas ilícitas. (RAE),SI,2 señas,NO,SI,SI,2 señas,Asimétrica (tipo III),Cb,Ok,,,,02496_drogadicto.mp4
FENASCOL III,LSC1,2497,DROGAS-Q,SUSTANTIVO,Variante de seña para sustancias estupefacientes o medicamentos con configuración Q. (Generada Gemini),NO,1 seña,NO,SI,NO,1 seña,Asimétrica (tipo III),,,,,,02497_drogasq.mp4
UEB,LSC1,2498,DROGAS-CABEZA,SUSTANTIVO,Variante gestual para sustancias que afectan el sistema nervioso o mente. (Generada Gemini),NO,1 seña,NO,SI,NO,1 seña,Unimanual en contacto (tipo X),,,,,,02498_drogascabe.mp4
FENASCOL III,LSC0,2499,DURO-DEDOS,SUSTANTIVO,Rigidez o tensión física expresada mediante los dedos. (Generada Gemini),NO,1 seña,NO,SI,NO,1 seña,Asimétrica (tipo III),,,,,,02499_durodedos.mp4
FENASCOL III,LSC1,2500,ERIZO-DE-MAR,SUSTANTIVO,Invertebrado marino de cuerpo globoso cubierto de espinas móviles. (RAE),SI,2 señas,NO,SI,SI,2 señas,Asimétrica (tipo III),,,,,,02500_erizodemar.mp4
FENASCOL III,LSC1,2501,ESCARABAJO,SUSTANTIVO,Insecto coleóptero de cuerpo robusto y caparazón duro. (RAE),NO,1 seña,SI,SI,NO,1 seña,Unimanual en contacto (tipo X),,,,,,02501_escarabajo.mp4
FENASCOL III,LSC1,2502,ESCORPION,SUSTANTIVO,Arácnido carnívoro provisto de una cola articulada con aguijón venenoso. (RAE),NO,1 seña,NO,SI,NO,1 seña,Asimétrica (tipo III),,,,,,02502_escorpion.mp4
FENASCOL III,LSC1,2503,ESMALTE,SUSTANTIVO,Líquido cosmético para dar brillo y color a las uñas o capa vitrificada. (RAE),NO,1 seña,NO,SI,NO,1 seña,Asimétrica (tipo III),,,,,,02503_esmalte.mp4
FENASCOL III,LSC1,2504,POLICIA,SUSTANTIVO,Policía; cuerpo encargado de velar por el mantenimiento del orden público y la seguridad. (RAE),NO,1 seña,NO,SI,NO,1 seña,Unimanual en contacto (tipo X),Be,,,,,02504_policia.mp4
FENASCOL III,LSC0,2505,ESTARCAMBIADO-VOLTEADO,ADJETIVO,"Estado de alteración, giro o cambio total en la disposición de algo. (Generada Gemini)",NO,1 seña,NO,SI,NO,1 seña,Semi-simétrica (tipo II),,,,,,02505_estarcambi.mp4
FENASCOL III,LSC0,2506,ESTAR CONFORME,ADJETIVO,Estar de acuerdo o satisfecho con una situación o acuerdo. (RAE),NO,1 seña,NO,SI,NO,1 seña,Unimanual en contacto (tipo X),,,,,,02506_estarconfo.mp4
FENASCOL III,LSC0,2507,ESTÍMULO,SUSTANTIVO,Agente físico o químico que despierta una reacción funcional en un organismo. (RAE),NO,1 seña,NO,SI,NO,1 seña,Asimétrica (tipo III),,,,,,02507_estimulo.mp4
FENASCOL III,LSC0,2508,ÁNIMO,SUSTANTIVO,"Disposición del alma, valor, energía o esfuerzo para obrar. (RAE)",NO,1 seña,NO,SI,NO,1 seña,Simétrica (tipo I),,,,,,02508_animo.mp4
FENASCOL III,LSC1,2509,EVALUACIÓN,SUSTANTIVO,"Acción y efecto de evaluar, estimar o juzgar el valor o rendimiento de algo. (RAE)",NO,1 seña,NO,SI,NO,1 seña,Unimanual (tipo 0),,,,,,02509_evaluacion.mp4
FENASCOL III,LSC1,2510,EXPRIMIDOR-MANUAL,SUSTANTIVO,Utensilio mecánico accionado a mano para extraer el zumo de cítricos. (RAE),SI,2 señas,NO,SI,SI,2 señas,Asimétrica (tipo III),,,,,,02510_exprimidor.mp4
UEB,LSC1,2511,EXPRIMIDOR-ELECTRICO,SUSTANTIVO,Electrodoméstico motorizado para extraer jugo de frutas cítricas. (RAE),SI,2 señas,NO,SI,SI,2 señas,Asimétrica (tipo III),C,Gl,,,,02511_exprimidor.mp4
FENASCOL III,LSC0,2512,EXTROVERTIDO,SUSTANTIVO,"Persona abierta, comunicativa y sociable hacia el exterior. (RAE)",SI,2 señas,SI,SI,SI,2 señas,Simétrica (tipo I),,,,,,02512_extroverti.mp4
UEB,LSC1,2513,INDUSTRIA,SUSTANTIVO,Conjunto de operaciones para la transformación de materias primas en productos. (RAE),NO,1 seña,NO,SI,NO,1 seña,Asimétrica (tipo III),,,,,,02513_industria.mp4
FENASCOL III,LSC1,2514,FÁBRICA,SUSTANTIVO,Establecimiento industrial equipado con maquinaria para la fabricación de bienes. (RAE),NO,1 seña,SI,SI,NO,1 seña,Simétrica (tipo I),,,,,,02514_fabrica.mp4
FENASCOL III,LSC1,2515,FEROZ (ANIMAL),SUSTANTIVO,"Agresivo, salvaje o cruel por naturaleza. (RAE)",NO,1 seña,NO,SI,NO,1 seña,Simétrica (tipo I),,,,,,02515_ferozanima.mp4
FENASCOL III,LSC1,2516,FIJAR RESIDENCIA,SUSTANTIVO,Establecer de forma permanente el domicilio o lugar de vivienda en un sitio. (RAE),NO,1 seña,NO,SI,NO,1 seña,Simétrica (tipo I),,,,,,02516_fijarresid.mp4
FENASCOL III,LSC1,2517,FISCALÍA,SUSTANTIVO,Fiscalía; institución pública encargada de la investigación de delitos. (RAE),NO,1 seña,SI,SI,NO,1 seña,Asimétrica (tipo III),,,,,,02517_fiscalia.mp4
FENASCOL III,LSC1,2518,FLAMENCO-ANIMAL,SUSTANTIVO,Ave zancuda de plumaje rosado y largo pico curvado (flamenco). (RAE),SI,2 señas,NO,SI,SI,2 señas,Asimétrica (tipo III),,,,,,02518_flamencoan.mp4
FENASCOL III,LSC1,2519,FLEXIBLE,SUSTANTIVO,Que se doblará fácilmente sin romperse o adaptable a los cambios. (RAE),NO,1 seña,NO,SI,NO,1 seña,Simétrica (tipo I),Qe,,,,,02519_flexible.mp4
UEB,LSC0,2520,VENTAJA-PECHO,SUSTANTIVO,"Superioridad o beneficio obtenido frente a otros, expresado a nivel corporal. (Generada Gemini)",NO,1 seña,SI,SI,NO,1 seña,Unimanual en contacto (tipo X),Ok,,,,,02520_ventajapec.mp4
UEB,LSC0,2521,VENTAJA-BOLSILLO,SUSTANTIVO,Beneficio económico o ventaja material favorable. (Generada Gemini),NO,1 seña,SI,SI,NO,1 seña,Unimanual en contacto (tipo X),Ok,,,,,02521_ventajabol.mp4
FENASCOL III,LSC0,2522,GANANCIA-BOLSA,SUSTANTIVO,"Beneficio económico, dividendo o lucro obtenido en transacciones. (Generada Gemini)",SI,2 señas,NO,SI,SI,2 señas,Asimétrica (tipo III),S,Jc,,,,02522_gananciabo.mp4
FENASCOL III,LSC1,2523,GARBANZOS,SUSTANTIVO,Semilla comestible de la planta leguminosa del garbanzo. (RAE),SI,2 señas,NO,SI,SI,2 señas,Unimanual (tipo 0),J,B,,,,02523_garbanzos.mp4
FENASCOL III,LSC1,2524,GASTOS-DEDO,SUSTANTIVO,Representación gestual o contable de desembolsos económicos. (Generada Gemini),NO,1 seña,SI,SI,NO,1 seña,Asimétrica (tipo III),Bl,Pl,,,,02524_gastosdedo.mp4
FENASCOL III,LSC1,2525,GASTOS-PULGAR,SUSTANTIVO,Variante de seña para erogaciones o egresos financieros. (Generada Gemini),NO,1 seña,SI,SI,NO,1 seña,Asimétrica (tipo III),Bl,A,,,,02525_gastospulg.mp4
UEB,LSC1,2526,GASTOS-BOLSILLO,SUSTANTIVO,Dinero gastado de los propios fondos o recursos personales (gastos de bolsillo). (RAE),NO,1 seña,NO,SI,NO,1 seña,Simétrica (tipo I),J,,,,,02526_gastosbols.mp4
FENASCOL III,LSC1,2527,GRANIZO,SUSTANTIVO,Precipitación en forma de grumos de hielo que caen de las nubes. (RAE),NO,1 seña,NO,NO,NO,1 seña,Simétrica (tipo I),Ok,,,,,02527_granizo.mp4
FENASCOL III,LSC1,2528,GUANABANA 1,SUSTANTIVO,"Fruta tropical de pulpa blanca, jugosa y sabor agridulce (guanábana). (RAE)",SI,2 señas,NO,SI,SI,2 señas,Asimétrica (tipo III),Gl,Qe,,,,02528_guanabana1.mp4
FENASCOL III,LSC1,2529,GUANABANA 2,SUSTANTIVO,Variante de seña para el fruto de la guanábana. (Generada Gemini),SI,2 señas,SI,SI,SI,2 señas,Asimétrica (tipo III),Gl,Ok,,,,02529_guanabana2.mp4
FENASCOL III,LSC0,2530,HABLAR BOBADAS-BASURA,VERBO,"Expresar tonterías, disparates o comentarios sin sentido. (Generada Gemini)",SI,2 señas,NO,SI,SI,2 señas,Asimétrica (tipo III),Qa,O,B,,,02530_hablarboba.mp4
FENASCOL III,LSC0,2531,HABLAR MUCHO-VIOLIN,VERBO,"Hablar en exceso, de forma incesante o exagerada. (Generada Gemini)",NO,1 seña,SI,SI,NO,1 seña,Simétrica (tipo I),Ok,,,,,02531_hablarmuch.mp4
FENASCOL III,LSC0,2532,HABLAR PAJA-CIRCULO,VERBO,Conversar superficialmente o decir habladurías sin contenido real. (Generada Gemini),NO,1 seña,NO,SI,NO,1 seña,Simétrica (tipo I),P,,,,,02532_hablarpaja.mp4
FENASCOL III,LSC0,2533,ESPALDA-DAÑO,SUSTANTIVO,"Lesión, dolor o afectación en la zona dorsal de la espalda. (Generada Gemini)",SI,2 señas,NO,SI,SI,2 señas,Asimétrica (tipo III),B,S,,,,02533_espaldadan.mp4
FENASCOL III,LSC0,2534,HACERSE EL BOBO,ADJETIVO,"Fingir ignorancia, inocencia o despiste ante una situación. (RAE)",NO,1 seña,NO,SI,NO,1 seña,Simétrica (tipo I),P,,,,,02534_hacerseelb.mp4
UEB,LSC0,2535,NO-QUERER-EVITAR,VERBO,Negativa o falta de voluntad para impedir que algo suceda. (Generada Gemini),SI,2 señas,SI,SI,SI,2 señas,Simétrica (tipo I),N,,,,,02535_noquererev.mp4
FENASCOL III,LSC1,2536,HEROINA-DROGA,SUSTANTIVO,Sustancia estupefaciente semisintética altamente adictiva (heroína). (RAE),NO,1 seña,NO,SI,NO,1 seña,Unimanual en contacto (tipo X),A,S,,,,02536_heroinadro.mp4
FENASCOL III,LSC1,2537,HERRAMIENTA-Q,SUSTANTIVO,Instrumento o útil de trabajo con seña especificada con configuración Q. (Generada Gemini),NO,1 seña,NO,SI,NO,1 seña,Asimétrica (tipo III),Q,V,,,,02537_herramient.mp4
FENASCOL III,LSC1,2538,INSTRUMENTO-Q,SUSTANTIVO,Objeto o dispositivo técnico asociado con configuración Q. (Generada Gemini),NO,1 seña,SI,SI,NO,1 seña,Asimétrica (tipo III),Q,H,,,,02538_instrument.mp4
FENASCOL III,LSC1,2539,HIELO,SUSTANTIVO,Agua congelada en estado sólido a baja temperatura. (RAE),NO,1 seña,SI,SI,NO,1 seña,Unimanual en contacto (tipo X),R,,,,,02539_hielo.mp4
FENASCOL III,LSC1,2540,HIERRO,SUSTANTIVO,"Elemento químico metálico, magnético, maleable y de color gris plateado. (RAE)",NO,1 seña,SI,SI,NO,1 seña,Unimanual en contacto (tipo X),X,,,,,02540_hierro.mp4
FENASCOL III,LSC1,2541,DISPARAR-ARMA,VERBO,Accionar un arma de fuego para propulsar un proyectil. (RAE),NO,1 seña,NO,SI,NO,1 seña,Unimanual (tipo 0),L,Xt,,,,02541_dispararar.mp4
FENASCOL III,LSC0,2542,MATAR-CUCHILLO,VERBO,Provocar la muerte a alguien empleando un arma blanca (cuchillo). (RAE),NO,1 seña,NO,SI,NO,1 seña,Asimétrica (tipo III),S,Bl,,,,02542_matarcuchi.mp4
FENASCOL III,LSC0,2543,MATAR-GENERAL,VERBO,Acción genérica de quitar la vida a un ser vivo. (RAE),NO,1 seña,SI,SI,NO,1 seña,Asimétrica (tipo III),B,P,,,,02543_matargener.mp4
FENASCOL III,LSC0,2544,AHORCAR-SOGA,VERBO,Privar de la vida a alguien ajusticiándolo con una soga al cuello. (RAE),SI,2 señas,NO,SI,SI,2 señas,Unimanual (tipo 0),S,,,,,02544_ahorcarsog.mp4
UEB,LSC0,2545,AHORCAR-MANOS,VERBO,Variante gestual para la acción de estrangulamiento o ahorcamiento. (Generada Gemini),SI,2 señas,NO,SI,SI,2 señas,Simétrica (tipo I),C,,,,,02545_ahorcarman.mp4
FENASCOL III,LSC1,2546,IGUANA,SUSTANTIVO,Gran reptil escamoso arborícola de América tropical con una cresta dorsal espinosa. (RAE),SI,2 señas,NO,SI,SI,2 señas,Unimanual (tipo 0),A,J,,,,02546_iguana.mp4
FENASCOL III,LSC1,2547,IMPUESTOS,SUSTANTIVO,Tributos obligatorios exigidos por el Estado para financiar los gastos públicos. (RAE),NO,1 seña,SI,SI,NO,1 seña,Asimétrica (tipo III),B,Xf,,,,02547_impuestos.mp4
FENASCOL III,LSC1,2548,FUEGO,SUSTANTIVO,Calor y luz producidos por la combustión de materias inflamables. (RAE),NO,1 seña,NO,SI,NO,1 seña,Simétrica (tipo I),Jb,,,,,02548_fuego.mp4
FENASCOL III,LSC1,2549,INTEGRACIÓN,SUSTANTIVO,Acción y efecto de integrar o unificar partes en un todo. (RAE),NO,1 seña,NO,SI,NO,1 seña,Simétrica (tipo I),J,,,,,02549_integracio.mp4
FENASCOL III,LSC1,2550,INTERESES,SUSTANTIVO,Valor acumulado por el uso de capital prestado o rédito financiero. (RAE),NO,1 seña,SI,SI,NO,1 seña,Simétrica (tipo I),H,,,,,02550_intereses.mp4
FENASCOL III,LSC1,2551,JABON DE ROPA,SUSTANTIVO,Detergente o jabón sólido/líquido destinado al lavado de prendas textiles. (RAE),SI,2 señas,NO,SI,SI,2 señas,Asimétrica (tipo III),Gl,B,,,,02551_jabonderop.mp4
FENASCOL III,LSC1,2552,JARDÍN INFANTIL,SUSTANTIVO,Institución educativa para la enseñanza preescolar de niños pequeños. (RAE),NO,1 seña,NO,SI,NO,1 seña,Asimétrica (tipo III),Qf,XXe,,,,02552_jardininfa.mp4
FENASCOL III,LSC0,2553,JUSTO,ADJETIVO,"Que obra con justicia, equidad y razón. (RAE)",NO,1 seña,NO,SI,NO,1 seña,Simétrica (tipo I),Tb,,,,,02553_justo.mp4
UEB,LSC0,2554,INJUSTO,ADJETIVO,"Falto de justicia, equidad o razón; arbitrario. (RAE)",NO,1 seña,NO,SI,NO,1 seña,Simétrica (tipo I),Ok,,,,,02554_injusto.mp4
FENASCOL III,LSC0,2555,PROMETER,VERBO,Obligarse uno mismo a hacer o dar algo mediante promesa formal. (RAE),NO,1 seña,NO,SI,NO,1 seña,Semi-simétrica (tipo II),B,,,,,02555_prometer.mp4
FENASCOL III,LSC0,2556,JURAR,VERBO,Afirmar o negar algo poniendo a Dios o algo sagrado por testigo. (RAE),SI,2 señas,NO,SI,SI,2 señas,Unimanual en contacto (tipo X),T,,,,,02556_jurar.mp4
FENASCOL III,LSC1,2557,KUMIS,SUSTANTIVO,Bebida láctea fermentada de sabor ácido tradicional. (RAE),NO,1 seña,NO,SI,NO,1 seña,Unimanual (tipo 0),K,,,,,02557_kumis.mp4
UEB,LSC1,2558,PELO-LACIO,SUSTANTIVO,"Cabello liso, sin rizos ni ondas. (Generada Gemini)",SI,2 señas,NO,SI,SI,2 señas,Unimanual en contacto (tipo X),Ok,B,,,,02558_pelolacio.mp4
FENASCOL III,LSC1,2559,LAVARSE-MANOS,VERBO,Acción de asear las manos usando agua y jabón. (RAE),NO,1 seña,NO,SI,NO,1 seña,Simétrica (tipo I),C,,,,,02559_lavarseman.mp4
FENASCOL III,LSC1,2560,LAVAR-PLATOS,VERBO,Acción de limpiar los utensilios de cocina y vajilla usados al comer. (RAE),NO,1 seña,NO,SI,NO,1 seña,Simétrica (tipo I),Bl,,,,,02560_lavarplato.mp4
FENASCOL III,LSC1,2561,LAZO-SALTAR,VERBO,Cuerda o soga ligera empleada como juego o ejercicio físico para saltar. (RAE),NO,1 seña,NO,SI,NO,1 seña,Simétrica (tipo I),Xf,,,,,02561_lazosaltar.mp4
FENASCOL III,LSC1,2562,LECHE EN POLVO,SUSTANTIVO,Leche deshidratada en polvo obtenida por evaporación. (RAE),NO,1 seña,SI,SI,NO,1 seña,Unimanual en contacto (tipo X),A,,,,,02562_lecheenpol.mp4
FENASCOL III,LSC0,2563,LENTO-TORTUGA,ADJETIVO,Metáfora gestual que compara la lentitud de movimiento con una tortuga. (Generada Gemini),NO,1 seña,NO,SI,NO,1 seña,Asimétrica (tipo III),A,C,,,,02563_lentotortu.mp4
FENASCOL III,LSC0,2564,LENTO-PALMA,ADJETIVO,Variante de seña para indicar velocidad reducida o lentitud. (Generada Gemini),NO,1 seña,NO,SI,NO,1 seña,Simétrica (tipo I),Bl,,,,,02564_lentopalma.mp4
FENASCOL III,LSC0,2565,TENER-EN-CUENTA-AMENAZA,VERBO,Considerar o advertir un riesgo o amenaza inminente. (Generada Gemini),SI,3 señas,NO,SI,SI,3 señas,Unimanual en contacto (tipo X),J,Ok,Bl,,,02565_tenerencue.mp4
UEB,LSC0,2566,TENER-EN-CUENTA-GENERAL,FUNCION,"Considerar, valorar o tener presente un asunto o advertencia. (RAE)",SI,2 señas,NO,SI,SI,2 señas,Unimanual en contacto (tipo X),J,Ok,,,,02566_tenerencue.mp4
UEB,LSC0,2567,ESPERAR-PALMA-CONTINUO,VERBO,Acción prolongada de aguardar con la palma de la mano dispuesta. (Generada Gemini),NO,1 seña,NO,SI,NO,1 seña,Unimanual (tipo 0),Bl,,,,,02567_esperarpal.mp4
UEB,LSC0,2568,ESPERAR-PALMA-DIMINUTIVO,VERBO,Acción breve o ligera de aguardar o esperar. (Generada Gemini),NO,1 seña,NO,SI,NO,1 seña,Unimanual (tipo 0),Bl,,,,,02568_esperarpal.mp4
UEB,LSC0,2569,ESPERAR-PALMA-IMPERATIVO,VERBO,Mandato o instrucción directa de aguardar o esperar. (Generada Gemini),NO,1 seña,NO,SI,NO,1 seña,Unimanual (tipo 0),Bl,,,,,02569_esperarpal.mp4
UEB,LSC0,2570,PENSAR-CORREGIR,VERBO,Proceso cognitivo de rectificar o enmendar un pensamiento o error previo. (Generada Gemini),SI,2 señas,SI,SI,SI,2 señas,Asimétrica (tipo III),P,Bl,Xf,,,02570_pensarcorr.mp4
FENASCOL III,LSC1,2571,LOMBRIS,SUSTANTIVO,Lombriz; animal invertebrado de cuerpo anillado y alargado que vive en la tierra o agua. (RAE),NO,1 seña,NO,SI,NO,1 seña,Asimétrica (tipo III),Bl,Tf,,,,02571_lombris.mp4
UEB,LSC0,2572,LUGAR-L,SUSTANTIVO,Ubicación o espacio físico representado mediante configuración en L. (Generada Gemini),NO,1 seña,NO,SI,NO,1 seña,Simétrica (tipo I),L,,,,,02572_lugarl.mp4
FENASCOL III,LSC0,2573,LUGAR-GENERAL,SUSTANTIVO,"Espacio genérico, sitio o localización indeterminada. (RAE)",NO,1 seña,NO,SI,NO,1 seña,Simétrica (tipo I),P,,,,,02573_lugargener.mp4
FENASCOL III,LSC0,2574,LUJOSO,SUSTANTIVO,"Que tiene lujo, suntuosidad, gran coste o elegancia excesiva. (RAE)",NO,1 seña,SI,SI,NO,1 seña,Unimanual en contacto (tipo X),P,,,,,02574_lujoso.mp4
FENASCOL III,LSC1,2575,LUJOSO-LUGAR,SUSTANTIVO,Espacio físico caracterizado por su suntuosidad y gran ostentación. (Generada Gemini),SI,2 señas,SI,SI,SI,2 señas,Asimétrica (tipo III),P,Gl,J,,,02575_lujosoluga.mp4
FENASCOL III,LSC1,2576,MACHETE,SUSTANTIVO,Herramienta de corte consistente en un cuchillo largo y ancho. (RAE),NO,1 seña,NO,SI,NO,1 seña,Unimanual (tipo 0),Bl,,,,,02576_machete.mp4
FENASCOL III,LSC1,2577,MADERA-PALO,SUSTANTIVO,Material leñoso obtenido del tronco de los árboles. (RAE),NO,1 seña,NO,SI,NO,1 seña,Unimanual (tipo 0),P,,,,,02577_maderapalo.mp4
FENASCOL III,LSC1,2578,MAESTRÍA,SUSTANTIVO,Estudios de posgrado posteriores al grado de licenciatura o pregrado. (RAE),NO,1 seña,NO,SI,NO,1 seña,Asimétrica (tipo III),L,We,,,,02578_maestria.mp4
FENASCOL III,LSC1,2579,MALETÍN 1,SUSTANTIVO,Bolso de mano o pequeño maletín rígido para transportar documentos u objetos. (RAE),NO,1 seña,NO,SI,NO,1 seña,Unimanual en contacto (tipo X),A,,,,,02579_maletin1.mp4
FENASCOL III,LSC1,2580,MALETÍN 2,SUSTANTIVO,Variante de seña para maletín o bolso portafolios. (Generada Gemini),NO,1 seña,NO,SI,NO,1 seña,Unimanual (tipo 0),S,,,,,02580_maletin2.mp4
FENASCOL III,LSC1,2581,MALTEADA,SUSTANTIVO,Bebida espumosa elaborada a base de leche batida y helado. (RAE),SI,2 señas,NO,SI,SI,2 señas,Asimétrica (tipo III),C,Q,Ok,,,02581_malteada.mp4
FENASCOL III,LSC1,2582,MANSO,SUSTANTIVO,"Dócil, apacible, tranquilo y de noble condición. (RAE)",NO,1 seña,NO,SI,NO,1 seña,Asimétrica (tipo III),B,Qf,,,,02582_manso.mp4
FENASCOL III,LSC1,2583,MARACUYA,SUSTANTIVO,"Fruto tropical comestible de la pasionaria, de pulpa jugosa y ácida (maracuyá). (RAE)",NO,1 seña,NO,SI,NO,1 seña,Simétrica (tipo I),Gl,,,,,02583_maracuya.mp4
FENASCOL III,LSC1,2584,MARIHUANA,SUSTANTIVO,Sustancia estupefaciente obtenida de los cogollos de la planta Cannabis sativa. (RAE),NO,1 seña,NO,SI,NO,1 seña,Unimanual en contacto (tipo X),Ok,,,,,02584_marihuana.mp4
FENASCOL III,LSC1,2585,MASATO,SUSTANTIVO,"Bebida fermentada tradicional a base de maíz, arroz o yuca dulce. (RAE)",NO,1 seña,NO,SI,NO,1 seña,Asimétrica (tipo III),Qf,S,,,,02585_masato.mp4
FENASCOL III,LSC0,2586,ME-CONTARON-POR-AHÍ,VERBO,Recibir información o chisme a través de rumores o fuentes indirectas. (Generada Gemini),NO,1 seña,NO,SI,NO,1 seña,Simétrica (tipo I),Bl,,,,,02586_mecontaron.mp4
UEB,LSC0,2587,ME-ENTERE-OIDO,VERBO,Acción de enterarse o enterarse de algo mediante la percepción auditiva o chismes. (Generada Gemini),NO,1 seña,NO,SI,NO,1 seña,Unimanual en contacto (tipo X),J,P,,,,02587_meentereoi.mp4
FENASCOL III,LSC0,2588,ME-ENTERE-OJO,VERBO,Acción de percatarse o enterarse de un suceso mediante la observación visual directa. (Generada Gemini),NO,1 seña,NO,SI,NO,1 seña,Unimanual en contacto (tipo X),J,P,,,,02588_meentereoj.mp4
UEB,LSC0,2589,MEMORIA 1,SUSTANTIVO,Facultad psíquica para retener y recordar información o recuerdos. (RAE),NO,1 seña,NO,SI,NO,1 seña,Unimanual en contacto (tipo X),X,,,,,02589_memoria1.mp4
FENASCOL III,LSC0,2590,MEMORIA 2,SUSTANTIVO,"Variante de seña para recuerdo, memoria o dispositivo de almacenamiento digital. (Generada Gemini)",NO,1 seña,NO,SI,NO,1 seña,Unimanual en contacto (tipo X),Ma,,,,,02590_memoria2.mp4
FENASCOL III,LSC1,2591,MÓDULOS,SUSTANTIVO,Unidades independientes o secciones estructurales de un programa o sistema. (RAE),NO,1 seña,SI,SI,NO,1 seña,Asimétrica (tipo III),B,C,,,,02591_modulos.mp4
FENASCOL III,LSC1,2592,MOLDE 1,SUSTANTIVO,Pieza o matriz hueca usada para dar forma a una materia. (RAE),SI,2 señas,SI,SI,SI,2 señas,Asimétrica (tipo III),Xe,Gl,,,,02592_molde1.mp4
FENASCOL III,LSC1,2593,MOLDE 2,SUSTANTIVO,Variante de seña para molde o patrón de fundición/modelado. (Generada Gemini),SI,2 señas,NO,SI,SI,2 señas,Asimétrica (tipo III),O,Gl,,,,02593_molde2.mp4
FENASCOL III,LSC1,2594,MONEDA,SUSTANTIVO,Pieza metálica acuñada usada como medio legal de pago. (RAE),NO,1 seña,NO,SI,NO,1 seña,Unimanual (tipo 0),Ok,,,,,02594_moneda.mp4
FENASCOL III,LSC1,2595,MORENA,SUSTANTIVO,Persona de piel de tez tostada o trigueña. (RAE),NO,1 seña,SI,SI,NO,1 seña,Unimanual en contacto (tipo X),N,,,,,02595_morena.mp4
FENASCOL III,LSC1,2596,MOTOR,SUSTANTIVO,Máquina capaz de transformar energía en trabajo mecánico o movimiento. (RAE),NO,1 seña,SI,SI,NO,1 seña,Semi-simétrica (tipo II),S,,,,,02596_motor.mp4
FENASCOL III,LSC1,2597,MURCIÉLAGO,SUSTANTIVO,Mamífero volador nocturno dotado de alas membranosas. (RAE),SI,2 señas,NO,SI,SI,2 señas,Simétrica (tipo I),Xe,X,,,,02597_murcielago.mp4
FENASCOL III,LSC1,2598,NAVAJA,SUSTANTIVO,Cuchillo de hoja plegable que se guarda dentro del mango. (RAE),NO,1 seña,NO,SI,NO,1 seña,Simétrica (tipo I),Xt,,,,,02598_navaja.mp4
FENASCOL III,LSC1,2599,NIEVE,SUSTANTIVO,Agua congelada cristalizada que cae de las nubes en forma de copos blancos. (RAE),NO,1 seña,NO,SI,NO,1 seña,Simétrica (tipo I),J,,,,,02599_nieve.mp4
FENASCOL III,LSC0,2600,DISGUSTO-PECHO-CIRCULO,ADJETIVO,"Sensación de malestar emocional, frustración o dolor expresada en el pecho. (Generada Gemini)",NO,1 seña,SI,SI,NO,1 seña,Unimanual en contacto (tipo X),J,,,,,02600_disgustope.mp4
FENASCOL III,LSC0,2601,NO SENTIR PENA 1,ADJETIVO,"Ausencia de vergüenza, remordimiento o timidez ante una situación. (RAE)",NO,1 seña,SI,SI,NO,1 seña,Simétrica (tipo I),P,,,,,02601_nosentirpe.mp4
FENASCOL III,LSC0,2602,NO SENTIR PENA 2,ADJETIVO,Variante de seña para carecer de pena o desparpajo. (Generada Gemini),NO,1 seña,SI,SI,NO,1 seña,Simétrica (tipo I),Je,,,,,02602_nosentirpe.mp4
FENASCOL III,LSC0,2603,NO SER CAPAZ-M,ADJETIVO,"Incapacidad física, mental o emocional para realizar una tarea. (Generada Gemini)",NO,1 seña,SI,SI,NO,1 seña,Simétrica (tipo I),J,,,,,02603_nosercapaz.mp4
FENASCOL III,LSC1,2604,PELO-ONDULADO,SUSTANTIVO,Cabello que presenta ondas suaves y flexibles. (Generada Gemini),SI,2 señas,NO,SI,SI,2 señas,Unimanual en contacto (tipo X),P,,,,,02604_peloondula.mp4
FENASCOL III,LSC1,2605,MEDIOCRE,ADJETIVO,"De calidad media baja, escaso mérito o escasa competencia. (RAE)",NO,1 seña,SI,SI,NO,1 seña,Unimanual (tipo 0),J,,,,,02605_mediocre.mp4
FENASCOL III,LSC1,2606,PALOMA,SUSTANTIVO,"Ave columbriforme de cabeza pequeña, pico corto y vuelo ágil. (RAE)",SI,2 señas,SI,SI,SI,2 señas,Asimétrica (tipo III),Lc,Pc,Bl,Pc,,02606_paloma.mp4
FENASCOL III,LSC1,2607,PALOMITAS DE MAÍZ 1,SUSTANTIVO,Granos de maíz tostados que estallan al calor (crispetas/pajitas). (RAE),NO,1 seña,SI,SI,NO,1 seña,Asimétrica (tipo III),Bl,Gl,G,,,02607_palomitasd.mp4
FENASCOL III,LSC1,2608,PALOMITAS DE MAÍZ 2,SUSTANTIVO,Variante de seña para el maíz soplado o crispetas. (Generada Gemini),NO,1 seña,SI,SI,NO,1 seña,Asimétrica (tipo III),Bl,Gl,G,,,02608_palomitasd.mp4
FENASCOL III,LSC1,2609,PAÑUELO FACIAL,SUSTANTIVO,Pañuelo de papel desechable empleado para la higiene del rostro. (RAE),SI,2 señas,SI,SI,SI,2 señas,Compuestas (tipo C),O,Ok,Bl,,,02609_pañuelofa.mp4
FENASCOL III,LSC1,2610,PAPAS-FRANCESAS-1,SUSTANTIVO,Bastones de papa fritos en aceite caliente. (RAE),SI,2 señas,SI,SI,SI,2 señas,Asimétrica (tipo III),S,XX,Je,B,,02610_papasfranc.mp4
UEB,LSC1,2611,PAPAS-FRANCESAS-2,SUSTANTIVO,Variante de seña para las papas a la francesa. (Generada Gemini),SI,2 señas,SI,SI,SI,2 señas,Compuestas (tipo C),S,XX,Je,,,02611_papasfranc.mp4
FENASCOL III,LSC1,2612,PAPAS FRITAS,SUSTANTIVO,Rodajas de papa finas crujientes fritas en aceite. (RAE),SI,2 señas,SI,SI,SI,2 señas,Asimétrica (tipo III),S,XX,C,Ta,,02612_papasfrita.mp4
FENASCOL III,LSC1,2613,PAPAYUELA,SUSTANTIVO,"Fruta de la familia de las caricáceas, pariente de la papaya, usada en postres. (RAE)",SI,2 señas,NO,SI,SI,2 señas,Simétrica (tipo I),Jc,Qe,,,,02613_papayuela.mp4
UEB,LSC1,2614,OLLA A PRESIÓN,SUSTANTIVO,Recipiente hermético para cocinar alimentos con vapor a alta presión. (RAE),SI,2 señas,NO,SI,SI,2 señas,Compuestas (tipo C),Xf,P,Jc,,,02614_ollaapresi.mp4
FENASCOL III,LSC1,2615,PAPEL 1,SUSTANTIVO,Hoja delgada hecha con fibras de celulosa. (RAE),NO,1 seña,SI,SI,NO,1 seña,Semi-simétrica (tipo II),Bl,,,,,02615_papel1.mp4
FENASCOL III,LSC1,2616,PAPEL 2,SUSTANTIVO,Variante de seña para pliego u hoja de papel. (Generada Gemini),NO,1 seña,SI,SI,NO,1 seña,Asimétrica (tipo III),Bl,Nc,No,,,02616_papel2.mp4
FENASCOL III,LSC1,2617,PAPEL BOND CARTA,SUSTANTIVO,Papel de alta calidad de formato estándar carta (21.6 x 27.9 cm). (Generada Gemini),SI,2 señas,SI,SI,SI,2 señas,Compuestas (tipo C),Ok,Bl,,,,02617_papelbondc.mp4
FENASCOL III,LSC1,2618,PAPEL BOND OFICIO,SUSTANTIVO,Papel de alta calidad de formato largo oficio (21.6 x 35.6 cm). (Generada Gemini),SI,2 señas,SI,SI,SI,2 señas,Compuestas (tipo C),Ok,Bl,,,,02618_papelbondo.mp4
FENASCOL III,LSC1,2619,PARA MIS ADENTROS,VERBO,Reflexión o pensamiento íntimo que se guarda en privado. (RAE),NO,1 seña,SI,SI,NO,1 seña,Unimanual en contacto (tipo X),N,,,,,02619_paramisade.mp4
FENASCOL III,LSC1,2620,PAVO-NEGRO,SUSTANTIVO,Ave gallinácea grande de plumaje oscuro (pavo común). (RAE),SI,2 señas,NO,SI,SI,2 señas,Asimétrica (tipo III),Je,Tc,,,,02620_pavonegro.mp4
FENASCOL III,LSC0,2621,A-PACES,SUSTANTIVO,"En abundancia, de manera desahogada o en gran cantidad. (RAE)",NO,1 seña,SI,SI,NO,1 seña,Semi-simétrica (tipo II),J,,,,,02621_apaces.mp4
FENASCOL III,LSC1,2622,PEGANTE (BOXER),SUSTANTIVO,Adhesivo sintético de contacto de uso industrial y zapatero (bóxer). (Generada Gemini),SI,2 señas,SI,SI,SI,2 señas,Compuestas (tipo C),Ta,Tb,O,,,02622_pegantebox.mp4
FENASCOL III,LSC0,2623,PENSAR MAL DE ALGO O ALGUIEN,VERBO,"Desconfiar, sospechar o atribuir malas intenciones a alguien. (RAE)",SI,2 señas,NO,SI,SI,2 señas,Unimanual en contacto (tipo X),P,Bl,,,,02623_pensarmald.mp4
FENASCOL III,LSC1,2624,PEPINO COHOMBRO,SUSTANTIVO,Hortaliza cilíndrica alargada de pulpa acuosa y piel verde (pepino). (RAE),SI,2 señas,NO,SI,SI,2 señas,Compuestas (tipo C),,,,,,02624_pepinocoho.mp4
FENASCOL III,LSC1,2625,PESTAÑINA,SUSTANTIVO,"Cosmético empleado para maquillar, oscurecer y alargar las pestañas (rímel). (RAE)",NO,1 seña,NO,SI,NO,1 seña,Unimanual (tipo 0),P,,,,,02625_pestañina.mp4
FENASCOL III,LSC1,2626,PIMIENTA,SUSTANTIVO,Especie picante obtenida de los frutos del pimentero. (RAE),NO,1 seña,NO,SI,NO,1 seña,Asimétrica (tipo III),O,G,,,,02626_pimienta.mp4
FENASCOL III,LSC1,2627,PIRAÑA,SUSTANTIVO,Pez carnívoro de agua dulce de los ríos de Sudamérica con dientes afilados. (RAE),SI,2 señas,NO,SI,SI,2 señas,Asimétrica (tipo III),Be,C,O,,,02627_piraña.mp4
FENASCOL III,LSC1,2628,PISO,SUSTANTIVO,Superficie inferior de una habitación o suelo de un edificio. (RAE),NO,1 seña,NO,SI,NO,1 seña,Unimanual (tipo 0),Bl,,,,,02628_piso.mp4
FENASCOL III,LSC1,2629,PLATO DESHECHABLE,SUSTANTIVO,Vajilla ligera de un solo uso fabricada en cartón o plástico. (RAE),SI,2 señas,NO,SI,SI,2 señas,Simétrica (tipo I),Xc,Xf,,,,02629_platodesec.mp4
FENASCOL III,LSC1,2630,PLAZO-CORTE,SUSTANTIVO,Fecha límite o término establecido para finalizar un plazo o pago. (RAE),NO,1 seña,SI,SI,NO,1 seña,Asimétrica (tipo III),Qf,Bl,,,,02630_plazocorte.mp4
FENASCOL III,LSC1,2631,PLAZO-CUOTAS,SUSTANTIVO,Fraccionamiento de un pago total en partes periódicas. (RAE),NO,1 seña,SI,SI,NO,1 seña,Unimanual (tipo 0),Xt,,,,,02631_plazocuota.mp4
FENASCOL III,LSC1,2632,PLOMADA,SUSTANTIVO,Pesa de plomo suspendida de una cuerda para comprobar la verticalidad. (RAE),SI,2 señas,SI,SI,SI,2 señas,Compuestas (tipo C),Okp,C,,,,02632_plomada.mp4
FENASCOL III,LSC0,2633,POBRECITO,ADJETIVO,Expresión de compasión o afecto hacia alguien en situación desfavorable. (RAE),NO,1 seña,SI,SI,NO,1 seña,Unimanual en contacto (tipo X),N,,,,,02633_pobrecito.mp4
FENASCOL III,LSC1,2634,PODADORA DE ÁRBOLES,SUSTANTIVO,Herramienta o máquina destinada al corte y poda de ramas de árboles. (RAE),NO,1 seña,SI,SI,NO,1 seña,Simétrica (tipo I),S,,,,,02634_podadorade.mp4
FENASCOL III,LSC1,2635,PODADORA DE CÉSPED,SUSTANTIVO,Máquina empleada para cortar de forma uniforme el pasto o césped. (RAE),SI,2 señas,SI,SI,SI,2 señas,Compuestas (tipo C),P,S,,,,02635_podadorade.mp4
FENASCOL III,LSC1,2636,POLVO PARA EL CUERPO,SUSTANTIVO,Talco o polvo cosmético perfumado para la higiene corporal. (RAE),NO,1 seña,SI,SI,NO,1 seña,Unimanual (tipo 0),C,,,,,02636_polvoparae.mp4
FENASCOL III,LSC1,2637,PONY MALTA,SUSTANTIVO,Bebida colombiana no alcohólica a base de malta de cebada. (Generada Gemini),SI,2 señas,SI,SI,SI,2 señas,Asimétrica (tipo III),Y,H,Za,,,02637_ponymalta.mp4
FENASCOL III,LSC1,2638,PORCENTAJE,SUSTANTIVO,Cantidad o proporción representada en tanto por ciento. (RAE),NO,1 seña,NO,SI,NO,1 seña,Unimanual (tipo 0),Ok,,,,,02638_porcentaje.mp4
FENASCOL III,LSC1,2639,POSGRADO,SUSTANTIVO,Estudios universitarios posteriores al título de grado o licenciatura. (RAE),NO,1 seña,SI,SI,NO,1 seña,Simétrica (tipo I),L,,,,,02639_posgrado.mp4
FENASCOL III,LSC1,2640,POSTRE,SUSTANTIVO,Plato dulce que se toma al final de la comida. (RAE),SI,2 señas,NO,SI,SI,2 señas,Asimétrica (tipo III),H,Bl,C,,,02640_postre.mp4
FENASCOL III,LSC0,2641,ME-PRESTAS,VERBO,Solicitud directa para que el interlocutor ceda temporalmente un objeto. (Generada Gemini),NO,1 seña,NO,SI,NO,1 seña,Simétrica (tipo I),Za,,,,,02641_meprestas.mp4
FENASCOL III,LSC0,2642,TE-PRESTO,VERBO,Ofrecimiento de ceder temporalmente un objeto o bien al interlocutor. (Generada Gemini),NO,1 seña,NO,SI,NO,1 seña,Simétrica (tipo I),Za,,,,,02642_tepresto.mp4
FENASCOL III,LSC0,2643,LE-PRESTAS,VERBO,Acción de ceder temporalmente un objeto a un tercero. (Generada Gemini),NO,1 seña,NO,SI,NO,1 seña,Simétrica (tipo I),Za,,,,,02643_leprestas.mp4
FENASCOL III,LSC1,2644,PROCESO,SUSTANTIVO,Conjunto de fases sucesivas de un fenómeno o trámite operativo. (RAE),NO,1 seña,NO,SI,NO,1 seña,Semi-simétrica (tipo II),Bl,,,,,02644_proceso.mp4
FENASCOL III,LSC1,2645,PROMOCIÓN,SUSTANTIVO,"Acción de promover, impulsar un producto, o ascenso de categoría. (RAE)",SI,2 señas,SI,SI,SI,2 señas,Compuestas (tipo C),Xf,Bl,Bc,,,02645_promocion.mp4
FENASCOL III,LSC1,2646,PROPAGANDA,SUSTANTIVO,Difusión de ideas o publicidad comercial para influir en el público. (RAE),NO,1 seña,SI,SI,NO,1 seña,Simétrica (tipo I),Xf,,,,,02646_propaganda.mp4
FENASCOL III,LSC0,2647,PROBAR,VERBO,Hacer prueba o examinar las cualidades de algo. (RAE),NO,1 seña,NO,SI,NO,1 seña,Unimanual (tipo 0),Bl,,,,,02647_probar.mp4
FENASCOL III,LSC1,2648,PÚBLICO 1,VERBO,Conjunto de personas reunidas en un lugar o destinatarias de un servicio. (RAE),NO,1 seña,SI,SI,NO,1 seña,Simétrica (tipo I),K,,,,,02648_publico1.mp4
UEB,LSC1,2649,PÚBLICO 2,VERBO,Variante de seña para colectividad o audiencia pública. (Generada Gemini),NO,1 seña,SI,SI,NO,1 seña,Simétrica (tipo I),Qe,J,,,,02649_publico2.mp4
FENASCOL III,LSC1,2650,PUERTO,SUSTANTIVO,Lugar en la costa o ribera acondicionado para el atracaje de embarcaciones. (RAE),NO,1 seña,SI,SI,NO,1 seña,Simétrica (tipo I),B,,,,,02650_puerto.mp4
FENASCOL III,LSC1,2651,PUNTILLA,SUSTANTIVO,Clavo pequeño de cabeza plana usado en carpintería y construcción. (RAE),SI,2 señas,NO,SI,SI,2 señas,Asimétrica (tipo III),,Xt,Pc,,,02651_puntilla.mp4
FENASCOL III,LSC0,2652,QUEDARSE SORDO,SUSTANTIVO,Pérdida sobrevenida o total de la capacidad auditiva. (Generada Gemini),NO,1 seña,NO,SI,NO,1 seña,Simétrica (tipo I),J,Qe,,,,02652_quedarseso.mp4
FENASCOL III,LSC0,2653,QUEJA 1,SUSTANTIVO,"Expresión de dolor, disgusto, inconformidad o pena. (RAE)",NO,1 seña,SI,SI,NO,1 seña,Unimanual en contacto (tipo X),Gl,,,,,02653_queja1.mp4
UEB,LSC0,2654,QUEJA 2,SUSTANTIVO,Variante de seña para manifestación de queja o reclamo. (Generada Gemini),NO,1 seña,SI,SI,NO,1 seña,Unimanual en contacto (tipo X),Ok,,,,,02654_queja2.mp4
FENASCOL III,LSC1,2655,RECIBO,SUSTANTIVO,"Documento en que se attesta o declara haber recibido dinero, mercancías o documentos. (RAE)",SI,2 señas,SI,SI,SI,2 señas,Compuestas (tipo C),L,Pc,Bl,Ql,,02655_recibo.mp4
FENASCOL III,LSC1,2656,PLÁSTICO 2,SUSTANTIVO,Variante morfológica o de seña para material plástico. (Generada Gemini),NO,1 seña,NO,SI,NO,1 seña,Semi-simétrica (tipo II),Ob,,,,,02656_plastico2.mp4
FENASCOL III,LSC1,2657,RECTOR,SUSTANTIVO,Persona que dirige y gobierna una universidad o centro educativo superior. (RAE),NO,1 seña,NO,SI,NO,1 seña,Asimétrica (tipo III),Bl,A,,,,02657_rector.mp4
FENASCOL III,LSC1,2658,REFAJO,SUSTANTIVO,Bebida colombiana tradicional elaborada con cerveza y gaseosa de kola. (RAE),NO,1 seña,NO,SI,NO,1 seña,Simétrica (tipo I),A,,,,,02658_refajo.mp4
FENASCOL III,LSC1,2659,REFRIGERIO,SUSTANTIVO,Comida ligera que se toma para reparar las fuerzas. (RAE),SI,2 señas,NO,SI,SI,2 señas,Asimétrica (tipo III),Y,Qe,,,,02659_refrigerio.mp4
FENASCOL III,LSC1,2660,REMOLINO-AGUA,SUSTANTIVO,Movimiento giratorio rápido de las aguas en remolino o vórtice. (RAE),NO,1 seña,NO,SI,NO,1 seña,Unimanual (tipo 0),P,,,,,02660_remolinoag.mp4
FENASCOL III,LSC1,2661,REMOLINO-VIENTO,SUSTANTIVO,Torbellino o corriente de aire en forma de espiral. (RAE),NO,1 seña,NO,SI,NO,1 seña,Simétrica (tipo I),P,,,,,02661_remolinovi.mp4
FENASCOL III,LSC1,2662,REPARTIR-HOJAS,VERBO,Acción de distribuir o repartir pliegues u hojas de papel. (Generada Gemini),NO,1 seña,NO,SI,NO,1 seña,Semi-simétrica (tipo II),Xt,,,,,02662_repartirho.mp4
FENASCOL III,LSC1,2663,PELO-RIZADO,SUSTANTIVO,Cabello que presenta rizos u ondas pronunciadas. (Generada Gemini),NO,1 seña,NO,SI,NO,1 seña,Simétrica (tipo I),P,,,,,02663_pelorizado.mp4
FENASCOL III,LSC1,2664,RON,SUSTANTIVO,Bebida alcohólica destilada que se obtiene a partir de la caña de azúcar. (RAE),NO,1 seña,SI,SI,NO,1 seña,Unimanual en contacto (tipo X),Hl,,,,,02664_ron.mp4
FENASCOL III,LSC1,2665,SALA DE VELACIÓN,SUSTANTIVO,Establecimiento o recinto acondicionado para velar a los difuntos antes de su sepultura. (RAE),SI,2 señas,NO,SI,SI,2 señas,Simétrica (tipo I),B,P,,,,02665_saladevela.mp4
FENASCOL III,LSC1,2666,SALDO,SUSTANTIVO,"Diferencia entre el debe y el haber en una cuenta, o remanente. (RAE)",SI,2 señas,NO,SI,SI,2 señas,Asimétrica (tipo III),Qe,Y,,,,02666_saldo.mp4
FENASCOL III,LSC1,2667,SALSA,SUSTANTIVO,Preparación culinaria líquida o espesa para acompañar alimentos / Género musical caribeño. (RAE),NO,1 seña,NO,SI,NO,1 seña,Semi-simétrica (tipo II),Bl,C,,,,02667_salsa.mp4
FENASCOL III,LSC1,2668,SANCOCHO,SUSTANTIVO,"Sopa tradicional colombiana a base de carnes, plátano, yuca y mazorca. (RAE)",SI,2 señas,NO,SI,SI,2 señas,Semi-simétrica (tipo II),Bl,O,C,,,02668_sancocho.mp4
FENASCOL III,LSC1,2669,SECUESTRO,VERBO,Acción de retener ilegalmente a una persona para exigir rescate. (RAE),SI,2 señas,NO,SI,SI,2 señas,Semi-simétrica (tipo II),Ql,,,,,02669_secuestro.mp4
FENASCOL III,LSC1,2670,SELLO,SUSTANTIVO,Timbre o cuño empleado para estampar marcas oficiales en documentos. (RAE),NO,1 seña,NO,SI,NO,1 seña,Asimétrica (tipo III),Bl,S,,,,02670_sello.mp4
FENASCOL III,LSC0,2671,APROPIADO,ADJETIVO,"Adecuado, oportuno o conveniente para un fin. (RAE)",NO,1 seña,SI,SI,NO,1 seña,Semi-simétrica (tipo II),N,,,,,02671_apropiado.mp4
FENASCOL III,LSC0,2672,SER CONVINCENTE DE PALABRA,ADJETIVO,Facultad de persuadir o convencer mediante argumentos orales eficaces. (Generada Gemini),SI,2 señas,SI,SI,SI,2 señas,Compuestas (tipo C),P,Ok,,,,02672_serconvinc.mp4
FENASCOL III,LSC1,2673,SERVICIOS,SUSTANTIVO,Prestaciones de utilidad pública o servicios básicos domiciliarios. (RAE),NO,1 seña,SI,SI,NO,1 seña,Semi-simétrica (tipo II),Bl,,,,,02673_servicios.mp4
FENASCOL III,LSC1,2674,SIERRA ELÉCTRICA,SUSTANTIVO,Máquina cortadora provista de hoja dentada impulsada por un motor eléctrico. (RAE),SI,2 señas,SI,SI,SI,2 señas,Semi-simétrica (tipo II),S,,,,,02674_sierraelec.mp4
FENASCOL III,LSC1,2675,SERRUCHO,SUSTANTIVO,Herramienta manual de corte provista de una hoja dentada metálica. (RAE),NO,1 seña,NO,SI,NO,1 seña,Semi-simétrica (tipo II),B,,,,,02675_serrucho.mp4
FENASCOL III,LSC0,2676,SIN NADA QUE HACER-ILY,VERBO,Expresión gestual o dactilológica (I Love You) de inactividad o tiempo libre. (Generada Gemini),NO,1 seña,SI,SI,NO,1 seña,Unimanual (tipo 0),Ul,,,,,02676_sinnadaque.mp4
FENASCOL III,LSC1,2677,SUICIDIO 1,VERBO,Acción de quitarse voluntariamente la propia vida. (RAE),SI,2 señas,SI,SI,SI,2 señas,Compuestas (tipo C),A,Al,S,,,02677_suicidio1.mp4
FENASCOL III,LSC1,2678,SUICIDIO 2,VERBO,Variante de seña para la acción autolítica o suicidio. (Generada Gemini),SI,2 señas,SI,SI,SI,2 señas,Compuestas (tipo C),A,P,Xe,,,02678_suicidio2.mp4
FENASCOL III,LSC1,2679,SUICIDIO 3,VERBO,Variante morfológica complementaria para suicidio. (Generada Gemini),SI,2 señas,SI,SI,SI,2 señas,Unimanual en contacto (tipo X),A,P,,,,02679_suicidio3.mp4
FENASCOL III,LSC0,2680,SUMISO-CALLADO,ADJETIVO,"Persona obediente, silenciosa y de carácter sumiso. (RAE)",SI,2 señas,SI,SI,SI,2 señas,Asimétrica (tipo III),P,C,B,,,02680_sumisocall.mp4
UEB,LSC0,2681,SUMISO-OREJAS,ADJETIVO,Variante gestual corporal para denotar suma obediencia o docilidad. (Generada Gemini),NO,1 seña,SI,SI,NO,1 seña,Simétrica (tipo I),V,Z,,,,02681_sumisoorej.mp4
FENASCOL III,LSC0,2682,SUSTO-PUÑO,SUSTANTIVO,Impresión repentina de miedo manifestada con gesto en el puño. (Generada Gemini),NO,1 seña,NO,SI,NO,1 seña,Unimanual en contacto (tipo X),S,,,,,02682_sustopuño.mp4
FENASCOL III,LSC1,2683,BAR,SUSTANTIVO,Establecimiento donde se sirven bebidas y aperitivos para consumir en el mismo lugar. (RAE),NO,1 seña,NO,SI,NO,1 seña,Asimétrica (tipo III),Be,A,,,,02683_bar.mp4
FENASCOL III,LSC1,2684,TAMAL 1,SUSTANTIVO,Plato tradicional de masa de maíz rellena de carnes y envuelta en hojas. (RAE),NO,1 seña,NO,SI,NO,1 seña,Asimétrica (tipo III),Jc,S,,,,02684_tamal1.mp4
FENASCOL III,LSC1,2685,TAMAL 2,SUSTANTIVO,Variante de seña para el tamal tradicional. (Generada Gemini),NO,1 seña,NO,SI,NO,1 seña,Semi-simétrica (tipo II),B,,,,,02685_tamal2.mp4
FENASCOL III,LSC1,2686,TAMARINDO,SUSTANTIVO,Árbol tropical y su fruto de pulpa ácida comestible. (RAE),NO,1 seña,NO,SI,NO,1 seña,Simétrica (tipo I),Pa,Pc,,,,02686_tamarindo.mp4
FENASCOL III,LSC1,2687,TAMPÓN,SUSTANTIVO,Cuerpo cilíndrico de material absorbente para uso higiénico femenino. (RAE),NO,1 seña,NO,SI,NO,1 seña,Unimanual (tipo 0),P,,,,,02687_tampon.mp4
FENASCOL III,LSC1,2688,TARJETA DE CRÉDITO,SUSTANTIVO,Documento plástico emitido por un banco para efectuar pagos a crédito. (RAE),SI,2 señas,SI,SI,SI,2 señas,Asimétrica (tipo III),Xc,Bl,S,,,02688_tarjetadec.mp4
FENASCOL III,LSC1,2689,TARJETA DE DÉBITO,SUSTANTIVO,Tarjeta bancaria vinculada a una cuenta para pagos con fondos propios. (RAE),SI,2 señas,SI,SI,SI,2 señas,Asimétrica (tipo III),Xc,Xt,,,,02689_tarjetaded.mp4
FENASCOL III,LSC1,2690,TEATRO,SUSTANTIVO,Edificio o lugar destinado a la representación de obras dramáticas y espectáculos. (RAE),NO,1 seña,NO,SI,NO,1 seña,Semi-simétrica (tipo II),J,,,,,02690_teatro.mp4
FENASCOL III,LSC1,2691,TECHO,SUSTANTIVO,Parte superior que cubre y resguarda el interior de una edificación. (RAE),NO,1 seña,NO,SI,NO,1 seña,Unimanual (tipo 0),Qf,,,,,02691_techo.mp4
FENASCOL III,LSC1,2692,TECNOLOGIA,SUSTANTIVO,Conjunto de teorías y de técnicas que permiten el aprovechamiento práctico del conocimiento científico. (RAE),NO,1 seña,SI,SI,NO,1 seña,Asimétrica (tipo III),Bl,V,,,,02692_tecnologia.mp4
FENASCOL III,LSC1,2693,TENER DOS CARAS 1,ADJETIVO,"Persona hipócrita, falsa o que actúa con doblez según le convenga. (RAE)",NO,1 seña,SI,SI,NO,1 seña,Unimanual (tipo 0),Jc,,,,,02693_tenerdosca.mp4
FENASCOL III,LSC1,2694,TENER DOS CARAS 2,ADJETIVO,Variante de seña para la falsedad o doble faz personal. (Generada Gemini),SI,2 señas,SI,SI,SI,2 señas,Unimanual (tipo 0),P,V,,,,02694_tenerdosca.mp4
FENASCOL III,LSC1,2695,TERMO,SUSTANTIVO,Recipiente de doble pared con vacío intermedio para conservar la temperatura de líquidos. (RAE),SI,2 señas,NO,SI,SI,2 señas,Compuestas (tipo C),C,Gl,,,,02695_termo.mp4
FENASCOL III,LSC1,2696,TERNERO,SUSTANTIVO,Cría de la vaca que aún no ha cumplido un año. (RAE),SI,2 señas,NO,SI,SI,2 señas,Compuestas (tipo C),L,Bl,,,,02696_ternero.mp4
UEB,LSC1,2697,TESTIGO,SUSTANTIVO,Persona que presencia o da fe de un acontecimiento o hecho. (RAE),NO,1 seña,NO,SI,NO,1 seña,Unimanual (tipo 0),T,,,,,02697_testigo.mp4
UEB,LSC1,2698,TESTIMONIO,SUSTANTIVO,Declaración que hace un testigo para probar un hecho. (RAE),NO,1 seña,NO,SI,NO,1 seña,Compuestas (tipo C),T,J,,,,02698_testimonio.mp4
UEB,LSC0,2699,TETERO,SUSTANTIVO,Biberón; recipiente con tetina para alimentar a los lactantes (tetero). (RAE),NO,1 seña,NO,SI,NO,1 seña,Unimanual en contacto (tipo X),A,,,,,02699_tetero.mp4
UEB,LSC1,2700,TINA,SUSTANTIVO,Recipiente grande o bañera para asearse o contener líquidos. (RAE),SI,2 señas,SI,SI,SI,2 señas,Compuestas (tipo C),P,Bl,J,,,02700_tina.mp4
UEB,LSC1,2701,TONTO-OREJA,SUSTANTIVO,Calificativo despectivo coloquial de necedad o escaso entendimiento. (RAE),NO,1 seña,SI,SI,NO,1 seña,Unimanual en contacto (tipo X),Bl,,,,,02701_tontooreja.mp4
UEB,LSC1,2702,TORMENTA,SUSTANTIVO,"Perturbación atmosférica violenta con lluvia, viento y rayos. (RAE)",SI,2 señas,NO,SI,SI,2 señas,Compuestas (tipo C),Gl,P,,,,02702_tormenta.mp4
UEB,LSC1,2703,TORNILLO,SUSTANTIVO,Pieza metálica cilíndrica con rosca y cabeza para sujetar objetos. (RAE),NO,1 seña,NO,SI,NO,1 seña,Asimétrica (tipo III),S,P,,,,02703_tornillo.mp4
UEB,LSC1,2704,TOTAL 1,SUSTANTIVO,"Suma entera, completo o globalidad de algo. (RAE)",NO,1 seña,SI,SI,NO,1 seña,Semi-simétrica (tipo II),Pc,,,,,02704_total1.mp4
UEB,LSC1,2705,TOTAL 2,SUSTANTIVO,Variante de seña para totalidad o resultado final. (Generada Gemini),NO,1 seña,SI,SI,NO,1 seña,Simétrica (tipo I),Pc,,,,,02705_total2.mp4
UEB,LSC1,2706,TRANSPORTADOR-MAT,SUSTANTIVO,Instrumento geométrico en forma de semicírculo para medir ángulos. (RAE),NO,1 seña,SI,SI,NO,1 seña,Asimétrica (tipo III),P,Tc,,,,02706_transporta.mp4
UEB,LSC1,2707,PIEL-TRIGUEÑA,ADJETIVO,"Tono de piel de color canela, tostado o moreno claro. (RAE)",SI,2 señas,NO,SI,SI,2 señas,Semi-simétrica (tipo II),S,N,,,,02707_pieltrigue.mp4
UEB,LSC1,2708,TUBO,SUSTANTIVO,Pieza hueca cilíndrica abierta por uno o ambos extremos para conducir fluidos. (RAE),SI,1 seña,SI,SI,SI,1 seña,Simétrica (tipo I),Xc,,,,,02708_tubo.mp4
UEB,LSC1,2709,TUERCA,SUSTANTIVO,Pieza metálica con un orificio roscado que se ajusta a un tornillo. (RAE),NO,1 seña,NO,SI,NO,1 seña,Asimétrica (tipo III),P,Xc,,,,02709_tuerca.mp4
UEB,LSC0,2710,SERVIR-VALIDO,VERBO,"Ser útil, idóneo o prestar utilidad para un propósito. (RAE)",NO,1 seña,SI,SI,NO,1 seña,Simétrica (tipo I),Bl,,,,,02710_servirvali.mp4
UEB,LSC0,2711,VAMOS A VER,VERBO,"Expresión para indicar expectativa, duda o aplazamiento de un juicio. (RAE)",SI,2 señas,SI,SI,SI,2 señas,Compuestas (tipo C),P,J,,,,02711_vamosaver.mp4
UEB,LSC1,2712,VARIEDAD,SUSTANTIVO,"Diferencia, pluralidad o conjunto de cosas diversas. (RAE)",NO,1 seña,NO,SI,NO,1 seña,Simétrica (tipo I),X,Xe,,,,02712_variedad.mp4
UEB,LSC1,2713,VASO DESECHABLE,SUSTANTIVO,Recipiente de un solo uso para beber líquidos. (RAE),SI,2 señas,NO,SI,SI,2 señas,Asimétrica (tipo III),Bl,C,S,,,02713_vasodesech.mp4
UEB,LSC1,2714,VELOZ,ADJETIVO,Que se mueve o marcha con gran rapidez. (RAE),NO,1 seña,SI,SI,NO,1 seña,Semi-simétrica (tipo II),J,,,,,02714_veloz.mp4
UEB,LSC1,2715,VIDRIO,SUSTANTIVO,"Material duro, frágil y transparente obtenido por fusión de arena de sílice. (RAE)",SI,1 seña,NO,SI,SI,1 seña,Unimanual en contacto (tipo X),X,J,,,,02715_vidrio.mp4
UEB,LSC1,2716,VODKA,SUSTANTIVO,"Bebida alcohólica destilada de alta graduación, originaria de Europa oriental. (RAE)",NO,1 seña,SI,SI,NO,1 seña,Unimanual en contacto (tipo X),V,,,,,02716_vodka.mp4
UEB,LSC1,2717,WHISKY,SUSTANTIVO,Bebida alcohólica destilada a partir de la fermentación de granos de cebada u otros cereales. (RAE),NO,1 seña,NO,SI,NO,1 seña,Unimanual (tipo 0),W,,,,,02717_whisky.mp4
UEB,LSC0,2718,YA NO,ADVERBIO,Expresión temporal que denota cese o interrupción de una situación pasada. (RAE),NO,1 seña,SI,SI,NO,1 seña,Semi-simétrica (tipo II),Okf,,,,,02718_yano.mp4
UEB,LSC0,2719,YA PASO,ADJETIVO,"Expresión que indica que un suceso, dificultad o tiempo adversos han concluido. (RAE)",NO,1 seña,SI,SI,NO,1 seña,Unimanual en contacto (tipo X),Bl,,,,,02719_yapaso.mp4
UEB,LSC1,2720,ZAPATERÍA,SUSTANTIVO,Establecimiento comercial donde se fabrican o venden zapatos. (RAE),SI,2 señas,NO,SI,SI,2 señas,Compuestas (tipo C),P,S,Xt,,,02720_zapateria.mp4
UEB,LSC1,2721,ZOOLÓGICO,SUSTANTIVO,Parque o institución donde se exhiben animales vivos al público. (RAE),SI,2 señas,NO,SI,SI,2 señas,Simétrica (tipo I),P,Gl,,,,02721_zoologico.mp4
UEB,LSC0,2722,ABARCAR 1,VERBO,"Rodear con los brazos, incluir o comprender varias cosas. (RAE)",NO,1 seña,SI,SI,NO,1 seña,Simétrica (tipo I),J,S,,,,02722_abarcar1.mp4
UEB,LSC0,2723,ABARCAR 2,VERBO,Variante de seña para comprender o abarcar un dominio. (Generada Gemini),NO,1 seña,SI,SI,NO,1 seña,Simétrica (tipo I),J,S,,,,02723_abarcar2.mp4
UEB,LSC0,2724,ABOFETEAR,VERBO,Dar bofetadas o golpes con la mano abierta en el rostro. (RAE),NO,1 seña,NO,SI,NO,1 seña,Unimanual en contacto (tipo X),Bl,,,,,02724_abofetear.mp4
UEB,LSC0,2725,ABONAR,VERBO,Pagar una cantidad debida / Echar abono a la tierra para fertilizarla. (RAE),NO,1 seña,SI,SI,NO,1 seña,Semi-simétrica (tipo II),Bl,,,,,02725_abonar.mp4
UEB,LSC0,2726,ABSORBER INHALAR,VERBO,Retener un líquido o sustancia por capilaridad o inspirar aire/gases. (RAE),NO,1 seña,SI,SI,NO,1 seña,Simétrica (tipo I),Jc,Qe,,,,02726_absorberin.mp4
UEB,LSC0,2727,ABUSAR ABUSO 1,VERBO,"Hacer uso excesivo, injusto o abusivo de algo o alguien. (RAE)",NO,1 seña,SI,SI,NO,1 seña,Asimétrica (tipo III),Bl,Vl,,,,02727_abusarabus.mp4
UEB,LSC0,2728,ABUSAR ABUSO 2,VERBO,Variante de seña para el abuso o extralimitación de poder. (Generada Gemini),NO,1 seña,SI,SI,NO,1 seña,Unimanual en contacto (tipo X),A,,,,,02728_abusarabus.mp4
UEB,LSC1,2729,ACERCAR (PERSONAS),VERBO,Propiciar la proximidad física o el acercamiento afectivo entre personas. (RAE),NO,1 seña,SI,SI,NO,1 seña,Simétrica (tipo I),Bl,,,,,02729_acercarper.mp4
UEB,LSC1,2730,ACERCAR (COSAS),VERBO,Poner un objeto más cerca de otro en el espacio. (RAE),NO,1 seña,SI,SI,NO,1 seña,Simétrica (tipo I),Bl,,,,,02730_acercarcos.mp4
UEB,LSC0,2731,ACERTAR 1,VERBO,"Dar en el blanco, adivinar o resolver acertadamente algo. (RAE)",NO,1 seña,SI,SI,NO,1 seña,Unimanual (tipo 0),Ok,J,,,,02731_acertar1.mp4
UEB,LSC0,2732,ACERTAR 2,VERBO,Variante de seña para dar con la respuesta correcta o acertar. (Generada Gemini),NO,1 seña,SI,SI,NO,1 seña,Semi-simétrica (tipo II),P,,,,,02732_acertar2.mp4
UEB,LSC0,2733,ACLAMAR,VERBO,Dar voces de alabanza o aprobación en favor de alguien. (RAE),SI,2 señas,SI,SI,SI,2 señas,Simétrica (tipo I),J,,,,,02733_aclamar.mp4
UEB,LSC1,2734,ACOMODAR,VERBO,"Ajustar, colocar o adaptar algo de modo conveniente. (RAE)",NO,1 seña,SI,SI,NO,1 seña,Semi-simétrica (tipo II),Gl,,,,,02734_acomodar.mp4
UEB,LSC0,2735,ACOSAR 1,VERBO,"Perseguir con insistencia y sin tregua a alguien, o importunarlo. (RAE)",NO,1 seña,SI,SI,NO,1 seña,Simétrica (tipo I),A,,,,,02735_acosar1.mp4
UEB,LSC0,2736,ACOSAR 2,VERBO,Variante de seña para el hostigamiento o acoso. (Generada Gemini),NO,1 seña,SI,SI,NO,1 seña,Semi-simétrica (tipo II),J,,,,,02736_acosar2.mp4
UEB,LSC0,2737,ACOSAR,VERBO,"Perseguir, hostigar o cercar agobiantemente a una persona. (RAE)",SI,2 señas,SI,SI,SI,2 señas,Asimétrica (tipo III),Bl,P,,,,02737_acosar.mp4
UEB,LSC1,2738,ACUNAR MECER (EN BRAZOS),VERBO,Mecer a un infante en los brazos para inducirle el sueño. (Generada Gemini),NO,1 seña,NO,SI,NO,1 seña,Simétrica (tipo I),Qf,,,,,02738_acunarmece.mp4
UEB,LSC1,2739,ACUNAR MECER (EN CUNA),VERBO,Mecer el lecho o cuna de un niño para calmarlo. (Generada Gemini),NO,1 seña,SI,SI,NO,1 seña,Simétrica (tipo I),S,,,,,02739_acunarmece.mp4
UEB,LSC0,2740,ACURRUCAR ENCOGER AGACHAR,VERBO,"Encoger el cuerpo contraído por frío, miedo o búsqueda de refugio. (RAE)",NO,1 seña,NO,SI,NO,1 seña,Asimétrica (tipo III),Bl,V,XX,,,02740_acurrucare.mp4
UEB,LSC0,2741,ADAPTAR ADAPTACIÓN 1,VERBO,"Acomodar, ajustar o modificar algo para que sea apto en otro uso o entorno. (RAE)",NO,1 seña,SI,SI,NO,1 seña,Asimétrica (tipo III),Ea,Qe,C,Qe,,02741_adaptarada.mp4
UEB,LSC0,2742,ADAPTAR ADAPTACIÓN 2,VERBO,Variante de seña para la adaptación o acomodación a un contexto. (Generada Gemini),NO,1 seña,SI,SI,NO,1 seña,Simétrica (tipo I),J,,,,,02742_adaptarada.mp4
UEB,LSC1,2743,ADELANTAR,VERBO,Hacer avanzar algo o ponerlo delante de su posición previa. (RAE),NO,1 seña,SI,SI,NO,1 seña,Unimanual (tipo 0),Bl,,,,,02743_adelantar.mp4
UEB,LSC0,2744,ADIESTRAR INSTRUIR,VERBO,"Enseñar, entrenar o instruir a alguien en un arte, oficio o habilidad. (RAE)",NO,1 seña,SI,SI,NO,1 seña,Simétrica (tipo I),Qe,,,,,02744_adiestrari.mp4
UEB,LSC0,2745,ADJUNTAR-CLIP ,VERBO,Añadir un archivo o documento digital empleando el icono de clip. (Generada Gemini),NO,1 seña,SI,SI,NO,1 seña,Asimétrica (tipo III),Be,Z,,,,02745_adjuntarcl.mp4
UEB,LSC0,2746,ANEXAR-HOJA,VERBO,Agregar o adjuntar un pliego u hoja de papel a un expediente. (Generada Gemini),NO,1 seña,NO,SI,NO,1 seña,Semi-simétrica (tipo II),B,,,,,02746_anexarhoja.mp4
UEB,LSC0,2747,ADMIRAR 1,VERBO,"Contemplar con agrado, sorpresa o consideración excepcional. (RAE)",NO,1 seña,SI,SI,NO,1 seña,Unimanual en contacto (tipo X),J,,,,,02747_admirar1.mp4
UEB,LSC1,2748,ADMIRAR 2,VERBO,Variante de seña para la admiración o asombro estético. (Generada Gemini),NO,1 seña,SI,SI,NO,1 seña,Unimanual en contacto (tipo X),Bl,,,,,02748_admirar2.mp4
UEB,LSC0,2749,ADMITIR ADMISIÓN,VERBO,"Dar entrada o aceptar a alguien en una institución, curso o empleo. (RAE)",SI,2 señas,SI,SI,SI,2 señas,Compuestas (tipo C),S,Bl,Be,,,02749_admitiradm.mp4
UEB,LSC0,2750,ADOBAR,VERBO,Sazonar carnes u otros alimentos con condimentos o especias. (RAE),SI,2 señas,SI,SI,SI,2 señas,Compuestas (tipo C),C,Bl,C,,,02750_adobar.mp4
UEB,LSC0,2751,ADOPTAR ADOPTIVO,VERBO,Recibir legalmente por hijo a quien no lo es biológicamente. (RAE),NO,1 seña,SI,SI,NO,1 seña,Simétrica (tipo I),J,S,,,,02751_adoptarado.mp4
UEB,LSC0,2752,ADORAR,VERBO,Reverenciar con suma devoción a un ser divino o profesar gran amor. (RAE),NO,1 seña,NO,SI,NO,1 seña,Simétrica (tipo I),B,,,,,02752_adorar.mp4
UEB,LSC0,2753,ADORMILAR,VERBO,Causar o sentir ligera somnolencia o sopor. (RAE),NO,1 seña,NO,SI,NO,1 seña,Unimanual en contacto (tipo X),Pa,Pc,,,,02753_adormilar.mp4
UEB,LSC0,2754,ADORNAR ADORNO,VERBO, embellecer algo añadiéndole elementos decorativos. (RAE),NO,1 seña,SI,SI,NO,1 seña,Simétrica (tipo I),Qe,J,,,,02754_adornarado.mp4
UEB,LSC0,2755,AFRONTAR,VERBO,"Hacer frente a un peligro, problema o situación adversa. (RAE)",NO,1 seña,SI,SI,NO,1 seña,Simétrica (tipo I),Bl,,,,,02755_afrontar.mp4
UEB,LSC1,2756,AGARRAR,VERBO,Asir o prender con fuerza a alguien o algo con las manos. (RAE),NO,1 seña,NO,SI,NO,1 seña,Asimétrica (tipo III),J,S,,,,02756_agarrar.mp4
UEB,LSC0,2757,AGOTAR 1,VERBO,"Consumir por completo una provisión, recurso o paciencia. (RAE)",NO,1 seña,SI,SI,NO,1 seña,Semi-simétrica (tipo II),J,,,,,02757_agotar1.mp4
UEB,LSC0,2758,AGOTAR 2,VERBO,Variante de seña para cansancio extremo o agotamiento de existencias. (Generada Gemini),NO,1 seña,SI,SI,NO,1 seña,Simétrica (tipo I),J,S,,,,02758_agotar2.mp4
UEB,LSC0,2759,AJUSTAR,VERBO,Hacer concordar o encajar exactamente una pieza o acuerdo con otro. (RAE),NO,1 seña,SI,SI,NO,1 seña,Semi-simétrica (tipo II),J,,,,,02759_ajustar.mp4
UEB,LSC0,2760,ALCANZAR,VERBO,"Llegar a tocar, golpear, igualar o alcanzar una meta u objeto. (RAE)",NO,1 seña,SI,SI,NO,1 seña,Unimanual (tipo 0),J,S,,,,02760_alcanzar.mp4
UEB,LSC0,2761,ALCANZAR (ALGO),VERBO,Llegar a tomar o tocar un objeto situado a cierta distancia. (RAE),SI,2 señas,SI,SI,SI,2 señas,Compuestas (tipo C),P,C,O,,,02761_alcanzaral.mp4
UEB,LSC1,2762,ALCANZAR (A ALGUIEN),VERBO,Juntarse con alguien que va adelante o atraparle. (RAE),NO,1 seña,SI,SI,NO,1 seña,Semi-simétrica (tipo II),P,,,,,02762_alcanzaraa.mp4
UEB,LSC0,2763,ALCANZAR (EN PUNTAJES),VERBO,Igualar la puntuación o rendimiento de un competidor. (Generada Gemini),NO,1 seña,SI,SI,NO,1 seña,Semi-simétrica (tipo II),Ql,,,,,02763_alcanzaren.mp4
UEB,LSC1,2764,ALERTAR,VERBO,Avisar o prevenir a alguien sobre un peligro o riesgo inminente. (RAE),NO,1 seña,SI,SI,NO,1 seña,Unimanual en contacto (tipo X),P,,,,,02764_alertar.mp4
UEB,LSC0,2765,ALISAR,VERBO,"Dejar una superficie llana, lisa y sin arrugas ni asperezas. (RAE)",NO,1 seña,NO,SI,NO,1 seña,Semi-simétrica (tipo II),Bl,,,,,02765_alisar.mp4
UEB,LSC0,2766,ALIVIAR ALIVIADO,VERBO,"Disminuir la gravedad de una enfermedad, dolor o pena. (RAE)",NO,1 seña,NO,SI,NO,1 seña,Simétrica (tipo I),Qe,Af,,,,02766_aliviarali.mp4
UEB,LSC1,2767,ALOJAR ALOJAMIENTO,VERBO,"Dar hospedaje, aposento o morada a alguien. (RAE)",SI,2 señas,SI,SI,SI,2 señas,Compuestas (tipo C),B,C,Qe,,,02767_alojaraloj.mp4
UEB,LSC0,2768,ALTERNAR ALTERNARSE 1,VERBO,Sucederse alternativamente dos o más personas o cosas. (RAE),NO,1 seña,SI,SI,NO,1 seña,Simétrica (tipo I),P,,,,,02768_alternaral.mp4
UEB,LSC0,2769,ALTERNAR ALTERNARSE 2,VERBO,Variante de seña para el intercambio o alternancia sucesiva. (Generada Gemini),NO,1 seña,SI,SI,NO,1 seña,Semi-simétrica (tipo II),P,,,,,02769_alternaral.mp4
UEB,LSC0,2770,AMAÑAR,VERBO,"Aclimatar, habituar o amaestrarse en un lugar u oficio. (RAE / Regionalismo)",SI,2 señas,SI,SI,SI,2 señas,Simétrica (tipo I),Bl,Y,,,,02770_amañar.mp4
UEB,LSC1,2771,AMASAR,VERBO,Trabajar una mezcla de harina o masa con las manos para unificarla. (RAE),NO,1 seña,SI,SI,NO,1 seña,Simétrica (tipo I),Jc,S,,,,02771_amasar.mp4
UEB,LSC0,2772,AMONESTAR,VERBO,"Advertir, prevenir o reprender formalmente a alguien por su conducta. (RAE)",NO,1 seña,SI,SI,NO,1 seña,Compuestas (tipo C),P,P,,,,02772_amonestar.mp4
UEB,LSC1,2773,AMPUTAR,VERBO,Extirpar una extremidad del cuerpo mediante intervención quirúrgica. (RAE),SI,2 señas,NO,SI,SI,2 señas,Asimétrica (tipo III),B,V,,,,02773_amputar.mp4
UEB,LSC0,2774,ANULAR CANCELAR,VERBO,"Dejar sin efecto un documento, contrato, evento o disposición. (RAE)",NO,1 seña,SI,SI,NO,1 seña,Asimétrica (tipo III),B,P,,,,02774_anularcanc.mp4
UEB,LSC0,2775,APLAUDIR (OYENTES),VERBO,Golpear las manos repetidamente en señal de aprobación o regocijo. (RAE),NO,1 seña,NO,SI,NO,1 seña,Semi-simétrica (tipo II),Bl,,,,,02775_aplaudiroy.mp4
UEB,LSC0,2776,APLAUDIR (SORDOS),VERBO,Agitar las manos en alto con los dedos abiertos como señal de aplauso visual en la comunidad sorda. (Generada Gemini),NO,1 seña,NO,SI,NO,1 seña,Simétrica (tipo I),J,,,,,02776_aplaudirso.mp4
UEB,LSC1,2777,ARRASTRAR (COSAS),VERBO,Tirar de un objeto por el suelo sin alzarlo. (RAE),NO,1 seña,SI,SI,NO,1 seña,Unimanual (tipo 0),Xf,,,,,02777_arrastrarc.mp4
UEB,LSC1,2778,ARRASTRAR (ANIMAL),VERBO,Desplazar un animal su cuerpo apoyado por el suelo. (RAE),NO,1 seña,SI,SI,NO,1 seña,Semi-simétrica (tipo II),B,,,,,02778_arrastrara.mp4
UEB,LSC1,2779,ARRASTRAR (PERSONA),VERBO,Llevar a alguien por el suelo tirando de él. (RAE),NO,1 seña,SI,SI,NO,1 seña,Semi-simétrica (tipo II),B,,,,,02779_arrastrarp.mp4
UEB,LSC0,2780,ARRIESGAR RIESGO,VERBO,Poner algo o a alguien en posible peligro de pérdida o daño. (RAE),NO,1 seña,SI,SI,NO,1 seña,Unimanual en contacto (tipo X),P,Xe,,,,02780_arriesgarr.mp4
UEB,LSC0,2781,ASALTAR ASALTO,VERBO,Atacar sorpresivamente a alguien para robarle o dañar. (RAE),NO,1 seña,SI,SI,NO,1 seña,Simétrica (tipo I),P,X,,,,02781_asaltarasa.mp4
UEB,LSC0,2782,ASCENDER ASCENSO,VERBO,Subir de un puesto inferior a otro de mayor jerarquía o categoría. (RAE),NO,1 seña,SI,SI,NO,1 seña,Unimanual (tipo 0),Qf,,,,,02782_ascenderas.mp4
UEB,LSC1,2783,ASCENDER (TRABAJO ESCALAFÓN),VERBO,Promoción oficial en la escala jerárquica laboral o académica. (Generada Gemini),NO,1 seña,SI,SI,NO,1 seña,Semi-simétrica (tipo II),Qf,,,,,02783_ascendertr.mp4
UEB,LSC0,2784,ASIGNAR DELEGAR,VERBO,"Otorgar o conferir una función, tarea o responsabilidad a alguien. (RAE)",NO,1 seña,SI,SI,NO,1 seña,Simétrica (tipo I),Xf,,,,,02784_asignardel.mp4
UEB,LSC1,2785,ASOMBRAR ATERRARSE 1,VERBO,"Causar gran admiración, sorpresa o pavor repentino. (RAE)",NO,1 seña,SI,SI,NO,1 seña,Asimétrica (tipo III),B,V,,,,02785_asombrarat.mp4
UEB,LSC1,2786,ASOMBRAR ATERRARSE 2,VERBO,Variante de seña para asombro o sobresalto profundo. (Generada Gemini),NO,1 seña,SI,SI,NO,1 seña,Semi-simétrica (tipo II),J,,,,,02786_asombrarat.mp4
UEB,LSC1,2787,ATRAPAR,VERBO,"Asir, coger o pillar a alguien o algo que huye o se mueve. (RAE)",NO,1 seña,SI,SI,NO,1 seña,Asimétrica (tipo III),J,S,,,,02787_atrapar.mp4
UEB,LSC0,2788,AVANZAR 1,VERBO,"Moverse hacia adelante, progresar en una tarea o camino. (RAE)",SI,2 señas,SI,SI,SI,2 señas,Simétrica (tipo I),B,,,,,02788_avanzar1.mp4
UEB,LSC0,2789,AVANZAR 2,VERBO,Variante de seña para el progreso o avance continuado. (Generada Gemini),NO,1 seña,SI,SI,NO,1 seña,Semi-simétrica (tipo II),B,,,,,02789_avanzar2.mp4
UEB,LSC1,2790,AZOTAR,VERBO,"Golpear fuertemente con azotes, fustas o por la fuerza del viento/agua. (RAE)",NO,1 seña,SI,SI,NO,1 seña,Unimanual (tipo 0),Xf,,,,,02790_azotar.mp4
UEB,LSC0,2791,BLOQUEAR,VERBO,"Impedir el funcionamiento, paso o realización de un proceso. (RAE)",NO,1 seña,SI,SI,NO,1 seña,Semi-simétrica (tipo II),B,,,,,02791_bloquear.mp4
UEB,LSC1,2792,BOMBARDEAR,VERBO,Atacar arrojando bombas u hostigar masivamente con información/preguntas. (RAE),SI,3 señas,SI,SI,SI,3 señas,Compuestas (tipo C),Y,P,S,,,02792_bombardear.mp4
UEB,LSC1,2793,CELEBRAR,VERBO,Conmemorar un acontecimiento festivo o realizar una ceremonia. (RAE),NO,1 seña,NO,SI,NO,1 seña,Simétrica (tipo I),J,,,,,02793_celebrar.mp4
UEB,LSC0,2794,COLECCIONAR,VERBO,Reunir objetos de una misma clase por afición o interés sistemático. (RAE),NO,1 seña,SI,SI,NO,1 seña,Asimétrica (tipo III),Bl,Jc,Qe,,,02794_colecciona.mp4
UEB,LSC1,2795,COMPARAR,VERBO,"Examinar dos o más cosas para descubrir sus relaciones, semejanzas o diferencias. (RAE)",NO,1 seña,SI,SI,NO,1 seña,Semi-simétrica (tipo II),Bl,,,,,02795_comparar.mp4
UEB,LSC0,2796,CONDECORAR,VERBO,Otorgar una condecoración o medalla en reconocimiento de méritos. (RAE),SI,2 señas,SI,SI,SI,2 señas,Asimétrica (tipo III),V,Okf,,,,02796_condecorar.mp4
UEB,LSC0,2797,CONFRONTAR,VERBO,"Carear, comparar o enfrentarse deliberadamente con alguien. (RAE)",NO,1 seña,SI,SI,NO,1 seña,Semi-simétrica (tipo II),C,S,,,,02797_confrontar.mp4
UEB,LSC0,2798,CONGELAR,VERBO,Hacer pasar un líquido a estado sólido por descenso de temperatura. (RAE),NO,1 seña,SI,SI,NO,1 seña,Asimétrica (tipo III),Jc,Gl,,,,02798_congelar.mp4
UEB,LSC0,2799,CORREGIR CORRECCIÓN,VERBO,"Enmendar, subsanar o rectificar errores o defectos. (RAE)",NO,1 seña,SI,SI,NO,1 seña,Asimétrica (tipo III),Bl,Xe,,,,02799_corregirco.mp4
UEB,LSC0,2800,CORROER,VERBO,Desgastar lentamente una superficie o material mediante acción química o fricción. (RAE),NO,1 seña,SI,SI,NO,1 seña,Asimétrica (tipo III),S,O,,,,02800_corroer.mp4
UEB,LSC0,2801,CUAJAR,VERBO,Poner espeso un líquido o transformarlo en una masa sólida. (RAE),NO,1 seña,SI,SI,NO,1 seña,Simétrica (tipo I),Xc,,,,,02801_cuajar.mp4
UEB,LSC1,2802,DEPORTAR,VERBO,Expulsar legalmente a alguien de un país hacia el extranjero. (RAE),SI,2 señas,SI,SI,SI,2 señas,Simétrica (tipo I),Jc,S,Jc,S,,02802_deportar.mp4
UEB,LSC0,2803,DESGASTAR DETERIORO,VERBO,Consumir o estropear algo poco a poco por el uso continuo. (RAE),SI,2 señas,SI,SI,SI,2 señas,Simétrica (tipo I),J,G,Qe,A,,02803_desgastard.mp4
UEB,LSC1,2804,DESINFECTAR,VERBO,Destruir los gérmenes patógenos o limpiar de infección un lugar. (RAE),SI,2 señas,SI,SI,SI,2 señas,Asimétrica (tipo III),Bl,Gl,Bl,,,02804_desinfecta.mp4
UEB,LSC0,2805,DESLIZAR,VERBO,Resbalar suavemente una superficie sobre otra. (RAE),NO,1 seña,SI,SI,NO,1 seña,Semi-simétrica (tipo II),Bl,,,,,02805_deslizar.mp4
UEB,LSC0,2806,DESNUDAR,VERBO,Quitar toda la ropa a alguien o dejar al descubierto algo. (RAE),NO,1 seña,SI,SI,NO,1 seña,Asimétrica (tipo III),Bl,N,,,,02806_desnudar.mp4
UEB,LSC1,2807,DISFRUTAR,VERBO,"Gozar, experimentar agrado o aprovechar con placer algo. (RAE)",NO,1 seña,SI,SI,NO,1 seña,Semi-simétrica (tipo II),N,,,,,02807_disfrutar.mp4
UEB,LSC0,2808,DISPERSAR 1,VERBO,Hacer que las cosas o personas amontonadas se extiendan en distintas direcciones. (RAE),NO,1 seña,SI,SI,NO,1 seña,Semi-simétrica (tipo II),P,,,,,02808_dispersar1.mp4
UEB,LSC0,2809,DISPERSAR 2,VERBO,Variante de seña para diseminar o dispersar. (Generada Gemini),NO,1 seña,SI,SI,NO,1 seña,Semi-simétrica (tipo II),Qe,J,,,,02809_dispersar2.mp4
UEB,LSC0,2810,ELEGIR ESCOGER,VERBO,Seleccionar a alguien o algo entre varias opciones por preferencia. (RAE),NO,1 seña,SI,SI,NO,1 seña,Unimanual (tipo 0),Ta,Tb,,,,02810_elegiresco.mp4
UEB,LSC1,2811,ENCANTAR (HECHIZAR),VERBO,"Someter a la influencia de un hechizo, sortilegio o magia. (RAE)",NO,1 seña,SI,SI,NO,1 seña,Simétrica (tipo I),G,,,,,02811_encantarhe.mp4
FENASCOL IV,LSC1,2812,ENCANTAR (CAUSAR PLACER),VERBO,"Gozar, fascinar o agradar sumamente a alguien. (RAE)",NO,2 señas,SI,SI,SI,2 señas,Asimétrica (tipo III),P,S,,,,02812_encantarca.mp4
FENASCOL IV,LSC0,2813,ENFLAQUECER,VERBO,"Perder carnes, adelgazar o debilitar la contextura corporal. (RAE)",NO,1 seña,SI,SI,NO,1 seña,Asimétrica (tipo III),J,I,,,,02813_enflaquece.mp4
FENASCOL IV,LSC0,2814,ENFRENTAR 1,VERBO,Poner frente a frente o hacer frente a un problema o rival. (RAE),NO,1 seña,SI,SI,NO,1 seña,Semi-simétrica (tipo II),P,,,,,02814_enfrentar1.mp4
FENASCOL IV,LSC0,2815,ENFRENTAR 2,VERBO,Variante de seña para la confrontación o careo. (Generada Gemini),NO,1 seña,SI,SI,NO,1 seña,Semi-simétrica (tipo II),Bl,,,,,02815_enfrentar2.mp4
FENASCOL IV,LSC1,2816,ENGANCHAR,VERBO,"Sujetar algo mediante un gancho, traba o atracción. (RAE)",NO,1 seña,SI,SI,NO,1 seña,Compuestas (tipo C),P,Xe,,,,02816_enganchar.mp4
FENASCOL IV,LSC0,2817,EQUIVOCAR,VERBO,"Cometer un error, yerro o confundir un juicio o concepto. (RAE)",NO,1 seña,SI,SI,NO,1 seña,Unimanual en contacto (tipo X),V,,,,,02817_equivocar.mp4
FENASCOL IV,LSC0,2818,ESCONDER (COSAS),VERBO,Poner un objeto en un lugar oculto donde no pueda ser visto ni hallado. (RAE),NO,1 seña,SI,SI,NO,1 seña,Compuestas (tipo C),Bl,P,,,,02818_esconderco.mp4
FENASCOL IV,LSC0,2819,ESCONDER (PERSONAS),VERBO,Ocultar a alguien para que no sea encontrado. (RAE),SI,2 señas,SI,SI,SI,2 señas,Compuestas (tipo C),Bl,Bl,B,,,02819_esconderpe.mp4
FENASCOL IV,LSC0,2820,ESCONDER (ANIMALES),VERBO,Poner a buen resguardo u ocultar animales de la vista. (Generada Gemini),NO,1 seña,SI,SI,NO,1 seña,Asimétrica (tipo III),B,P,,,,02820_esconderan.mp4
FENASCOL IV,LSC0,2821,ESTALLAR,VERBO,Reventar o romperse violentamente con ruido un cuerpo bajo presión. (RAE),NO,1 seña,SI,SI,NO,1 seña,Simétrica (tipo I),O,J,,,,02821_estallar.mp4
FENASCOL IV,LSC1,2822,ESTANCAR,VERBO,Detener o parar la corriente de un líquido o el curso de un asunto. (RAE),NO,1 seña,SI,SI,NO,1 seña,Simétrica (tipo I),Bl,,,,,02822_estancar.mp4
FENASCOL IV,LSC1,2823,EXAGERAR EXAGERADO,VERBO,Dar a algo proporciones mayores o más graves de las que tiene en realidad. (RAE),NO,1 seña,SI,SI,NO,1 seña,Compuestas (tipo C),P,Gl,,,,02823_exagerarex.mp4
FENASCOL IV,LSC1,2824,EXHIBIR,VERBO,Mostrar o exponer algo públicamente para que sea visto. (RAE),NO,1 seña,SI,SI,NO,1 seña,Asimétrica (tipo III),Bl,P,,,,02824_exhibir.mp4
FENASCOL IV,LSC0,2825,EXPORTAR,VERBO,Vender y enviar mercancías propias hacia otros países. (RAE),NO,1 seña,SI,SI,NO,1 seña,Simétrica (tipo I),J,S,J,S,,02825_exportar.mp4
FENASCOL IV,LSC0,2826,EXTRAÑAR,VERBO,"Echar de menos a alguien o algo, o causar extrañeza y sorpresa. (RAE)",NO,1 seña,SI,SI,NO,1 seña,Asimétrica (tipo III),P,X,Bl,,,02826_extrañar.mp4
FENASCOL IV,LSC0,2827,FALLAR 1,VERBO,"Cometer un fallo, error o no lograr el efecto pretendido. (RAE)",NO,1 seña,SI,SI,NO,1 seña,Unimanual en contacto (tipo X),P,,,,,02827_fallar1.mp4
FENASCOL IV,LSC0,2828,FALLAR 2,VERBO,"Variante de seña para error, falla o sentencia judicial. (Generada Gemini)",NO,1 seña,SI,SI,NO,1 seña,Asimétrica (tipo III),Bl,Xf,,,,02828_fallar2.mp4
FENASCOL IV,LSC1,2829,FASCINAR 1,VERBO,Atraer o cautivar irresistiblemente la atención y el agrado de alguien. (RAE),NO,1 seña,SI,SI,NO,1 seña,Simétrica (tipo I),Bl,,,,,02829_fascinar1.mp4
FENASCOL IV,LSC1,2830,FASCINAR 2,VERBO,Variante de seña para fascinación o encanto profundo. (Generada Gemini),NO,1 seña,SI,SI,NO,1 seña,Unimanual en contacto (tipo X),S,,,,,02830_fascinar2.mp4
FENASCOL IV,LSC1,2831,FLOTAR,VERBO,Mantenerse un cuerpo en la superficie de un líquido sin hundirse. (RAE),NO,1 seña,SI,SI,NO,1 seña,Simétrica (tipo I),J,,,,,02831_flotar.mp4
FENASCOL IV,LSC1,2832,FORZAR,VERBO,Obligar a alguien a hacer algo contra su voluntad o vencer una resistencia. (RAE),NO,1 seña,SI,SI,NO,1 seña,Asimétrica (tipo III),P,S,,,,02832_forzar.mp4
FENASCOL IV,LSC0,2833,FREIR,VERBO,Cocinar un alimento sumergiéndolo en aceite o grasa hirviendo (freír). (RAE),NO,1 seña,SI,SI,NO,1 seña,Semi-simétrica (tipo II),Gl,,,,,02833_freir.mp4
FENASCOL IV,LSC1,2834,GRABAR (SONIDO),VERBO,Registrar sonidos o voces en un soporte magnético o digital. (RAE),NO,1 seña,SI,SI,NO,1 seña,Simétrica (tipo I),P,,,,,02834_grabarsoni.mp4
FENASCOL IV,LSC1,2835,GRABAR (VÍDEO),VERBO,Registrar imágenes en movimiento y audio en medios digitales o analógicos. (RAE),NO,1 seña,SI,SI,NO,1 seña,Asimétrica (tipo III),B,U,,,,02835_grabarvide.mp4
FENASCOL IV,LSC1,2836,IMITAR,VERBO,"Obrar imitando las acciones, modales o características de otra persona o modelo. (RAE)",NO,1 seña,SI,SI,NO,1 seña,Asimétrica (tipo III),Bl,Jc,Qe,,,02836_imitar.mp4
FENASCOL IV,LSC1,2837,IMPONER,VERBO,"Poner una obligación, carga o castigo con autoridad o fuerza. (RAE)",NO,1 seña,SI,SI,NO,1 seña,Asimétrica (tipo III),Bl,S,,,,02837_imponer.mp4
FENASCOL IV,LSC1,2838,INCORPORAR,VERBO,Unir algo a otra cosa para que forme parte de un todo. (RAE),NO,1 seña,SI,SI,NO,1 seña,Asimétrica (tipo III),Jc,Qe,O,,,02838_incorporar.mp4
FENASCOL IV,LSC1,2839,INMISCUIR,VERBO,Meterse en asuntos ajenos o intervenir sin que le concierna. (RAE),NO,1 seña,SI,SI,NO,1 seña,Asimétrica (tipo III),Jc,Qe,O,,,02839_inmiscuir.mp4
FENASCOL IV,LSC0,2840,INTERPONER (INTERVENIR),VERBO,"Interceder, mediar o interponerse en un conflicto o asunto. (RAE)",SI,2 señas,SI,SI,SI,2 señas,Compuestas (tipo C),P,Bl,,,,02840_interponer.mp4
FENASCOL IV,LSC1,2841,INTERPONER (COLOCAR ENTRE),VERBO,Colocar un objeto o barrera entre dos cosas. (RAE),NO,1 seña,SI,SI,NO,1 seña,Semi-simétrica (tipo II),Ql,,,,,02841_interponer.mp4
FENASCOL IV,LSC1,2842,INVADIR,VERBO,Ocupar por la fuerza o irrumpir desmesuradamente en un espacio ajeno. (RAE),NO,1 seña,SI,SI,NO,1 seña,Asimétrica (tipo III),J,S,,,,02842_invadir.mp4
FENASCOL IV,LSC1,2843,IRRADIAR,VERBO,"Emitir rayos, luz, energía, calor o ondas electromagnéticas. (RAE)",NO,1 seña,SI,SI,NO,1 seña,Simétrica (tipo I),Qe,J,,,,02843_irradiar.mp4
FENASCOL IV,LSC0,2844,IRRUMPIR,VERBO,Entrar impetuosamente y de forma imprevista en un lugar. (RAE),SI,2 señas,SI,SI,SI,2 señas,Asimétrica (tipo III),A,B,Be,,,02844_irrumpir.mp4
FENASCOL IV,LSC1,2845,JUSTIFICAR,VERBO,"Probar la inocencia, veracidad o legitimidad de un hecho con razones. (RAE)",NO,1 seña,SI,SI,NO,1 seña,Semi-simétrica (tipo II),Bl,,,,,02845_justificar.mp4
FENASCOL IV,LSC1,2846,LUCHAR,VERBO,"Combatir, batallar o esforzarse con ahínco por conseguir un fin. (RAE)",NO,1 seña,SI,SI,NO,1 seña,Semi-simétrica (tipo II),L,,,,,02846_luchar.mp4
FENASCOL IV,LSC1,2847,LUSTRAR,VERBO,Dar brillo a una superficie o calzado frotándola. (RAE),SI,2 señas,SI,SI,SI,2 señas,Asimétrica (tipo III),B,A,J,,,02847_lustrar.mp4
FENASCOL IV,LSC0,2848,MADRUGAR,VERBO,Levantarse muy temprano por la mañana. (RAE),NO,1 seña,SI,SI,NO,1 seña,Simétrica (tipo I),S,J,,,,02848_madrugar.mp4
FENASCOL IV,LSC1,2849,MANIPULAR,VERBO,"Operar con las manos o manejar un objeto, o influir taimadamente en personas. (RAE)",NO,1 seña,SI,SI,NO,1 seña,Unimanual (tipo 0),Ul,,,,,02849_manipular.mp4
FENASCOL IV,LSC0,2850,MOJAR,VERBO,"Empapar, humedecer o bañar algo con un líquido. (RAE)",NO,1 seña,SI,SI,NO,1 seña,Semi-simétrica (tipo II),Jc,,,,,02850_mojar.mp4
FENASCOL IV,LSC0,2851,OFRECER - VOLUTARIADO,VERBO,Prestar servicios de manera voluntaria y altruista sin remuneración. (Generada Gemini),NO,1 seña,SI,SI,NO,1 seña,Simétrica (tipo I),N,,,,,02851_ofrecervol.mp4
FENASCOL IV,LSC0,2852,OFRECER - OFERTA,SUSTANTIVO,Manifestar la disposición de dar o vender algo a un precio o condición. (RAE),NO,1 seña,SI,SI,NO,1 seña,Simétrica (tipo I),Bl,,,,,02852_ofrecerofe.mp4
FENASCOL IV,LSC0,2853,OPINAR - QUE PIENSA,VERBO,Manifestar el parecer o juicio personal sobre un asunto. (RAE),NO,1 seña,SI,SI,NO,1 seña,Compuestas (tipo C),P,B,,,,02853_opinarquep.mp4
FENASCOL IV,LSC1,2854,OPINAR - MANO FORMA O,VERBO,Variante gestual con configuración de mano específica para emitir una opinión. (Generada Gemini),NO,1 seña,NO,SI,NO,1 seña,Asimétrica (tipo III),B,O,,,,02854_opinarmano.mp4
FENASCOL IV,LSC0,2855,OPINAR - DEDOS CERRADOS,VERBO,Variante morfológica de seña para expresar un punto de vista. (Generada Gemini),NO,1 seña,NO,NO,NO,1 seña,Asimétrica (tipo III),B,Qe,,,,02855_opinardedo.mp4
FENASCOL IV,LSC0,2856,PESAR (PERSONAS),VERBO,Determinar el peso corporal de un ser humano mediante una báscula. (RAE),NO,1 seña,NO,SI,NO,1 seña,Asimétrica (tipo III),A,P,,,,02856_pesarperso.mp4
FENASCOL IV,LSC0,2857,PESAR (COSAS),VERBO,Medir la masa o peso de un objeto material. (RAE),NO,1 seña,NO,NO,NO,1 seña,Simétrica (tipo I),Bl,Bl,,,,02857_pesarcosas.mp4
FENASCOL IV,LSC1,2858,PULIR,VERBO,Alisar y dar brillo a una superficie quitando imperfecciones. (RAE),NO,1 seña,NO,SI,NO,1 seña,Unimanual (tipo 0),S,,,,,02858_pulir.mp4
FENASCOL IV,LSC0,2859,RECUPERAR (OBJETOS),VERBO,Volver a hallar o tener lo que antes se había perdido. (RAE),NO,1 seña,NO,SI,NO,1 seña,Unimanual (tipo 0),S,,,,,02859_recuperaro.mp4
FENASCOL IV,LSC1,2860,RECUPERAR (MATERIAS),VERBO,Aprobar asignaturas pendientes o exámenes no superados previamente. (Generada Gemini),NO,1 seña,SI,SI,NO,1 seña,Asimétrica (tipo III),B,R,,,,02860_recuperarm.mp4
FENASCOL IV,LSC1,2861,RECUPERAR (SALUD),VERBO,Restablecerse de una enfermedad o recobrar las fuerzas físicas. (RAE),NO,1 seña,NO,SI,NO,1 seña,Simétrica (tipo I),Bl,Bl,,,,02861_recuperars.mp4
FENASCOL IV,LSC0,2862,REGOCIJAR REGOCIJO,SUSTANTIVO,"Causar alegría, júbilo o contento intenso. (RAE)",NO,1 seña,NO,SI,NO,1 seña,Unimanual en contacto (tipo X),Qa,,,,,02862_regocijarr.mp4
FENASCOL IV,LSC1,2863,RESIDIR,VERBO,Estar establecido y vivir habitualmente en un lugar. (RAE),NO,1 seña,NO,NO,NO,1 seña,Simétrica (tipo I),A,A,,,,02863_residir.mp4
FENASCOL IV,LSC0,2864,RONCAR.1,VERBO,Emitir ronquidos sonoros al respirar durmiendo. (RAE),NO,1 seña,NO,SI,NO,1 seña,Unimanual (tipo 0),G,,,,,02864_roncar1.mp4
FENASCOL IV,LSC0,2865,RONCAR.2,VERBO,Variante de seña para el acto de roncar. (Generada Gemini),NO,1 seña,NO,SI,NO,1 seña,Unimanual en contacto (tipo X),R,,,,,02865_roncar2.mp4
FENASCOL IV,LSC1,2866,ROTAR,VERBO,Girar un cuerpo sobre su propio eje. (RAE),NO,1 seña,NO,SI,NO,1 seña,Semi-simétrica (tipo II),A,A,,,,02866_rotar.mp4
FENASCOL IV,LSC1,2867,TURNAR,VERBO,Sucederse las personas alternativamente para hacer algo. (RAE),NO,1 seña,NO,SI,NO,1 seña,Semi-simétrica (tipo II),P,P,,,,02867_turnar.mp4
FENASCOL IV,LSC1,2868,TURNAR - PULGARES,VERBO,Variante gestual para indicar relevo o turno utilizando los pulgares. (Generada Gemini),NO,1 seña,NO,NO,NO,1 seña,Semi-simétrica (tipo II),A,A,,,,02868_turnarpulg.mp4
FENASCOL IV,LSC0,2869,ABANICO,SUSTANTIVO,Instrumento semicircular plegable que se agita para producir fresco con aire. (RAE),NO,1 seña,NO,NO,NO,1 seña,Unimanual (tipo 0),Xf,,,,,02869_abanico.mp4
FENASCOL IV,LSC1,2870,ABORTO,SUSTANTIVO,Interrupción del embarazo antes de que el feto pueda sobrevivir fuera del útero. (RAE),NO,1 seña,NO,SI,NO,1 seña,Unimanual en contacto (tipo X),O,J,,,,02870_aborto.mp4
FENASCOL IV,LSC1,2871,ACERA,SUSTANTIVO,Orilla de la calle o vía pública pavimentada destinada al tránsito de peatones. (RAE),NO,1 seña,NO,NO,NO,1 seña,Asimétrica (tipo III),B,V,,,,02871_acera.mp4
FENASCOL IV,LSC1,2872,ACTA,SUSTANTIVO,Documento oficial escrito que registra lo sucedido en una junta o reunión. (RAE),NO,1 seña,NO,SI,NO,1 seña,Asimétrica (tipo III),Bl,Bl,A,,,02872_acta.mp4
FENASCOL IV,LSC0,2873,ACTUAL,ADJETIVO,Del tiempo presente o que ocurre en el momento actual. (RAE),NO,1 seña,NO,SI,NO,1 seña,Simétrica (tipo I),Y,Y,,,,02873_actual.mp4
FENASCOL IV,LSC0,2874,ADHERENCIA ADHERIR,SUSTANTIVO,"Pegarse, unirse o sujetarse fuertemente una cosa a otra. (RAE)",NO,1 seña,NO,SI,NO,1 seña,Simétrica (tipo I),Bl,Bl,,,,02874_adherencia.mp4
FENASCOL IV,LSC1,2875,ADHESIVO,SUSTANTIVO,Sustancia o material que sirve para pegar dos superficies. (RAE),SI,2 señas,NO,NO,SI,2 señas,Simétrica (tipo I),Bl,Bl,B,Tb,,02875_adhesivo.mp4
FENASCOL IV,LSC0,2876,ADORABLE,ADJETIVO,Que merece ser adorado o que inspira extrema ternura y agrado. (RAE),NO,1 seña,NO,SI,NO,1 seña,Simétrica (tipo I),S,S,,,,02876_adorable.mp4
FENASCOL IV,LSC1,2877,AFÁN,SUSTANTIVO,"Empeño, deseo ardiente o esfuerzo vehemente por lograr algo. (RAE)",NO,1 seña,NO,SI,NO,1 seña,Simétrica (tipo I),S,S,,,,02877_afan.mp4
FENASCOL IV,LSC1,2878,AFEMINADO,ADJETIVO,"Que muestra modales, rasgos o ademanes considerados propios de mujer. (RAE)",NO,1 seña,NO,NO,NO,1 seña,Semi-simétrica (tipo II),Tb,Tb,,,,02878_afeminado.mp4
FENASCOL IV,LSC1,2879,AFICHE,SUSTANTIVO,Cartel impreso con imágenes y textos destinado a la publicidad o propaganda. (RAE),NO,1 seña,NO,SI,NO,1 seña,Simétrica (tipo I),A,A,,,,02879_afiche.mp4
FENASCOL IV,LSC1,2880,AGRADABLE,ADJETIVO,"Que produce agrado, gusto, placer o complacencia. (RAE)",NO,1 seña,NO,NO,NO,1 seña,Simétrica (tipo I),Bl,Bl,,,,02880_agradable.mp4
FENASCOL IV,LSC1,2881,AGUACERO,SUSTANTIVO,"Lluvia repentina, fuerte y por lo general de corta duración. (RAE)",NO,1 seña,NO,NO,NO,1 seña,Simétrica (tipo I),G,G,,,,02881_aguacero.mp4
FENASCOL IV,LSC1,2882,ALA,SUSTANTIVO,Apéndice u órgano plano que permite volar a las aves e insectos. (RAE),NO,1 seña,NO,SI,NO,1 seña,Unimanual (tipo 0),B,,,,,02882_ala.mp4
FENASCOL IV,LSC1,2883,ÁLBUM,SUSTANTIVO,"Libro en blanco para coleccionar fotos, sellos o discos. (RAE)",SI,3 señas,NO,SI,SI,3 señas,Semi-simétrica (tipo II),Bl,Bl,Cb,Cb,,02883_album.mp4
FENASCOL IV,LSC1,2884,ALCANTARILLA,SUSTANTIVO,Conducto subterráneo para evacuar aguas residuales y pluviales. (RAE),NO,3 señas,NO,SI,SI,3 señas,Simétrica (tipo I),Cb,Cb,Ok,,,02884_alcantaril.mp4
FENASCOL IV,LSC1,2885,ALIADO,SUSTANTIVO,Que se ha aliado o confederado con otro para un fin común. (RAE),NO,1 seña,NO,SI,NO,1 seña,Semi-simétrica (tipo II),Okb,Okb,,,,02885_aliado.mp4
FENASCOL IV,LSC1,2886,ALMA,SUSTANTIVO,Principio vital o parte espiritual e inmortal del ser humano. (RAE),NO,1 seña,NO,SI,NO,1 seña,Asimétrica (tipo III),Cl,Okf,,,,02886_alma.mp4
FENASCOL IV,LSC1,2887,ALMOJÁBANA,SUSTANTIVO,Panecillo tradicional colombiano elaborado a base de harina de maíz y cuajada. (RAE),NO,1 seña,NO,SI,NO,1 seña,Asimétrica (tipo III),Cb,B,,,,02887_almojabana.mp4
FENASCOL IV,LSC1,2888,ALTERNATIVA,SUSTANTIVO,Opción entre dos o más cosas o cursos de acción posibles. (RAE),NO,1 seña,NO,SI,NO,1 seña,Asimétrica (tipo III),J,V,,,,02888_alternativ.mp4
FENASCOL IV,LSC0,2889,ALUMBRADO,SUSTANTIVO,Sistema de iluminación pública en calles y espacios urbanos. (RAE),NO,1 seña,NO,SI,NO,1 seña,Simétrica (tipo I),O,O,Jb,Jb,,02889_alumbrado.mp4
FENASCOL IV,LSC1,2890,ALUMINIO,SUSTANTIVO,"Elemento químico metálico, ligero, maleable y de color plateado. (RAE)",SI,2 señas,NO,SI,SI,2 señas,Unimanual en contacto (tipo X),X,Xf,Xf,,,02890_aluminio.mp4
FENASCOL IV,LSC1,2891,ALZA,SUSTANTIVO,"Aumento o elevación de precios, tarifas o niveles. (RAE)",SI,2 señas,NO,SI,SI,2 señas,Simétrica (tipo I),Xf,Xf,Bl,Bl,,02891_alza.mp4
FENASCOL IV,LSC1,2892,AMBIENTADOR,SUSTANTIVO,Sustancia o artefacto para aromatizar o purificar el aire de una estancia. (RAE),SI,2 señas,NO,SI,SI,2 señas,Asimétrica (tipo III),Oke,J,,,,02892_ambientado.mp4
FENASCOL IV,LSC1,2893,AMENAZA - ESPERE,SUSTANTIVO,Advertencia de prevención o aviso con tono de advertencia contenida. (Generada Gemini),NO,1 seña,NO,SI,NO,1 seña,Unimanual (tipo 0),B,,,,,02893_amenazaesp.mp4
FENASCOL IV,LSC1,2894,AMENAZA - POSITIVO,SUSTANTIVO,Advertencia de riesgo planteada bajo una premisa o condición afirmativa. (Generada Gemini),NO,1 seña,NO,SI,NO,1 seña,Asimétrica (tipo III),P,P,,,,02894_amenazapos.mp4
FENASCOL IV,LSC1,2895,AMPOLLAS,SUSTANTIVO,Vesícula pequeña llena de líquido que se forma en la piel por fricción o quemadura. (RAE),SI,2 señas,NO,SI,SI,2 señas,Asimétrica (tipo III),P,O,,,,02895_ampollas.mp4
FENASCOL IV,LSC1,2896,ÁNGEL,SUSTANTIVO,Ser celestial e inmaterial mensajero de Dios según las religiones monoteístas. (RAE),NO,1 seña,NO,SI,NO,1 seña,Semi-simétrica (tipo II),B,B,,,,02896_angel.mp4
FENASCOL IV,LSC0,2897,ANTENA,SUSTANTIVO,Dispositivo conductor para emitir o recibir ondas electromagnéticas. (RAE),NO,1 seña,NO,SI,NO,1 seña,Asimétrica (tipo III),D,J,,,,02897_antena.mp4
FENASCOL IV,LSC0,2898,ANTIFAZ,SUSTANTIVO,Máscara pequeña que cubre la parte de los ojos y la cara. (RAE),NO,1 seña,NO,SI,NO,1 seña,Simétrica (tipo I),Lc,Lc,,,,02898_antifaz.mp4
FENASCOL IV,LSC1,2899,APTO,ADJETIVO,"Capaz, idóneo o hábil para hacer algo o cumplir un propósito. (RAE)",NO,1 seña,NO,SI,NO,1 seña,Simétrica (tipo I),N,N,,,,02899_apto.mp4
FENASCOL IV,LSC1,2900,ARCILLA,SUSTANTIVO,"Tierra compuesta por silicatos de alúmina, moldeable al mezclarse con agua. (RAE)",NO,1 seña,NO,SI,NO,1 seña,Simétrica (tipo I),A,A,,,,02900_arcilla.mp4
FENASCOL IV,LSC0,2901,AROMA,SUSTANTIVO,Olor muy agradable y fragante. (RAE),NO,1 seña,NO,SI,NO,1 seña,Unimanual en contacto (tipo X),J,,,,,02901_aroma.mp4
UEB,LSC1,2902,ARRUGA (PIEL) 1,SUSTANTIVO,Pliegue o surco que se forma en la piel por la edad o la expresión. (RAE),NO,1 seña,NO,SI,NO,1 seña,Simétrica (tipo I),Ok,Ok,,,,02902_arrugapiel.mp4
UEB,LSC1,2903,ARRUGA (PIEL) 2,SUSTANTIVO,Variante de seña para pliegues cutáneos o arrugas. (Generada Gemini),NO,1 seña,NO,SI,NO,1 seña,Simétrica (tipo I),Gl,Gl,,,,02903_arrugapiel.mp4
UEB,LSC0,2904,ARZOBISPO,SUSTANTIVO,Obispo titular de una archidiócesis o cabeza de una provincia eclesiástica. (RAE),NO,1 seña,NO,SI,NO,1 seña,Simétrica (tipo I),B,B,,,,02904_arzobispo.mp4
UEB,LSC1,2905,ASCO,SUSTANTIVO,Impresión desagradable causada por algo que repugna. (RAE),NO,1 seña,NO,SI,NO,1 seña,Simétrica (tipo I),J,J,,,,02905_asco.mp4
UEB,LSC1,2906,ASFIXIA,SUSTANTIVO,Suspensión o dificultad grave de la respiración. (RAE),NO,1 seña,NO,SI,NO,1 seña,Simétrica (tipo I),J,J,,,,02906_asfixia.mp4
UEB,LSC1,2907,ASTRÓNOMO,SUSTANTIVO,Científico especializado en el estudio de los cuerpos celestes y el universo. (RAE),SI,2 señas,NO,SI,SI,2 señas,Unimanual (tipo 0),Cb,C,C,,,02907_astronomo.mp4
FENASCOL IV,LSC1,2908,ASUNTO,SUSTANTIVO,"Materia, cuestión o negocio de que se trata. (RAE)",NO,1 seña,NO,SI,NO,1 seña,Asimétrica (tipo III),Ob,B,,,,02908_asunto.mp4
FENASCOL IV,LSC1,2909,ATRACCIÓN ATRAER 1,SUSTANTIVO,Fuerza que inclina a alguien hacia otra persona o cosa. (RAE),NO,1 seña,NO,SI,NO,1 seña,Unimanual en contacto (tipo X),U,,,,,02909_atracciona.mp4
FENASCOL IV,LSC1,2910,ATRACCIÓN 2,SUSTANTIVO,Variante de seña para atracción o encanto irresistible. (Generada Gemini),NO,1 seña,NO,SI,NO,1 seña,Simétrica (tipo I),U,U,,,,02910_atraccion2.mp4
FENASCOL IV,LSC1,2911,ATREVIDO ATREVIMIENTO,ADJETIVO,"Osado, que tiene audacia o falta de respeto prudente. (RAE)",NO,1 seña,NO,SI,NO,1 seña,Unimanual en contacto (tipo X),A,,,,,02911_atrevidoat.mp4
FENASCOL IV,LSC1,2912,AUTISMO,SUSTANTIVO,Trastorno del neurodesarrollo caracterizado por alteración en la interacción social y comunicación. (RAE),NO,1 seña,NO,SI,NO,1 seña,Unimanual (tipo 0),P,,,,,02912_autismo.mp4
FENASCOL IV,LSC0,2913,AUTOMATA,SUSTANTIVO,Máquina que imita los movimientos de un ser vivo (autómata). (RAE),NO,1 seña,NO,SI,NO,1 seña,Semi-simétrica (tipo II),J,J,,,,02913_automata.mp4
FENASCOL IV,LSC0,2914,SOLO-INVOLUNTARIO,ADJETIVO,Acción realizada de forma solitaria o espontánea sin premeditación. (Generada Gemini),NO,1 seña,NO,SI,NO,1 seña,Unimanual en contacto (tipo X),P,,,,,02914_soloinvolu.mp4
FENASCOL IV,LSC1,2915,AUTOMÁTICO,ADJETIVO,Que funciona por sí mismo mediante mecanismos internos sin intervención directa. (RAE),SI,2 señas,SI,SI,SI,2 señas,Unimanual en contacto (tipo X),P,Gl,Gl,,,02915_automatico.mp4
FENASCOL IV,LSC0,2916,AUTÓNOMO,ADJETIVO,"Que goza de autonomía, independencia o autogobierno. (RAE)",NO,1 seña,NO,SI,NO,1 seña,Unimanual en contacto (tipo X),A,,,,,02916_autonomo.mp4
FENASCOL IV,LSC1,2917,AUTORIZAR AUTORIZACIÓN,VERBO,"Dar poder, facultad o permiso para hacer algo. (RAE)",SI,2 señas,NO,SI,SI,2 señas,Unimanual (tipo 0),P,Bl,S,,,02917_autorizara.mp4
FENASCOL IV,LSC1,2918,AUTORIDAD,SUSTANTIVO,Potestad o facultad que se tiene para dar órdenes o exigir obediencia. (RAE),NO,1 seña,NO,SI,NO,1 seña,Unimanual en contacto (tipo X),A,S,,,,02918_autoridad.mp4
FENASCOL IV,LSC1,2919,AUTOSERVICIO,SUSTANTIVO,Establecimiento comercial donde los clientes se sirven directamente los productos. (RAE),SI,2 señas,NO,SI,SI,2 señas,Semi-simétrica (tipo II),J,J,A,,,02919_autoservic.mp4
FENASCOL IV,LSC1,2920,AVANZADO,ADJETIVO,Que ha progresado o se halla adelantado en un proceso o conocimiento. (RAE),NO,1 seña,NO,SI,NO,1 seña,Semi-simétrica (tipo II),Ql,Ql,,,,02920_avanzado.mp4
FENASCOL IV,LSC1,2921,AVENTURA (SEXUAL),SUSTANTIVO,Relación amorosa o erótica de carácter pasajero o furtivo. (RAE),SI,2 señas,NO,SI,SI,2 señas,Semi-simétrica (tipo II),Bl,Bl,Bl,P,,02921_aventurase.mp4
FENASCOL IV,LSC1,2922,AVENTURA,SUSTANTIVO,Empresa de gran riesgo o suceso inusual y emocionante. (RAE),NO,1 seña,SI,SI,NO,1 seña,Unimanual en contacto (tipo X),A,X,,,,02922_aventura.mp4
FENASCOL IV,LSC1,2923,AVISO,SUSTANTIVO,"Noticia, advertencia o consejo que se comunica a alguien. (RAE)",SI,2 señas,NO,SI,SI,2 señas,Simétrica (tipo I),A,A,Bl,Bl,,02923_aviso.mp4
FENASCOL IV,LSC0,2924,BABOSA,SUSTANTIVO,Molusco gasterópodo terrestre sin concha de cuerpo blando y viscoso. (RAE),NO,1 seña,NO,SI,NO,1 seña,Asimétrica (tipo III),Okp,S,,,,02924_babosa.mp4
FENASCOL IV,LSC1,2925,BAFLE,SUSTANTIVO,Caja acústica que contiene altavoces para amplificar el sonido. (RAE),SI,3 señas,NO,SI,SI,3 señas,Unimanual en contacto (tipo X),P,S,Cf,,,02925_bafle.mp4
FENASCOL IV,LSC1,2926,BAILARINA,SUSTANTIVO,Persona que se dedica al arte de la danza. (RAE),SI,2 señas,NO,SI,SI,2 señas,Asimétrica (tipo III),V,J,J,J,,02926_bailarina.mp4
FENASCOL IV,LSC1,2927,BALANCEO 1,SUSTANTIVO,Movimiento oscilatorio de un lado a otro. (RAE),NO,1 seña,NO,SI,NO,1 seña,Semi-simétrica (tipo II),Pc,Pc,,,,02927_balanceo1.mp4
FENASCOL IV,LSC0,2928,BALANZA,SUSTANTIVO,Instrumento para medir la masa o peso de los cuerpos. (RAE),NO,1 seña,NO,SI,NO,1 seña,Semi-simétrica (tipo II),Bl,Bl,,,,02928_balanza.mp4
FENASCOL IV,LSC1,2929,BALANCEO 2,SUSTANTIVO,Variante de seña para la acción de mecerse u oscilar. (Generada Gemini),NO,1 seña,NO,SI,NO,1 seña,Unimanual (tipo 0),P,,,,,02929_balanceo2.mp4
FENASCOL IV,LSC1,2930,BALLET,SUSTANTIVO,Danza clásica académica representada con coreografía escénica. (RAE),SI,2 señas,NO,SI,SI,2 señas,Simétrica (tipo I),Be,Be,Be,Be,,02930_ballet.mp4
FENASCOL IV,LSC1,2931,BANQUETE 1,SUSTANTIVO,Comida espléndida o festiva con muchos invitados. (RAE),SI,2 señas,NO,SI,SI,2 señas,Compuestas (tipo C),Bl,C,,,,02931_banquete1.mp4
FENASCOL IV,LSC1,2932,BANQUETE 2,SUSTANTIVO,Variante de seña para comida o festín de banquete. (Generada Gemini),SI,2 señas,NO,SI,SI,2 señas,Unimanual en contacto (tipo X),Q,Jc,Jc,,,02932_banquete2.mp4
FENASCOL IV,LSC1,2933,BETÚN,SUSTANTIVO,"Crema o cera empleada para limpiar, nutrir y dar brillo al calzado. (RAE)",NO,1 seña,NO,SI,NO,1 seña,Asimétrica (tipo III),Cl,C,Bl,B,,02933_betun.mp4
FENASCOL IV,LSC1,2934,BILINGÜISMO,SUSTANTIVO,Uso habitual de dos lenguas distintas por una comunidad o individuo. (RAE),SI,2 señas,NO,SI,SI,2 señas,Asimétrica (tipo III),C,V,L,,,02934_bilinguism.mp4
FENASCOL IV,LSC0,2935,BILLETE,SUSTANTIVO,Papel moneda de curso legal emitido por un banco central. (RAE),NO,1 seña,SI,SI,NO,1 seña,Simétrica (tipo I),Cb,Cb,,,,02935_billete.mp4
FENASCOL IV,LSC1,2936,BILLETE (LOTERÍA),SUSTANTIVO,Documento impreso que participa en un sorteo de lotería. (RAE),NO,1 seña,NO,SI,NO,1 seña,Semi-simétrica (tipo II),Bl,Bl,,,,02936_billetelot.mp4
FENASCOL IV,LSC1,2937,BILLETERA 1,SUSTANTIVO,Pequeña cartera plegable para llevar billetes y tarjetas. (RAE),SI,3 señas,NO,SI,SI,3 señas,Semi-simétrica (tipo II),Bl,Bl,Q,,,02937_billetera1.mp4
FENASCOL IV,LSC0,2938,BILLETERA 2,SUSTANTIVO,Variante de seña para cartera de bolsillo (billetera). (Generada Gemini),NO,1 seña,NO,SI,NO,1 seña,Simétrica (tipo I),Bl,Bl,,,,02938_billetera2.mp4
FENASCOL IV,LSC0,2939,BINGO,SUSTANTIVO,Juego de azar basado en la extracción aleatoria de números impresos en cartones. (RAE),NO,1 seña,NO,SI,NO,1 seña,Asimétrica (tipo III),Tb,Bl,,,,02939_bingo.mp4
FENASCOL IV,LSC1,2940,BIOPSIA,SUSTANTIVO,Extracción y examen microscópico de una muestra de tejido biológico. (RAE),SI,2 señas,NO,SI,SI,2 señas,Asimétrica (tipo III),Tb,S,Bl,Bl,,02940_biopsia.mp4
FENASCOL IV,LSC1,2941,BISTURÍ,SUSTANTIVO,Instrumento quirúrgico en forma de pequeño cuchillo de hoja fina. (RAE),NO,1 seña,NO,SI,NO,1 seña,Asimétrica (tipo III),A,Bl,,,,02941_bisturi.mp4
FENASCOL IV,LSC1,2942,BIZCO,ADJETIVO,Que padece estrabismo o desviación en la alineación de los ojos. (RAE),NO,1 seña,NO,SI,NO,1 seña,Simétrica (tipo I),Ok,Ok,,,,02942_bizco.mp4
FENASCOL IV,LSC1,2943,BOBADA,SUSTANTIVO,"Dicho o hecho necio, simple o sin importancia. (RAE)",SI,2 señas,NO,SI,SI,2 señas,Unimanual en contacto (tipo X),P,Cb,O,Jb,,02943_bobada.mp4
FENASCOL IV,LSC1,2944,BOCADILLO,SUSTANTIVO,Dulce tradicional de pulpa de guayaba condensada con azúcar. (RAE),SI,2 señas,NO,SI,SI,2 señas,Unimanual en contacto (tipo X),H,H,H,,,02944_bocadillo.mp4
FENASCOL IV,LSC0,2945,BODEGA,SUSTANTIVO,Local o espacio subterráneo para almacenar mercancías o vino. (RAE),NO,1 seña,NO,SI,NO,1 seña,Simétrica (tipo I),J,J,,,,02945_bodega.mp4
FENASCOL IV,LSC0,2946,BOFETADA,SUSTANTIVO,Golpe dado con la mano abierta en el rostro. (RAE),NO,1 seña,NO,SI,NO,1 seña,Unimanual en contacto (tipo X),Bl,,,,,02946_bofetada.mp4
FENASCOL IV,LSC1,2947,BOLETA-ROMPE,SUSTANTIVO,Entrada o tiquete que se desgarra o corta en el control de acceso. (Generada Gemini),SI,2 señas,NO,SI,SI,2 señas,Simétrica (tipo I),Cb,Cb,Pc,Pc,,02947_boletaromp.mp4
UEB,LSC1,2948,BOLETA-GENERAL,SUSTANTIVO,"Ticket, tiquete o entrada general para un evento. (RAE)",NO,1 seña,NO,SI,NO,1 seña,Asimétrica (tipo III),XX,Bl,,,,02948_boletagene.mp4
FENASCOL IV,LSC1,2949,BOLICHE,SUSTANTIVO,Juego deportivo que consiste en derribar pinos lanzando una bola pesada. (RAE),SI,2 señas,NO,SI,SI,2 señas,Simétrica (tipo I),Jc,Jc,S,J,,02949_boliche.mp4
FENASCOL IV,LSC0,2950,BOLSA,SUSTANTIVO,"Recipiente flexible de papel, plástico o tela para transportar cosas. (RAE)",NO,1 seña,NO,SI,NO,1 seña,Simétrica (tipo I),Af,Af,,,,02950_bolsa.mp4
FENASCOL IV,LSC1,2951,BOMBA (EXPLOSIVO),SUSTANTIVO,Artefacto cargado con material explosivo destinado a detonar destructivamente. (RAE),NO,1 seña,NO,SI,NO,1 seña,Simétrica (tipo I),S,S,J,J,,02951_bombaexplo.mp4
FENASCOL IV,LSC0,2952,BOMBA (DE AIRE),SUSTANTIVO,Dispositivo mecánico para inflar objetos mediante inyección de aire. (RAE),NO,1 seña,NO,SI,NO,1 seña,Semi-simétrica (tipo II),Af,Af,,,,02952_bombadeair.mp4
FENASCOL IV,LSC0,2953,BOMBILLO,SUSTANTIVO,Dispositivo eléctrico que produce luz mediante incandescencia o tecnología LED. (RAE),NO,1 seña,NO,SI,NO,1 seña,Unimanual (tipo 0),Jc,,,,,02953_bombillo.mp4
FENASCOL IV,LSC0,2954,BOTONES (ACCESORIO),SUSTANTIVO,Pequeña pieza abrochadora de ropa. (RAE),NO,1 seña,NO,SI,NO,1 seña,Unimanual (tipo 0),Okb,,,,,02954_botonesacc.mp4
FENASCOL IV,LSC0,2955,BOTONES (MAQUINA),SUSTANTIVO,Pulsador eléctrico para activar un mecanismo. (RAE),NO,1 seña,NO,SI,NO,1 seña,Asimétrica (tipo III),P,Bl,,,,02955_botonesmaq.mp4
FENASCOL IV,LSC0,2956,BRUJO-1,SUSTANTIVO,Persona a la que se atribuyen facultades mágicas o prácticas de brujería. (RAE),NO,1 seña,NO,SI,NO,1 seña,Unimanual (tipo 0),Xe,,,,,02956_brujo1.mp4
UEB,LSC0,2957,BRUJO-2,SUSTANTIVO,Variante de seña para hechicero o brujo. (Generada Gemini),NO,1 seña,NO,SI,NO,1 seña,Unimanual en contacto (tipo X),,Xe,,,,02957_brujo2.mp4
FENASCOL IV,LSC0,2958,CABALGATA,SUSTANTIVO,Desfile o marcha festiva realizada a caballo. (RAE),NO,1 seña,NO,SI,NO,1 seña,Semi-simétrica (tipo II),S,S,,,,02958_cabalgata.mp4
FENASCOL IV,LSC1,2959,CADENA,SUSTANTIVO,Serie de eslabones metálicos enlazados entre sí. (RAE),NO,1 seña,NO,SI,NO,1 seña,Semi-simétrica (tipo II),Ok,Ok,,,,02959_cadena.mp4
FENASCOL IV,LSC0,2960,CAJÓN 1,SUSTANTIVO,Compartimento deslizante extraíble de un mueble o escritorio. (RAE),NO,1 seña,NO,SI,NO,1 seña,Unimanual (tipo 0),Jc,S,,,,02960_cajon1.mp4
FENASCOL IV,LSC1,2961,CAJÓN 2,SUSTANTIVO,Variante de seña para gaveta o cajón. (Generada Gemini),NO,1 seña,NO,SI,NO,1 seña,Semi-simétrica (tipo II),Bl,Bl,Bl,Bl,,02961_cajon2.mp4
FENASCOL IV,LSC1,2962,CAL,SUSTANTIVO,"Óxido de calcio, sustancia blanca usada en construcción y albañilería. (RAE)",SI,2 señas,NO,SI,SI,2 señas,Asimétrica (tipo III),Xf,C,Bl,,,02962_cal.mp4
FENASCOL IV,LSC1,2963,CALAMBRE,SUSTANTIVO,"Contracción muscular involuntaria, dolorosa y repentina. (RAE)",NO,1 seña,NO,SI,NO,1 seña,Simétrica (tipo I),V,V,XX,XX,,02963_calambre.mp4
FENASCOL IV,LSC0,2964,CÁLIZ,SUSTANTIVO,Copa litúrgica empleada en la misa para contener el vino sacramental. (RAE),NO,1 seña,NO,SI,NO,1 seña,Asimétrica (tipo III),C,Bl,,,,02964_caliz.mp4
FENASCOL IV,LSC0,2965,CAMPANA 1,SUSTANTIVO,Instrumento metálico hueco en forma de copa invertida que suena al golpearla. (RAE),NO,1 seña,NO,SI,NO,1 seña,Unimanual (tipo 0),Xf,,,,,02965_campana1.mp4
FENASCOL IV,LSC0,2966,CAMPANA 2,SUSTANTIVO,Variante de seña para campana o dispositivo sonoro. (Generada Gemini),NO,1 seña,NO,SI,NO,1 seña,Unimanual (tipo 0),Xf,,,,,02966_campana2.mp4
FENASCOL IV,LSC1,2967,CAMPEONATO,SUSTANTIVO,Torneo o competición deportiva para disputar un título. (RAE),SI,3 señas,NO,SI,SI,3 señas,Simétrica (tipo I),J,J,D,D,G,02967_campeonato.mp4
FENASCOL IV,LSC0,2968,CANA,SUSTANTIVO,Pelo de color blanco o gris que sale en la cabeza. (RAE),NO,1 seña,NO,SI,NO,1 seña,Unimanual en contacto (tipo X),N,,,,,02968_cana.mp4
FENASCOL IV,LSC0,2969,CANASTA CANASTO 1,SUSTANTIVO,Recipiente tejido de mimbre u otro material para transportar cosas. (RAE),NO,1 seña,NO,SI,NO,1 seña,Unimanual (tipo 0),S,,,,,02969_canastacan.mp4
FENASCOL IV,LSC1,2970,CANASTA CANASTO 2,SUSTANTIVO,Variante de seña para canasto o cesta de almacenamiento. (Generada Gemini),SI,2 señas,NO,SI,SI,2 señas,Simétrica (tipo I),J,J,S,,,02970_canastacan.mp4
FENASCOL IV,LSC0,2971,CANDADO,SUSTANTIVO,Dispositivo de seguridad con arco metálico que se cierra mediante llave o combinación. (RAE),NO,1 seña,NO,SI,NO,1 seña,Simétrica (tipo I),Okb,Okb,,,,02971_candado.mp4
FENASCOL IV,LSC0,2972,CANDELABRO,SUSTANTIVO,Candelabro; candelero grande con varios brazos para poner velas. (RAE),NO,1 seña,NO,SI,NO,1 seña,Simétrica (tipo I),Je,Je,,,,02972_candelabro.mp4
FENASCOL IV,LSC0,2973,CANDELERO,SUSTANTIVO,Pieza o soporte hueco para afirmar una vela o candela. (RAE),NO,1 seña,NO,SI,NO,1 seña,Asimétrica (tipo III),Jb,Xf,,,,02973_candelero.mp4
FENASCOL IV,LSC0,2974,CANDIDATO,SUSTANTIVO,"Persona que aspira a un cargo, empleo, dignidad o reconocimiento. (RAE)",NO,1 seña,NO,SI,NO,1 seña,Semi-simétrica (tipo II),Bl,Bl,,,,02974_candidato.mp4
FENASCOL IV,LSC1,2975,CANTALETA,SUSTANTIVO,Repetición molesta y pesada de una queja o regaño. (RAE),NO,1 seña,NO,SI,NO,1 seña,Simétrica (tipo I),J,J,,,,02975_cantaleta.mp4
FENASCOL IV,LSC1,2976,CAÑA,SUSTANTIVO,"Tallo hueco, nudoso y resistente de algunas gramíneas o plantas. (RAE)",SI,2 señas,NO,SI,SI,2 señas,Unimanual en contacto (tipo X),H,S,S,,,02976_caña.mp4
FENASCOL IV,LSC0,2977,CARGO,SUSTANTIVO,"Empleo, oficio, dignidad o responsabilidad asignada a alguien. (RAE)",NO,1 seña,NO,SI,NO,1 seña,Simétrica (tipo I),Jb,Jb,,,,02977_cargo.mp4
FENASCOL IV,LSC0,2978,CARRERAS,SUSTANTIVO,Competiciones de velocidad o prisa excesiva al desplazarse. (RAE),NO,1 seña,NO,SI,NO,1 seña,Simétrica (tipo I),B,B,,,,02978_carreras.mp4
FENASCOL IV,LSC1,2979,CÁSCARA,SUSTANTIVO,"Capa exterior dura que cubre frutos, semillas u huevos. (RAE)",NO,1 seña,NO,SI,NO,1 seña,Simétrica (tipo I),C,Xt,,,,02979_cascara.mp4
FENASCOL IV,LSC1,2980,CAUCHO,SUSTANTIVO,Sustancia elástica obtenida del látex de plantas o sintética. (RAE),NO,1 seña,NO,SI,NO,1 seña,Simétrica (tipo I),Xt,Xt,,,,02980_caucho.mp4
FENASCOL IV,LSC1,2981,CENICERO,SUSTANTIVO,Recipiente para depositar la ceniza y colillas de cigarrillos. (RAE),,,NO,SI,SI,2 señas,Compuestas (tipo C),V,,,,,02981_cenicero.mp4
FENASCOL IV,LSC0,2982,CENIZA,SUSTANTIVO,Polvo de color gris que queda tras la combustión de algo. (RAE),NO,1 seña,NO,SI,NO,1 seña,Asimétrica (tipo III),Jb,Q,,,,02982_ceniza.mp4
FENASCOL IV,LSC0,2983,CERCA,SUSTANTIVO,Valla o tapia que rodea un terreno o propiedad. (RAE),NO,1 seña,NO,SI,NO,1 seña,Simétrica (tipo I),Jb,Jb,,,,02983_cerca.mp4
FENASCOL IV,LSC0,2984,CHAMPIÑONES,SUSTANTIVO,Hongo comestible de sombrero redondeado y pie blanco (champiñón). (RAE),NO,1 seña,NO,SI,NO,1 seña,Asimétrica (tipo III),P,Jb,,,,02984_chapiñone.mp4
FENASCOL IV,LSC1,2985,CHISPA,SUSTANTIVO,Partícula encendida que salta de un fuego o chispa eléctrica. (RAE),NO,1 seña,NO,SI,NO,1 seña,Semi-simétrica (tipo II),Okc,Okc,,,,02985_chispa.mp4
FENASCOL IV,LSC0,2986,COMETA (JUEGO),SUSTANTIVO,Armazón ligera de papel o tela que se remonta en el aire sujeta por un hilo (cometa/papalote). (RAE),NO,1 seña,NO,SI,NO,1 seña,Asimétrica (tipo III),A,Xe,Xe,,,02986_cometajueg.mp4
FENASCOL IV,LSC1,2987,COMETA (ASTRO),SUSTANTIVO,Cuerpo celeste del sistema solar formado por hielo y rocas con órbita elíptica. (RAE),NO,1 seña,NO,SI,NO,1 seña,Unimanual (tipo 0),O,Ok,,,,02987_cometaastr.mp4
FENASCOL IV,LSC1,2988,COMISIÓN (COMITÉ),SUSTANTIVO,Grupo de personas delegadas para un asunto específico. (RAE),NO,1 seña,NO,SI,NO,1 seña,Simétrica (tipo I),Cl,Cl,,,,02988_comisionco.mp4
FENASCOL IV,LSC1,2989,COMISIÓN (GANANCIA),SUSTANTIVO,Porcentaje de dinero cobrado por realizar una transacción comercial. (RAE),SI,2 señas,NO,SI,SI,2 señas,Unimanual en contacto (tipo X),C,Okc,,,,02989_comisionga.mp4
FENASCOL IV,LSC0,2990,CÓMODO-1,ADJETIVO,"Que proporciona comodidad, bienestar o desahogo físico. (RAE)",NO,1 seña,NO,SI,NO,1 seña,Semi-simétrica (tipo II),B,B,,,,02990_comodo1.mp4
UEB,LSC0,2991,CÓMODO-2,ADJETIVO,Variante de seña para confort o comodidad. (Generada Gemini),,,NO,NO,,,,,,,,,02991_comodo2.mp4
UEB,LSC1,2992,INCOMODO,ADJETIVO,"Que causa molestia, incomodidad o desasosiego. (RAE)",NO,1 seña,NO,SI,NO,1 seña,Unimanual en contacto (tipo X),J,,,,,02992_incomodo.mp4
FENASCOL IV,LSC0,2993,COMPAÑERO DE INFANCIA,SUSTANTIVO,Amistad conservada desde los primeros años de la niñez. (Generada Gemini),NO,1 seña,NO,SI,NO,1 seña,Simétrica (tipo I),Bl,Bl,,,,02993_compañero.mp4
FENASCOL IV,LSC0,2994,CONCIENCIA,SUSTANTIVO,Propiedad del espíritu humano de reconocerse en sus atributos y juicios morales. (RAE),NO,1 seña,NO,SI,NO,1 seña,Simétrica (tipo I),Bl,Bl,,,,02994_conciencia.mp4
FENASCOL IV,LSC1,2995,CONCURSO,SUSTANTIVO,Competencia o certamen convocado para premiar un mérito o destreza. (RAE),NO,1 seña,NO,SI,NO,1 seña,Semi-simétrica (tipo II),P,P,,,,02995_concurso.mp4
FENASCOL IV,LSC1,2996,CONGESTIÓN (PERSONAS),SUSTANTIVO,Acumulación excesiva de personas en un espacio reducido. (RAE),NO,1 seña,NO,SI,NO,1 seña,Semi-simétrica (tipo II),Jc,Jc,,,,02996_congestion.mp4
FENASCOL IV,LSC1,2997,CONTEXTO,SUSTANTIVO,"Entorno físico o situación política, histórica o cultural en que ocurre un hecho. (RAE)",NO,1 seña,NO,SI,NO,1 seña,Asimétrica (tipo III),P,J,,,,02997_contexto.mp4
FENASCOL IV,LSC1,2998,CORRESPONDENCIA,SUSTANTIVO,"Intercambio de cartas, mensajes o correspondencia postal y digital. (RAE)",NO,1 seña,NO,SI,SI,2 señas,Unimanual en contacto (tipo X),H,B,Bl,Bl,,02998_correspond.mp4
FENASCOL IV,LSC0,2999,CORRIENTE (ELÉCTIRCA),SUSTANTIVO,Flujo de carga eléctrica a través de un conductor. (RAE),NO,1 seña,NO,SI,SI,2 señas,Simétrica (tipo I),XXc,XXc,J,J,,02999_corrientee.mp4
FENASCOL IV,LSC0,3000,CORRIENTE (AGUA),SUSTANTIVO,Flujo continuo de agua en un río o caudal. (RAE),NO,1 seña,NO,SI,SI,2 señas,Unimanual en contacto (tipo X),A,J,J,,,03000_corrientea.mp4
FENASCOL IV,LSC1,3001,CORTOCIRCUITO,SUSTANTIVO,Falla eléctrica por contacto accidental entre dos conductores de distinta polaridad. (RAE),NO,1 seña,NO,SI,NO,1 seña,Simétrica (tipo I),P,P,J,J,,03001_cortocircu.mp4
FENASCOL IV,LSC1,3002,CREMALLERA,SUSTANTIVO,Cierre formado por dos tiras de dientes metálicos o plásticos entrelazados. (RAE),NO,1 seña,NO,SI,NO,1 seña,Asimétrica (tipo III),V,Xt,,,,03002_cremallera.mp4
FENASCOL IV,LSC0,3003,CRÍTICA-1,SUSTANTIVO,Examen y juicio sobre la bondad o defecto de una obra o conducta. (RAE),NO,1 seña,NO,SI,NO,1 seña,Unimanual en contacto (tipo X),Xt,Xt,,,,03003_critica1.mp4
UEB,LSC0,3004,CRÍTICA-2,SUSTANTIVO,Variante de seña para la acción de criticar o censurar. (Generada Gemini),NO,1 seña,NO,SI,NO,1 seña,Asimétrica (tipo III),Xt,S,,,,03004_critica2.mp4
FENASCOL IV,LSC0,3005,CUAJADA 1,SUSTANTIVO,Parte sólida y coagulada de la leche cuajada. (RAE),NO,1 seña,NO,SI,SI,2 señas,Unimanual en contacto (tipo X),Ok,Cf,Cf,,,03005_cuajada1.mp4
FENASCOL IV,LSC0,3006,CUAJADA 2,SUSTANTIVO,Variante de seña para el producto lácteo de cuajada. (Generada Gemini),NO,1 seña,NO,SI,SI,2 señas,Unimanual en contacto (tipo X),Ok,Cl,,,,03006_cuajada2.mp4
FENASCOL IV,LSC1,3007,CUCHILLA,SUSTANTIVO,Hoja de acero cortante usada en herramientas o instrumentos. (RAE),NO,1 seña,NO,SI,NO,1 seña,Asimétrica (tipo III),Bl,B,Bl,,,03007_cuchilla.mp4
FENASCOL IV,LSC1,3008,CUNA,SUSTANTIVO,Lecho pequeño con barandillas para acostar y mecer a los bebés. (RAE),NO,1 seña,NO,SI,NO,1 seña,Simétrica (tipo I),U,U,,,,03008_cuna.mp4
FENASCOL IV,LSC1,3009,CURVA 1,SUSTANTIVO,Cambio gradual de dirección en una línea o trayectoria. (RAE),NO,1 seña,NO,SI,NO,1 seña,Semi-simétrica (tipo II),B,B,,,,03009_curva1.mp4
FENASCOL IV,LSC0,3010,CURVA 2,SUSTANTIVO,Variante de seña para un trayecto curvo o sinuoso. (Generada Gemini),NO,1 seña,NO,SI,NO,1 seña,Unimanual (tipo 0),B,,,,,03010_curva2.mp4
FENASCOL IV,LSC0,3011,CURVA (LÍNEA) 3,SUSTANTIVO,Variante morfológica para trazo curvo o delineación geométrica. (Generada Gemini),NO,1 seña,NO,SI,NO,1 seña,Unimanual (tipo 0),B,,,,,03011_curvalinea.mp4
FENASCOL IV,LSC1,3012,DANZA,SUSTANTIVO,Baile; ejecución de movimientos corporales rítmicos al compás de la música. (RAE),NO,1 seña,NO,SI,NO,1 seña,Simétrica (tipo I),Xe,Xe,,,,03012_danza.mp4
FENASCOL IV,LSC1,3013,DESAFÍO,SUSTANTIVO,Reto o empresa difícil a la que hay que enfrentarse con decisión. (RAE),NO,1 seña,NO,SI,NO,1 seña,Simétrica (tipo I),P,P,,,,03013_desafio.mp4
FENASCOL IV,LSC1,3014,DESIGUAL,ADJETIVO,"Que no es igual, disconforme, variable o desproporcionado. (RAE)",NO,1 seña,NO,SI,NO,1 seña,Semi-simétrica (tipo II),Ql,Ql,,,,03014_desigual.mp4
FENASCOL IV,LSC1,3015,DESUBICADO 1,ADJETIVO,Que ha perdido la noción del lugar donde está o desorientado en su entorno. (RAE),NO,1 seña,NO,SI,NO,1 seña,Asimétrica (tipo III),N,B,,,,03015_desubicado.mp4
FENASCOL IV,LSC0,3016,DESUBICADO 2,ADJETIVO,Variante de seña para desorientación o falta de ubicación. (Generada Gemini),NO,1 seña,NO,SI,NO,1 seña,Simétrica (tipo I),J,J,,,,03016_desubicado.mp4
FENASCOL IV,LSC0,3017,DISCRECIÓN,SUSTANTIVO,"Sensatez, tacto y reserva en el hablar o en el obrar. (RAE)",NO,1 seña,NO,SI,NO,1 seña,Simétrica (tipo I),Ok,Ok,,,,03017_discrecion.mp4
FENASCOL IV,LSC1,3018,DISGREGACIÓN,SUSTANTIVO,Separación o desintegración de elementos unidos o compactos. (RAE),NO,1 seña,NO,SI,NO,1 seña,Semi-simétrica (tipo II),Jb,Jb,,,,03018_disgregaci.mp4
FENASCOL IV,LSC1,3019,DOCUMENTO,SUSTANTIVO,"Escrito que asevera, prueba o acredita un hecho, identidad o derecho. (RAE)",NO,1 seña,NO,SI,NO,1 seña,Simétrica (tipo I),Bl,Bl,,,,03019_documento.mp4
FENASCOL IV,LSC1,3020,DULZURA,SUSTANTIVO,"Cualidad de dulce, suavidad o amabilidad en el trato. (RAE)",NO,1 seña,NO,SI,SI,2 señas,Unimanual en contacto (tipo X),H,Qe,Qe,,,03020_dulzura.mp4
FENASCOL IV,LSC1,3021,DURABLE,ADJETIVO,Que dura mucho tiempo o resiste al desgaste. (RAE),NO,1 seña,NO,SI,NO,1 seña,Asimétrica (tipo III),Bl,Bl,,,,03021_durable.mp4
FENASCOL IV,LSC1,3022,ECLIPSE,SUSTANTIVO,Ocultación transitoria total o parcial de un astro por interposición de otro. (RAE),NO,1 seña,NO,SI,NO,1 seña,Semi-simétrica (tipo II),Ok,Ok,,,,03022_eclipse.mp4
FENASCOL IV,LSC1,3023,EFICIENTE,ADJETIVO,Que realiza una función con capacidad y óptimo uso de recursos. (RAE),NO,1 seña,NO,SI,SI,2 señas,Unimanual en contacto (tipo X),A,Qe,Qe,,,03023_eficiente.mp4
FENASCOL IV,LSC1,3024,EFICAZ,ADJETIVO,Que produce el efecto deseado o cumple adecuadamente su propósito. (RAE),NO,1 seña,NO,SI,SI,2 señas,Simétrica (tipo I),Bl,Bl,Ok,Ok,,03024_eficaz.mp4
FENASCOL IV,LSC1,3025,ELÁSTICO,ADJETIVO,"Que tiene elasticidad, flexibilidad o capacidad de estirarse y recuperar su forma. (RAE)",NO,1 seña,NO,SI,NO,1 seña,Simétrica (tipo I),S,S,,,,03025_elastico.mp4
FENASCOL IV,LSC1,3026,EMBLEMA,SUSTANTIVO,Símbolo o representación figurada de un concepto o colectividad. (RAE),NO,1 seña,NO,SI,NO,1 seña,Asimétrica (tipo III),B,G,,,,03026_emblema.mp4
FENASCOL IV,LSC1,3027,EMBUDO,SUSTANTIVO,Pieza cónica ancha por arriba y con tubo estrecho abajo para trasvasar líquidos. (RAE),NO,1 seña,NO,SI,NO,1 seña,Simétrica (tipo I),Cb,Cb,,,,03027_embudo.mp4
FENASCOL IV,LSC1,3028,EMPALME,SUSTANTIVO,"Unión o enlace entre dos piezas, cables o tramos de vía. (RAE)",NO,1 seña,NO,SI,NO,1 seña,Simétrica (tipo I),Bl,Bl,,,,03028_empalme.mp4
FENASCOL IV,LSC0,3029,EMPATE EMPATAR,VERBO,Igualdad de tantos o puntos entre competidores en un juego o disputa. (RAE),NO,1 seña,NO,SI,NO,1 seña,Simétrica (tipo I),Qf,Qf,,,,03029_empateempa.mp4
FENASCOL IV,LSC0,3030,ENCENDEDOR,SUSTANTIVO,Dispositivo portátil que produce una llama para encender fuego (mechero). (RAE),NO,1 seña,NO,SI,NO,1 seña,Unimanual (tipo 0),A,,,,,03030_encendedor.mp4
FENASCOL IV,LSC0,3031,EQUILIBRIO-1,SUSTANTIVO,Estado en que las fuerzas que actúan sobre un cuerpo se compensan. (RAE),NO,1 seña,NO,SI,NO,1 seña,Simétrica (tipo I),Bl,Bl,,,,03031_equilibrio.mp4
UEB,LSC1,3032,EQUILIBRIO-2,SUSTANTIVO,Variante de seña para la estabilidad o equilibrio físico/emocional. (Generada Gemini),NO,1 seña,NO,SI,NO,1 seña,Asimétrica (tipo III),P,Y,,,,03032_equilibrio.mp4
FENASCOL IV,LSC1,3033,EQUIPAJE,SUSTANTIVO,Conjunto de maletas y enseres que se llevan al viajar. (RAE),NO,1 seña,NO,SI,NO,1 seña,Simétrica (tipo I),Af,Af,,,,03033_equipaje.mp4
FENASCOL IV,LSC0,3034,EQUIPO,SUSTANTIVO,Grupo de personas organizadas para un fin o material deportivo/técnico. (RAE),NO,1 seña,NO,SI,NO,1 seña,Simétrica (tipo I),C,C,,,,03034_equipo.mp4
FENASCOL IV,LSC1,3035,ERIZADO 1,ADJETIVO,Que tiene los pelos o púas levantados o de punta. (RAE),NO,1 seña,NO,SI,NO,1 seña,Simétrica (tipo I),J,J,,,,03035_erizado1.mp4
FENASCOL IV,LSC1,3036,ERIZADO 2,ADJETIVO,Variante de seña para la condición de vello erizado. (Generada Gemini),NO,1 seña,NO,SI,NO,1 seña,Unimanual en contacto (tipo X),J,S,,,,03036_erizado2.mp4
FENASCOL IV,LSC0,3037,ESCLAVO,SUSTANTIVO,Persona jurídicamente privada de libertad y sometida a la voluntad de un dueño. (RAE),NO,1 seña,NO,SI,NO,1 seña,Simétrica (tipo I),Af,Af,,,,03037_esclavo.mp4
FENASCOL IV,LSC1,3038,ESPERANZA,SUSTANTIVO,Estado de ánimo optimista en que se espera conseguir lo que se desea. (RAE),NO,1 seña,NO,SI,NO,1 seña,Simétrica (tipo I),Nb,Nb,,,,03038_esperanza.mp4
FENASCOL IV,LSC1,3039,ESPINA,SUSTANTIVO,Púa delgada y puntiaguda que nace en el tallo de algunas plantas o en peces. (RAE),NO,1 seña,NO,SI,NO,1 seña,Asimétrica (tipo III),Bl,Ok,,,,03039_espina.mp4
FENASCOL IV,LSC0,3040,ESPINILLA,SUSTANTIVO,Acné o pequeño grano inflamado en la piel del rostro (comedón). (RAE),NO,1 seña,NO,SI,NO,1 seña,Unimanual en contacto (tipo X),Ob,,,,,03040_espinilla.mp4
FENASCOL IV,LSC1,3041,ESPÍRITU,SUSTANTIVO,"Entidad inmaterial, alma o esencia racional del ser humano. (RAE)",NO,1 seña,NO,SI,NO,1 seña,Semi-simétrica (tipo II),Nc,Nc,,,,03041_espiritu.mp4
FENASCOL IV,LSC1,3042,ESPONJILLA,SUSTANTIVO,Esponja de malla metálica o sintética para fregar utensilios de cocina. (RAE),NO,1 seña,NO,SI,SI,2 señas,Simétrica (tipo I),Qa,Qa,Al,,,03042_esponjilla.mp4
FENASCOL IV,LSC1,3043,ESPOSAS,SUSTANTIVO,Grilletes de metal unidos por una cadena para inmovilizar las muñecas. (RAE),NO,1 seña,NO,SI,NO,1 seña,Semi-simétrica (tipo II),N,N,Al,Al,,03043_esposas.mp4
FENASCOL IV,LSC1,3044,ESTAMPADO,ADJETIVO,Tela o superficie que presenta dibujos o impresiones de colores. (RAE),NO,1 seña,NO,SI,NO,1 seña,Simétrica (tipo I),Bl,Bl,,,,03044_estampado.mp4
FENASCOL IV,LSC1,3045,ESTAMPILLA 1,SUSTANTIVO,Pequeño sello postal adhesivo requerido para franqueo de correspondencia. (RAE),NO,1 seña,NO,SI,NO,1 seña,Unimanual en contacto (tipo X),H,Bl,H,,,03045_estampilla.mp4
FENASCOL IV,LSC0,3046,ESTAMPILLA 2,SUSTANTIVO,Variante de seña para sello postal o estampilla fiscal. (Generada Gemini),NO,1 seña,NO,SI,NO,1 seña,Unimanual en contacto (tipo X),A,Bl,,,,03046_estampilla.mp4
FENASCOL IV,LSC1,3047,ESTATUTO,SUSTANTIVO,Conjunto de normas legales por las que se rige una corporación o entidad. (RAE),NO,1 seña,NO,SI,NO,1 seña,Asimétrica (tipo III),B,C,,,,03047_estatuto.mp4
FENASCOL IV,LSC1,3048,ESTÉRIL (TIERRA),ADJETIVO,Terreno improductivo que no da frutos ni vegetación. (RAE),NO,1 seña,NO,SI,NO,1 seña,Simétrica (tipo I),Gl,Gl,,,,03048_esteriltie.mp4
FENASCOL IV,LSC1,3049,ESTÉRIL (PERSONA),ADJETIVO,Incapaz de procrear o reproducirse biológicamente. (RAE),SI,2 señas,NO,SI,SI,2 señas,Unimanual en contacto (tipo X),A,P,,,,03049_esterilper.mp4
FENASCOL IV,LSC1,3050,ESTOPA,SUSTANTIVO,"Parte gruesa y basta del lino o cáñamo que queda al rastrillar, usada para limpieza. (RAE)",NO,1 seña,NO,SI,NO,1 seña,Asimétrica (tipo III),C,Bl,B,B,,03050_estopa.mp4
FENASCOL IV,LSC1,3051,ESTRATEGIA ,SUSTANTIVO,Conjunto de acciones planificadas para alcanzar un objetivo determinado. (RAE),NO,1 seña,NO,SI,NO,1 seña,Semi-simétrica (tipo II),Xf,Xf,,,,03051_estrategia.mp4
FENASCOL IV,LSC0,3052,ESTREÑIMINENTO ,SUSTANTIVO,Dificultad o retraso en la evacuación intestinal (estreñimiento). (RAE),NO,1 seña,NO,SI,NO,1 seña,Semi-simétrica (tipo II),A,S,,,,03052_estreñimi.mp4
FENASCOL IV,LSC0,3053,ESTRUCTURA-1,SUSTANTIVO,Distribución y orden de las partes que componen un todo. (RAE),NO,1 seña,NO,SI,NO,1 seña,Semi-simétrica (tipo II),H,H,,,,03053_estructura.mp4
UEB,LSC0,3054,ESTRUCTURA-2,SUSTANTIVO,Variante de seña para armazón o estructura organizativa. (Generada Gemini),NO,1 seña,NO,SI,NO,1 seña,Simétrica (tipo I),O,O,J,J,,03054_estructura.mp4
FENASCOL IV,LSC1,3055,ESTUCHE,SUSTANTIVO,Caja o funda pequeña para guardar y proteger objetos. (RAE),NO,1 seña,NO,SI,NO,1 seña,Semi-simétrica (tipo II),Bl,Bl,,,,03055_estuche.mp4
FENASCOL IV,LSC0,3056,ETERNO,ADJETIVO,Que no tiene principio ni fin; sin límite temporal. (RAE),NO,1 seña,NO,SI,NO,1 seña,Unimanual (tipo 0),B,,,,,03056_eterno.mp4
UEB,LSC1,3057,INFINITO,ADJETIVO,Que no tiene fin o término cuantificable. (RAE),NO,1 seña,NO,SI,NO,1 seña,Simétrica (tipo I),R,R,,,,03057_infinito.mp4
FENASCOL IV,LSC0,3058,EVANGELIO-CATOLICO,VERBO,Libros sagrados de la vida y doctrina de Jesucristo según la tradición católica. (Generada Gemini),NO,1 seña,NO,SI,NO,1 seña,Asimétrica (tipo III),B,Bl,,,,03058_evangelioc.mp4
UEB,LSC0,3059,EVANGELIO-CRISTIANO,SUSTANTIVO,Conjunto de textos doctrinales del Nuevo Testamento en el cristianismo. (Generada Gemini),NO,1 seña,NO,SI,NO,1 seña,Unimanual (tipo 0),E,,,,,03059_evangelioc.mp4
FENASCOL IV,LSC1,3060,EVIDENCIA-1,SUSTANTIVO,Certeza manifiesta y perceptible de una cosa que no admite duda. (RAE),SI,2 señas,NO,SI,SI,2 señas,Asimétrica (tipo III),P,B,S,,,03060_evidencia1.mp4
UEB,LSC0,3061,EVIDENCIA-2,SUSTANTIVO,Variante de seña para prueba o evidencia clara. (Generada Gemini),NO,1 seña,NO,SI,NO,1 seña,Asimétrica (tipo III),B,Ne,,,,03061_evidencia2.mp4
FENASCOL IV,LSC0,3062,EXHIBICIONISTA,ADJETIVO,Persona que exhibe indebidamente su cuerpo o se muestra complacida en exponerse. (RAE),NO,1 seña,NO,SI,NO,1 seña,Asimétrica (tipo III),B,P,,,,03062_exhibicion.mp4
FENASCOL IV,LSC0,3063,EXPOSICIÓN 1,SUSTANTIVO,"Presentación pública de un tema, obra o artefacto. (RAE)",NO,1 seña,NO,SI,NO,1 seña,Simétrica (tipo I),Bl,Bl,,,,03063_exposicion.mp4
FENASCOL IV,LSC0,3064,EXPOSICIÓN 2,SUSTANTIVO,Variante de seña para muestra o exhibición pública. (Generada Gemini),NO,1 seña,NO,SI,NO,1 seña,Simétrica (tipo I),Bl,Bl,,,,03064_exposicion.mp4
FENASCOL IV,LSC1,3065,EXPOSICIÓN (DISCURSO),SUSTANTIVO,Discurso o explicación oral desarrollada ante un auditorio. (RAE),NO,1 seña,NO,SI,NO,1 seña,Unimanual (tipo 0),B,Ob,J,,,03065_exposicion.mp4
FENASCOL IV,LSC0,3066,EXPRESIÓN ,SUSTANTIVO,"Manifestación de un sentimiento, idea o pensamiento. (RAE)",NO,1 seña,NO,SI,NO,1 seña,Simétrica (tipo I),O,O,J,J,,03066_expresion.mp4
FENASCOL IV,LSC1,3067,EXPRESIVO,ADJETIVO,Que manifiesta con viveza los afectos y sentimientos. (RAE),NO,1 seña,NO,SI,NO,1 seña,Simétrica (tipo I),O,O,J,J,Jb,03067_expresivo.mp4
FENASCOL IV,LSC1,3068,EXTENSIÓN ,SUSTANTIVO,Acción de extender o tamaño y dimensión espacial de algo. (RAE),NO,1 seña,NO,SI,NO,1 seña,Simétrica (tipo I),Qe,Qe,J,J,,03068_extension.mp4
FENASCOL IV,LSC1,3069,FANÁTICO FANATISMO,ADJETIVO,Persona que defiende con pasión desmedida e intolerancia creencias u opiniones. (RAE),SI,2 señas,NO,SI,SI,2 señas,Simétrica (tipo I),S,S,,,,03069_fanaticofa.mp4
FENASCOL IV,LSC1,3070,FANTASÍA (IMAGINACIÓN),SUSTANTIVO,Facultad de la mente para reproducir o crear imágenes ideales. (RAE),NO,1 seña,NO,SI,NO,1 seña,Simétrica (tipo I),P,Jb,,,,03070_fantasiaim.mp4
FENASCOL IV,LSC1,3071,FANTASÍA (JOYA),SUSTANTIVO,Joya de imitación fabricada con materiales no preciosos. (RAE),SI,2 señas,NO,SI,SI,2 señas,Asimétrica (tipo III),J,P,Be,,,03071_fantasiajo.mp4
FENASCOL IV,LSC0,3072,FANTASMA (Una Mano),SUSTANTIVO,Representación espectral o aparición de un difunto con una mano. (RAE),NO,1 seña,NO,SI,NO,1 seña,Unimanual (tipo 0),Jb,,,,,03072_fantasmaun.mp4
FENASCOL IV,LSC0,3073,FANTASMA (Dos Manos),SUSTANTIVO,Variante gestual bilateral para la representación de espíritus o fantasmas. (Generada Gemini),NO,1 seña,NO,SI,NO,1 seña,Simétrica (tipo I),Jb,Jb,,,,03073_fantasmado.mp4
FENASCOL IV,LSC1,3074,FARO,SUSTANTIVO,Torre alta situada en la costa con luz potente para guiar a la navegación. (RAE),NO,1 seña,NO,SI,NO,1 seña,Asimétrica (tipo III),Jc,S,,,,03074_faro.mp4
FENASCOL IV,LSC1,3075,FAROL,SUSTANTIVO,Farol; fanal o linterna portátil provista de cristales para alumbrar. (RAE),NO,1 seña,NO,SI,NO,1 seña,Asimétrica (tipo III),Xf,Jc,,,,03075_farol.mp4
FENASCOL IV,LSC1,3076,FERIA (Aplauso),SUSTANTIVO,Certamen o exposición mercantil o festiva popular. (RAE),NO,1 seña,NO,SI,NO,1 seña,Simétrica (tipo I),J,J,,,,03076_feriaaplau.mp4
FENASCOL IV,LSC1,3077,FERIA (Carpa Aplauso),SUSTANTIVO,Espacio ferial itinerante bajo carpa para espectáculos o muestras comerciales. (Generada Gemini),SI,2 señas,NO,SI,SI,2 señas,Simétrica (tipo I),H,H,XXe,XXe,,03077_feriacarpa.mp4
FENASCOL IV,LSC1,3078,FIRMA FIRMAR,SUSTANTIVO,Nombre y apellido o rúbrica que una persona escribe para dar validez a un documento. (RAE),NO,1 seña,NO,SI,NO,1 seña,Asimétrica (tipo III),Bl,P,,,,03078_firmafirma.mp4
FENASCOL IV,LSC0,3079,FIRME FIRMEZA (Dos Dedos),ADJETIVO,"Sólido, constante o seguro en sus decisiones o estructura. (RAE)",NO,1 seña,NO,SI,NO,1 seña,Asimétrica (tipo III),Bl,V,,,,03079_firmefirme.mp4
FENASCOL IV,LSC0,3080,FIRME FIRMEZA (Cuatro Dedos),SUSTANTIVO,Variante de seña para solidez o firmeza absoluta. (Generada Gemini),NO,1 seña,NO,SI,NO,1 seña,Asimétrica (tipo III),B,Bl,,,,03080_firmefirme.mp4
FENASCOL IV,LSC1,3081,FLECHA,SUSTANTIVO,Arma arrojadiza puntiaguda o símbolo indicador de dirección. (RAE),SI,2 señas,NO,SI,SI,2 señas,Unimanual en contacto (tipo X),Nb,Nb,,,,03081_flecha.mp4
FENASCOL IV,LSC0,3082,FLEXIÓN (Rodillas),SUSTANTIVO,Movimiento de doblar la articulación de las piernas (rodillas). (RAE),NO,1 seña,NO,SI,NO,1 seña,Asimétrica (tipo III),B,V,,,,03082_flexionrod.mp4
FENASCOL IV,LSC0,3083,FLEXIÓN (Brazos),SUSTANTIVO,Ejercicio físico de doblar los brazos contra el suelo o resistencia. (RAE),NO,1 seña,NO,SI,NO,1 seña,Asimétrica (tipo III),J,J,,,,03083_flexionbra.mp4
FENASCOL IV,LSC1,3084,FLOTADOR,SUSTANTIVO,Dispositivo inflable o de corcho diseñado para mantenerse a flote en el agua. (RAE),NO,1 seña,NO,SI,NO,1 seña,Simétrica (tipo I),Cl,Cl,,,,03084_flotador.mp4
FENASCOL IV,LSC1,3085,FOGATA,SUSTANTIVO,Hoguera encendida al aire libre con leña. (RAE),SI,2 señas,NO,SI,SI,2 señas,Semi-simétrica (tipo II),P,P,Jc,Jc,,03085_fogata.mp4
FENASCOL IV,LSC0,3086,FOTOGRAFÍA CÁMARA FOTOGRÁFICA,SUSTANTIVO,Imagen obtenida mediante el registro óptico de la luz o aparato para tomarla. (RAE),NO,1 seña,NO,SI,NO,1 seña,Semi-simétrica (tipo II),Cb,Cb,,,,03086_fotografia.mp4
FENASCOL IV,LSC0,3087,FRASCO (Grande),SUSTANTIVO,Recipiente de vidrio o plástico de gran capacidad para líquidos. (RAE),NO,1 seña,NO,SI,NO,1 seña,Semi-simétrica (tipo II),C,F,,,,03087_frascogran.mp4
FENASCOL IV,LSC0,3088,FRASCO (Pequeño),SUSTANTIVO,Recipiente reducido de vidrio o plástico para muestras o esencias. (RAE),NO,1 seña,NO,SI,NO,1 seña,Semi-simétrica (tipo II),Cf,Xl,,,,03088_frascopequ.mp4
FENASCOL IV,LSC0,3089,FRENO FRENAR,SUSTANTIVO,Dispositivo para disminuir la velocidad o detener un vehículo. (RAE),NO,1 seña,NO,SI,NO,1 seña,Unimanual (tipo 0),Gl,,,,,03089_frenofrena.mp4
FENASCOL IV,LSC0,3090,FRONTERA 1,SUSTANTIVO,Línea de separación territorial entre dos países soberanos. (RAE),NO,1 seña,NO,SI,NO,1 seña,Semi-simétrica (tipo II),B,B,,,,03090_frontera1.mp4
FENASCOL IV,LSC0,3091,FRONTERA 2,SUSTANTIVO,Variante de seña para límite territorial o frontera. (Generada Gemini),NO,1 seña,NO,SI,NO,1 seña,Semi-simétrica (tipo II),B,B,,,,03091_frontera2.mp4
FENASCOL IV,LSC1,3092,FUGA,SUSTANTIVO,Acción de huir o escapar de un lugar de reclusión o peligro. (RAE),NO,1 seña,NO,SI,NO,1 seña,Asimétrica (tipo III),B,P,,,,03092_fuga.mp4
FENASCOL IV,LSC1,3093,FUGITIVO,SUSTANTIVO,Persona que huye de la justicia o de la autoridad. (RAE),NO,1 seña,NO,SI,NO,1 seña,Asimétrica (tipo III),B,P,,,,03093_fugitivo.mp4
FENASCOL IV,LSC1,3094,FUNDADOR,SUSTANTIVO,"Persona que establece, crea o funda una institución u organización. (RAE)",SI,2 señas,NO,SI,SI,2 señas,Asimétrica (tipo III),Jc,B,A,,,03094_fundador.mp4
FENASCOL IV,LSC0,3095,GANCHO,SUSTANTIVO,Pieza curva de metal o madera para colgar objetos o ropa. (RAE),NO,1 seña,NO,SI,NO,1 seña,Simétrica (tipo I),Xe,Xe,,,,03095_gancho.mp4
FENASCOL IV,LSC0,3096,GANCHO (ROPERO),SUSTANTIVO,Percha o gancho de armario diseñado específicamente para ropa. (RAE),NO,1 seña,NO,SI,NO,1 seña,Asimétrica (tipo III),P,Xe,,,,03096_ganchorope.mp4
FENASCOL IV,LSC0,3097,GANCHO (ROPA),SUSTANTIVO,Broche o gancho de sujeción textil en prendas. (RAE),NO,1 seña,NO,SI,NO,1 seña,Unimanual en contacto (tipo X),Tl,,,,,03097_ganchoropa.mp4
FENASCOL IV,LSC1,3098,GARROTE,SUSTANTIVO,Palo grueso y pesado que se puede usar como arma o bastón. (RAE),SI,2 señas,NO,SI,SI,2 señas,Semi-simétrica (tipo II),Cl,Cl,S,S,,03098_garrote.mp4
FENASCOL IV,LSC0,3099,GAS (Mano Cerrada),SUSTANTIVO,Sustancia gaseosa comprimida representada con configuración cerrada. (Generada Gemini),NO,1 seña,NO,SI,NO,1 seña,Unimanual en contacto (tipo X),S,,,,,03099_gasmanocer.mp4
FENASCOL IV,LSC0,3100,GAS (Mano Abierta),SUSTANTIVO,Sustancia gaseosa en expansión o flujo libre. (Generada Gemini),NO,1 seña,NO,SI,NO,1 seña,Unimanual en contacto (tipo X),Bl,,,,,03100_gasmanoabi.mp4
FENASCOL IV,LSC1,3101,GAS (Cerrar Llave),SUSTANTIVO,Acción de interrumpir el suministro de gas cerrando la válvula. (RAE),SI,2 señas,NO,SI,SI,2 señas,Unimanual en contacto (tipo X),A,G,,,,03101_gascerrarl.mp4
FENASCOL IV,LSC0,3102,GASOLINA,SUSTANTIVO,Combustible líquido derivado del petróleo empleado en motores de combustión. (RAE),NO,1 seña,NO,SI,NO,1 seña,Asimétrica (tipo III),O,L,,,,03102_gasolina.mp4
FENASCOL IV,LSC0,3103,GENERAL (MILITAR),SUSTANTIVO,Oficial general de máxima graduación en las fuerzas armadas. (RAE),NO,1 seña,NO,SI,NO,1 seña,Unimanual en contacto (tipo X),G,,,,,03103_generalmil.mp4
FENASCOL IV,LSC1,3104,GENTE 1,SUSTANTIVO,Conjunto de personas o multitud. (RAE),SI,2 señas,NO,SI,SI,2 señas,Unimanual en contacto (tipo X),Xl,Jc,Jc,,,03104_gente1.mp4
FENASCOL IV,LSC0,3105,GENTE 2,SUSTANTIVO,Variante de seña para aglomeración o conjunto de personas. (Generada Gemini),NO,1 seña,NO,SI,NO,1 seña,Simétrica (tipo I),Q,Q,,,,03105_gente2.mp4
FENASCOL IV,LSC1,3106,GESTIÓN (Acción),SUSTANTIVO,Conjunto de trámites y acciones para resolver un asunto. (RAE),NO,1 seña,NO,SI,NO,1 seña,Simétrica (tipo I),S,S,,,,03106_gestionacc.mp4
FENASCOL IV,LSC1,3107,GESTIÓN (2),SUSTANTIVO,Variante de seña para dirección o administración ejecutiva. (Generada Gemini),NO,1 seña,NO,SI,NO,1 seña,Asimétrica (tipo III),J,A,,,,03107_gestion2.mp4
FENASCOL IV,LSC0,3108,GRANO (ALIMENTO),SUSTANTIVO,"Semilla o fruto de los cereales (arroz, trigo, maíz). (RAE)",NO,1 seña,NO,SI,NO,1 seña,Asimétrica (tipo III),Oke,B,,,,03108_granoalime.mp4
FENASCOL IV,LSC0,3109,GRASA,SUSTANTIVO,Sustancia orgánica untuosa de origen animal o vegetal compuesta por lípidos. (RAE),NO,1 seña,NO,SI,NO,1 seña,Asimétrica (tipo III),B,N,,,,03109_grasa.mp4
FENASCOL IV,LSC0,3110,GRASOSO,ADJETIVO,Que tiene grasa en exceso o textura pringosa. (RAE),NO,1 seña,NO,SI,NO,1 seña,Asimétrica (tipo III),B,N,,,,03110_grasoso.mp4
FENASCOL IV,LSC1,3111,GRIETA,SUSTANTIVO,Abertura larga y estrecha en la superficie de un sólido o terreno. (RAE),NO,1 seña,NO,SI,NO,1 seña,Semi-simétrica (tipo II),B,B,,,,03111_grieta.mp4
FENASCOL IV,LSC0,3112,GRILLO,SUSTANTIVO,Insecto ortóptero saltador de color oscuro que produce sonido estridente nocturno. (RAE),NO,1 seña,NO,SI,NO,1 seña,Asimétrica (tipo III),B,XXc,,,,03112_grillo.mp4
FENASCOL IV,LSC0,3113,GRITO,SUSTANTIVO,Voz muy esforzada y levantada emitida con agudeza. (RAE),NO,1 seña,NO,SI,NO,1 seña,Unimanual en contacto (tipo X),J,,,,,03113_grito.mp4
FENASCOL IV,LSC1,3114,GUARDAESPALDA,SUSTANTIVO,Persona encargada de la protección y escolta personal de otra (guardaespaldas). (RAE),SI,2 señas,NO,SI,SI,2 señas,Compuestas (tipo C),A,Bl,,,,03114_guardaespa.mp4
FENASCOL IV,LSC1,3115,GUÍA,SUSTANTIVO,"Persona que conduce, orienta o dirige a otra en un camino o conocimiento. (RAE)",NO,1 seña,NO,SI,NO,1 seña,Asimétrica (tipo III),A,Bl,,,,03115_guia.mp4
FENASCOL IV,LSC1,3116,HACIENDA,SUSTANTIVO,Finca agrícola extensa o conjunto de bienes y riqueza pública/privada. (RAE),NO,2 señas,NO,SI,SI,2 señas,Compuestas (tipo C),Bl,,,,,03116_hacienda.mp4
FENASCOL IV,LSC1,3117,HAMACA,SUSTANTIVO,Cama colgante de red o tela que se mece sujeta por sus extremos. (RAE),NO,1 seña,NO,SI,NO,1 seña,Simétrica (tipo I),V,,,,,03117_hamaca.mp4
FENASCOL IV,LSC1,3118,HERVOR,SUSTANTIVO,Movimiento tumultuoso del agua u otro líquido cuando entra en ebullición. (RAE),NO,1 seña,NO,SI,NO,1 seña,Semi-simétrica (tipo II),O,Gl,,,,03118_hervor.mp4
FENASCOL IV,LSC0,3119,HIPISMO HIPPIE,SUSTANTIVO,Perteneciente al movimiento contracultural pacifista de los años 60 o hípico ecuestre. (RAE),NO,1 seña,NO,SI,NO,1 seña,Simétrica (tipo I),V,,,,,03119_hipismohip.mp4
FENASCOL IV,LSC0,3120,HOMENAJE (Honrar),SUSTANTIVO,Demostración pública de respeto y admiración hacia alguien. (RAE),NO,1 seña,NO,SI,NO,1 seña,Simétrica (tipo I),V,,,,,03120_homenaje1.mp4
FENASCOL IV,LSC0,3121,HOMENAJE (Quitar el sombrero),SUSTANTIVO,Gesto tradicional de cortesía descubriendo la cabeza en señal de respeto. (Generada Gemini),NO,1 seña,NO,SI,NO,1 seña,Simétrica (tipo I),Xf,,,,,03121_homenaje2.mp4
FENASCOL IV,LSC1,3122,HONRADO,ADJETIVO,"Que actúa con rectitud, honradez y probidad moral. (RAE)",SI,2 señas,NO,SI,SI,2 señas,Simétrica (tipo I),V,Ok,,,,03122_honrado.mp4
FENASCOL IV,LSC0,3123,HOSTIA,SUSTANTIVO,Oblea de pan ácimo consagrada en la eucaristía cristiana. (RAE),NO,1 seña,NO,SI,NO,1 seña,Simétrica (tipo I),Xc,,,,,03123_hostia.mp4
FENASCOL IV,LSC0,3124,HUELLA (PIES),SUSTANTIVO,Impresión que deja el pie calzado o descalzo sobre el suelo. (RAE),NO,1 seña,NO,SI,NO,1 seña,Simétrica (tipo I),Bl,,,,,03124_huellapies.mp4
FENASCOL IV,LSC1,3125,HUELLA (DACTILAR),SUSTANTIVO,Impresión dejada por los dibujos papilares de las yemas de los dedos. (RAE),NO,1 seña,NO,SI,NO,1 seña,Asimétrica (tipo III),Bl,J,,,,03125_huelladact.mp4
FENASCOL IV,LSC1,3126,IMPORTACIÓN,SUSTANTIVO,Introducción legal de mercancías extranjeras en un país. (RAE),NO,1 seña,NO,SI,NO,1 seña,Simétrica (tipo I),Q,J,,,,03126_importacio.mp4
FENASCOL IV,LSC1,3127,IMPREVISTO,ADJETIVO,"Suceso imprevisto, circunstancia o acontecimiento no planeado. (RAE)",NO,1 seña,SI,SI,NO,1 seña,Asimétrica (tipo III),P,,,,,03127_imprevisto.mp4
FENASCOL IV,LSC1,3128,INCÓMODO (Dos Manos Sobre el cuerpo),ADJETIVO,Sensación de incomodidad o desasosiego físico manifestada sobre el cuerpo. (Generada Gemini),NO,1 seña,NO,SI,NO,1 seña,Semi-simétrica (tipo II),J,,,,,03128_incomodo1.mp4
FENASCOL IV,LSC0,3129,INCÓMODO (Una Mano Sobre el Cuerpo),ADJETIVO,Variante unilateral de incomodidad corporal. (Generada Gemini),NO,1 seña,NO,SI,NO,1 seña,Unimanual en contacto (tipo X),J,,,,,03129_incomodo2.mp4
FENASCOL IV,LSC0,3130,INCÓMODO (Dos Manos Sin Tocar el Cuerpo),ADJETIVO,Sensación de incomodidad ambiental o espacial sin contacto físico. (Generada Gemini),NO,1 seña,NO,SI,NO,1 seña,Semi-simétrica (tipo II),J,,,,,03130_incomodo3.mp4
FENASCOL IV,LSC1,3131,INCUBADORA,SUSTANTIVO,Aparato para mantener a los recién nacidos prematuros en condiciones controladas de temperatura y humedad. (RAE),SI,2 señas,NO,SI,SI,2 señas,Compuestas (tipo C),G,Cl,,,,03131_incubadora.mp4
FENASCOL IV,LSC0,3132,INCUMPLIDO INCUMPLIR 1,ADJETIVO,"Que falta a su palabra, obligación o compromiso contraído. (RAE)",NO,1 seña,NO,SI,NO,1 seña,Unimanual (tipo 0),Ok,,,,,03132_incumplido.mp4
FENASCOL IV,LSC0,3133,INCUMPLIDO INCUMPLIR 2,ADJETIVO,Variante de seña para falta de cumplimiento o incumplimiento. (Generada Gemini),NO,1 seña,NO,SI,NO,1 seña,Semi-simétrica (tipo II),Bl,,,,,03133_incumplido.mp4
FENASCOL IV,LSC1,3134,INDOCUMENTADO,ADJETIVO,Que carece de documentos de identidad oficiales o papeles en regla. (RAE),NO,1 seña,NO,SI,NO,1 seña,Semi-simétrica (tipo II),Bl,,,,,03134_indocument.mp4
FENASCOL IV,LSC1,3135,INDUCCIÓN ORIENTAR,SUSTANTIVO,Proceso de introducción y orientación inicial para personal nuevo o estudiantes. (RAE),NO,1 seña,NO,SI,NO,1 seña,Asimétrica (tipo III),A,Bl,,,,03135_inducciono.mp4
FENASCOL IV,LSC0,3136,INMENSO,ADJETIVO,"Muy grande, extraordinariamente amplio o sin medida visible. (RAE)",NO,1 seña,NO,SI,NO,1 seña,Simétrica (tipo I),Xc,,,,,03136_inmenso.mp4
FENASCOL IV,LSC1,3137,INSEPARABLE (COSAS),ADJETIVO,Cosas unidas fuertemente que no pueden separarse. (Generada Gemini),NO,1 seña,NO,SI,NO,1 seña,Simétrica (tipo I),Gl,,,,,03137_inseparabl.mp4
FENASCOL IV,LSC1,3138,INSEPARABLE (PERSONAS),ADJETIVO,Personas con una amistad tan estrecha que no se apartan jamás. (Generada Gemini),NO,1 seña,NO,SI,NO,1 seña,Simétrica (tipo I),Q,,,,,03138_inseparabl.mp4
FENASCOL IV,LSC0,3139,INSEPARABLE (2 PERSONAS),ADJETIVO,Vínculo estrecho e inquebrantable entre dos individuos. (Generada Gemini),NO,1 seña,NO,SI,NO,1 seña,Unimanual (tipo 0),H,,,,,03139_inseparabl.mp4
FENASCOL IV,LSC1,3140,INSULTO,SUSTANTIVO,Dicho o hecho ofensivo dirigido a ultrajar a alguien. (RAE),SI,2 señas,NO,SI,SI,2 señas,Compuestas (tipo C),J,Be,Pc,,,03140_insulto.mp4
FENASCOL IV,LSC1,3141,INTENCIÓN,SUSTANTIVO,Determinación de la voluntad de lograr un fin determinado. (RAE),SI,2 señas,NO,SI,SI,2 señas,Compuestas (tipo C),P,Bl,,,,03141_intencion.mp4
FENASCOL IV,LSC1,3142,INTERFERENCIA INTERVENIR (COSAS),SUSTANTIVO,Interrupción o alteración en el funcionamiento de un mecanismo o transmisión. (RAE),NO,1 seña,SI,SI,NO,1 seña,Semi-simétrica (tipo II),P,,,,,03142_interferen.mp4
FENASCOL IV,LSC1,3143,INTERFERENCIA INTERVENIR (RELACIONES PERSONALES),,Inmiscuirse indebidamente en los asuntos de otros. (Generada Gemini),NO,1 seña,NO,SI,NO,1 seña,Semi-simétrica (tipo II),P,,,,,03143_interferen.mp4
FENASCOL IV,LSC1,3144,INTERMEDIARIO INDIRECTO,SUSTANTIVO,Persona o entidad que media de forma indirecta en una transacción o acuerdo. (RAE),NO,1 seña,NO,SI,NO,1 seña,Semi-simétrica (tipo II),P,,,,,03144_intermedia.mp4
FENASCOL IV,LSC1,3145,INTERNACIONAL,ADJETIVO,Que atañe a dos o más naciones o se extiende fuera de las fronteras de un país. (RAE),NO,1 seña,NO,SI,NO,1 seña,Asimétrica (tipo III),S,I,,,,03145_internacio.mp4
FENASCOL IV,LSC1,3146,INTERNADO INTERNAR 1,SUSTANTIVO,Establecimiento docente donde los alumnos residen mientras estudian. (RAE),SI,2 señas,NO,SI,SI,2 señas,Compuestas (tipo C),Bl,,,,,03146_internadoi.mp4
FENASCOL IV,LSC1,3147,INTERNADO INTERNAR 2,SUSTANTIVO,Variante de seña para régimen de internado. (Generada Gemini),SI,2 señas,NO,SI,SI,2 señas,Asimétrica (tipo III),Q,O,Bl,S,,03147_internadoi.mp4
FENASCOL IV,LSC0,3148,INTERNO,SUSTANTIVO,Situado en la parte interior de algo o alumno que vive en un internado. (RAE),NO,1 seña,NO,SI,NO,1 seña,Asimétrica (tipo III),Q,O,,,,03148_interno.mp4
FENASCOL IV,LSC0,3149,INTÉRPRETE INTERPRETAR,SUSTANTIVO,Persona que traduce oralmente o en lengua de señas de una lengua a otra. (RAE),NO,1 seña,NO,SI,NO,1 seña,Asimétrica (tipo III),Bl,H,,,,03149_interprete.mp4
FENASCOL IV,LSC0,3150,INTERRUMPIR,VERBO,Cortar la continuidad de algo o detener un proceso a mitad de su ejecución. (RAE),NO,1 seña,NO,SI,NO,1 seña,Asimétrica (tipo III),H,V,,,,03150_interrumpi.mp4
FENASCOL IV,LSC1,3151,INUNDACIÓN ,SUSTANTIVO,Ocupación por el agua de zonas o terrenos que habitualmente están secos. (RAE),SI,2 señas,NO,SI,SI,2 señas,Compuestas (tipo C),A,J,,,,03151_inundacion.mp4
FENASCOL IV,LSC0,3152,INÚTIL NO SERVIR,ADJETIVO,"Incapaz de producir provecho, utilidad o de cumplir su función. (RAE)",NO,1 seña,NO,SI,NO,1 seña,Compuestas (tipo C),Q,J,,,,03152_inutilnose.mp4
FENASCOL IV,LSC0,3153,INVENTO,SUSTANTIVO,"Creación, diseño o producción de algo nuevo que no existía previamente. (RAE)",NO,1 seña,NO,SI,NO,1 seña,Compuestas (tipo C),I,C,O,J,,03153_invento.mp4
FENASCOL IV,LSC0,3154,JINETE,SUSTANTIVO,Persona que monta a caballo con destreza. (RAE),NO,1 seña,NO,SI,NO,1 seña,Semi-simétrica (tipo II),S,,,,,03154_jinete.mp4
FENASCOL IV,LSC1,3155,JUANETE,SUSTANTIVO,Protrusión ósea dolorosa en la articulación de la base del dedo gordo del pie. (RAE),NO,1 seña,NO,SI,NO,1 seña,Asimétrica (tipo III),Be,O,C,,,03155_juanete.mp4
FENASCOL IV,LSC0,3156,JUBILACIÓN,SUSTANTIVO,Situación de retiro laboral tras cumplir los requisitos de edad y cotización. (RAE),NO,1 seña,NO,SI,NO,1 seña,Unimanual (tipo 0),,,,,,03156_jubilacion.mp4
FENASCOL IV,LSC1,3157,JUBILADO,ADJETIVO,Persona que ha pasado a la situación de jubilación y percibe pensión. (RAE),SI,2 señas,NO,SI,SI,2 señas,Compuestas (tipo C),K,,,,,03157_jubilado.mp4
FENASCOL IV,LSC0,3158,LADEADO LADEAR,ADJETIVO,Inclinado hacia un lado u orientar oblicuamente. (RAE),NO,1 seña,NO,SI,NO,1 seña,Simétrica (tipo I),Bl,,,,,03158_ladeadolad.mp4
FENASCOL IV,LSC0,3159,LADRIDO LADRAR,SUSTANTIVO,Voz emitido por los perros u cánidos. (RAE),NO,1 seña,NO,SI,NO,1 seña,Unimanual (tipo 0),J,G,,,,03159_ladridolad.mp4
FENASCOL IV,LSC0,3160,LÁGRIMA,SUSTANTIVO,Gota de líquido salado segregada por las glándulas lagrimales del ojo. (RAE),NO,1 seña,NO,SI,NO,1 seña,Compuestas (tipo C),Tb,Ta,,,,03160_lagrima.mp4
FENASCOL IV,LSC0,3161,LAGRIMEO,SUSTANTIVO,Emisión constante e involuntaria de lágrimas. (RAE),NO,1 seña,NO,SI,NO,1 seña,Unimanual en contacto (tipo X),P,,,,,03161_lagrimeo.mp4
FENASCOL IV,LSC1,3162,LÁTIGO,SUSTANTIVO,Instrumento azotador formado por una correa larga y un mango. (RAE),SI,1 seña,NO,SI,SI,1 seña,Compuestas (tipo C),Okf,Xf,,,,03162_latigo.mp4
FENASCOL IV,LSC1,3163,LEAL LEALTAD,ADJETIVO,"Fiel, constante en el afecto, cumplimiento de deberes y fidelidad. (RAE)",SI,2 señas,NO,SI,SI,2 señas,Compuestas (tipo C),S,Be,,,,03163_leallealta.mp4
FENASCOL IV,LSC0,3164,LIBERTAD,SUSTANTIVO,Facultad natural del ser humano para obrar de una manera u otra o no obrar. (RAE),NO,1 seña,NO,SI,NO,1 seña,Semi-simétrica (tipo II),L,,,,,03164_libertad.mp4
FENASCOL IV,LSC0,3165,LIMOSNERO,SUSTANTIVO,Persona que pide limosna públicamente para subsistir. (RAE),NO,1 seña,NO,SI,NO,1 seña,Unimanual (tipo 0),Cl,,,,,03165_limosnero.mp4
FENASCOL IV,LSC0,3166,LISTA (Mano),SUSTANTIVO,Relación ordenada de elementos representada con seña manual. (Generada Gemini),NO,1 seña,NO,SI,NO,1 seña,Semi-simétrica (tipo II),Bl,Ql,,,,03166_listamano.mp4
FENASCOL IV,LSC0,3167,LISTA (L),SUSTANTIVO,Variante de seña para enumeración o lista con configuración L. (Generada Gemini),NO,1 seña,NO,SI,NO,1 seña,Asimétrica (tipo III),Bl,L,,,,03167_listal.mp4
FENASCOL IV,LSC0,3168,LISTO 1,ADJETIVO,"Preparado, dispuesto o agudo de ingenio y perspicaz. (RAE)",NO,1 seña,NO,SI,NO,1 seña,Simétrica (tipo I),L,,,,,03168_listo1.mp4
FENASCOL IV,LSC1,3169,LISTO 2,ADJETIVO,Variante de seña para agudeza mental o presteza. (Generada Gemini),,,NO,SI,NO,1 seña,Simétrica (tipo I),L,,,,,03169_listo2.mp4
FENASCOL IV,LSC1,3170,LLAGA,SUSTANTIVO,Úlcera o herida abierta en la piel o tejidos mucosos. (RAE),NO,1 seña,NO,SI,NO,1 seña,Asimétrica (tipo III),S,Cl,,,,03170_llaga.mp4
FENASCOL IV,LSC0,3171,LLAMATIVO,SUSTANTIVO,Que llama fuertemente la atención por su colorido o brillantez. (RAE),NO,1 seña,NO,SI,NO,1 seña,Compuestas (tipo C),P,Gl,,,,03171_llamativo.mp4
FENASCOL IV,LSC1,3172,LLANO LLANURA,ADJETIVO,Terreno plano y extenso sin elevaciones significativas. (RAE),NO,1 seña,NO,SI,NO,1 seña,Semi-simétrica (tipo II),Bl,,,,,03172_llanollanu.mp4
FENASCOL IV,LSC0,3173,LLANTO,SUSTANTIVO,Emanación abundante de lágrimas acompañada de sollozos o lamentos. (RAE),NO,1 seña,NO,SI,NO,1 seña,Simétrica (tipo I),P,,,,,03173_llanto.mp4
FENASCOL IV,LSC0,3174,LLOVIZNA,SUSTANTIVO,Lluvia muy menuda y ligera que cae suavemente. (RAE),NO,1 seña,NO,SI,NO,1 seña,Simétrica (tipo I),G,,,,,03174_llovizna.mp4
FENASCOL IV,LSC1,3175,LUTO,SUSTANTIVO,Signo exterior de dolor y vestimenta negra en señal de duelo por un fallecido. (RAE),SI,2 señas,NO,SI,SI,2 señas,Compuestas (tipo C),P,Cl,,,,03175_luto.mp4
FENASCOL IV,LSC1,3176,MACHO 1,SUSTANTIVO,Animal de sexo masculino. (RAE),NO,2 señas,NO,SI,SI,2 señas,Compuestas (tipo C),P,S,,,,03176_macho1.mp4
UEB,LSC0,3177,MACHO 2,SUSTANTIVO,Variante de seña para género masculino en animales. (Generada Gemini),NO,1 seña,NO,SI,NO,1 seña,Unimanual en contacto (tipo X),C,S,,,,03177_macho2.mp4
FENASCOL IV,LSC1,3178,MACHO 3,SUSTANTIVO,Variante morfológica complementaria para macho. (Generada Gemini),SI,2 señas,NO,SI,SI,2 señas,Compuestas (tipo C),P,Okf,S,,,03178_macho3.mp4
FENASCOL IV,LSC0,3179,MAGIA,SUSTANTIVO,Arte o ciencia oculta con que se pretende producir efectos extraordinarios. (RAE),NO,1 seña,NO,SI,NO,1 seña,Simétrica (tipo I),Q,J,,,,03179_magia.mp4
FENASCOL IV,LSC0,3180,MANIQUÍ,SUSTANTIVO,Figura articulada con forma humana usada para exhibir ropa en vitrinas (maniquí). (RAE),NO,1 seña,NO,SI,NO,1 seña,Semi-simétrica (tipo II),J,,,,,03180_maniqui.mp4
FENASCOL IV,LSC0,3181,MAQUINA DE AFEITAR (ELÉCTRICA),SUSTANTIVO,Aparato eléctrico empleado para rasurar el vello facial. (RAE),NO,1 seña,NO,SI,NO,1 seña,Unimanual en contacto (tipo X),S,,,,,03181_maquinadea.mp4
FENASCOL IV,LSC1,3182,MARAVILLOSO 1,ADJETIVO,"Que causa gran admiración, asombro o deleite extraordinario. (RAE)",NO,1 seña,NO,SI,NO,1 seña,Simétrica (tipo I),Q,J,,,,03182_maravillos.mp4
FENASCOL IV,LSC1,3183,MARAVILLOSO 2,ADJETIVO,Variante de seña para magnificencia o maravilla. (Generada Gemini),SI,3 señas,NO,SI,SI,3 señas,Compuestas (tipo C),P,J,,,,03183_maravillos.mp4
FENASCOL IV,LSC0,3184,MARGARITA,SUSTANTIVO,Planta herbácea de flores blancas con centro amarillo. (RAE),NO,1 seña,NO,SI,NO,1 seña,Asimétrica (tipo III),P,Ta,Tb,,,03184_margarita.mp4
FENASCOL IV,LSC0,3185,MARIONETA,SUSTANTIVO,Muñeco articulado que se mueve mediante hilos o varillas. (RAE),NO,1 seña,NO,SI,NO,1 seña,Unimanual (tipo 0),Ul,,,,,03185_marioneta.mp4
FENASCOL IV,LSC1,3186,MASAJE 1,SUSTANTIVO,Aplicación de masajes corporales con frotamiento terapéutico o relajante. (RAE),NO,1 seña,NO,SI,NO,1 seña,Semi-simétrica (tipo II),J,,,,,03186_masaje1.mp4
FENASCOL IV,LSC0,3187,MASAJE 2,SUSTANTIVO,Variante de seña para la acción de masajear. (Generada Gemini),NO,1 seña,NO,SI,NO,1 seña,Simétrica (tipo I),J,Cl,A,,,03187_masaje2.mp4
FENASCOL IV,LSC0,3188,MATERIALES 1,SUSTANTIVO,Elementos o sustancias necesarios para realizar una obra o tarea. (RAE),NO,1 seña,NO,SI,NO,1 seña,Semi-simétrica (tipo II),J,,,,,03188_materiales.mp4
FENASCOL IV,LSC1,3189,MATERIALES 2,SUSTANTIVO,Variante de seña para insumos o materiales de trabajo. (Generada Gemini),SI,2 señas,NO,SI,SI,2 señas,Asimétrica (tipo III),Bl,A,J,,,03189_materiales.mp4
FENASCOL IV,LSC0,3190,MAZAMORRA,SUSTANTIVO,Postre o plato tradicional colombiano a base de maíz cocido en leche o agua. (RAE),NO,1 seña,NO,SI,NO,1 seña,Semi-simétrica (tipo II),Af,,,,,03190_mazamorra.mp4
FENASCOL IV,LSC0,3191,MAZORCA,SUSTANTIVO,Inflorescencia de la planta del maíz compuesta por granos alineados. (RAE),NO,1 seña,NO,SI,NO,1 seña,Simétrica (tipo I),Xf,,,,,03191_mazorca.mp4
FENASCOL IV,LSC0,3192,MEDALLA 1,SUSTANTIVO,Pieza de metal acuñada en forma de moneda conmemorativa o premio. (RAE),NO,1 seña,NO,SI,NO,1 seña,Compuestas (tipo C),Xc,,,,,03192_medalla1.mp4
FENASCOL IV,LSC0,3193,MEDALLA 2,SUSTANTIVO,Variante de seña para distinción o medalla honorífica. (Generada Gemini),NO,1 seña,NO,SI,NO,1 seña,Unimanual en contacto (tipo X),Xc,,,,,03193_medalla2.mp4
FENASCOL IV,LSC1,3194,MERCANCÍA,SUSTANTIVO,Cualquier cosa mueble susceptible de ser comercializada o vendida. (RAE),SI,2 señas,NO,SI,SI,2 señas,Simétrica (tipo I),J,Xf,,,,03194_mercancia.mp4
FENASCOL IV,LSC0,3195,MODELO,SUSTANTIVO,"Arquetipo, patrón o ejemplar que se imita o reproduce. (RAE)",NO,1 seña,NO,SI,NO,1 seña,Asimétrica (tipo III),J,P,,,,03195_modelo.mp4
FENASCOL IV,LSC0,3196,MODELO MODELAJE,SUSTANTIVO,Profesión o actividad de exhibir prendas de moda o poses artísticas. (RAE),NO,1 seña,NO,SI,NO,1 seña,Asimétrica (tipo III),J,Tb,,,,03196_modelomode.mp4
FENASCOL IV,LSC0,3197,MONSTRUO,SUSTANTIVO,Ser fantástico de apariencia espantosa o criatura desproporcionada. (RAE),NO,1 seña,NO,SI,NO,1 seña,Simétrica (tipo I),Gl,,,,,03197_monstruo.mp4
FENASCOL IV,LSC1,3198,MUÑECO,SUSTANTIVO,Figura de juguete con forma humana o animal. (RAE),NO,1 seña,NO,SI,NO,1 seña,Semi-simétrica (tipo II),Bl,,,,,03198_muñeco.mp4
FENASCOL IV,LSC0,3199,NACIONAL 1,ADJETIVO,Relativo a una nación o natural de ella. (RAE),NO,1 seña,NO,SI,NO,1 seña,Unimanual (tipo 0),P,,,,,03199_nacional1.mp4
FENASCOL IV,LSC1,3200,NACIONAL 2,ADJETIVO,Variante de seña para el ámbito o identidad nacional. (Generada Gemini),NO,1 seña,NO,SI,NO,1 seña,Compuestas (tipo C),H,J,,,,03200_nacional2.mp4
FENASCOL IV,LSC0,3201,POKER,SUSTANTIVO,Juego de cartas de apuestas basado en la combinación de manos (póker). (RAE),NO,1 seña,NO,SI,NO,1 seña,Semi-simétrica (tipo II),Je,,,,,03201_poker.mp4
FENASCOL IV,LSC1,3202,NAIPE - CARTAS,SUSTANTIVO,Baraja de naipes empleados en juegos de mesa y azar. (RAE),NO,2 señas,NO,SI,SI,2 señas,Compuestas (tipo C),Je,Q,,,,03202_naipecarta.mp4
FENASCOL IV,LSC0,3203,NARIGUERA NARIGÓN,SUSTANTIVO,Adorno nasal o persona dotada de una nariz grande. (RAE),NO,1 seña,NO,SI,NO,1 seña,Unimanual en contacto (tipo X),Ta,,,,,03203_narigueran.mp4
FENASCOL IV,LSC0,3204,NOTICIA NOTICIERO,SUSTANTIVO,Información sobre un hecho reciente difundida en medios de comunicación. (RAE),NO,2 señas,NO,SI,NO,1 seña,Unimanual (tipo 0),S,,,,,03204_noticianot.mp4
FENASCOL IV,LSC0,3205,NOVELA (Mano Abierta),SUSTANTIVO,Obra literaria narrativa de larga extensión representada con seña abierta. (RAE),NO,1 seña,NO,SI,NO,1 seña,Unimanual en contacto (tipo X),Je,,,,,03205_novela1.mp4
FENASCOL IV,LSC0,3206,NOVELA (Mano Cerrada),SUSTANTIVO,Variante gestual con configuración cerrada para novela literaria. (Generada Gemini),NO,1 seña,NO,SI,NO,1 seña,Unimanual en contacto (tipo X),J,,,,,03206_novela2.mp4
FENASCOL IV,LSC0,3207,OBSESIÓN,SUSTANTIVO,Perturbación anímica producida por una idea fija persistente. (RAE),NO,1 seña,NO,SI,NO,1 seña,Unimanual en contacto (tipo X),Q,,,,,03207_obsesion.mp4
FENASCOL IV,LSC1,3208,OFRENDA 1,SUSTANTIVO,Donación u ofrenda entregada como muestra de respeto o devoción. (RAE),NO,1 seña,NO,SI,NO,1 seña,Simétrica (tipo I),Bl,,,,,03208_ofrenda1.mp4
FENASCOL IV,LSC1,3209,OFRENDA 2,SUSTANTIVO,Variante de seña para ofrenda ritual o presente. (Generada Gemini),SI,2 señas,NO,SI,SI,2 señas,Compuestas (tipo C),N,Bl,Jc,Q,,03209_ofrenda2.mp4
FENASCOL IV,LSC0,3210,OJALÁ,ADVERBIO,Expresión con que se denota un vivo deseo de que suceda algo. (RAE),NO,1 seña,NO,SI,NO,1 seña,Simétrica (tipo I),R,,,,,03210_ojala.mp4
FENASCOL IV,LSC1,3211,OLIMPIADA 1,SUSTANTIVO,Competición deportiva internacional cuatrienal (olimpiada / juegos olímpicos). (RAE),NO,1 seña,NO,SI,NO,1 seña,Semi-simétrica (tipo II),Ok,,,,,03211_olimpiada1.mp4
FENASCOL IV,LSC1,3212,OLIMPIADA 2,SUSTANTIVO,Variante de seña para los juegos o certámenes olímpicos. (Generada Gemini),NO,1 seña,NO,SI,NO,1 seña,Semi-simétrica (tipo II),Tb,,,,,03212_olimpiada2.mp4
FENASCOL IV,LSC1,3213,OSCILACIÓN (VAIVÉN) 1,SUSTANTIVO,Movimiento repetido de un lado a otro (vaivén). (RAE),NO,1 seña,SI,SI,NO,1 seña,Unimanual (tipo 0),P,,,,,03213_oscilacion.mp4
FENASCOL IV,LSC1,3214,OSCILACIÓN (VAIVÉN) 2,SUSTANTIVO,Variante de seña para el movimiento oscilatorio o vaivén. (Generada Gemini),SI,2 señas,SI,SI,SI,2 señas,Unimanual (tipo 0),P,Q,,,,03214_oscilacion.mp4
FENASCOL IV,LSC1,3215,OSCILACIÓN (FLUCTUACIÓN) 1,SUSTANTIVO,Variación o fluctuación constante de un valor o estado. (RAE),NO,1 seña,SI,SI,NO,1 seña,Semi-simétrica (tipo II),J,,,,,03215_oscilacion.mp4
FENASCOL IV,LSC1,3216,OSCILACIÓN (FLUCTUACIÓN) 2,SUSTANTIVO,Variante de seña para la fluctuación o inestabilidad oscilatoria. (Generada Gemini),,,SI,SI,SI,2 señas,Compuestas (tipo C),J,P,,,,03216_oscilacion.mp4
FENASCOL IV,LSC1,3217,PAISAJE,SUSTANTIVO,Extensión de terreno vista desde un lugar y considerada como espectáculo visual. (RAE),,,NO,SI,SI,2 señas,Compuestas (tipo C),L,J,,,,03217_paisaje.mp4
FENASCOL IV,LSC1,3218,PARRILLA,SUSTANTIVO,Armazón de hierro con barras para asar alimentos al fuego. (RAE),,,NO,SI,NO,1 seña,Semi-simétrica (tipo II),Je,,,,,03218_parrilla.mp4
FENASCOL IV,LSC1,3219,PARPADEO,SUSTANTIVO,Acción de abrir y cerrar rápidamente los párpados de los ojos. (RAE),,,NO,SI,NO,1 seña,Unimanual (tipo 0),Tc,,,,,03219_parpadeo.mp4
FENASCOL IV,LSC1,3220,PARQUE DE JUEGOS,SUSTANTIVO,Área recreativa equipada con juegos infantiles y columpios. (RAE),,,NO,SI,SI,2 señas,Compuestas (tipo C),J,XX,,,,03220_parquedeju.mp4
FENASCOL IV,LSC1,3221,PARROCO SACERDOTE,SUSTANTIVO,Sacerdote que tiene a su cargo una parroquia (párroco). (RAE),,,NO,SI,NO,1 seña,Unimanual en contacto (tipo X),Pa,,,,,03221_parrocosac.mp4
FENASCOL IV,LSC1,3222,PARTIDO CONSERVADOR 1,SUSTANTIVO,Agrupación política de tendencia conservadora y tradicional. (RAE),,,NO,SI,SI,2 señas,Unimanual (tipo 0),P,Y,,,,03222_partidocon.mp4
FENASCOL IV,LSC1,3223,PARTIDO CONSERVADOR 2,SUSTANTIVO,Variante de seña para la organización política conservadora. (Generada Gemini),,,NO,SI,SI,2 señas,Asimétrica (tipo III),Q,C,,,,03223_partidocon.mp4
FENASCOL IV,LSC1,3224,PARTIDO LIBERAL 1,SUSTANTIVO,Agrupación política de tendencia liberal y reformista. (RAE),,,NO,SI,SI,2 señas,Unimanual (tipo 0),P,L,,,,03224_partidolib.mp4
FENASCOL IV,LSC1,3225,PARTIDO LIBERAL 2,SUSTANTIVO,Variante de seña para la organización política liberal. (Generada Gemini),,,NO,SI,SI,2 señas,Asimétrica (tipo III),Q,L,,,,03225_partidolib.mp4
FENASCOL IV,LSC1,3226,PARTIDO (DEPORTE),SUSTANTIVO,Encuentro o competencia deportiva entre dos equipos o contendientes. (RAE),,,NO,SI,NO,1 seña,Semi-simétrica (tipo II),P,,,,,03226_partidodep.mp4
FENASCOL IV,LSC1,3227,PATALETA,SUSTANTIVO,Berrinche o rabieta violenta manifestada por niños con patadas y llanto. (RAE),,,NO,SI,NO,1 seña,Semi-simétrica (tipo II),S,,,,,03227_pataleta.mp4
FENASCOL IV,LSC0,3228,PECADO 1,SUSTANTIVO,Transgresión voluntaria de una ley o precepto religioso moral. (RAE),,,NO,SI,NO,1 seña,Unimanual (tipo 0),P,,,,,03228_pecado1.mp4
FENASCOL IV,LSC0,3229,PECADO 2,SUSTANTIVO,Variante de seña para falta o transgresión moral (pecado). (Generada Gemini),,,NO,SI,NO,1 seña,Unimanual en contacto (tipo X),Bc,,,,,03229_pecado2.mp4
FENASCOL IV,LSC0,3230,PECADO 3,SUSTANTIVO,Variante morfológica complementaria para pecado. (Generada Gemini),,,NO,SI,NO,1 seña,Simétrica (tipo I),X,,,,,03230_pecado3.mp4
FENASCOL IV,LSC0,3231,PECADO 4,SUSTANTIVO,Variante léxica complementaria de seña para falta religiosa. (Generada Gemini),,,NO,SI,NO,1 seña,Semi-simétrica (tipo II),Bl,,,,,03231_pecado4.mp4
FENASCOL IV,LSC0,3232,PEDAZO 1,SUSTANTIVO,Porción separada de un todo. (RAE),,,NO,SI,NO,1 seña,Simétrica (tipo I),G,,,,,03232_pedazo1.mp4
FENASCOL IV,LSC0,3233,PEDAZO 2,SUSTANTIVO,Variante de seña para trozo o fragmento de algo. (Generada Gemini),,,NO,SI,NO,1 seña,Semi-simétrica (tipo II),Bl,,,,,03233_pedazo2.mp4
FENASCOL IV,LSC0,3234,PERTENECER 1,VERBO,Ser propia de alguien una cosa o formar parte de una corporación. (RAE),,,NO,SI,NO,1 seña,Unimanual en contacto (tipo X),Bl,,,,,03234_pertenecer.mp4
FENASCOL IV,LSC0,3235,PERTENECER 2,VERBO,Variante de seña para pertenencia o vinculación. (Generada Gemini),,,NO,SI,NO,1 seña,Asimétrica (tipo III),O,Q,,,,03235_pertenecer.mp4
FENASCOL IV,LSC0,3236,PESAR (SENTIMIENTO),SUSTANTIVO,"Sentimiento de tristeza, aflicción o arrepentimiento profundo. (RAE)",,,NO,SI,NO,1 seña,Unimanual en contacto (tipo X),J,,,,,03236_pesarsenti.mp4
FENASCOL IV,LSC1,3237,PESEBRE 1,SUSTANTIVO,Comedero para el ganado / Representación plástica del nacimiento de Jesús (pesebre/nacimiento). (RAE),,,NO,SI,NO,1 seña,Simétrica (tipo I),J,,,,,03237_pesebre1.mp4
FENASCOL IV,LSC1,3238,PESEBRE 2,SUSTANTIVO,Variante de seña para belén o pesebre navideño. (Generada Gemini),,,NO,SI,NO,1 seña,Semi-simétrica (tipo II),J,,,,,03238_pesebre2.mp4
FENASCOL IV,LSC1,3239,PESO (CUALIDAD DE UN CUERPO),SUSTANTIVO,Fuerza con que la gravedad atrae a un cuerpo material. (RAE),,,NO,SI,NO,1 seña,Simétrica (tipo I),Bl,,,,,03239_pesocualid.mp4
FENASCOL IV,LSC1,3240,PIÑATA,SUSTANTIVO,Recipiente de cartón lleno de dulces y sorpresas que se rompe en fiestas (piñata). (RAE),,,NO,SI,NO,1 seña,Semi-simétrica (tipo II),S,Xf,,,,03240_piñata.mp4
FENASCOL IV,LSC1,3241,PIRATA,SUSTANTIVO,Navegante que roba y asalta en el mar o infractor de derechos de autor. (RAE),,,NO,SI,NO,1 seña,Unimanual en contacto (tipo X),B,,,,,03241_pirata.mp4
FENASCOL IV,LSC1,3242,PORCIÓN 1,SUSTANTIVO,Cantidad o parte de un todo. (RAE),,,NO,SI,NO,1 seña,Asimétrica (tipo III),J,Gl,,,,03242_porcion1.mp4
FENASCOL IV,LSC1,3243,PORCIÓN 2,SUSTANTIVO,Variante de seña para porción o ración fraccionada. (Generada Gemini),,,NO,SI,NO,1 seña,Asimétrica (tipo III),Bl,Qa,,,,03243_porcion2.mp4
FENASCOL IV,LSC0,3244,PRUDENTE 1,ADJETIVO,"Que actúa con sensatez, cautela y moderación ante los riesgos. (RAE)",,,NO,SI,NO,1 seña,Simétrica (tipo I),J,,,,,03244_pudrente1.mp4
FENASCOL IV,LSC0,3245,PRUDENTE 2,ADJETIVO,Variante de seña para sensatez y prudencia. (Generada Gemini),,,NO,SI,SI,2 señas,Compuestas (tipo C),P,J,,,,03245_pudrente2.mp4
FENASCOL IV,LSC1,3246,PULIDO (COSA),ADJETIVO,Objeto que tiene una superficie lisa y brillante tras ser pulida. (RAE),,,NO,SI,NO,1 seña,Semi-simétrica (tipo II),B,,,,,03246_pulidocosa.mp4
FENASCOL IV,LSC1,3247,PULIDA (PERSONA),SUSTANTIVO,"Persona educada, refinada y pulcra en sus modales. (RAE)",,,NO,SI,NO,1 seña,Semi-simétrica (tipo II),Bl,,,,,03247_pulidapers.mp4
FENASCOL IV,LSC0,3248,REFLEXIÓN,SUSTANTIVO,Acción de pensar detenidamente en algo o considerar un asunto con madurez. (RAE),,,NO,SI,NO,1 seña,Semi-simétrica (tipo II),P,X,,,,03248_reflexion.mp4
FENASCOL IV,LSC1,3249,REFUERZO,SUSTANTIVO,"Ayuda, apoyo o elemento añadido para hacer algo más fuerte o resistente. (RAE)",,,NO,SI,NO,1 seña,Semi-simétrica (tipo II),S,,,,,03249_refuerzo.mp4
FENASCOL IV,LSC1,3250,REPRESENTANTE,SUSTANTIVO,Persona que actúa en nombre de otra o de una institución. (RAE),,,NO,SI,NO,1 seña,Semi-simétrica (tipo II),Bl,,,,,03250_representa.mp4
FENASCOL IV,LSC1,3251,RESORTE 1,SUSTANTIVO,Pieza elástica dispuesta en espiral que recupera su forma tras la presión. (RAE),,,NO,SI,NO,1 seña,Simétrica (tipo I),S,,,,,03251_resorte1.mp4
FENASCOL IV,LSC1,3252,RESORTE 2,SUSTANTIVO,Variante de seña para muelle o elemento elástico (resorte). (Generada Gemini),,,NO,SI,NO,1 seña,Semi-simétrica (tipo II),G,,,,,03252_resorte2.mp4
FENASCOL IV,LSC1,3253,RETO,SUSTANTIVO,Objetivo o empresa difícil que constituye un desafío para la inteligencia o habilidad. (RAE),,,NO,SI,NO,1 seña,Unimanual en contacto (tipo X),P,Xe,,,,03253_reto.mp4
FENASCOL IV,LSC1,3254,RETRASO,SUSTANTIVO,Demora o tardanza en la realización de una actividad o llegada. (RAE),,,NO,SI,SI,2 señas,Compuestas (tipo C),P,S,Bl,,,03254_retraso.mp4
FENASCOL IV,LSC1,3255,REVISTA,SUSTANTIVO,Publicación periódica en forma de cuaderno con artículos e imágenes. (RAE),,,NO,SI,NO,1 seña,Semi-simétrica (tipo II),Bl,,,,,03255_revista.mp4
FENASCOL IV,LSC1,3256,ROSA 1,SUSTANTIVO,"Flor del rosal, de pétalos vistosos y aroma agradable. (RAE)",,,NO,SI,NO,1 seña,Asimétrica (tipo III),C,Q,Gl,,,03256_rosa1.mp4
FENASCOL IV,LSC1,3257,ROSA 2,SUSTANTIVO,Variante de seña para la flor del rosal o color rosa. (Generada Gemini),,,NO,SI,NO,1 seña,Unimanual en contacto (tipo X),Q,J,,,,03257_rosa2.mp4
FENASCOL IV,LSC1,3258,SALADO,ADJETIVO,Que tiene sal o sabor propio de ella. / Dicho de una persona graciosa o desafortunada en Colombia. (RAE),,,NO,SI,SI,2 señas,Compuestas (tipo C),P,S,,,,03258_salado.mp4
FENASCOL IV,LSC1,3259,SOLEDAD,SUSTANTIVO,Carencia voluntaria o involuntaria de compañía. (RAE),,,NO,SI,NO,1 seña,Unimanual (tipo 0),P,,,,,03259_soledad.mp4
FENASCOL IV,LSC1,3260,SOMBRA (PERSONA),ADJETIVO,Proyección oscura que proyecta un cuerpo al interponerse a la luz. (RAE),,,NO,SI,NO,1 seña,Unimanual (tipo 0),Q,J,,,,03260_sombrapers.mp4
FENASCOL IV,LSC1,3261,SOMBRA (BUSCAR LA ...),SUSTANTIVO,Acción de cobijarse o resguardarse de la luz solar directa bajo la sombra. (Generada Gemini),,,NO,SI,NO,1 seña,Unimanual (tipo 0),Ql,,,,,03261_sombrabusc.mp4
FENASCOL IV,LSC1,3262,SOMBRA (ARTE),SUSTANTIVO,Efecto de sombreado en dibujo o artes plásticas. (RAE),,,NO,SI,NO,1 seña,Semi-simétrica (tipo II),Bl,,,,,03262_sombraarte.mp4
FENASCOL IV,LSC1,3263,SOPLO,SUSTANTIVO,Acción de soplar o expeler aire con fuerza por la boca. (RAE),,,NO,SI,NO,1 seña,Unimanual (tipo 0),Bl,,,,,03263_soplo.mp4
FENASCOL IV,LSC1,3264,SUDOR,SUSTANTIVO,Líquido claro segregado por las glándulas sudoríparas de la piel. (RAE),,,NO,SI,NO,1 seña,Unimanual en contacto (tipo X),N,,,,,03264_sudor.mp4
FENASCOL IV,LSC1,3265,TELESCOPIO,SUSTANTIVO,Instrumento óptico para observar objetos lejanos y cuerpos celestes con detalle. (RAE),,,NO,SI,NO,1 seña,Semi-simétrica (tipo II),C,,,,,03265_telescopio.mp4
FENASCOL IV,LSC1,3266,TEMBLOR TEMBLOROSO,ADJETIVO,Agitación o movimiento involuntario y trémulo del cuerpo. (RAE),,,NO,SI,NO,1 seña,Semi-simétrica (tipo II),J,,,,,03266_temblortem.mp4
FENASCOL IV,LSC1,3267,TEMBLOR DE TIERRA,SUSTANTIVO,Sismo o sacudida leve de la corteza terrestre. (RAE),,,NO,SI,NO,1 seña,Simétrica (tipo I),J,,,,,03267_temblordet.mp4
FENASCOL IV,LSC1,3268,TERREMOTO,SUSTANTIVO,Seísmo o sacudida violenta y destructiva de la superficie terrestre. (RAE),,,NO,SI,NO,1 seña,Simétrica (tipo I),S,,,,,03268_terremoto.mp4
FENASCOL IV,LSC1,3269,TORNEO 1,SUSTANTIVO,Competencia deportiva organizada con múltiples participantes o equipos. (RAE),,,NO,SI,NO,1 seña,Simétrica (tipo I),P,,,,,03269_torneo1.mp4
FENASCOL IV,LSC1,3270,TORNEO 2,SUSTANTIVO,Variante de seña para campeonato o justa deportiva. (Generada Gemini),,,NO,SI,NO,1 seña,Simétrica (tipo I),P,,,,,03270_torneo2.mp4
FENASCOL IV,LSC1,3271,TURNO 1,SUSTANTIVO,Orden sucesivo en que las personas realizan una acción o reciben un servicio. (RAE),,,NO,SI,NO,1 seña,Semi-simétrica (tipo II),P,,,,,03271_turno1.mp4
FENASCOL IV,LSC1,3272,TURNO 2,SUSTANTIVO,Variante de seña para el turno u orden sucesivo. (Generada Gemini),,,NO,SI,NO,1 seña,Semi-simétrica (tipo II),A,,,,,03272_turno2.mp4
FENASCOL IV,LSC1,3273,TURNO 3,SUSTANTIVO,Variante morfológica complementaria para turno. (Generada Gemini),,,NO,SI,NO,1 seña,Semi-simétrica (tipo II),A,,,,,03273_turno3.mp4
FENASCOL IV,LSC1,3274,TUTOR,SUSTANTIVO,"Persona encargada de orientar, supervisar o educar a un alumno o menor. (RAE)",,,NO,SI,NO,1 seña,Semi-simétrica (tipo II),A,,,,,03274_tutor.mp4
FENASCOL IV,LSC1,3275,VALIOSO,ADJETIVO,"Que tiene alto valor, estimación o precio elevado. (RAE)",,,NO,SI,NO,1 seña,Simétrica (tipo I),Q,J,,,,03275_valioso.mp4
FENASCOL IV,LSC1,3276,VALOR (DINERO),SUSTANTIVO,Equivalencia monetaria o precio de las cosas. (RAE),,,NO,SI,NO,1 seña,Unimanual (tipo 0),Q,,,,,03276_valordiner.mp4
FENASCOL IV,LSC1,3277,VALOR (PERSONA),ADJETIVO,"Cualidad moral de coraje, audacia y firmeza de ánimo. (RAE)",,,NO,SI,NO,1 seña,Simétrica (tipo I),Q,J,,,,03277_valorperso.mp4
FENASCOL IV,LSC1,3278,VALORES,SUSTANTIVO,Principios morales o virtudes que caracterizan a una persona o sociedad. (RAE),,,NO,SI,NO,1 seña,Simétrica (tipo I),Q,J,,,,03278_valores.mp4
FENASCOL IV,LSC1,3279,VANIDAD,SUSTANTIVO,"Arrogancia, presunción y deseo excesivo de ser admirado. (RAE)",,,NO,SI,NO,1 seña,Simétrica (tipo I),H,Ma,,,,03279_vanidad.mp4
FENASCOL IV,LSC1,3280,VELA,SUSTANTIVO,Cilindro de cera con mecha para alumbrar / Lona grande de embarcación. (RAE),,,NO,SI,NO,1 seña,Unimanual (tipo 0),P,,,,,03280_vela.mp4
FENASCOL IV,LSC1,3281,VELATORIO,SUSTANTIVO,Lugar o ceremonia donde se vela a un difunto. (RAE),,,NO,SI,NO,1 seña,Simétrica (tipo I),P,,,,,03281_velatorio.mp4
FENASCOL IV,LSC1,3282,VENENO 1,SUSTANTIVO,Sustancia tóxica capaz de destruir la salud o causar la muerte. (RAE),,,NO,SI,NO,1 seña,Semi-simétrica (tipo II),XX,,,,,03282_veneno1.mp4
FENASCOL IV,LSC1,3283,VENENO 2,SUSTANTIVO,Variante de seña para sustancia tóxica o veneno. (Generada Gemini),,,NO,SI,SI,2 señas,Compuestas (tipo C),Xc,L,Tc,XX,,03283_veneno2.mp4
FENASCOL IV,LSC1,3284,VISA 1,SUSTANTIVO,Documento oficial en pasaporte que autoriza la entrada a un país. (RAE),,,NO,SI,SI,2 señas,Asimétrica (tipo III),S,Bl,,,,03284_visa1.mp4
FENASCOL IV,LSC1,3285,VISA 2,SUSTANTIVO,Tarjeta de crédito o medio de pago electrónico (Visa). (RAE),,,NO,SI,SI,2 señas,Compuestas (tipo C),S,Bl,Vl,,,03285_visa2.mp4
FENASCOL VI,LSC1,3286,AVENTURA AMOROSA,SUSTANTIVO,Relación sentimental o romance pasajero. (RAE),SI,2 señas,NO,SI,SI,2 señas,Compuestas (tipo C),Bl,P,,,,03286_aventuraam.mp4
UEB,LSC1,3287,FEMINISMO 1,SUSTANTIVO,Movimiento social y político que persigue la igualdad de derechos de la mujer. (RAE),SI,2 señas,NO,SI,SI,2 señas,Compuestas (tipo C),Ql,J,S,,,03287_feminismo1.mp4
FENASCOL VI,LSC1,3288,FEMINISMO 2,SUSTANTIVO,Variante de seña para la corriente ideológica feminista. (Generada Gemini),SI,2 señas,NO,SI,SI,2 señas,Compuestas (tipo C),Ta,S,,,,03288_feminismo2.mp4
FENASCOL VI,LSC1,3289,MATRIARCADO,SUSTANTIVO,Sociedad en que el mando o autoridad recae sobre las mujeres o madres. (RAE),SI,2 señas,NO,SI,SI,2 señas,Compuestas (tipo C),Bl,S,,,,03289_matriarcad.mp4
FENASCOL VI,LSC1,3290,NOVIAZGO,SUSTANTIVO,Condición o período de relación amorosa formal entre dos novios. (RAE),NO,1 seña,NO,SI,NO,1 seña,Simétrica (tipo I),A,,,,,03290_noviazgo.mp4
FENASCOL VI,LSC0,3291,PAREJA O COMPAÑERO(A) 1,SUSTANTIVO,Persona con la que se mantiene una relación afectiva o conyugal. (RAE),NO,1 seña,NO,SI,NO,1 seña,Unimanual (tipo 0),V,H,,,,03291_parejaocom.mp4
FENASCOL VI,LSC0,3292,PAREJA O COMPAÑERO(A) 2,SUSTANTIVO,Variante de seña para pareja sentimental o compañero de vida. (Generada Gemini),NO,1 seña,NO,SI,NO,1 seña,Simétrica (tipo I),A,,,,,03292_parejaocom.mp4
FENASCOL VI,LSC1,3293,PATRIARCADO,SUSTANTIVO,Sistema de organización social en que el hombre ejerce la autoridad principal. (RAE),SI,2 señas,NO,SI,SI,2 señas,Compuestas (tipo C),P,S,,,,03293_patriarcad.mp4
FENASCOL VI,LSC1,3294,PREMATRIMONIAL,ADJETIVO,Que antecede o se realiza con anterioridad al matrimonio. (RAE),SI,2 señas,NO,SI,SI,2 señas,Asimétrica (tipo III),Bl,J,Tc,,,03294_prematrimo.mp4
UEB,LSC0,3295,VALORES-CABEZA-CORAZON,SUSTANTIVO,Principios morales arraigados en el pensamiento y el sentimiento humano. (Generada Gemini),NO,1 seña,NO,SI,NO,1 seña,Semi-simétrica (tipo II),Q,,,,,03295_valorescab.mp4
FENASCOL VI,LSC1,3296,ADMIRAR 3,VERBO,Tercera variante morfológica de seña para admiración profunda. (Generada Gemini),NO,1 seña,NO,SI,NO,1 seña,Semi-simétrica (tipo II),XX,,,,,03296_admirar3.mp4
FENASCOL VI,LSC0,3297,AFECTO,SUSTANTIVO,Inclinación de amor o cariño hacia alguien. (RAE),NO,1 seña,NO,SI,NO,1 seña,Unimanual en contacto (tipo X),Q,J,,,,03297_afecto.mp4
FENASCOL VI,LSC0,3298,AMAR,VERBO,"Tener gran amor, afecto o inclinación apasionada hacia alguien o algo. (RAE)",NO,1 seña,NO,SI,NO,1 seña,Simétrica (tipo I),S,,,,,03298_amar.mp4
FENASCOL VI,LSC0,3299,AMOR,SUSTANTIVO,"Sentimiento intenso del ser humano que, partiendo de su propia insuficiencia, necesita y busca el encuentro con otro ser. (RAE)",NO,1 seña,NO,SI,NO,1 seña,Simétrica (tipo I),S,,,,,03299_amor.mp4
FENASCOL VI,LSC0,3300,ANSIEDAD,SUSTANTIVO,"Estado de zozobra, inquietud o aprensión persistente. (RAE)",NO,1 seña,NO,SI,NO,1 seña,Semi-simétrica (tipo II),G,,,,,03300_ansiedad.mp4
FENASCOL VI,LSC0,3301,ATRACCIÓN 1,SUSTANTIVO,Fuerza que atrae o inclina el ánimo hacia algo o alguien. (RAE),NO,1 seña,NO,SI,NO,1 seña,Compuestas (tipo C),U,,,,,03301_atraccion1.mp4
UEB,LSC1,3302,ATRACCIÓN-SEXUAL,SUSTANTIVO,Atracción física e impulso erótico hacia otra persona. (RAE),NO,1 seña,NO,SI,NO,1 seña,Simétrica (tipo I),X,,,,,03302_atraccions.mp4
FENASCOL VI,LSC0,3303,DECEPCIÓN 1,SUSTANTIVO,Pesar causado por desengaño o incumplimiento de una esperanza. (RAE),NO,1 seña,NO,SI,NO,1 seña,Unimanual en contacto (tipo X),C,S,,,,03303_decepcion1.mp4
UEB,LSC0,3304,DECEPCIÓN 2,SUSTANTIVO,Variante de seña para decepción o desilusión. (Generada Gemini),NO,1 seña,NO,SI,NO,1 seña,Semi-simétrica (tipo II),J,G,,,,03304_decepcion2.mp4
FENASCOL VI,LSC0,3305,DESILUSIÓN,SUSTANTIVO,"Pérdida de la ilusión, esperanza o encanto ante algo. (RAE)",NO,1 seña,NO,SI,NO,1 seña,Unimanual en contacto (tipo X),N,,,,,03305_desilusion.mp4
FENASCOL VI,LSC1,3306,FELIZ    FELICIDAD,ADJETIVO,Estado de grata satisfacción espiritual y física. (RAE),NO,1 seña,NO,SI,NO,1 seña,Simétrica (tipo I),J,Y,,,,03306_felizfelic.mp4
FENASCOL VI,LSC0,3307,PLACER,VERBO,"Goce, agrado o satisfacción sensible del espíritu o los sentidos. (RAE)",NO,1 seña,NO,SI,NO,1 seña,Unimanual en contacto (tipo X),J,,,,,03307_placer.mp4
FENASCOL VI,LSC1,3308,INTUICIÓN,SUSTANTIVO,Facultad de comprender las cosas instantáneamente sin razonamiento complejo. (RAE),NO,1 seña,NO,SI,NO,1 seña,Asimétrica (tipo III),P,G,,,,03308_intuicion.mp4
FENASCOL VI,LSC0,3309,PASIÓN,SUSTANTIVO,Inclinación o preferencia muy vehemente hacia algo o alguien. (RAE),NO,1 seña,NO,SI,NO,1 seña,Semi-simétrica (tipo II),Bl,,,,,03309_pasion.mp4
UEB,LSC1,3310,PRESENTIMIENTO,SUSTANTIVO,Sensación o pálpito de que algo va a suceder. (RAE),NO,2 señas,NO,SI,SI,2 señas,Unimanual en contacto (tipo X),N,P,,,,03310_presentimi.mp4
FENASCOL VI,LSC0,3311,SENTIMIENTOS,SUSTANTIVO,"Estado afectivo del ánimo hacia personas, objetos o ideas. (RAE)",NO,1 seña,NO,SI,NO,1 seña,Unimanual en contacto (tipo X),N,,,,,03311_sentimient.mp4
UEB,LSC0,3312,SINCERIDAD,SUSTANTIVO,Cualidad de obrar y expresarse con veracidad sin fingimiento. (RAE),NO,1 seña,NO,SI,NO,1 seña,Asimétrica (tipo III),S,Gl,,,,03312_sinceridad.mp4
UEB,LSC1,3313,TERNURA,SUSTANTIVO,"Cualidad de tierno, afectuoso, entrañable y dulce. (RAE)",SI,2 señas,SI,SI,SI,2 señas,Compuestas (tipo C),H,P,Bl,,,03313_ternura.mp4
FENASCOL VI,LSC0,3314,ANO,SUSTANTIVO,Orificio terminal del tubo digestivo por el cual se expulsan las heces. (RAE),NO,1 seña,NO,SI,NO,1 seña,Asimétrica (tipo III),Ob,P,,,,03314_ano.mp4
FENASCOL VI,LSC0,3315,GENITALES,SUSTANTIVO,Órganos externos e internos del aparato reproductor humano. (RAE),NO,1 seña,NO,SI,NO,1 seña,Unimanual en contacto (tipo X),P,X,,,,03315_genitales.mp4
FENASCOL VI,LSC0,3316,NALGAS (GLÚTEOS),SUSTANTIVO,Prominencias carnosas situadas en la parte posterior de la pelvis (glúteos). (RAE),NO,1 seña,NO,SI,NO,1 seña,Simétrica (tipo I),Gl,,,,,03316_nalgasglut.mp4
FENASCOL VI,LSC0,3317,OMBLIGO,SUSTANTIVO,Cicatriz central en el abdomen que queda tras la caída del cordón umbilical. (RAE),NO,1 seña,NO,SI,NO,1 seña,Unimanual en contacto (tipo X),P,,,,,03317_ombligo.mp4
UEB,LSC1,3318,PEZONES,SUSTANTIVO,Pequeñas protuberancias eréctiles situadas en el centro de las mamas. (RAE),NO,1 seña,NO,SI,NO,1 seña,Simétrica (tipo I),Ñ,,,,,03318_pezones.mp4
FENASCOL VI,LSC0,3319,VELLO AXILAR,SUSTANTIVO,Pelo corporal que crece en la zona de las axilas durante la pubertad. (RAE),NO,1 seña,NO,SI,NO,1 seña,Unimanual en contacto (tipo X),J,Q,,,,03319_velloaxila.mp4
UEB,LSC0,3320,VELLO PÚBICO,SUSTANTIVO,Pelo corporal que crece alrededor de los órganos genitales externos. (RAE),NO,1 seña,NO,SI,NO,1 seña,Asimétrica (tipo III),V,J,Q,,,03320_vellopubic.mp4
UEB,LSC1,3321,ZONAS ERÓGENAS,SUSTANTIVO,Áreas del cuerpo humano altamente sensibles al estímulo sexual. (RAE),SI,2 señas,NO,SI,SI,2 señas,Semi-simétrica (tipo II),U,J,,,,03321_zonaseroge.mp4
FENASCOL VI,LSC0,3322,CLÍTORIS,SUSTANTIVO,Órgano eréctil femenino altamente sensible situado en la vulva. (RAE),NO,1 seña,NO,SI,NO,1 seña,Semi-simétrica (tipo II),Ob,,,,,03322_clitoris.mp4
FENASCOL VI,LSC1,3323,CUELLO UTERINO ,SUSTANTIVO,Porción inferior y estrecha del útero que comunica con la vagina (cuello uterino/cérvix). (RAE),NO,1 seña,NO,SI,NO,1 seña,Semi-simétrica (tipo II),Y,C,Q,,,03323_cuellouter.mp4
FENASCOL VI,LSC1,3324,HIMEN,SUSTANTIVO,Membrana delgada y vascularizada que cubre parcialmente la entrada de la vagina. (RAE),NO,1 seña,SI,SI,NO,1 seña,Asimétrica (tipo III),L,J,,,,03324_himen.mp4
FENASCOL VI,LSC1,3325,LABIOS MAYORES,SUSTANTIVO,Pliegues cutáneos externos protectores de la vulva. (RAE),NO,1 seña,NO,SI,NO,1 seña,Semi-simétrica (tipo II),Pc,Pa,,,,03325_labiosmayo.mp4
FENASCOL VI,LSC1,3326,LABIOS MENORES,SUSTANTIVO,Pliegues cutáneos internos situados dentro de los labios mayores. (RAE),NO,1 seña,NO,SI,NO,1 seña,Semi-simétrica (tipo II),Pc,Pa,,,,03326_labiosmeno.mp4
FENASCOL VI,LSC1,3327,MATRIZ O ÚTERO,SUSTANTIVO,Órgano muscular hueco de la gestación en el aparato reproductor femenino (útero). (RAE),NO,1 seña,NO,SI,NO,1 seña,Asimétrica (tipo III),Y,C,Q,,,03327_matrizoute.mp4
FENASCOL VI,LSC1,3328,OVARIOS,SUSTANTIVO,Glándulas sexuales femeninas productoras de óvulos y hormonas. (RAE),NO,1 seña,NO,SI,NO,1 seña,Asimétrica (tipo III),Y,O,,,,03328_ovarios.mp4
FENASCOL VI,LSC1,3329,PUNTO G,SUSTANTIVO,Zona erógena sensible situada en la pared anterior de la vagina. (RAE),NO,1 seña,NO,SI,NO,1 seña,Asimétrica (tipo III),Y,Pc,,,,03329_puntog.mp4
FENASCOL VI,LSC1,3330,SENOS,SUSTANTIVO,Mamas; órganos glandulares femeninos destinados a la lactancia. (RAE),NO,1 seña,NO,SI,NO,1 seña,Unimanual en contacto (tipo X),H,,,,,03330_senos.mp4
FENASCOL VI,LSC0,3331,SENOS-PLANOS,ADJETIVO,Variante morfológica o descriptiva de mamas de volumen reducido. (Generada Gemini),NO,1 seña,NO,SI,NO,1 seña,Simétrica (tipo I),Bl,,,,,03331_senosplano.mp4
FENASCOL VI,LSC1,3332,SENOS-PEQUEÑOS,ADJETIVO,Mamas de tamaño menor al promedio. (Generada Gemini),NO,1 seña,NO,SI,NO,1 seña,Simétrica (tipo I),Gl,,,,,03332_senospeque.mp4
FENASCOL VI,LSC1,3333,SENOS-CAIDOS,ADJETIVO,Mamas con descenso o ptosis en su tejido de sustentación. (Generada Gemini),NO,1 seña,NO,SI,NO,1 seña,Simétrica (tipo I),Ql,,,,,03333_senoscaido.mp4
FENASCOL VI,LSC1,3334,SENOS-CONO,ADJETIVO,Mamas con proyección cónica en su anatomía. (Generada Gemini),NO,1 seña,NO,SI,NO,1 seña,Simétrica (tipo I),J,Q,,,,03334_senoscono.mp4
FENASCOL VI,LSC1,3335,SENOS-PROMEDIO,ADJETIVO,Mamas de dimensiones medianas o habituales. (Generada Gemini),NO,1 seña,NO,SI,NO,1 seña,Simétrica (tipo I),Cl,,,,,03335_senosprome.mp4
FENASCOL VI,LSC0,3336,SENOS-GRANDES,ADJETIVO,Mamas de mayor volumen o desarrollo anatómico. (Generada Gemini),NO,1 seña,NO,SI,NO,1 seña,Simétrica (tipo I),Gl,,,,,03336_senosgrand.mp4
FENASCOL VI,LSC1,3337,TROMPAS DE FALOPIO,SUSTANTIVO,Conductos que comunican los ovarios con el útero en la mujer. (RAE),NO,1 seña,NO,SI,NO,1 seña,Asimétrica (tipo III),Y,Okf,,,,03337_trompasdef.mp4
FENASCOL VI,LSC0,3338,VAGINA,SUSTANTIVO,Conducto fibromuscular elástico que conecta el útero con la vulva. (RAE),NO,1 seña,NO,SI,NO,1 seña,Unimanual en contacto (tipo X),L,,,,,03338_vagina.mp4
FENASCOL VI,LSC1,3339,VULVA,SUSTANTIVO,Conjunto de los órganos genitales externos femeninos. (RAE),NO,1 seña,NO,SI,NO,1 seña,Asimétrica (tipo III),H,L,,,,03339_vulva.mp4
FENASCOL VI,LSC0,3340,ESCROTO,SUSTANTIVO,Bolsa cutánea que contiene y protege los testículos. (RAE),NO,1 seña,NO,SI,NO,1 seña,Asimétrica (tipo III),Gl,J,,,,03340_escroto.mp4
FENASCOL VI,LSC1,3341,GLANDE,SUSTANTIVO,Extremo distal y sensible del pene. (RAE),NO,1 seña,NO,SI,NO,1 seña,Asimétrica (tipo III),O,P,,,,03341_glande.mp4
FENASCOL VI,LSC0,3342,PREPUCIO,SUSTANTIVO,Pliegue de piel que cubre el glande del pene. (RAE),NO,1 seña,NO,SI,NO,1 seña,Asimétrica (tipo III),P,Tc,,,,03342_prepucio.mp4
FENASCOL VI,LSC1,3343,PRÓSTATA,SUSTANTIVO,Glándula anexa al aparato reproductor masculino situada bajo la vejiga. (RAE),NO,1 seña,NO,SI,NO,1 seña,Asimétrica (tipo III),P,S,,,,03343_prostata.mp4
FENASCOL VI,LSC1,3344,TESTÍCULOS,SUSTANTIVO,Glándulas sexuales masculinas productoras de espermatozoides y testosterona. (RAE),NO,1 seña,NO,SI,NO,1 seña,Simétrica (tipo I),G,,,,,03344_testiculos.mp4
FENASCOL VI,LSC1,3345,ANDROPAUSIA,SUSTANTIVO,Declive hormonal masculino asociado al envejecimiento. (RAE),NO,1 seña,NO,SI,NO,1 seña,Simétrica (tipo I),J,Q,,,,03345_andropausi.mp4
FENASCOL VI,LSC1,3346,CONTRACCIONES,SUSTANTIVO,Movimientos involuntarios de contracción muscular uterina durante el parto. (RAE),NO,1 seña,NO,SI,NO,1 seña,Simétrica (tipo I),V,XX,,,,03346_contraccio.mp4
FENASCOL VI,LSC1,3347,CORDÓN UMBILICAL,SUSTANTIVO,Tubo flexible que une al feto con la placenta durante la gestación. (RAE),NO,1 seña,NO,SI,NO,1 seña,Asimétrica (tipo III),C,Okf,,,,03347_cordonumbi.mp4
FENASCOL VI,LSC1,3348,EMBARAZO ECTÓPICO,SUSTANTIVO,Gestación desarrollada fuera de la cavidad uterina habitual. (RAE),SI,2 señas,SI,SI,SI,2 señas,Compuestas (tipo C),A,Gl,,,,03348_embarazoec.mp4
FENASCOL VI,LSC1,3349,EMBRIÓN,SUSTANTIVO,Organismo en las primeras etapas de su desarrollo tras la fecundación. (RAE),NO,1 seña,NO,SI,NO,1 seña,Asimétrica (tipo III),Xc,Xf,,,,03349_embrion.mp4
FENASCOL VI,LSC1,3350,ESPERMATOZOIDE,SUSTANTIVO,Célula reproductora masculina madura. (RAE),NO,1 seña,NO,SI,NO,1 seña,Unimanual (tipo 0),X,,,,,03350_espermatoz.mp4
FENASCOL VI,LSC1,3351,ESTERILIDAD,SUSTANTIVO,Incapacidad biológica para concebir hijos. (RAE),NO,1 seña,NO,SI,NO,1 seña,Simétrica (tipo I),Gl,Q,,,,03351_esterilida.mp4
FENASCOL VI,LSC1,3352,FECUNDACIÓN,SUSTANTIVO,Unión del óvulo y el espermatozoide para dar inicio al embrión. (RAE),NO,1 seña,NO,SI,NO,1 seña,Asimétrica (tipo III),O,X,,,,03352_fecundacio.mp4
FENASCOL VI,LSC1,3353,FETO,SUSTANTIVO,Etapa del desarrollo prenatal desde el tercer mes hasta el nacimiento. (RAE),NO,1 seña,NO,SI,NO,1 seña,Compuestas (tipo C),C,Xf,,,,03353_feto.mp4
FENASCOL VI,LSC1,3354,INFERTILIDAD,SUSTANTIVO,Incapacidad de llevar a término un embarazo con éxito. (RAE),SI,2 señas,NO,SI,SI,2 señas,Compuestas (tipo C),A,P,,,,03354_infertilid.mp4
FENASCOL VI,LSC1,3355,INSEMINACIÓN,SUSTANTIVO,Introducción artificial de espermatozoides en el tracto reproductor. (RAE),SI,2 señas,NO,SI,SI,2 señas,Compuestas (tipo C),X,O,Q,,,03355_inseminaci.mp4
FENASCOL VI,LSC0,3356,LACTANCIA,SUSTANTIVO,Período de alimentación del lactante con leche materna. (RAE),NO,1 seña,NO,SI,NO,1 seña,Compuestas (tipo C),J,Q,,,,03356_lactancia.mp4
FENASCOL VI,LSC1,3357,MENOPAUSIA,SUSTANTIVO,Cese definitivo de la menstruación en la mujer. (RAE),SI,2 señas,NO,SI,SI,2 señas,Compuestas (tipo C),P,J,Q,,,03357_menopausia.mp4
FENASCOL VI,LSC0,3358,MENSTRUACIÓN 1,SUSTANTIVO,Desprendimiento periódico del endometrio acompañado de sangrado vaginal. (RAE),NO,1 seña,NO,SI,NO,1 seña,Unimanual en contacto (tipo X),P,,,,,03358_menstruaci.mp4
FENASCOL VI,LSC0,3359,MENSTRUACIÓN 2,SUSTANTIVO,Variante de seña para el ciclo menstrual o periodo. (Generada Gemini),NO,1 seña,NO,SI,NO,1 seña,Unimanual en contacto (tipo X),Af,,,,,03359_menstruaci.mp4
FENASCOL VI,LSC1,3360,OVULACIÓN,SUSTANTIVO,Liberación de un óvulo maduro por parte del ovario. (RAE),NO,1 seña,NO,SI,NO,1 seña,Asimétrica (tipo III),Y,Ok,,,,03360_ovulacion.mp4
FENASCOL VI,LSC1,3361,ÓVULO,SUSTANTIVO,Célula germinal femenina. (RAE),NO,1 seña,NO,SI,NO,1 seña,Asimétrica (tipo III),Y,Ok,,,,03361_ovulo.mp4
FENASCOL VI,LSC1,3362,PLACENTA,SUSTANTIVO,Órgano efímero de intercambio nutritivo entre la madre y el feto. (RAE),NO,1 seña,NO,SI,NO,1 seña,Asimétrica (tipo III),S,Cl,,,,03362_placenta.mp4
FENASCOL VI,LSC1,3363,POSPARTO,SUSTANTIVO,Período posterior al parto que transcurre hasta la recuperación corporal. (RAE),NO,2 señas,NO,SI,SI,2 señas,Asimétrica (tipo III),Cl,Bl,,,,03363_posparto.mp4
FENASCOL VI,LSC1,3364,PUERPERIO,SUSTANTIVO,Sinónimo clínico del posparto o semanas tras el alumbramiento. (RAE),SI,2 señas,NO,SI,SI,2 señas,Asimétrica (tipo III),Cl,S,Be,,,03364_puerperio.mp4
FENASCOL VI,LSC1,3365,REPRODUCCIÓN,SUSTANTIVO,Proceso biológico de creación de nuevos organismos. (RAE),NO,2 señas,NO,SI,NO,1 seña,Semi-simétrica (tipo II),P,,,,,03365_reproducci.mp4
FENASCOL VI,LSC0,3366,SEMEN 1,SUSTANTIVO,Líquido seminal eyaculado que contiene espermatozoides. (RAE),NO,1 seña,NO,SI,NO,1 seña,Asimétrica (tipo III),P,Ta,Tb,,,03366_semen1.mp4
FENASCOL VI,LSC0,3367,SEMEN 2,SUSTANTIVO,Variante de seña para el fluido seminal. (Generada Gemini),NO,1 seña,NO,SI,NO,1 seña,Unimanual (tipo 0),Tb,,,,,03367_semen2.mp4
FENASCOL VI,LSC0,3368,ABRAZO 1,SUSTANTIVO,Rodeo del cuerpo de alguien con los brazos en señal de afecto. (RAE),NO,1 seña,NO,SI,NO,1 seña,Semi-simétrica (tipo II),Bl,,,,,03368_abrazo1.mp4
FENASCOL VI,LSC0,3369,ABRAZO 2,SUSTANTIVO,Variante de seña para el abrazo o muestra de cariño. (Generada Gemini),NO,1 seña,NO,SI,NO,1 seña,Semi-simétrica (tipo II),Bl,,,,,03369_abrazo2.mp4
FENASCOL VI,LSC0,3370,ACARICIAR CARICIA,VERBO,Tocar suave y afectuosamente a alguien con las manos. (RAE),NO,2 señas,NO,SI,NO,1 seña,Asimétrica (tipo III),P,B,,,,03370_acariciarc.mp4
FENASCOL VI,LSC0,3371,BESO 1,SUSTANTIVO,"Toque o presión con los labios en señal de afecto, saludo o amor. (RAE)",NO,1 seña,NO,NO,NO,1 seña,Unimanual en contacto (tipo X),Q,,,,,03371_beso1.mp4
FENASCOL VI,LSC0,3372,BESO 2,SUSTANTIVO,Variante de seña para el acto de besar. (Generada Gemini),NO,1 seña,NO,SI,NO,1 seña,Unimanual en contacto (tipo X),Q,,,,,03372_beso2.mp4
FENASCOL VI,LSC1,3373,BESO 3,SUSTANTIVO,Variante morfológica de seña para beso efusivo. (Generada Gemini),NO,1 seña,NO,SI,NO,1 seña,Semi-simétrica (tipo II),Q,,,,,03373_beso3.mp4
FENASCOL VI,LSC0,3374,BESO 4,SUSTANTIVO,Variante léxica complementaria para seña de beso. (Generada Gemini),NO,1 seña,NO,SI,NO,1 seña,Semi-simétrica (tipo II),Q,,,,,03374_beso4.mp4
FENASCOL VI,LSC0,3375,BESO 5,SUSTANTIVO,Variante espacial de seña para beso en la mejilla. (Generada Gemini),NO,1 seña,NO,SI,NO,1 seña,Simétrica (tipo I),Q,,,,,03375_beso5.mp4
FENASCOL VI,LSC1,3376,BESO 6,SUSTANTIVO,Variante gestual complementaria para la acción de besar. (Generada Gemini),NO,1 seña,NO,SI,NO,1 seña,Unimanual (tipo 0),C,,,,,03376_beso6.mp4
FENASCOL VI,LSC1,3377,CLÍMAX,SUSTANTIVO,Momento de máxima intensidad o punto culminante de la excitación sexual y del orgasmo. (RAE),NO,1 seña,NO,SI,NO,1 seña,Simétrica (tipo I),J,,,,,03377_climax.mp4
FENASCOL VI,LSC1,3378,ERECCIÓN,SUSTANTIVO,Rigidez y aumento de volumen de un órgano eréctil por acumulación de sangre. (RAE),NO,1 seña,NO,SI,NO,1 seña,Unimanual en contacto (tipo X),L,,,,,03378_ereccion.mp4
FENASCOL VI,LSC1,3379,ERÓTICO EROTISMO,ADJETIVO,"Relativo al amor sensual, la pasión y la excitación sexual. (RAE)",SI,2 señas,NO,SI,SI,2 señas,Compuestas (tipo C),Jb,J,,,,03379_eroticoero.mp4
FENASCOL VI,LSC1,3380,EXCITAR EXCITADO,VERBO,Despertar o estimular el deseo sexual o la sensibilidad corporal. (RAE),NO,1 seña,NO,SI,NO,1 seña,Unimanual (tipo 0),Jb,,,,,03380_exitarexit.mp4
FENASCOL VI,LSC1,3381,EYACULACIÓN,SUSTANTIVO,Expulsión brusca de semen a través de la uretra. (RAE),NO,1 seña,NO,SI,NO,1 seña,Asimétrica (tipo III),P,S,Gl,,,03381_eyaculacio.mp4
FENASCOL VI,LSC0,3382,FANTASÍAS SEXUALES,SUSTANTIVO,"Imaginaciones, deseos o representaciones mentales de índole erótica. (RAE)",NO,1 seña,NO,SI,NO,1 seña,Compuestas (tipo C),Ql,Jb,,,,03382_fantasiass.mp4
FENASCOL VI,LSC1,3383,LUBRICACIÓN VAGINAL,SUSTANTIVO,Secreción natural que humedece la vagina para facilitar la relación sexual. (RAE),SI,2 señas,NO,SI,SI,2 señas,Compuestas (tipo C),L,J,,,,03383_lubricacio.mp4
FENASCOL VI,LSC1,3384,ORGASMO,SUSTANTIVO,Clímax del placer sexual acompañado de contracciones y bienestar. (RAE),NO,1 seña,NO,SI,NO,1 seña,Simétrica (tipo I),O,J,,,,03384_orgasmo.mp4
FENASCOL VI,LSC1,3385,PENETRACIÓN,SUSTANTIVO,Introducción de un órgano o miembro en una cavidad corporal. (RAE),NO,1 seña,NO,SI,NO,1 seña,Unimanual (tipo 0),Y,,,,,03385_penetracio.mp4
FENASCOL VI,LSC1,3386,ABUSO SEXUAL 1,SUSTANTIVO,Ataque o coacción de índole sexual sin el consentimiento de la persona. (RAE),SI,2 señas,NO,SI,SI,2 señas,Unimanual en contacto (tipo X),A,Be,,,,03386_abusosexua.mp4
FENASCOL VI,LSC1,3387,ABUSO SEXUAL 2,SUSTANTIVO,Variante de seña para agresión o abuso sexual. (Generada Gemini),SI,2 señas,NO,SI,SI,2 señas,Compuestas (tipo C),A,Y,,,,03387_abusosexua.mp4
FENASCOL VI,LSC1,3388,ACOSO SEXUAL,SUSTANTIVO,Hostigamiento con requerimientos o conductas indeseadas de carácter sexual. (RAE),SI,1 seña,NO,SI,SI,1 seña,Compuestas (tipo C),Be,P,,,,03388_acososexua.mp4
FENASCOL VI,LSC1,3389,ADULTERIO,SUSTANTIVO,Relación sexual voluntaria entre una persona casada y otra distinta de su cónyuge. (RAE),SI,2 señas,NO,SI,SI,2 señas,Unimanual (tipo 0),Ne,V,,,,03389_adulterio.mp4
UEB,LSC1,3390,BISEXUAL,ADJETIVO,Persona que siente atracción sexual hacia individuos de ambos sexos. (RAE),SI,2 señas,NO,SI,SI,2 señas,Compuestas (tipo C),Be,Y,,,,03390_bisexual.mp4
FENASCOL VI,LSC1,3391,COQUETEAR,VERBO,Dar muestras de querer atraer amorosamente a alguien de forma lúdica. (RAE),NO,1 seña,NO,SI,NO,1 seña,Asimétrica (tipo III),J,X,,,,03391_coquetear.mp4
FENASCOL VI,LSC1,3392,CORTEJAR,VERBO,Galantear o intentar enamorar a una persona. (RAE),NO,1 seña,NO,SI,NO,1 seña,Asimétrica (tipo III),J,P,,,,03392_cortejar.mp4
FENASCOL VI,LSC1,3393,DESNUDAR DESNUDO,VERBO,Despojar de la ropa al cuerpo humano o carecer de vestimenta. (RAE),NO,1 seña,NO,SI,NO,1 seña,Asimétrica (tipo III),V,N,,,,03393_desnudarde.mp4
FENASCOL VI,LSC0,3394,GAY,ADJETIVO,Homosexual masculino o perteneciente a la comunidad de varones atraídos por varones. (RAE),NO,1 seña,NO,SI,NO,1 seña,Unimanual en contacto (tipo X),Okf,,,,,03394_gay.mp4
FENASCOL VI,LSC0,3395,HETEROSEXUAL,ADJETIVO,Persona que siente atracción sexual hacia individuos del sexo opuesto. (RAE),NO,1 seña,NO,SI,NO,1 seña,Compuestas (tipo C),Be,,,,,03395_heterosexu.mp4
FENASCOL VI,LSC1,3396,IDENTIDAD SEXUAL,SUSTANTIVO,Conciencia y vivencia interna del propio sexo e identidad de género. (RAE),SI,2 señas,NO,SI,SI,2 señas,Compuestas (tipo C),J,Xc,,,,03396_identidads.mp4
FENASCOL VI,LSC0,3397,LESBIANA,ADJETIVO,Mujer homosexual atraída afectiva y sexualmente por otras mujeres. (RAE),NO,1 seña,NO,SI,NO,1 seña,Unimanual en contacto (tipo X),L,,,,,03397_lesbiana.mp4
FENASCOL VI,LSC1,3398,MONOGAMIA,SUSTANTIVO,Régimen de matrimonio o relación con una única pareja exclusiva. (RAE),NO,1 seña,NO,SI,NO,1 seña,Asimétrica (tipo III),P,X,,,,03398_monogamia.mp4
FENASCOL VI,LSC0,3399,MUJERIEGO,ADJETIVO,Homosexual o varón aficionado a galantear a muchas mujeres en exceso. (RAE),NO,1 seña,NO,SI,NO,1 seña,Unimanual (tipo 0),V,,,,,03399_mujeriego.mp4
FENASCOL VI,LSC1,3400,POLIGAMIA,SUSTANTIVO,Sistema que permite estar casado o vinculado con múltiples parejas a la vez. (RAE),SI,2 señas,NO,SI,SI,2 señas,Asimétrica (tipo III),P,X,V,,,03400_poligamia.mp4
FENASCOL VI,LSC1,3401,POSESIVO(A),ADJETIVO,"Que tiende a acaparar, dominar o celar excesivamente a su pareja. (RAE)",SI,2 señas,NO,SI,SI,2 señas,Compuestas (tipo C),C,Bl,,,,03401_posesivoa.mp4
FENASCOL VI,LSC0,3402,PUDOR,SUSTANTIVO,"Honestidad, recato o timidez ante la exposición corporal o sexual. (RAE)",NO,1 seña,NO,SI,NO,1 seña,Simétrica (tipo I),Gl,,,,,03402_pudor.mp4
FENASCOL VI,LSC1,3403,SEDUCIR,VERBO,"Persuadir, encantar o cautivar a alguien para conseguir su favor o amor. (RAE)",NO,1 seña,NO,NO,NO,1 seña,Semi-simétrica (tipo II),Jb,,,,,03403_seducir.mp4
FENASCOL VI,LSC0,3404,TRAGADO,ADJETIVO,Coloquialismo en Colombia para denotar estar enamorado apasionadamente. (Regionalismo),NO,1 seña,NO,SI,NO,1 seña,Unimanual en contacto (tipo X),Be,,,,,03404_tragado.mp4
FENASCOL VI,LSC0,3405,VIRGEN (MUJER U HOMBRE),ADJETIVO,Persona que no ha tenido relaciones sexuales coitales. (RAE),NO,1 seña,NO,SI,NO,1 seña,Unimanual en contacto (tipo X),R,,,,,03405_virgenmuje.mp4
FENASCOL VI,LSC1,3406,COITO (VAGINAL),SUSTANTIVO,Relación sexual consistente en la penetración del pene en la vagina. (RAE),NO,1 seña,NO,SI,NO,1 seña,Asimétrica (tipo III),L,Y,,,,03406_coitovagin.mp4
UEB,LSC1,3407,CUNNILINGUS,SUSTANTIVO,Estimulación erótica oral de los genitales femeninos. (RAE),NO,1 seña,NO,SI,NO,1 seña,Asimétrica (tipo III),L,Bl,Ql,,,03407_cunnilingu.mp4
FENASCOL VI,LSC1,3408,FELACIÓN,SUSTANTIVO,Estimulación erótica oral de los genitales masculinos. (RAE),NO,1 seña,NO,SI,NO,1 seña,Asimétrica (tipo III),P,Qa,Q,,,03408_felacion.mp4
FENASCOL VI,LSC1,3409,MASTURBACIÓN (FEMENINA),SUSTANTIVO,Estimulación manual o mecánica de los propios genitales femeninos para placer. (RAE),NO,1 seña,NO,SI,NO,1 seña,Asimétrica (tipo III),L,N,,,,03409_masturbaci.mp4
FENASCOL VI,LSC1,3410,MASTURBACIÓN (MASCULINA) 1,SUSTANTIVO,Estimulación manual o mecánica de los propios genitales masculinos. (RAE),NO,1 seña,NO,SI,NO,1 seña,Unimanual (tipo 0),S,,,,,03410_masturbaci.mp4
UEB,LSC1,3411,MASTURBACIÓN (MASCULINA) 2,SUSTANTIVO,Variante de seña para la práctica autoerótica masculina. (Generada Gemini),NO,1 seña,NO,SI,NO,1 seña,Unimanual en contacto (tipo X),S,,,,,03411_masturbaci.mp4
FENASCOL VI,LSC1,3412,SEXO ANAL,SUSTANTIVO,Práctica sexual basada en la penetración anal. (RAE),NO,1 seña,NO,SI,NO,1 seña,Asimétrica (tipo III),Okf,Y,,,,03412_sexoanal.mp4
FENASCOL VI,LSC1,3413,SEXO ORAL,SUSTANTIVO,Estimulación erótica de los genitales mediante la boca y la lengua. (RAE),NO,1 seña,NO,SI,NO,1 seña,Unimanual (tipo 0),V,,,,,03413_sexooral.mp4
FENASCOL VI,LSC1,3414,POSICIÓN 69,SUSTANTIVO,Postura de estimulación sexual oral mutua y simultánea. (RAE),NO,1 seña,NO,SI,NO,1 seña,Semi-simétrica (tipo II),V,,,,,03414_posicion69.mp4
FENASCOL VI,LSC1,3415,POSICIÓN DE LA BUTACA,SUSTANTIVO,Postura específica adoptada durante la relación coital. (Generada Gemini),NO,1 seña,NO,SI,NO,1 seña,Simétrica (tipo I),V,,,,,03415_posicionde.mp4
FENASCOL VI,LSC1,3416,POSICIÓN DE LA CARRETILLA,SUSTANTIVO,Postura erótica en la que una persona sostiene el peso corporal de la otra. (Generada Gemini),NO,1 seña,NO,SI,NO,1 seña,Semi-simétrica (tipo II),V,,,,,03416_posicionde.mp4
FENASCOL VI,LSC1,3417,POSICIÓN DE LA DOMA,SUSTANTIVO,Postura de interacción coital con control de movimiento superior. (Generada Gemini),NO,1 seña,NO,SI,NO,1 seña,Asimétrica (tipo III),V,XX,,,,03417_posicionde.mp4
FENASCOL VI,LSC1,3418,POSICIÓN DE LA HAMACA,SUSTANTIVO,Postura erótica en suspensión o apoyo relajado. (Generada Gemini),NO,1 seña,NO,SI,NO,1 seña,Asimétrica (tipo III),V,XX,,,,03418_posicionde.mp4
FENASCOL VI,LSC1,3419,POSICIÓN DE LA POSESIÓN,SUSTANTIVO,Postura coital tradicional de dominio o abrazada. (Generada Gemini),NO,1 seña,NO,SI,NO,1 seña,Simétrica (tipo I),V,,,,,03419_posicionde.mp4
FENASCOL VI,LSC1,3420,POSICIÓN DE LA SOMNOLIENTA,SUSTANTIVO,Variante de postura erótica de reposo o lateral. (Generada Gemini),NO,1 seña,NO,SI,NO,1 seña,Semi-simétrica (tipo II),Bl,,,,,03420_posicionde.mp4
FENASCOL VI,LSC1,3421,POSICIÓN DEL CANGREJO,SUSTANTIVO,Postura erótica de apoyo invertido o dorsal. (Generada Gemini),NO,1 seña,NO,SI,NO,1 seña,Simétrica (tipo I),P,X,,,,03421_posicionde.mp4
FENASCOL VI,LSC1,3422,POSICIÓN DEL ESPEJO DEL PLACER,SUSTANTIVO,Variante de postura erótica simétrica. (Generada Gemini),NO,1 seña,NO,SI,NO,1 seña,Semi-simétrica (tipo II),V,,,,,03422_posicionde.mp4
FENASCOL VI,LSC1,3423,POSICIÓN DEL JINETE,SUSTANTIVO,Postura en que la persona situada arriba controla el ritmo del coito. (RAE),NO,1 seña,NO,SI,NO,1 seña,Asimétrica (tipo III),V,XX,,,,03423_posicionde.mp4
FENASCOL VI,LSC1,3424,POSICIÓN DEL MISIONERO,SUSTANTIVO,Postura coital clásica boca arriba con la pareja encima. (RAE),NO,1 seña,NO,SI,NO,1 seña,Semi-simétrica (tipo II),V,,,,,03424_posicionde.mp4
FENASCOL VI,LSC1,3425,POSICION DEL MOLDE,SUSTANTIVO,Postura erótica de acoplamiento lateral estrecho. (Generada Gemini),NO,1 seña,NO,SI,NO,1 seña,Semi-simétrica (tipo II),XX,,,,,03425_posicionde.mp4
FENASCOL VI,LSC1,3426,POSICIÓN DEL SOMETIDO,SUSTANTIVO,Postura erótica de sumisión o restricción de movimiento. (Generada Gemini),NO,1 seña,NO,SI,NO,1 seña,Asimétrica (tipo III),H,XX,,,,03426_posicionde.mp4
FENASCOL VI,LSC1,3427,POSICIÓN DEL TORNILLO,SUSTANTIVO,Variante de postura erótica con giro o torsión pélvica. (Generada Gemini),NO,1 seña,NO,SI,NO,1 seña,Semi-simétrica (tipo II),XX,,,,,03427_posicionde.mp4
FENASCOL VI,LSC1,3428,POSICIÓN POSTURA ABIERTA,SUSTANTIVO,Postura erótica de máxima apertura de extremidades. (Generada Gemini),NO,1 seña,NO,SI,NO,1 seña,Asimétrica (tipo III),V,XX,,,,03428_posicionpo.mp4
FENASCOL VI,LSC1,3429,POSICIÓN POSTURA DEL ELEFANTE,SUSTANTIVO,Variante de postura erótica con soporte elevado. (Generada Gemini),NO,1 seña,NO,SI,NO,1 seña,Semi-simétrica (tipo II),V,,,,,03429_posicionpo.mp4
FENASCOL VI,LSC1,3430,POSICIÓN UNIÓN SEXUAL,SUSTANTIVO,Postura general de acoplamiento y cópula. (Generada Gemini),NO,1 seña,NO,SI,NO,1 seña,Asimétrica (tipo III),H,XX,,,,03430_posicionun.mp4
FENASCOL VI,LSC1,3431,POSICIÓN VARIANTE DE LA DOMA,SUSTANTIVO,Modificación de la postura erótica de control superior. (Generada Gemini),NO,1 seña,NO,SI,NO,1 seña,Semi-simétrica (tipo II),XX,,,,,03431_posicionva.mp4
FENASCOL VI,LSC1,3432,ANTICONCEPTIVO DE EMERGENCIA,SUSTANTIVO,Píldora del día después para prevenir embarazos tras un coito sin protección. (RAE),SI,2 señas,NO,SI,SI,2 señas,Compuestas (tipo C),Bl,N,Be,,,03432_anticoncep.mp4
FENASCOL VI,LSC1,3433,COITO INTERRUMPIDO,SUSTANTIVO,Método anticonceptivo tradicional basado en retirar el pene antes de eyacular. (RAE),NO,1 seña,NO,SI,NO,1 seña,Asimétrica (tipo III),L,Y,,,,03433_coitointer.mp4
FENASCOL VI,LSC0,3434,CONDÓN 1,SUSTANTIVO,Funda fina de látex usada como método anticonceptivo de barrera (preservativo). (RAE),NO,1 seña,NO,SI,NO,1 seña,Simétrica (tipo I),Okp,,,,,03434_condon1.mp4
UEB,LSC0,3435,CONDÓN 2,SUSTANTIVO,Variante de seña para preservativo o condón masculino. (Generada Gemini),NO,1 seña,NO,SI,NO,1 seña,Unimanual en contacto (tipo X),Okf,,,,,03435_condon2.mp4
UEB,LSC0,3436,CONDÓN 3 ,SUSTANTIVO,Variante morfológica de seña para condón. (Generada Gemini),NO,1 seña,NO,SI,NO,1 seña,Asimétrica (tipo III),P,Xf,,,,03436_condon3.mp4
UEB,LSC0,3437,CONDÓN 4,SUSTANTIVO,Variante léxica complementaria para preservativo. (Generada Gemini),NO,1 seña,NO,SI,NO,1 seña,Simétrica (tipo I),S,,,,,03437_condon4.mp4
UEB,LSC0,3438,CONDÓN 5,SUSTANTIVO,Variante espacial de seña para condón. (Generada Gemini),NO,1 seña,NO,SI,NO,1 seña,Unimanual en contacto (tipo X),Tc,Pa,,,,03438_condon5.mp4
FENASCOL VI,LSC1,3439,DIAFRAGMA,SUSTANTIVO,Capuchón flexible de látex colocado en el fondo de la vagina como anticonceptivo. (RAE),NO,1 seña,NO,SI,NO,1 seña,Asimétrica (tipo III),L,Q,,,,03439_diafragma.mp4
FENASCOL VI,LSC0,3440,DISPOSITIVO,SUSTANTIVO,DIU; pequeño aparato intrauterino anticonceptivo. (RAE),NO,1 seña,NO,SI,NO,1 seña,Semi-simétrica (tipo II),P,,,,,03440_dispositiv.mp4
FENASCOL VI,LSC0,3441,ESTERILIZACIÓN QUIRÚRGICA,SUSTANTIVO,Intervención quirúrgica definitiva para impedir la procreación. (RAE),NO,1 seña,NO,SI,NO,1 seña,Simétrica (tipo I),X,H,,,,03441_esteriliza.mp4
FENASCOL VI,LSC1,3442,LIGADURA DE TROMPAS,SUSTANTIVO,Método anticonceptivo quirúrgico femenino de corte de trompas. (RAE),NO,1 seña,NO,SI,NO,1 seña,Simétrica (tipo I),Xf,,,,,03442_ligadurade.mp4
FENASCOL VI,LSC1,3443,NORPLANT,SUSTANTIVO,Implante anticonceptivo hormonal subcutáneo de larga duración. (RAE),NO,1 seña,NO,SI,NO,1 seña,Asimétrica (tipo III),S,Je,,,,03443_norplant.mp4
FENASCOL VI,LSC1,3444,ÓVULOS,SUSTANTIVO,Supositorios vaginales espermicidas de uso anticonceptivo. (RAE),NO,1 seña,NO,SI,NO,1 seña,Asimétrica (tipo III),L,Pc,,,,03444_ovulos.mp4
FENASCOL VI,LSC1,3445,PASTILLAS ANTICONCEPTIVAS,SUSTANTIVO,Fármacos hormonales por vía oral para inhibir la ovulación. (RAE),SI,2 señas,SI,SI,SI,2 señas,Compuestas (tipo C),Ob,Lc,B,B,,03445_pastillasa.mp4
FENASCOL VI,LSC1,3446,RITMO,SUSTANTIVO,Método natural de abstinencia periódica basado en el calendario de ovulación (método del ritmo). (RAE),SI,2 señas,NO,SI,SI,2 señas,Compuestas (tipo C),P,B,B,,,03446_ritmo.mp4
FENASCOL VI,LSC1,3447,VASECTOMÍA,SUSTANTIVO,Intervención quirúrgica de corte de conductos deferentes masculinos. (RAE),NO,1 seña,NO,SI,NO,1 seña,Asimétrica (tipo III),P,V,H,,,03447_vasectomia.mp4
FENASCOL VI,LSC1,3448,ANORGASMIA,SUSTANTIVO,Disfunción sexual caracterizada por la ausencia persistente de orgasmo. (RAE),NO,1 seña,NO,SI,NO,1 seña,Compuestas (tipo C),Q,Q,J,J,,03448_anorgasmia.mp4
FENASCOL VI,LSC1,3449,AVERSIÓN,SUSTANTIVO,Rechazo o fobia intensa hacia la actividad sexual. (RAE),SI,2 señas,NO,SI,SI,2 señas,Compuestas (tipo C),X,X,E,E,,03449_aversion.mp4
FENASCOL VI,LSC1,3450,DISFUNCIÓN ,SUSTANTIVO,Alteración o problema en la respuesta sexual humana. (RAE),NO,1 seña,NO,SI,NO,1 seña,Compuestas (tipo C),P,P,,,,03450_disfuncion.mp4
FENASCOL VI,LSC1,3451,DISPAREUNIA,SUSTANTIVO,"Dolor genital persistente o recurrente que ocurre antes, durante o después del coito. (RAE)",NO,1 seña,NO,SI,NO,1 seña,Unimanual (tipo 0),Nc,,,,,03451_dispareuni.mp4
FENASCOL VI,LSC1,3452,EYACULACIÓN PRECOZ,SUSTANTIVO,Expulsión prematura e incontrolada del semen durante el acto sexual. (Generada Gemini),NO,1 seña,NO,SI,NO,1 seña,Asimétrica (tipo III),P,C,J,,,03452_eyaculacio.mp4
FENASCOL VI,LSC1,3453,EYACULACIÓN RETARDADA,SUSTANTIVO,Dificultad o imposibilidad de alcanzar la eyaculación a pesar de la estimulación. (Generada Gemini),NO,1 seña,NO,SI,NO,1 seña,Asimétrica (tipo III),P,C,J,,,03453_eyaculacio.mp4
FENASCOL VI,LSC1,3454,FRIGIDEZ,SUSTANTIVO,Ausencia de deseo o goce en la actividad sexual. (RAE),NO,1 seña,NO,SI,NO,1 seña,Simétrica (tipo I),O,O,J,J,,03454_frigidez.mp4
FENASCOL VI,LSC1,3455,IMPOTENCIA MASCULINA O DISFUNCIÓN ERÉCTIL,SUSTANTIVO,Incapacidad de lograr o mantener una erección suficiente para la relación sexual. (Generada Gemini),NO,1 seña,NO,SI,NO,1 seña,Unimanual en contacto (tipo X),L,,,,,03455_impotencia.mp4
FENASCOL VI,LSC1,3456,INHIBICIÓN,SUSTANTIVO,"Represión de los impulsos, sentimientos o deseos en la conducta sexual o social. (Generada Gemini)",SI,2 señas,NO,SI,SI,2 señas,Compuestas (tipo C),C,S,,,,03456_inhibicion.mp4
FENASCOL VI,LSC0,3457,PENE-FLÁCIDO,ADJETIVO,Estado suave y no eréctil del órgano genital masculino. (Generada Gemini),NO,1 seña,NO,SI,NO,1 seña,Compuestas (tipo C),P,P,,,,03457_peneflacid.mp4
FENASCOL VI,LSC1,3458,VAGINISMO,SUSTANTIVO,Espasmo involuntario de los músculos de la vagina que dificulta la penetración. (RAE),SI,2 señas,NO,SI,SI,2 señas,Compuestas (tipo C),Lc,No,Nc,,,03458_vaginismo.mp4
FENASCOL VI,LSC0,3459,EXHIBICIONISMO,SUSTANTIVO,Inclinación a mostrar en público los órganos genitales u objetos íntimos. (RAE),NO,1 seña,NO,SI,NO,1 seña,Asimétrica (tipo III),J,P,,,,03459_exhibicion.mp4
FENASCOL VI,LSC1,3460,FETICHISMO,SUSTANTIVO,Desviación sexual hacia objetos inanimados o partes específicas del cuerpo. (RAE),NO,1 seña,NO,SI,NO,1 seña,Asimétrica (tipo III),Q,J,,,,03460_fetichismo.mp4
FENASCOL VI,LSC0,3461,MASOQUISMO,SUSTANTIVO,Obtención de placer sexual al sufrir dolor físico o humillación. (RAE),NO,1 seña,SI,SI,NO,1 seña,Semi-simétrica (tipo II),Xf,Xf,,,,03461_masoquismo.mp4
FENASCOL VI,LSC1,3462,NECROFILIA,SUSTANTIVO,Atracción sexual hacia los cadáveres. (RAE),NO,2 señas,SI,SI,SI,2 señas,Compuestas (tipo C),Bl,Af,,,,03462_necrofilia.mp4
FENASCOL VI,LSC1,3463,PEDOFILIA,SUSTANTIVO,Atracción sexual que un adulto siente hacia niños o preadolescentes. (RAE),SI,2 señas,NO,SI,SI,2 señas,Compuestas (tipo C),B,B,,,,03463_pedofilia.mp4
FENASCOL VI,LSC1,3464,PERVERSIÓN,SUSTANTIVO,Desviación de las conductas o normas de comportamiento consideradas normales. (RAE),SI,2 señas,SI,SI,SI,2 señas,Compuestas (tipo C),S,S,X,,,03464_perversion.mp4
FENASCOL VI,LSC1,3465,PORNOGRAFÍA 1,SUSTANTIVO,Presentación o descripción explícita de actos sexuales con fin de excitación. (RAE),SI,2 señas,NO,SI,SI,2 señas,Compuestas (tipo C),Bl,J,,,,03465_pornografi.mp4
UEB,LSC0,3466,PORNOGRAFÍA 2,SUSTANTIVO,Variante de seña para material explícito o contenido erótico visual. (Generada Gemini),NO,1 seña,NO,SI,NO,1 seña,Compuestas (tipo C),U,U,,,,03466_pornografi.mp4
FENASCOL VI,LSC0,3467,PROSTITUCIÓN,SUSTANTIVO,Actividad de la persona que mantiene relaciones sexuales a cambio de dinero. (RAE),NO,1 seña,NO,SI,NO,1 seña,Unimanual en contacto (tipo X),A,,,,,03467_prostituci.mp4
FENASCOL VI,LSC1,3468,SADISMO,SUSTANTIVO,Perversión sexual de quien consigue placer provocando dolor a otra persona. (RAE),SI,2 señas,NO,SI,SI,2 señas,Compuestas (tipo C),S,P,X,,,03468_sadismo.mp4
UEB,LSC1,3469,TRANSEXUAL,ADJETIVO,Persona cuya identidad de género difiere de su sexo asignado al nacer. (RAE),NO,1 seña,NO,SI,NO,1 seña,Unimanual en contacto (tipo X),J,Q,,,,03469_transexual.mp4
FENASCOL VI,LSC1,3470,TRAVESTÍ,ADJETIVO,Persona que viste ropas asignadas socialmente al sexo opuesto. (RAE),SI,2 señas,NO,SI,SI,2 señas,Compuestas (tipo C),A,A,Okf,,,03470_travesti.mp4
FENASCOL VI,LSC1,3471,VIOLACIÓN 1,SUSTANTIVO,Acción de tener acceso carnal no consentido con una persona usando violencia o intimidación. (RAE),NO,1 seña,NO,SI,NO,1 seña,Asimétrica (tipo III),P,E,,,,03471_violacion1.mp4
FENASCOL VI,LSC0,3472,VIOLACIÓN 2,SUSTANTIVO,Variante de seña para agresión sexual o vulneración violenta. (Generada Gemini),NO,1 seña,NO,SI,NO,1 seña,Unimanual (tipo 0),Y,,,,,03472_violacion2.mp4
FENASCOL VI,LSC1,3473,VOYEURISMO,SUSTANTIVO,Placer u obtención de excitación sexual al contemplar personas desnudas o en actos íntimos. (RAE),SI,2 señas,NO,SI,SI,2 señas,Compuestas (tipo C),Bl,V,N,,,03473_voyeurismo.mp4
UEB,LSC1,3474,ZOOFILIA,SUSTANTIVO,Atracción o práctica sexual de un ser humano con animales. (RAE),SI,2 señas,NO,SI,SI,2 señas,Asimétrica (tipo III),H,Ud,,,,03474_zoofilia.mp4
FENASCOL VI,LSC1,3475,CONDILOMAS (FEMENINO),SUSTANTIVO,Lesiones o verrugas genitales en la mujer causadas por el virus del papiloma humano. (Generada Gemini),NO,1 seña,NO,SI,NO,1 seña,Asimétrica (tipo III),L,Q,,,,03475_condilomas.mp4
FENASCOL VI,LSC0,3476,CONDILOMAS (MASCULINO),SUSTANTIVO,Lesiones o verrugas genitales en el hombre causadas por el virus del papiloma humano. (Generada Gemini),NO,1 seña,NO,SI,NO,1 seña,Asimétrica (tipo III),P,Q,,,,03476_condilomas.mp4
FENASCOL VI,LSC1,3477,GONORREA (FEMENINO),SUSTANTIVO,Infección de transmisión sexual bacteriana que afecta los órganos genitales femeninos. (Generada Gemini),NO,1 seña,NO,SI,NO,1 seña,Asimétrica (tipo III),L,Q,J,,,03477_gonorreafe.mp4
FENASCOL VI,LSC0,3478,GONORREA (MASCULINO),SUSTANTIVO,Infección de transmisión sexual bacteriana que afecta las vías urinarias y genitales masculinas. (Generada Gemini),NO,1 seña,NO,SI,NO,1 seña,Asimétrica (tipo III),P,Xt,Xl,,,03478_gonorreama.mp4
FENASCOL VI,LSC1,3479,HEPATITIS B,SUSTANTIVO,Infección hepática grave causada por el virus de la hepatitis B transmitido por fluidos. (Generada Gemini),SI,3 señas,NO,SI,SI,3 señas,Compuestas (tipo C),P,J,B,,,03479_hepatitisb.mp4
FENASCOL VI,LSC1,3480,HEPATITIS C,SUSTANTIVO,Infección viral que causa inflamación del hígado transmitida principalmente por sangre contagiada. (Generada Gemini),SI,3 señas,NO,SI,SI,3 señas,Compuestas (tipo C),P,J,C,,,03480_hepatitisc.mp4
FENASCOL VI,LSC1,3481,HERPES GENITAL (FEMENINO),SUSTANTIVO,Infección viral caracterizada por llagas y dolor en el área genital femenina. (Generada Gemini),NO,1 seña,NO,SI,NO,1 seña,Asimétrica (tipo III),L,Q,,,,03481_herpesgeni.mp4
FENASCOL VI,LSC1,3482,HERPES GENITAL (MASCULINO),SUSTANTIVO,Infección viral caracterizada por llagas y dolor en el área genital masculina. (Generada Gemini),NO,1 seña,NO,SI,NO,1 seña,Asimétrica (tipo III),P,Q,,,,03482_herpesgeni.mp4
FENASCOL VI,LSC1,3483,SÍFILIS (FEMENINO),SUSTANTIVO,Infección bacteriana de transmisión sexual que causa llagas y erupciones en la mujer. (Generada Gemini),NO,1 seña,NO,SI,NO,1 seña,Asimétrica (tipo III),L,Ob,Xc,,,03483_sifilisfem.mp4
FENASCOL VI,LSC1,3484,SÍFILIS (MASCULINO),SUSTANTIVO,Infección bacteriana de transmisión sexual que causa llagas y erupciones en el hombre. (Generada Gemini),NO,1 seña,NO,SI,NO,1 seña,Asimétrica (tipo III),P,Ob,Xc,,,03484_sifilismas.mp4
FENASCOL VI,LSC1,3485,VIH,SUSTANTIVO,Virus de inmunodeficiencia humana que ataca el sistema inmunitario del organismo. (Generada Gemini),NO,1 seña,NO,SI,NO,1 seña,Unimanual en contacto (tipo X),Bl,Af,,,,03485_vih.mp4
FENASCOL VI,LSC1,3486,ARDOR (AL ORINAR),VERBO,Sensación de quemazón o dolor al expulsar la orina por la uretra. (Generada Gemini),SI,2 señas,NO,SI,SI,2 señas,Unimanual (tipo 0),B,G,,,,03486_ardoralori.mp4
FENASCOL VI,LSC1,3487,CISTITIS,SUSTANTIVO,Inflamación aguda o crónica de la vejiga urinaria. (RAE),NO,1 seña,SI,SI,NO,1 seña,Unimanual (tipo 0),Okb,Ta,,,,03487_cistitis.mp4
FENASCOL VI,LSC1,3488,FLUJO (VAGINAL),SUSTANTIVO,Secreción líquida producida por las glándulas de la vagina y el cuello uterino. (Generada Gemini),SI,2 señas,NO,SI,SI,2 señas,Compuestas (tipo C),L,Nb,Nc,,,03488_flujovagin.mp4
FENASCOL VI,LSC0,3489,HONGOS,SUSTANTIVO,Infección fúngica micótica que causa picazón e irritación en mucosas o piel. (Generada Gemini),NO,1 seña,NO,SI,NO,1 seña,Asimétrica (tipo III),B,Okc,,,,03489_hongos.mp4
FENASCOL VI,LSC1,3490,MAL-OLOR,SUSTANTIVO,"Olor desagradable producido por infecciones, sudoración o falta de higiene. (Generada Gemini)",NO,1 seña,NO,SI,NO,1 seña,Compuestas (tipo C),P,Bl,,,,03490_malolor.mp4
FENASCOL VI,LSC0,3491,RASQUIÑA (EN PENE O VAGINA),ADJETIVO,Sensación de picazón o escozor en la zona genital. (Generada Gemini),NO,1 seña,NO,SI,NO,1 seña,Asimétrica (tipo III),B,Gl,,,,03491_rasquiñae.mp4
FENASCOL VI,LSC1,3492,SECRECIÓN (URETRAL),ADJETIVO,Salida anómala de líquido o pus a través del orificio de la uretra. (Generada Gemini),,,NO,SI,NO,1 seña,Asimétrica (tipo III),P,O,Jc,,,03492_secrecionu.mp4
FENASCOL VI,LSC1,3493,ULCERAS,SUSTANTIVO,Lesiones abiertas en la piel o mucosas acompañadas de pérdida de sustancia. (Generada Gemini),,,NO,SI,NO,1 seña,Asimétrica (tipo III),B,Oks,Ta,,,03493_ulceras.mp4
FENASCOL VI,LSC1,3494,ADOLESCENTE,SUSTANTIVO,Persona que está en el período de la vida entre la infancia y la edad adulta. (RAE),,,NO,SI,NO,1 seña,Compuestas (tipo C),J,Q,,,,03494_adolescent.mp4
FENASCOL VI,LSC1,3495,ATRACTIVO,ADJETIVO,Que atrae o tiene la virtud de atraer por sus cualidades físicas o personales. (RAE),,,NO,SI,NO,1 seña,Compuestas (tipo C),X,Gl,,,,03495_atractivo.mp4
FENASCOL VI,LSC0,3496,BEBÉ,SUSTANTIVO,Niño de muy corta edad que aún no habla ni camina. (RAE),,,NO,SI,NO,1 seña,Simétrica (tipo I),Bl,Bl,,,,03496_bebe.mp4
FENASCOL VI,LSC0,3497,BEBÉ PREMATURO,ADJETIVO,Niño nacido antes de completar las 37 semanas de gestación. (Generada Gemini),,,NO,SI,SI,2 señas,Compuestas (tipo C),Bl,Bl,B,B,,03497_bebepremat.mp4
FENASCOL VI,LSC0,3498,CASADO,ADJETIVO,Persona que ha contraído matrimonio y mantiene dicho estado civil. (RAE),,,NO,SI,NO,1 seña,Unimanual (tipo 0),Ne,,,,,03498_casado.mp4
FENASCOL VI,LSC1,3499,CONTAGIO,SUSTANTIVO,Transmisión de una enfermedad de un individuo a otro por contacto directo o indirecto. (RAE),,,NO,SI,NO,1 seña,Compuestas (tipo C),Cf,H,,,,03499_contagio.mp4
FENASCOL VI,LSC1,3500,COQUETO,ADJETIVO,Persona que procura agradar y coquetear mediante encantos o arreglos personales. (RAE),,,NO,SI,NO,1 seña,Simétrica (tipo I),J,J,,,,03500_coqueto.mp4
FENASCOL VI,LSC0,3501,CORPORAL,ADJETIVO,Perteneciente o relativo al cuerpo de los seres vivos. (RAE),,,NO,SI,NO,1 seña,Compuestas (tipo C),J,J,,,,03501_corporal.mp4
FENASCOL VI,LSC0,3502,DIVORCIADO,ADJETIVO,Persona cuyo vínculo matrimonial ha sido disuelto legalmente. (RAE),,,NO,SI,SI,2 señas,Compuestas (tipo C),P,Bl,,,,03502_divorciado.mp4
FENASCOL VI,LSC1,3503,FEMENINO 1,,Perteneciente o relativo a las mujeres o propio de ellas. (RAE),,,NO,SI,SI,2 señas,Compuestas (tipo C),Tb,Ta,A,,,03503_femenino1.mp4
UEB,LSC1,3504,FEMENINO 2,,"Variante de seña para cualidad, rasgo o identidad propia de la mujer. (Generada Gemini)",,,NO,SI,SI,2 señas,Compuestas (tipo C),Cl,A,S,,,03504_femenino2.mp4
FENASCOL VI,LSC1,3505,GEMELOS,,Hermanos nacidos de un mismo parto y originados de un mismo óvulo. (RAE),,,NO,SI,NO,1 seña,Unimanual (tipo 0),V,H,,,,03505_gemelos.mp4
FENASCOL VI,LSC0,3506,GUAPÍSIMO 1,,Grado superlativo de guapo; extremadamente bien parecido o atractivo. (Generada Gemini),,,NO,SI,SI,2 señas,Compuestas (tipo C),Ta,Ok,,,,03506_guapisimo1.mp4
UEB,LSC0,3507,GUAPÍSIMO 2,,Variante de seña para expresar un atractivo físico sobresaliente o llamativo. (Generada Gemini),,,NO,SI,NO,1 seña,Unimanual en contacto (tipo X),S,,,,,03507_guapisimo2.mp4
FENASCOL VI,LSC1,3508,HUÉRFANO(A) 1,,"Persona a quien se le han muerto el padre, la madre o ambos. (RAE)",,,NO,SI,SI,2 señas,Asimétrica (tipo III),C,J,Q,P,,03508_huerfanoa1.mp4
UEB,LSC1,3509,HUÉRFANO(A) 2,,Variante de seña para la condición de ausencia de padres. (Generada Gemini),,,NO,SI,SI,3 señas,Compuestas (tipo C),Ok,Ok,Q,Q,P,03509_huerfanoa2.mp4
FENASCOL VI,LSC1,3510,IDENTIDAD SEXUAL 1,,Vivencia e identificación interna e individual del propio género y sexo. (Generada Gemini),,,NO,SI,NO,1 seña,Unimanual en contacto (tipo X),XX,,,,,03510_identidads.mp4
FENASCOL VI,LSC1,3511,IDENTIDAD SEXUAL 2,,Variante de seña para la autopercepción de la orientación e identidad de género. (Generada Gemini),,,NO,SI,NO,1 seña,Simétrica (tipo I),,,,,,03511_identidads.mp4
UEB,LSC1,3512,IDENTIDAD SEXUAL 3,,Variante morfológica de seña para autodefinición del sexo e identidad. (Generada Gemini),,,NO,SI,SI,2 señas,Compuestas (tipo C),X,I,I,,,03512_identidads.mp4
UEB,LSC0,3513,IDENTIDAD SEXUAL 4,,Variante expresiva de seña para el reconocimiento de la identidad de género. (Generada Gemini),,,NO,SI,SI,2 señas,Compuestas (tipo C),X,J,,,,03513_identidads.mp4
FENASCOL VI,LSC1,3514,INTIMIDAD,,Zona espiritual o reservada de una persona o de una familia. (RAE),,,NO,SI,SI,2 señas,Asimétrica (tipo III),P,Bl,,,,03514_intimidad.mp4
FENASCOL VI,LSC1,3515,JUVENTUD,,Etapa de la vida que media entre la infancia y la edad adulta. (RAE),,,NO,SI,NO,1 seña,Compuestas (tipo C),Y,Q,,,,03515_juventud.mp4
FENASCOL VI,LSC1,3516,MADRASTRA,,Mujer del padre respecto de los hijos llevados por este al matrimonio. (RAE),,,NO,SI,SI,2 señas,Compuestas (tipo C),Bl,V,,,,03516_madrastra.mp4
FENASCOL VI,LSC1,3517,MADUREZ MENTAL,,Estado de desarrollo psicológico y juicio ponderado en una persona. (Generada Gemini),,,NO,SI,SI,2 señas,Compuestas (tipo C),X,Cl,,,,03517_madurezmen.mp4
FENASCOL VI,LSC0,3518,MADURO 1,,Persona que ha alcanzado el pleno desarrollo de sus facultades o edad adulta. (RAE),,,NO,SI,NO,1 seña,Unimanual en contacto (tipo X),Cl,,,,,03518_maduro1.mp4
UEB,LSC1,3519,MADURO 2,,"Variante de seña para denotar experiencia, sensatez o etapa adulta madura. (Generada Gemini)",,,NO,SI,NO,1 seña,Asimétrica (tipo III),S,J,Q,,,03519_maduro2.mp4
FENASCOL VI,LSC0,3520,MASCULINO 1,,Perteneciente o relativo a los varones o propio de ellos. (RAE),,,NO,SI,NO,1 seña,Unimanual en contacto (tipo X),P,,,,,03520_masculino1.mp4
UEB,LSC0,3521,MASCULINO 2,,"Variante de seña para cualidad, rasgo o identidad propia del hombre. (Generada Gemini)",,,NO,SI,NO,1 seña,Compuestas (tipo C),P,Ok,,,,03521_masculino2.mp4
FENASCOL VI,LSC0,3522,MELLIZOS,,Hermanos nacidos de un mismo parto pero procedentes de dos óvulos distintos. (RAE),,,NO,SI,NO,1 seña,Asimétrica (tipo III),C,V,S,H,,03522_mellizos.mp4
FENASCOL VI,LSC0,3523,AMIGOVIO,,Persona que mantiene con otra una relación de menor compromiso formal que un noviazgo. (RAE),,,NO,SI,NO,1 seña,Simétrica (tipo I),J,J,,,,03523_amigovio.mp4
FENASCOL VI,LSC0,3524,ORINAR 1,,Expulsar la orina de la vejiga por la vía urinaria. (RAE),,,NO,SI,NO,1 seña,Unimanual en contacto (tipo X),I,,,,,03524_orinar1.mp4
UEB,LSC0,3525,ORINAR 2,,Variante de seña para la acción fisiológica de miccionar. (Generada Gemini),,,NO,SI,NO,1 seña,Unimanual (tipo 0),Be,,,,,03525_orinar2.mp4
FENASCOL VI,LSC1,3526,PADRASTRO,,Marido de la madre respecto de los hijos llevados por esta al matrimonio. (RAE),,,,SI,,,,,,,,,03526_padrastro.mp4
FENASCOL VI,LSC1,3527,PLANIFICACIÓN,,Conjunto de métodos para controlar la reproducción y espaciar los nacimientos. (Generada Gemini),,,NO,SI,SI,2 señas,Compuestas (tipo C),A,Bc,Bc,,,03527_planificac.mp4
FENASCOL VI,LSC1,3528,RECIÉN NACIDO,,Bebé que tiene pocas horas o días de haber nacido. (Generada Gemini),,,NO,SI,SI,2 señas,Semi-simétrica (tipo II),Bl,Bl,Cl,Cl,,03528_reciennaci.mp4
FENASCOL VI,LSC0,3529,ROMÁNTICO,,"Perteneciente o relativo al amor, los afectos o la expresión sentimental. (RAE)",,,NO,SI,NO,1 seña,Unimanual en contacto (tipo X),J,,,,,03529_romantico.mp4
UEB,LSC1,3530,SEDUCTOR,,"Que cautiva, atrae o fascina la voluntad de alguien. (RAE)",,,NO,SI,NO,1 seña,Asimétrica (tipo III),P,J,P,,,03530_seductor.mp4
FENASCOL VI,LSC0,3531,SEÑOR,,Hombre que ha llegado a la edad adulta o término de cortesía para dirigirse a cualquier varón. (RAE),,,NO,SI,NO,1 seña,Compuestas (tipo C),P,O,,,,03531_señor.mp4
FENASCOL VI,LSC1,3532,SEÑORA,,Mujer que ha llegado a la edad adulta o tratamiento de cortesía a una mujer casada o adulta. (RAE),,,NO,SI,NO,1 seña,Compuestas (tipo C),N,A,,,,03532_señora.mp4
FENASCOL VI,LSC1,3533,SEÑORITA,,Término de cortesía dirigido a una mujer joven o soltera. (RAE),,,NO,SI,NO,1 seña,Compuestas (tipo C),N,Tc,,,,03533_señorita.mp4
FENASCOL VI,LSC1,3534,SENSIBLE,,Capaz de percibir o sentir sensaciones con facilidad o sensibilidad emocional. (RAE),,,NO,SI,NO,1 seña,Compuestas (tipo C),B,Q,J,Ob,,03534_sensible.mp4
FENASCOL VI,LSC1,3535,SENSUALIDAD,,Cualidad de sensual o atractivo que despierta el deseo o goce de los sentidos. (RAE),,,NO,SI,SI,3 señas,Compuestas (tipo C),N,S,J,,,03535_sensualida.mp4
FENASCOL VI,LSC0,3536,SENTIMENTAL,,Perteneciente o relativo a los sentimientos o mostrado con gran afectividad. (RAE),,,NO,SI,NO,1 seña,Compuestas (tipo C),N,S,J,Q,Q,03536_sentimenta.mp4
UEB,LSC0,3537,SEXO (PARA IDENTIDAD),,Condición orgánica o genética que diferencia lo masculino de lo femenino. (Generada Gemini),,,NO,SI,NO,1 seña,Unimanual en contacto (tipo X),X,,,,,03537_sexoparaid.mp4
FENASCOL VI,LSC1,3538,TRANSMISIÓN,,Acción de traspasar o contagiar una enfermedad o agente patógeno a otro individuo. (Generada Gemini),,,NO,SI,NO,1 seña,Asimétrica (tipo III),P,Nb,N,,,03538_transmisio.mp4
FENASCOL VI,LSC1,3539,VENÉREAS,,Perteneciente o relativo a las enfermedades transmitidas por contacto sexual. (RAE),,,NO,SI,SI,2 señas,Compuestas (tipo C),Cl,H,H,,,03539_venereas.mp4
FENASCOL VI,LSC0,3540,VIRIL,,Propio de un hombre o que posee características consideradas masculinas. (RAE),,,NO,SI,NO,1 seña,Compuestas (tipo C),P,S,,,,03540_viril.mp4
FENASCOL VI,LSC0,3541,VIUDO,,Persona a quien se le ha muerto su cónyuge y no ha vuelto a casarse. (RAE),,,NO,SI,NO,1 seña,Unimanual (tipo 0),V,P,,,,03541_viudo.mp4
FENASCOL VI,LSC1,3542,ADICCIÓN,,Dependencia fisiológica o psicológica hacia una sustancia o actividad. (RAE),,,NO,SI,NO,1 seña,Compuestas (tipo C),J,J,S,S,,03542_adiccion.mp4
FENASCOL VI,LSC1,3543,ALCOHÓLICO,,Persona que sufre de abuso o dependencia patológica del alcohol. (RAE),,,NO,SI,NO,1 seña,Semi-simétrica (tipo II),Y,Y,,,,03543_alcoholico.mp4
FENASCOL VI,LSC0,3544,ALUCINACIÓN,,Percepción sensorial falsa sin un estímulo externo real que la provoque. (RAE),,,NO,SI,NO,1 seña,Compuestas (tipo C),P,P,J,J,,03544_alucinacio.mp4
FENASCOL VI,LSC1,3545,ALUCINÓGENOS,,Sustancias o drogas que provocan alucinaciones y alteraciones perceptivas. (RAE),,,NO,SI,SI,2 señas,Compuestas (tipo C),Tb,Q,J,J,,03545_alucinogen.mp4
FENASCOL VI,LSC1,3546,BORRACHO,,Persona que tiene sus facultades alteradas por el exceso de alcohol. (RAE),,,NO,SI,NO,1 seña,Unimanual en contacto (tipo X),P,,,,,03546_borracho.mp4
FENASCOL VI,LSC1,3547,CAFEÍNA,,Alcaloide estimulante del sistema nervioso central presente en el café. (RAE),,,NO,SI,SI,2 señas,Unimanual en contacto (tipo X),Tb,B,,,,03547_cafeina.mp4
FENASCOL VI,LSC0,3548,COCAÍNA,,Droga estimulante y adictiva extraída de las hojas de la coca. (RAE),,,NO,SI,NO,1 seña,Unimanual en contacto (tipo X),J,,,,,03548_cocaina.mp4
FENASCOL VI,LSC1,3549,DEPORTADO,,Persona expulsada formalmente del territorio de un Estado por vía legal. (RAE),,,NO,SI,SI,2 señas,Compuestas (tipo C),C,J,Q,Q,,03549_deportado.mp4
FENASCOL VI,LSC1,3550,DROGA,,"Sustancia que altera la conducta, el ánimo o la percepción del organismo. (RAE)",,,NO,SI,NO,1 seña,Asimétrica (tipo III),Tb,Q,,,,03550_droga.mp4
FENASCOL VI,LSC1,3551,ÉXTASIS,,Droga sintética estimulante y psicoactiva de efectos alucinógenos y empáticos. (Generada Gemini),,,NO,SI,SI,2 señas,Compuestas (tipo C),Okc,Ta,J,J,,03551_extasis.mp4
FENASCOL VI,LSC1,3552,GUAYABO,,Malestar físico y general posterior al consumo excesivo de alcohol. (Regionalismo),,,NO,SI,SI,2 señas,Compuestas (tipo C),J,J,P,,,03552_guayabo.mp4
FENASCOL VI,LSC1,3553,HEROÍNA 1,,Droga opiácea altamente adictiva derivada de la morfina. (RAE),,,NO,SI,NO,1 seña,Compuestas (tipo C),B,Xf,,,,03553_heroina1.mp4
UEB,LSC1,3554,HEROÍNA 2,,Variante de seña para sustancia opiácea ilícita. (Generada Gemini),,,NO,SI,NO,1 seña,Compuestas (tipo C),Al,A,Al,,,03554_heroina2.mp4
FENASCOL VI,LSC1,3555,INHALANTE,,Sustancia química volátil cuyos vapores se inhalan para producir efectos psicoactivos. (Generada Gemini),,,NO,SI,NO,1 seña,Unimanual en contacto (tipo X),Bl,,,,,03555_inhalante.mp4
FENASCOL VI,LSC1,3556,MORFINA,,Alcaloide del opio empleado en medicina como potente analgésico. (RAE),,,NO,SI,SI,2 señas,Compuestas (tipo C),Al,A,Al,B,,03556_morfina.mp4
FENASCOL VI,LSC1,3557,MULA,,Persona utilizada para transportar drogas ilícitas de forma clandestina. (RAE / Regionalismo),,,SI,SI,SI,2 señas,Compuestas (tipo C),Bl,P,Xf,Xl,,03557_mula.mp4
FENASCOL VI,LSC1,3558,NARCÓTICOS,,"Sustancias que producen sopor, adormecimiento o inhibición del dolor. (RAE)",,,NO,SI,SI,2 señas,Compuestas (tipo C),J,C,Q,P,P,03558_narcoticos.mp4
FENASCOL VI,LSC1,3559,NARCOTRAFICANTE,,Persona que se dedica al tráfico o comercio ilícito de drogas. (RAE),,,NO,SI,NO,1 seña,Compuestas (tipo C),Bl,Bl,A,,,03559_narcotrafi.mp4
FENASCOL VI,LSC1,3560,NICOTINA,,Alcaloide tóxico presente en el tabaco que genera alta dependencia. (RAE),,,NO,SI,SI,2 señas,Unimanual en contacto (tipo X),V,B,,,,03560_nicotina.mp4
FENASCOL VI,LSC1,3561,OPIO,,Sustancia narcótica obtenida de la amapola que contiene morfina y otros alcaloides. (RAE),,,NO,SI,NO,1 seña,Compuestas (tipo C),Y,Bl,,,,03561_opio.mp4
FENASCOL VI,LSC0,3562,VICIO,,Hábito nocivo o perjudical de consumir o realizar algo con exceso. (RAE),,,NO,SI,NO,1 seña,Unimanual en contacto (tipo X),Ta,,,,,03562_vicio.mp4
FENASCOL VI,LSC1,3563,ACABADO,,Estado de extremo agotamiento físico o deterioro avanzado de la salud. (Generada Gemini),,,NO,SI,SI,2 señas,Compuestas (tipo C),P,Q,Q,A,A,03563_acabado.mp4
FENASCOL VI,LSC0,3564,ACCIDENTE 1,,Suceso eventual o involuntario que provoca daño físico o material. (RAE),,,NO,SI,NO,1 seña,Asimétrica (tipo III),Bl,S,,,,03564_accidente1.mp4
UEB,LSC0,3565,ACCIDENTE 2,,Variante de seña para evento o suceso imprevisto que causa lesión. (Generada Gemini),,,NO,SI,NO,1 seña,Semi-simétrica (tipo II),Bl,Bl,,,,03565_accidente2.mp4
FENASCOL VI,LSC0,3566,ACIDEZ 1,,Sensación de quemazón en el estómago o esófago por exceso de ácido. (RAE),,,NO,SI,NO,1 seña,Unimanual en contacto (tipo X),N,,,,,03566_acidez1.mp4
UEB,LSC0,3567,ACIDEZ 2,,Variante de seña para reflujo o molestia gástrica ácida. (Generada Gemini),,,NO,SI,NO,1 seña,Unimanual (tipo 0),N,,,,,03567_acidez2.mp4
FENASCOL VI,LSC1,3568,ALERGIA 1,,Reacción de hipersensibilidad del sistema inmune ante una sustancia extraña. (RAE),,,NO,SI,SI,2 señas,Simétrica (tipo I),Q,Q,J,J,P,03568_alergia1.mp4
UEB,LSC1,3569,ALERGIA 2,,Variante de seña para reacción o alergia en la piel o vías respiratorias. (Generada Gemini),,,NO,SI,SI,2 señas,Compuestas (tipo C),J,Gl,P,P,,03569_alergia2.mp4
FENASCOL VI,LSC1,3570,ALUMBRAMIENTO,,Expulsión o extracción de la placenta y membranas tras el parto del bebé. (RAE),,,NO,SI,NO,1 seña,Asimétrica (tipo III),J,J,G,,,03570_alumbramie.mp4
UEB,LSC0,3571,AMIGDALITIS,,Inflamación aguda o crónica de las amígdalas palatinas. (RAE),,,NO,SI,NO,1 seña,Compuestas (tipo C),G,G,,,,03571_amigdaliti.mp4
FENASCOL VI,LSC1,3572,AMPOLLA,,Abultamiento de la piel lleno de líquido seroso causado por roce o quemadura. (RAE),,,NO,SI,NO,1 seña,Asimétrica (tipo III),J,G,,,,03572_ampolla.mp4
FENASCOL VI,LSC1,3573,ANEMIA,,Disminución de la concentración de hemoglobina o glóbulos rojos en la sangre. (RAE),,,NO,SI,NO,1 seña,Compuestas (tipo C),Af,P,Bl,,,03573_anemia.mp4
FENASCOL VI,LSC1,3574,ANGINA DE PECHO,,Dolor o presión en el pecho debido a la falta de riego sanguíneo en el corazón. (RAE),,,NO,SI,NO,1 seña,Compuestas (tipo C),J,J,G,G,,03574_anginadepe.mp4
UEB,LSC1,3575,APENDICITIS,,Inflamación aguda del apéndice vermiforme del intestino grueso. (RAE),,,NO,SI,NO,1 seña,Unimanual (tipo 0),Q,Ib,,,,03575_apendiciti.mp4
FENASCOL VI,LSC1,3576,APOPLEJÍA,,Suspensión brusca de la actividad cerebral por causa vascular o hemorrágica. (RAE),,,NO,SI,NO,1 seña,Compuestas (tipo C),J,G,Cl,,,03576_apoplejia.mp4
FENASCOL VI,LSC1,3577,ARTERIOSCLEROSIS,,Endurecimiento y pérdida de elasticidad en las paredes arteriales. (RAE),,,NO,SI,NO,1 seña,Compuestas (tipo C),B,Okc,S,,,03577_aterioscle.mp4
FENASCOL VI,LSC1,3578,ARTRITIS,,Inflamación de una o más articulaciones que causa dolor y rigidez. (RAE),,,NO,SI,NO,1 seña,Compuestas (tipo C),S,S,G,,,03578_artritis.mp4
FENASCOL VI,LSC1,3579,ASTIGMATISMO,,Defecto ocular que impide el enfoque claro de los objetos cercanos y lejanos. (RAE),,,NO,SI,SI,2 señas,Compuestas (tipo C),P,P,J,J,,03579_astigmatis.mp4
FENASCOL VI,LSC0,3580,BARRO,,Grano o espinilla que aparece en la piel de la cara por acumulación de grasa. (RAE),,,NO,SI,NO,1 seña,Unimanual en contacto (tipo X),Tc,Pc,,,,03580_barro.mp4
FENASCOL VI,LSC1,3581,BROTE,,Aparición repentina de erupciones o lesiones en la piel. (Generada Gemini),,,NO,SI,NO,1 seña,Compuestas (tipo C),Pc,Pc,Q,J,,03581_brote.mp4
FENASCOL VI,LSC1,3582,CÁLCULOS,,Depósitos sólidos o piedras que se forman en órganos como riñones o vesícula. (RAE),,,NO,SI,NO,1 seña,Compuestas (tipo C),Cl,Okf,,,,03582_calculos.mp4
FENASCOL VI,LSC0,3583,CASPA,,Descamación de excesivas escamas de piel muerta en el cuero cabelludo. (RAE),,,NO,SI,NO,1 seña,Compuestas (tipo C),G,J,Bl,,,03583_caspa.mp4
FENASCOL VI,LSC1,3584,CASTRACIÓN,,Extirpación u inactivación de los órganos sexuales o gónadas. (RAE),,,NO,SI,SI,2 señas,Asimétrica (tipo III),Qa,Qa,V,,,03584_castracion.mp4
FENASCOL VI,LSC1,3585,CATARATAS,,Opacidad del cristalino del ojo que dificulta o impide la visión. (RAE),,,NO,SI,SI,2 señas,Unimanual en contacto (tipo X),P,Gl,,,,03585_cataratas.mp4
FENASCOL VI,LSC1,3586,CELULITIS,,Inflamación o acumulación de tejido adiposo que forma nódulos en la piel. (RAE),,,NO,SI,NO,1 seña,Asimétrica (tipo III),Gl,J,,,,03586_celulitis.mp4
FENASCOL VI,LSC0,3587,CHICHÓN,,Inflamación o bulto en la cabeza causado por un golpe. (RAE),,,NO,SI,NO,1 seña,Unimanual en contacto (tipo X),Q,Gl,,,,03587_chichon.mp4
FENASCOL VI,LSC1,3588,CIFOSIS,,Curvatura anormal con convexidad posterior de la columna vertebral. (RAE),,,NO,SI,NO,1 seña,Compuestas (tipo C),Bl,P,X,,,03588_cifosis.mp4
FENASCOL VI,LSC1,3589,COLESTEROL,,Lípido o grasa presente en los tejidos y en la sangre de los vertebrados. (RAE),,,NO,SI,NO,1 seña,Compuestas (tipo C),S,Ok,N,,,03589_colesterol.mp4
FENASCOL VI,LSC1,3590,COMA,,Estado profundo de inconsciencia provocado por enfermedad o traumatismo. (RAE),,,NO,SI,SI,2 señas,Compuestas (tipo C),Bl,V,Q,Q,,03590_coma.mp4
FENASCOL VI,LSC1,3591,CONGESTIÓN BRONQUIAL,,Acumulación de mucosidad o inflamación en los bronquios que dificulta la respiración. (Generada Gemini),,,NO,SI,NO,1 seña,Semi-simétrica (tipo II),J,J,G,G,,03591_congestion.mp4
FENASCOL VI,LSC1,3592,CONJUNTIVITIS,,Inflamación de la membrana conjuntiva que recubre el ojo. (RAE),,,NO,SI,SI,2 señas,Compuestas (tipo C),P,N,,,,03592_conjuntivi.mp4
FENASCOL VI,LSC1,3593,CORTADURA,,Herida abierta producida por un objeto afilado o cortante. (RAE),,,NO,SI,NO,1 seña,Asimétrica (tipo III),Be,P,,,,03593_cortadura.mp4
FENASCOL VI,LSC1,3594,DEPRESIÓN DEPRIMIDO,,"Estado psíquico caracterizado por profunda tristeza, desánimo y pérdida de interés. (RAE)",,,NO,SI,NO,1 seña,Semi-simétrica (tipo II),J,J,G,G,,03594_depresiond.mp4
FENASCOL VI,LSC1,3595,DESHIDRATACIÓN,,Pérdida excesiva de agua y fluidos en el organismo. (RAE),,,NO,SI,NO,1 seña,Compuestas (tipo C),Tc,G,G,S,S,03595_deshidrata.mp4
FENASCOL VI,LSC1,3596,DESMAYO,,Pérdida temporal o breve del conocimiento o de la conciencia. (RAE),,,NO,SI,NO,1 seña,Compuestas (tipo C),V,Bl,,,,03596_desmayo.mp4
FENASCOL VI,LSC1,3597,DIABETES,,Enfermedad crónica caracterizada por niveles elevados de glucosa en sangre. (RAE),,,NO,SI,SI,2 señas,Compuestas (tipo C),S,P,Hl,,,03597_diabetes.mp4
FENASCOL VI,LSC1,3598,DISLOCACIÓN,,Desplazamiento permanente de un hueso de su articulación normal. (RAE),,,NO,SI,NO,1 seña,Asimétrica (tipo III),P,XX,,,,03598_dislocacio.mp4
FENASCOL VI,LSC1,3599,EPILEPSIA,,Enfermedad neurológica crónica que provoca convulsiones o crisis repentinas. (RAE),,,NO,SI,NO,1 seña,Simétrica (tipo I),S,S,,,,03599_epilepsia.mp4
FENASCOL VI,LSC0,3600,ESCALOFRÍO,,Sensación repentina de frío acompañada de temblor físico involuntario. (RAE),,,NO,SI,NO,1 seña,Compuestas (tipo C),J,J,,,,03600_escalofrio.mp4
FENASCOL VI,LSC1,3601,ESCARLATINA,,Enfermedad infecciosa bacteriana caracterizada por fiebre y manchas rojas en la piel. (RAE),,,NO,SI,NO,1 seña,Compuestas (tipo C),J,J,Q,Q,,03601_escarlatin.mp4
FENASCOL VI,LSC1,3602,ESCOLIOSIS,,Desviación o curvatura lateral anormal de la columna vertebral. (RAE),,,NO,SI,NO,1 seña,Compuestas (tipo C),Bl,S,S,,,03602_escoliosis.mp4
FENASCOL VI,LSC1,3603,ESGUINCE,,Torcedura o lesión de los ligamentos de una articulación sin dislocación. (RAE),,,NO,SI,NO,1 seña,Asimétrica (tipo III),S,G,,,,03603_esguince.mp4
FENASCOL VI,LSC1,3604,ESTRABISMO,,Desviación de la alineación de un ojo respecto al otro. (RAE),,,NO,SI,SI,3 señas,Compuestas (tipo C),P,P,V,V,Ok,03604_estrabismo.mp4
FENASCOL VI,LSC0,3605,ESTREÑIMIENTO,,Dificultad o poca frecuencia en la expulsión de las heces. (RAE),,,NO,SI,NO,1 seña,Asimétrica (tipo III),A,S,,,,03605_estreñimi.mp4
FENASCOL VI,LSC0,3606,ESTRÉS,,Estado de tensión física o emocional ante situaciones de exigencia. (RAE),,,NO,SI,NO,1 seña,Compuestas (tipo C),J,J,,,,03606_estres.mp4
FENASCOL VI,LSC1,3607,ESTRÍAS,,Líneas o bandas de color claro que aparecen en la piel por estiramiento. (RAE),,,NO,SI,NO,1 seña,Simétrica (tipo I),J,J,G,G,P,03607_estrias.mp4
FENASCOL VI,LSC1,3608,FISURA,,Grieta o hendidura pequeña y estrecha en un hueso u órgano. (RAE),,,NO,SI,NO,1 seña,Asimétrica (tipo III),XX,XX,P,XX,,03608_fisura.mp4
FENASCOL VI,LSC1,3609,FLACIDEZ (DE PIEL),,Falta de firmeza o tono en la piel o tejidos musculares. (Generada Gemini),,,NO,SI,NO,1 seña,Asimétrica (tipo III),S,Qa,,,,03609_flacidezde.mp4
FENASCOL VI,LSC1,3610,FLEMA,,Mucosidad espesa que se secreta en las vías respiratorias. (RAE),,,NO,SI,NO,1 seña,Compuestas (tipo C),Q,J,,,,03610_flema.mp4
FENASCOL VI,LSC1,3611,GASTRITIS,,Inflamación de la mucosa del estómago. (RAE),,,NO,SI,NO,1 seña,Unimanual en contacto (tipo X),Q,J,N,,,03611_gastritis.mp4
FENASCOL VI,LSC1,3612,HEMORRAGIA,,Flujo abundante de sangre por rotura de vasos sanguíneos. (RAE),,,NO,SI,NO,1 seña,Asimétrica (tipo III),J,Q,J,,,03612_hemorragia.mp4
FENASCOL VI,LSC1,3613,HEPATITIS,,Inflamación del hígado. (RAE),,,NO,SI,SI,2 señas,Compuestas (tipo C),P,Q,,,,03613_hepatitis.mp4
FENASCOL VI,LSC1,3614,HERIDA,,Perforación o desgarro en algún lugar del cuerpo. (RAE),,,NO,SI,NO,1 seña,Compuestas (tipo C),P,S,,,,03614_herida.mp4
FENASCOL VI,LSC0,3615,HERPES,,Enfermedad infecciosa caracterizada por la aparición de vesículas en la piel o mucosas. (RAE),,,NO,SI,NO,1 seña,Unimanual en contacto (tipo X),Pc,Tc,,,,03615_herpes.mp4
FENASCOL VI,LSC0,3616,HIPERMETROPÍA,,Defecto de la visión que consiste en enfocar los rayos luminosos detrás de la retina. (RAE),,,NO,SI,NO,1 seña,Unimanual (tipo 0),Bl,,,,,03616_hipermetro.mp4
FENASCOL VI,LSC0,3617,HIPERTENSIÓN,,Aumento anormal de la presión arterial. (RAE),,,NO,SI,NO,1 seña,Compuestas (tipo C),S,C,J,,,03617_hipertensi.mp4
FENASCOL VI,LSC1,3618,HIPO,,Espasmo involuntario del diafragma con cierre repentino de la glotis. (RAE),,,NO,SI,NO,1 seña,Unimanual en contacto (tipo X),Bl,,,,,03618_hipo.mp4
FENASCOL VI,LSC1,3619,INCONSCIENTE,,Persona que ha perdido el conocimiento y la percepción del entorno. (Generada Gemini),,,NO,SI,NO,1 seña,Unimanual (tipo 0),V,,,,,03619_inconscien.mp4
FENASCOL VI,LSC0,3620,INDISGESTIÓN,,Trastorno de las funciones del estómago acompañado de malestar. (RAE),,,NO,SI,NO,1 seña,Compuestas (tipo C),Bl,Bl,,,,03620_indisgesti.mp4
FENASCOL VI,LSC1,3621,INFECCIÓN INTESTINAL,,Alteración del tubo digestivo producida por la presencia de microorganismos patógenos. (Generada Gemini),,,NO,SI,NO,1 seña,Compuestas (tipo C),Q,Q,Q,J,J,03621_infeccioni.mp4
FENASCOL VI,LSC1,3622,INFLAMACIÓN,,Reacción de un tejido vivo ante una agresión con hinchazón y enrojecimiento. (RAE),,,NO,SI,NO,1 seña,Asimétrica (tipo III),Jc,J,,,,03622_inflamacio.mp4
FENASCOL VI,LSC1,3623,INSOLACIÓN,,Malestar o lesión producida por la exposición excesiva a los rayos solares. (RAE),,,NO,SI,NO,1 seña,Simétrica (tipo I),U,U,,,,03623_insolacion.mp4
FENASCOL VI,LSC1,3624,INSOMNIO,,Dificultad o incapacidad para conciliar o mantener el sueño. (RAE),,,NO,SI,SI,2 señas,Asimétrica (tipo III),Pc,Tc,Bl,V,,03624_insomnio.mp4
FENASCOL VI,LSC1,3625,INTOXICACIÓN,,Trastorno o envenenamiento provocado por la ingestión o absorción de sustancias tóxicas. (RAE),,,NO,SI,SI,2 señas,Compuestas (tipo C),Q,P,P,,,03625_intoxicaci.mp4
FENASCOL VI,LSC1,3626,LEUCEMIA,,Enfermedad neoplásica caracterizada por un exceso de glóbulos blancos en la sangre. (RAE),,,NO,SI,NO,1 seña,Compuestas (tipo C),J,Q,J,,,03626_leucemia.mp4
FENASCOL VI,LSC1,3627,LUNAR,,Pequeña mancha pigmentada en la piel. (RAE),,,NO,SI,NO,1 seña,Asimétrica (tipo III),S,Tb,,,,03627_lunar.mp4
FENASCOL VI,LSC0,3628,MALESTAR,,Sensación vaga e incómoda de indisposición física. (RAE),,,NO,SI,SI,2 señas,Compuestas (tipo C),J,J,,,,03628_malestar.mp4
FENASCOL VI,LSC1,3629,MANCHA (DE PIEL),,Alteración o pigmentación anómala en la superficie de la piel. (Generada Gemini),,,NO,SI,SI,2 señas,Compuestas (tipo C),Ta,S,P,Oks,,03629_manchadepi.mp4
FENASCOL VI,LSC1,3630,MENINGITIS,,Inflamación de las meninges o membranas que recubren el encéfalo y la médula. (RAE),,,NO,SI,NO,1 seña,Compuestas (tipo C),G,G,J,,,03630_meningitis.mp4
FENASCOL VI,LSC0,3631,MIGRAÑA,,Dolor de cabeza intenso y recurrente que suele afectar a un solo lado. (RAE),,,NO,SI,NO,1 seña,Compuestas (tipo C),Jb,Jb,J,,,03631_migraña.mp4
FENASCOL VI,LSC1,3632,MIOMA,,Tumor benigno formado por elementos musculares. (RAE),,,NO,SI,NO,1 seña,Asimétrica (tipo III),P,Q,,,,03632_mioma.mp4
FENASCOL VI,LSC0,3633,MIOPÍA,,Defecto ocular que produce una visión borrosa de los objetos lejanos. (RAE),,,NO,SI,NO,1 seña,Unimanual (tipo 0),Bl,,,,,03633_miopia.mp4
FENASCOL VI,LSC1,3634,MORETÓN,,Mancha morada en la piel producida por la acumulación de sangre tras un golpe. (RAE),,,NO,SI,NO,1 seña,Unimanual en contacto (tipo X),S,Cb,,,,03634_moreton.mp4
FENASCOL VI,LSC1,3635,OBSTRUCCIÓN NASAL,,Impedimento o congestión que dificulta el flujo de aire por las fosas nasales. (Generada Gemini),,,NO,SI,SI,2 señas,Compuestas (tipo C),Ta,S,J,,,03635_obstruccio.mp4
FENASCOL VI,LSC0,3636,OJERAS,,Coloración oscura o abultamiento en la piel debajo de los ojos. (RAE),,,NO,SI,NO,1 seña,Simétrica (tipo I),Be,Be,,,,03636_ojeras.mp4
FENASCOL VI,LSC1,3637,ORZUELO,,Inflamación pequeña y dolorosa en el borde del párpado. (RAE),,,NO,SI,SI,2 señas,Unimanual en contacto (tipo X),Q,G,P,,,03637_orzuelo.mp4
FENASCOL VI,LSC1,3638,OTITIS,,Inflamación del oído producida por infección o traumatismo. (RAE),,,NO,SI,SI,2 señas,Compuestas (tipo C),P,Q,A,,,03638_otitis.mp4
FENASCOL VI,LSC1,3639,PALUDISMO,,Enfermedad infecciosa transmitida por la picadura del mosquito Anopheles. (RAE),,,NO,SI,SI,2 señas,Compuestas (tipo C),J,I,I,,,03639_paludismo.mp4
FENASCOL VI,LSC1,3640,PANADIZO,,"Inflamación aguda del tejido celular de los dedos, especialmente alrededor de la uña. (RAE)",,,NO,SI,NO,1 seña,Asimétrica (tipo III),P,P,Q,G,,03640_panadizo.mp4
FENASCOL VI,LSC1,3641,PAPERAS,,Inflamación infecciosa de las glándulas parótidas. (RAE),,,NO,SI,NO,1 seña,Compuestas (tipo C),Q,Q,G,G,,03641_paperas.mp4
FENASCOL VI,LSC0,3642,PARÁLISIS CEREBRAL,,Trastorno permanente del movimiento y la postura por lesión cerebral infantil. (RAE),,,NO,SI,NO,1 seña,Unimanual (tipo 0),G,,,,,03642_paralisisc.mp4
FENASCOL VI,LSC0,3643,PARO CARDÍACO,,Detención repentina e imprevista de la función de bombeo del corazón. (Generada Gemini),,,NO,SI,NO,1 seña,Unimanual en contacto (tipo X),S,,,,,03643_parocardia.mp4
FENASCOL VI,LSC0,3644,PARO RESPIRATORIO,,Interrupción repentina y completa de la respiración espontánea. (Generada Gemini),,,NO,SI,NO,1 seña,Simétrica (tipo I),J,J,,,,03644_parorespir.mp4
FENASCOL VI,LSC1,3645,PARTO PREMATURO,,Nacimiento o expulsión del feto antes de completar el período gestacional. (Generada Gemini),,,NO,SI,SI,2 señas,Compuestas (tipo C),S,Bl,Bl,Bl,,03645_partoprema.mp4
FENASCOL VI,LSC0,3646,PECA,,Pequeña mancha parda o amarillenta que aparece en la piel. (RAE),,,NO,SI,NO,1 seña,Compuestas (tipo C),J,J,,,,03646_peca.mp4
FENASCOL VI,LSC1,3647,PESADILLA,,Sueño angustioso o tenso que provoca miedo y vigilia. (RAE),,,NO,SI,SI,2 señas,Compuestas (tipo C),Bl,Bl,Q,,,03647_pesadilla.mp4
FENASCOL VI,LSC0,3648,PICADURA,,Herida pequeña hecha por un insecto u otro animal punzante. (RAE),,,NO,SI,NO,1 seña,Asimétrica (tipo III),S,Tb,,,,03648_picadura.mp4
FENASCOL VI,LSC1,3649,PRESBICIA,,Disminución de la capacidad de acomodación del cristalino asociada a la edad. (RAE),,,NO,SI,NO,1 seña,Asimétrica (tipo III),Tc,Pa,Bl,,,03649_presbicia.mp4
FENASCOL VI,LSC1,3650,PROBLEMAS CARDÍACOS,,Conjunto de enfermedades o alteraciones relativas al funcionamiento del corazón. (Generada Gemini),,,NO,SI,SI,3 señas,Compuestas (tipo C),S,P,XXe,XXe,,03650_problemasc.mp4
FENASCOL VI,LSC1,3651,QUEMADURA,,"Lesión producida en los tejidos por el calor, el fuego o sustancias químicas. (RAE)",,,NO,SI,SI,2 señas,Asimétrica (tipo III),S,Bl,O,O,J,03651_quemadura.mp4
FENASCOL VI,LSC1,3652,QUISTE,,Cavidad o bolsa membranosa cerrada que contiene líquido o materia alterada. (RAE),,,NO,SI,NO,1 seña,Asimétrica (tipo III),S,Q,,,,03652_quiste.mp4
FENASCOL VI,LSC1,3653,RASPADURA,,Lesión superficial de la piel producida por rozamiento o fricción. (RAE),,,NO,SI,NO,1 seña,Asimétrica (tipo III),S,J,G,,,03653_raspadura.mp4
FENASCOL VI,LSC1,3654,ROSÁCEA,,Enfermedad crónica de la piel que causa enrojecimiento y vasos visibles en la cara. (RAE),,,NO,SI,SI,1 seña,Compuestas (tipo C),P,G,G,,,03654_rosacea.mp4
FENASCOL VI,LSC0,3655,ROCIOLA,,Enfermedad exantemática leve propia de la infancia caracterizada por fiebre y manchas. (RAE),,,NO,SI,NO,1 seña,Compuestas (tipo C),S,Oks,G,,,03655_rociola.mp4
FENASCOL VI,LSC1,3656,RUBÉOLA,,Enfermedad infecciosa contagiosa caracterizada por erupciones rosadas en la piel. (RAE),,,NO,SI,NO,1 seña,Compuestas (tipo C),J,J,G,G,,03656_rubeola.mp4
FENASCOL VI,LSC1,3657,SABAÑONES,,Inflamación rojiza y dolorosa de la piel de manos o pies por efecto del frío. (RAE),,,NO,SI,SI,2 señas,Asimétrica (tipo III),J,J,G,J,,03657_sabañones.mp4
FENASCOL VI,LSC1,3658,SALPULLIDO,,Erupción eritematosa leve en la piel que produce picazón. (RAE),,,NO,SI,SI,1 seña,Asimétrica (tipo III),Jc,P,O,J,,03658_salpullido.mp4
FENASCOL VI,LSC1,3659,SANGRADO,,Pérdida o salida de sangre fuera del sistema circulatorio. (Generada Gemini),,,NO,SI,SI,1 seña,Semi-simétrica (tipo II),J,J,,,,03659_sangrado.mp4
FENASCOL VI,LSC1,3660,SARAMPIÓN,,Enfermedad febril contagiosa caracterizada por pequeñas manchas rojas en la piel. (RAE),,,NO,SI,NO,1 seña,Compuestas (tipo C),Pc,Pc,Okss,Okss,,03660_sarampion.mp4
FENASCOL VI,LSC1,3661,SÍNDROME,,Conjunto de síntomas o signos característicos de una enfermedad o estado. (RAE),,,NO,SI,NO,1 seña,Unimanual en contacto (tipo X),W,,,,,03661_sindrome.mp4
FENASCOL VI,LSC1,3662,SÍNTOMA,,Manifestación subjetiva o indicio revelador de una enfermedad. (RAE),,,NO,SI,SI,3 señas,Compuestas (tipo C),Cl,Bl,P,Bl,,03662_sintoma.mp4
FENASCOL VI,LSC1,3663,SINUSITIS,,Inflamación de la mucosa que reviste los senos paranasales. (RAE),,,NO,SI,SI,3 señas,Compuestas (tipo C),P,O,O,,,03663_sinusitis.mp4
FENASCOL VI,LSC1,3664,SOFOCO,,Sensación repentina de calor en la piel acompañada de sudoración. (RAE),,,NO,SI,SI,4 señas o más,Compuestas (tipo C),Q,Q,J,J,Q,03664_sofoco.mp4
FENASCOL VI,LSC1,3665,SONÁMBULO,,Persona que padece somnambulismo y camina o actúa estando dormida. (RAE),,,NO,SI,SI,3 señas,Compuestas (tipo C),Bl,P,X,Bl,V,03665_sonambulo.mp4
FENASCOL VI,LSC1,3666,SUPURACIÓN EN EL OÍDO,,Secreción o salida de pus a través del conducto auditivo. (Generada Gemini),,,NO,SI,NO,1 seña,Unimanual en contacto (tipo X),P,Q,J,,,03666_supuracion.mp4
FENASCOL VI,LSC1,3667,TORCEDURA,,Lesión violenta de una articulación sin luxación ni rotura de ligamentos. (RAE),,,NO,SI,NO,1 seña,Compuestas (tipo C),B,B,Bl,,,03667_torcedura.mp4
UEB,LSC0,3668,TRAUMA 1,,Lesión o daño físico producido por un golpe o agente externo. (RAE),,,NO,SI,NO,1 seña,Unimanual en contacto (tipo X),Pc,,,,,03668_trauma1.mp4
UEB,LSC0,3669,TRAUMA 2,,Variante de seña para shock o secuela psicológica tras un choque emocional. (Generada Gemini),,,NO,SI,NO,1 seña,Compuestas (tipo C),Pc,Pc,,,,03669_trauma2.mp4
FENASCOL VI,LSC1,3670,ULCERA,,Lesión abierta en la piel o membranas mucosas con pérdida de sustancia. (RAE),,,NO,SI,NO,1 seña,Unimanual en contacto (tipo X),S,Okf,,,,03670_ulcera.mp4
FENASCOL VI,LSC1,3671,VARICELA,,Enfermedad contagiosa aguda que causa erupciones cutáneas con vesículas. (RAE),,,NO,SI,NO,1 seña,Compuestas (tipo C),Cb,Cb,Cl,,,03671_varicela.mp4
FENASCOL VI,LSC0,3672,VÓMITO 1,,Expulsión violenta por la boca del contenido del estómago. (RAE),,,NO,SI,NO,1 seña,Unimanual en contacto (tipo X),J,,,,,03672_vomito1.mp4
UEB,LSC0,3673,VÓMITO 2,,Variante de seña para la acción o reflejo de devolver o vomitar. (Generada Gemini),,,NO,SI,NO,1 seña,Semi-simétrica (tipo II),Jc,Jc,,,,03673_vomito2.mp4
FENASCOL VI,LSC1,3674,ANESTECIA,,Privación total o parcial de la sensibilidad producida por un fármaco. (RAE),,,NO,SI,SI,2 señas,Compuestas (tipo C),S,Vc,Pa,Pc,,03674_anestecia.mp4
FENASCOL VI,LSC1,3675,CÉSAREA,,Intervención quirúrgica para la extracción del feto a través de la pared abdominal. (RAE),,,NO,SI,SI,2 señas,Compuestas (tipo C),A,J,J,,,03675_cesarea.mp4
FENASCOL VI,LSC1,3676,CIRCUNCISIÓN,,Extirpación total o parcial del prepucio del pene. (RAE),,,NO,SI,SI,2 señas,Compuestas (tipo C),L,P,L,,,03676_circuncisi.mp4
FENASCOL VI,LSC0,3677,CIRUGÍA 1,,Especialidad médica que cura las enfermedades mediante intervenciones manuales o instrumentales. (RAE),,,NO,SI,NO,1 seña,Asimétrica (tipo III),J,A,,,,03677_cirugia1.mp4
FENASCOL VI,LSC0,3678,CIRUGÍA 2,,Variante de seña para procedimiento quirúrgico o intervención en quirófano. (Generada Gemini),,,NO,SI,NO,1 seña,Semi-simétrica (tipo II),A,A,,,,03678_cirugia2.mp4
FENASCOL VI,LSC1,3679,CUIDADOS INTENSIVOS,,Servicio hospitalario destinado al tratamiento constante de pacientes graves o críticos. (Generada Gemini),,,NO,SI,NO,1 seña,Simétrica (tipo I),Okc,Okc,,,,03679_cuidadosin.mp4
FENASCOL VI,LSC1,3680,DIETA,,Régimen alimentario o conjunto de sustancias que se ingieren habitualmente. (RAE),,,NO,SI,SI,3 señas,Compuestas (tipo C),Q,P,Okc,Okc,,03680_dieta.mp4
FENASCOL VI,LSC1,3681,DONACIÓN DE SANGRE,,Extracción voluntaria de sangre para su posterior uso en transfusiones. (Generada Gemini),,,NO,SI,SI,3 señas,Asimétrica (tipo III),Bl,Vl,Bl,J,Bl,03681_donacionde.mp4
FENASCOL VI,LSC1,3682,ECOGRAFÍA,,Técnica de diagnóstico por imagen basada en la reflexión de ultrasonidos. (RAE),,,NO,SI,NO,1 seña,Unimanual en contacto (tipo X),S,,,,,03682_ecografia.mp4
FENASCOL VI,LSC1,3683,ENDOSCOPIA,,Exploración visual del interior de una cavidad u órgano mediante un endoscopio. (RAE),,,NO,SI,NO,1 seña,Unimanual en contacto (tipo X),P,,,,,03683_endoscopia.mp4
FENASCOL VI,LSC1,3684,ENYESAR,,Inmovilizar una extremidad o hueso fracturado mediante un vendaje de yeso. (RAE),,,NO,SI,SI,3 señas,Compuestas (tipo C),B,B,X,No,,03684_enyesar.mp4
UEB,LSC1,3685,ESPECULOSCOPIA,,Exploración visual de cavidades corporales mediante el uso de un espéculo. (Generada Gemini),,,NO,SI,SI,2 señas,Compuestas (tipo C),Lc,H,V,,,03685_especulosc.mp4
FENASCOL VI,LSC1,3686,EXAMEN CITOLOGÍA VAGINAL 1,,Análisis microscópico de células cérvico-vaginales para detectar anomalías. (Generada Gemini),,,NO,SI,SI,2 señas,Compuestas (tipo C),Lc,Pc,,,,03686_examencito.mp4
UEB,LSC1,3687,EXAMEN CITOLOGÍA VAGINAL 2,,Variante de seña para la prueba o toma de muestra del cuello uterino. (Generada Gemini),,,NO,SI,NO,1 seña,Asimétrica (tipo III),Lc,Pc,,,,03687_examencito.mp4
FENASCOL VI,LSC1,3688,EXAMEN CROPOLÓGICO,,Análisis clínico de las heces para evaluar el estado digestivo o parasitario. (Generada Gemini),,,NO,SI,SI,3 señas,Asimétrica (tipo III),Al,A,Bl,Ok,Gl,03688_examencrop.mp4
FENASCOL VI,LSC1,3689,EXAMEN DE SANGRE,,Análisis de laboratorio de una muestra sanguínea para evaluar el estado de salud. (Generada Gemini),,,NO,SI,SI,3 señas,Compuestas (tipo C),Bl,Vl,J,Gl,Gl,03689_examendesa.mp4
FENASCOL VI,LSC1,3690,EXAMEN FÍSICO,,Exploración médica directa del cuerpo de un paciente mediante inspección y palpación. (Generada Gemini),,,NO,SI,SI,3 señas,Simétrica (tipo I),Cl,Cl,S,S,Gl,03690_examenfisi.mp4
FENASCOL VI,LSC1,3691,EXAMEN PARCIAL DE ORINA,,Análisis fisicoquímico y microscópico de una muestra de orina. (Generada Gemini),,,NO,SI,SI,3 señas,Compuestas (tipo C),I,A,S,Tc,Gl,03691_examenparc.mp4
FENASCOL VI,LSC1,3692,FACTOR R.H. 1,,Proteína o antígeno específico presente en la superficie de los glóbulos rojos. (RAE),,,NO,SI,NO,1 seña,Asimétrica (tipo III),P,Pc,,,,03692_factorrh1.mp4
FENASCOL VI,LSC1,3693,FACTOR R.H. 2,,Variante de seña para la clasificación del grupo sanguíneo positivo o negativo. (Generada Gemini),,,NO,SI,SI,2 señas,Asimétrica (tipo III),P,Pc,H,H,,03693_factorrh2.mp4
FENASCOL VI,LSC1,3694,FÓRMULA MÉDICA,,Documento en que el médico prescribe la medicación y tratamiento al paciente. (RAE),,,NO,SI,SI,2 señas,Asimétrica (tipo III),J,Nc,Bl,Bl,,03694_formulamed.mp4
FENASCOL VI,LSC1,3695,HISTERECTOMÍA,,Extirpación quirúrgica total o parcial del útero. (RAE),,,NO,SI,NO,1 seña,Asimétrica (tipo III),I,J,Q,J,,03695_histerecto.mp4
FENASCOL VI,LSC0,3696,IMPLANTE COCLEAR,,Dispositivo electrónico quirúrgico que restaura parcialmente la audición en sorderas severas. (Generada Gemini),,,NO,SI,NO,1 seña,Unimanual en contacto (tipo X),XX,,,,,03696_implanteco.mp4
FENASCOL VI,LSC1,3697,INCAPACITADO,,Persona que tiene mermadas sus facultades para el trabajo o actividades habituales. (RAE),,,NO,SI,SI,2 señas,Simétrica (tipo I),I,I,V,V,,03697_incapacita.mp4
FENASCOL VI,LSC1,3698,LAPAROSCOPIA,,Técnica quirúrgica para examinar o intervenir el abdomen mediante pequeñas incisiones. (RAE),,,NO,SI,NO,1 seña,Asimétrica (tipo III),Ok,Pc,P,,,03698_laparoscop.mp4
FENASCOL VI,LSC0,3699,MAMOGRAFÍA,,Exploración de las mamas mediante rayos X para detectar anomalías. (RAE),,,NO,SI,NO,1 seña,Simétrica (tipo I),J,J,,,,03699_mamografia.mp4
FENASCOL VI,LSC1,3700,PARTO VAGINAL,,Nacimiento del bebé a través del canal vaginal de la madre. (Generada Gemini),,,NO,SI,SI,2 señas,Compuestas (tipo C),J,G,Cl,Cl,,03700_partovagin.mp4
FENASCOL VI,LSC0,3701,PREVENCIÓN,,Conjunto de medidas para evitar la aparición o propagación de enfermedades. (RAE),,,NO,SI,NO,1 seña,Simétrica (tipo I),Be,Be,,,,03701_prevencion.mp4
FENASCOL VI,LSC1,3702,RADIACIÓN,,Emisión y propagación de energía en forma de ondas o partículas subatómicas. (RAE),,,SI,SI,NO,1 seña,Simétrica (tipo I),Qe,J,,,,03702_radiacion.mp4
FENASCOL VI,LSC1,3703,RAYOS X,,Radiación electromagnética empleada en medicina para obtener imágenes del interior del cuerpo. (RAE),,,SI,SI,SI,2 señas,Simétrica (tipo I),L,Xc,,,,03703_rayosx.mp4
FENASCOL VI,LSC1,3704,RECUPERACIÓN 1,,Proceso de restablecimiento de la salud o de las funciones corporales. (RAE),,,SI,SI,NO,1 seña,Simétrica (tipo I),Bl,,,,,03704_recuperaci.mp4
UEB,LSC1,3705,RECUPERACIÓN 2,,Variante de seña para el período de convalecencia o sanación. (Generada Gemini),,,SI,SI,NO,1 seña,Asimétrica (tipo III),Bl,Rl,,,,03705_recuperaci.mp4
FENASCOL VI,LSC1,3706,RELAJACIÓN,,"Disminución de la tensión muscular, física o mental. (RAE)",,,SI,SI,SI,2 señas,Compuestas (tipo C),P,J,,,,03706_relajacion.mp4
FENASCOL VI,LSC1,3707,REPOSO (DESCANSO),,Estado de quietud o inactividad física destinado a la recuperación del cuerpo. (RAE),,,SI,SI,NO,1 seña,Simétrica (tipo I),K,,,,,03707_reposodesc.mp4
FENASCOL VI,LSC1,3708,TOMOGRAFÍA AXIAL COMPUTARIZADA (TAC),,Técnica de diagnóstico por imágenes transversales del cuerpo obtenidas por ordenador. (RAE),,,SI,SI,SI,2 señas,Asimétrica (tipo III),C,H,,,,03708_tomografia.mp4
FENASCOL VI,LSC1,3709,TRACTO RECTAL,,Exploración médica directa del recto mediante palpación digital. (Generada Gemini),,,SI,SI,SI,2 señas,Asimétrica (tipo III),Okb,H,,,,03709_tractorect.mp4
FENASCOL VI,LSC1,3710,TRACTO VAGINAL,,Exploración médica directa del canal vaginal y cuello uterino. (Generada Gemini),,,SI,SI,SI,2 señas,Asimétrica (tipo III),L,H,,,,03710_tractovagi.mp4
FENASCOL VI,LSC1,3711,TERAPIA,,Tratamiento orientado a la curación o alivio de enfermedades o síntomas. (RAE),,,SI,SI,NO,1 seña,Unimanual en contacto (tipo X),T,,,,,03711_terapia.mp4
FENASCOL VI,LSC1,3712,TOMAR EL PULSO,,Acción de medir el número de pulsaciones cardíacas por minuto en una arteria. (Generada Gemini),,,SI,SI,SI,2 señas,Asimétrica (tipo III),S,H,,,,03712_tomarelpul.mp4
FENASCOL VI,LSC1,3713,TOMAR LA TENSIÓN,,Acción de medir la presión que ejerce la sangre en las arterias. (Generada Gemini),,,SI,SI,SI,3 señas,Asimétrica (tipo III),S,C,C,S,,03713_tomarlaten.mp4
FENASCOL VI,LSC1,3714,TRABAJO DE PARTO,,Conjunto de contracciones y etapas fisiológicas que preceden al nacimiento del bebé. (Generada Gemini),,,SI,SI,SI,4 señas o más,Compuestas (tipo C),J,Bl,C,S,Bl,03714_trabajodep.mp4
FENASCOL VI,LSC1,3715,TRANSFUSIÓN DE SANGRE,,Procedimiento médico en que se suministra sangre o sus componentes por vía intravenosa. (RAE),,,SI,SI,SI,3 señas,Compuestas (tipo C),J,S,J,,,03715_transfusio.mp4
FENASCOL VI,LSC1,3716,TRASPLANTE,,Procedimiento de sustitución de un órgano o tejido enfermo por otro sano. (RAE),,,SI,SI,SI,4 señas o más,Compuestas (tipo C),A,Gl,Gl,A,Gl,03716_trasplante.mp4
FENASCOL VI,LSC1,3717,VERRUGAS,,Excrecencias cutáneas benignas causadas habitualmente por el virus del papiloma. (RAE),,,SI,SI,SI,2 señas,Asimétrica (tipo III),S,Pc,,,,03717_verrugas.mp4
FENASCOL VI,LSC1,3718,INHALADOR,,Dispositivo médico para administrar medicamentos en forma de vapor o aerosol por las vías respiratorias. (RAE),,,SI,SI,NO,1 seña,Unimanual en contacto (tipo X),Vc,,,,,03718_inhalador.mp4
FENASCOL VI,LSC0,3719,CIEGO,,Persona privada de la facultad de ver. (RAE),,,SI,SI,NO,1 seña,Unimanual en contacto (tipo X),XX,,,,,03719_ciego.mp4
FENASCOL VI,LSC0,3720,COJO,,Persona que cojea o le falta una pierna o pie. (RAE),,,SI,SI,SI,2 señas,Compuestas (tipo C),Bl,P,,,,03720_cojo.mp4
FENASCOL VI,LSC1,3721,CUADRAPLEJICO,,Persona afectada por parálisis en las cuatro extremidades del cuerpo. (RAE),,,SI,SI,SI,2 señas,Compuestas (tipo C),Be,B,,,,03721_cuadraplej.mp4
FENASCOL VI,LSC1,3722,DISCAPACIDAD,,"Condición de la persona que presenta deficiencias físicas, mentales, intelectuales o sensoriales. (RAE)",,,NO,SI,NO,1 seña,Simétrica (tipo I),Bl,,,,,03722_discapacid.mp4
FENASCOL VI,LSC1,3723,ENFERMO-MENTAL,,Persona que padece un trastorno o alteración en el funcionamiento psíquico o emocional. (RAE),,,NO,SI,SI,2 señas,Unimanual en contacto (tipo X),Ql,Jb,,,,03723_enfermomen.mp4
,LSC0,3724,ENFERMO-SEXUAL-1,,"Persona que presenta una patología, adicción o alteración del comportamiento sexual. (Generada Gemini)",,,NO,SI,NO,1 seña,Unimanual en contacto (tipo X),Be,,,,,03724_enfermosex.mp4
,LSC0,3725,ENFERMO-SEXUAL-2,,Variante de seña para conducta o adicción sexual compulsiva. (Generada Gemini),,,NO,SI,NO,1 seña,Asimétrica (tipo III),N,,,,,03725_enfermosex.mp4
,LSC0,3726,PENSAR-MUCHO,,Acción de reflexionar o rumiar pensamientos de forma reiterada o pausada. (Generada Gemini),,,NO,SI,NO,1 seña,Unimanual en contacto (tipo X),P,,,,,03726_pensarmuch.mp4
FENASCOL VI,LSC1,3727,ENSORDECIDO,,Que ha perdido de forma temporal o paulatina la facultad auditiva. (RAE),,,NO,SI,NO,1 seña,Simétrica (tipo I),Jc,,,,,03727_ensordecid.mp4
UEB,LSC1,3728,SORDO(CERRADO),,Persona sorda que utiliza la lengua de señas y se identifica plenamente con la cultura sorda. (Generada Gemini),,,NO,SI,NO,1 seña,Unimanual en contacto (tipo X),A,,,,,03728_sordocerra.mp4
FENASCOL VI,LSC1,3729,HIPERACTIVO,,Persona que presenta un nivel elevado e inusual de actividad motora e impulsividad. (RAE),,,NO,SI,NO,1 seña,Unimanual (tipo 0),XX,,,,,03729_hiperactiv.mp4
FENASCOL VI,LSC1,3730,HIPOACÚSICO,,Persona que presenta una disminución parcial de la capacidad auditiva. (RAE),,,NO,SI,NO,1 seña,Unimanual (tipo 0),Tf,,,,,03730_hipoacusic.mp4
FENASCOL VI,LSC1,3731,LIMITACIÓN,,Restricción o impedimento en el desarrollo o desempeño de ciertas funciones. (RAE),,,NO,SI,NO,1 seña,Simétrica (tipo I),Bl,,,,,03731_limitacion.mp4
,LSC1,3732,TOMAR-DISTANCIA,,Acción de alejarse o establecer una separación física o interpersonal. (Generada Gemini),,,NO,SI,NO,1 seña,Simétrica (tipo I),Bl,,,,,03732_tomardista.mp4
FENASCOL VI,LSC1,3733,SÍNDROME DE DOWN,,Trastorno genético ocasionado por la presencia de una copia extra del cromosoma 21. (RAE),,,NO,SI,SI,2 señas,Compuestas (tipo C),P,W,,,,03733_sindromede.mp4
FENASCOL VI,LSC1,3734,PARAPLÉJICO,,Persona afectada por parálisis en la mitad inferior del cuerpo. (RAE),,,NO,SI,NO,1 seña,Simétrica (tipo I),Af,,,,,03734_paraplejic.mp4
FENASCOL VI,LSC1,3735,RETARDADO-MENTAL,,Término en desuso para referirse a la discapacidad intelectual o del desarrollo. (RAE),,,NO,SI,SI,2 señas,Compuestas (tipo C),P,Bl,,,,03735_retardadom.mp4
,LSC1,3736,RETARDADO-MENTAL-LETRAS,,Variante de seña para dificultad específica en el aprendizaje de la lectoescritura. (Generada Gemini),,,NO,SI,SI,2 señas,Compuestas (tipo C),R,We,,,,03736_retardadom.mp4
FENASCOL VI,LSC1,3737,AUDIÓLOGO,,Especialista en el diagnóstico y tratamiento de las alteraciones del sistema auditivo. (RAE),,,NO,SI,SI,2 señas,Compuestas (tipo C),N,Gl,,,,03737_audiologo.mp4
FENASCOL VI,LSC1,3738,ANESTESIÓLOGO,,Médico especialista en la administración de anestesia y el alivio del dolor. (RAE),,,NO,SI,SI,2 señas,Compuestas (tipo C),N,Pl,,,,03738_anestesiol.mp4
FENASCOL VI,LSC1,3739,FARMACEUTA,,"Profesional capacitado en la preparación, dispensación y control de medicamentos. (RAE)",,,NO,SI,SI,2 señas,Compuestas (tipo C),Xc,S,,,,03739_farmaceuta.mp4
FENASCOL VI,LSC1,3740,FISIOTERAPEUTA,,Especialista en la rehabilitación física y funcional mediante agentes físicos y ejercicios. (RAE),,,NO,SI,NO,1 seña,Compuestas (tipo C),S,Gl,,,,03740_fisioterap.mp4
FENASCOL VI,LSC1,3741,TERAPEUTA-OCUPACIONAL,,Profesional que ayuda a las personas a recuperar la autonomía en sus actividades diarias. (Generada Gemini),,,NO,SI,NO,1 seña,Compuestas (tipo C),Be,Ok,,,,03741_terapeutao.mp4
FENASCOL VI,LSC0,3742,AUDÍFONO,,Dispositivo electroacústico para amplificar el sonido en personas con pérdida auditiva. (RAE),,,NO,SI,NO,1 seña,Unimanual en contacto (tipo X),Cb,,,,,03742_audifono.mp4
FENASCOL VI,LSC1,3743,BASTÓN,,Vara o apoyo de madera o metal usado para sostenerse al caminar. (RAE),,,NO,SI,SI,2 señas,Asimétrica (tipo III),Hl,S,,,,03743_baston.mp4
FENASCOL VI,LSC1,3744,CAMILLA,,Cama estrecha y portátil utilizada para transportar enfermos o heridos. (RAE),,,NO,SI,SI,2 señas,Semi-simétrica (tipo II),Bl,Hl,S,,,03744_camilla.mp4
FENASCOL VI,LSC1,3745,ESTETOSCOPIO,,Instrumento médico para auscultar los sonidos cardiacos y respiratorios. (RAE),,,NO,SI,SI,2 señas,Semi-simétrica (tipo II),Cb,Q,,,,03745_estetoscop.mp4
FENASCOL VI,LSC0,3746,FRENILLO,,Aparato ortodóntico para corregir la posición de los dientes. (RAE),,,NO,SI,NO,1 seña,Unimanual en contacto (tipo X),X,,,,,03746_frenillo.mp4
FENASCOL VI,LSC0,3747,GAFAS,,Instrumento óptico compuesto por dos lentes montadas en una armadura. (RAE),,,NO,SI,NO,1 seña,Unimanual en contacto (tipo X),Cb,,,,,03747_gafas.mp4
FENASCOL VI,LSC0,3748,LENTES,,Pieza transparente de cristal o plástico para corregir defectos de visión. (RAE),,,NO,SI,NO,1 seña,Unimanual (tipo 0),Pc,,,,,03748_lentes.mp4
FENASCOL VI,LSC0,3749,LENTES DE CONTACTO,,Lentes delgadas que se colocan directamente sobre la córnea para corregir la visión. (RAE),,,NO,SI,NO,1 seña,Simétrica (tipo I),S,P,,,,03749_lentesdeco.mp4
FENASCOL VI,LSC0,3750,MULETA,,Apoyo de madera o metal con soporte para el brazo o axila al caminar. (RAE),,,NO,SI,NO,1 seña,Unimanual (tipo 0),Xl,,,,,03750_muleta.mp4
FENASCOL VI,LSC1,3751,SILLA DE RUEDAS,,Silla articulada sobre ruedas diseñada para la movilidad de personas con discapacidad motora. (RAE),,,NO,SI,SI,2 señas,Asimétrica (tipo III),H,XX,Xl,,,03751_silladerue.mp4
FENASCOL VI,LSC1,3752,BOTIQUIN,,Caja o maletín con medicinas y material de curación para primeros auxilios. (RAE),,,NO,SI,SI,2 señas,Compuestas (tipo C),Bl,P,,,,03752_botiquin.mp4
FENASCOL VI,LSC1,3753,CURITA,,Tira adhesiva con una compresa pequeña estéril para cubrir heridas leves. (Regionalismo),,,NO,SI,NO,1 seña,Asimétrica (tipo III),A,S,,,,03753_curita.mp4
FENASCOL VI,LSC1,3754,ESPARADRAPO,,Cinta adhesiva empleada para fijar vendajes o compresas sobre la piel. (RAE),,,NO,SI,SI,2 señas,Asimétrica (tipo III),A,S,,,,03754_esparadrap.mp4
FENASCOL VI,LSC1,3755,GASA,,Malla o lienzo transparente de algodón estéril para curar heridas. (RAE),,,NO,SI,SI,2 señas,Compuestas (tipo C),J,Qf,,,,03755_gasa.mp4
FENASCOL VI,LSC1,3756,ALKASELTZER,,Medicamento efervescente analgésico y antiácido comercial. (Generada Gemini),,,NO,SI,SI,2 señas,Compuestas (tipo C),C,Okb,Gl,,,03756_alkaseltze.mp4
FENASCOL VI,LSC1,3757,ANTIBIÓTICO,,Sustancia médica empleada para combatir infecciones producidas por bacterias. (RAE),,,NO,SI,SI,2 señas,Compuestas (tipo C),B,S,Be,,,03757_antibiotic.mp4
FENASCOL VI,LSC1,3758,POMADA,,Preparación farmacéutica semisólida para aplicación tópica en la piel. (RAE),,,NO,SI,SI,2 señas,Compuestas (tipo C),C,Cl,B,,,03758_pomada.mp4
FENASCOL VI,LSC1,3759,DIETÉTICO-BAJAR-PESO,,Producto o régimen alimentario concebido para reducir la masa corporal. (Generada Gemini),,,NO,SI,SI,2 señas,Compuestas (tipo C),Q,I,,,,03759_dieteticob.mp4
FENASCOL VI,LSC1,3760,GOTAS,,Presentación líquida de medicamentos administrada en pequeñas porciones contadas. (RAE),,,NO,SI,SI,1 seña,Unimanual (tipo 0),Okb,,,,,03760_gotas.mp4
FENASCOL VI,LSC1,3761,JARABE,,Preparación médica líquida y viscosa con alto contenido de azúcar. (RAE),,,NO,SI,SI,2 señas,Compuestas (tipo C),O,Xt,,,,03761_jarabe.mp4
FENASCOL VI,LSC1,3762,LAXANTE,,Sustancia que facilita la evacuación del intestino. (RAE),,,NO,SI,SI,2 señas,Compuestas (tipo C),Xf,C,Q,,,03762_laxante.mp4
FENASCOL VI,LSC0,3763,OXIGENO,,Elemento gaseoso indispensable para la respiración administrado en terapias. (RAE),,,NO,SI,NO,1 seña,Unimanual en contacto (tipo X),B,,,,,03763_oxigeno.mp4
FENASCOL VI,LSC1,3764,REMEDIO,,Medio o sustancia que sirve para curar o aliviar una enfermedad. (RAE),,,NO,SI,NO,1 seña,Asimétrica (tipo III),Bl,S,,,,03764_remedio.mp4
FENASCOL VI,LSC1,3765,SUERO,,Solución salina o glucosada administrada por vía intravenosa para rehidratar o nutrir. (RAE),,,NO,SI,NO,1 seña,Asimétrica (tipo III),Bl,Ok,,,,03765_suero.mp4
FENASCOL VI,LSC1,3766,VACUNA,,Preparación biológica que genera inmunidad adquirida contra una enfermedad. (RAE),,,NO,SI,NO,1 seña,Compuestas (tipo C),Ob,,,,,03766_vacuna.mp4
FENASCOL VI,LSC0,3767,CLÍNICA,,Centro u hospital privado o especializado para la atención y tratamiento de enfermos. (RAE),,,NO,SI,SI,2 señas,Compuestas (tipo C),T,J,,,,03767_clinica.mp4
FENASCOL VI,LSC1,3768,CONSULTORIO,,Lugar equipado donde el médico atiende a sus pacientes. (RAE),,,NO,SI,SI,2 señas,Compuestas (tipo C),P,S,Nc,,,03768_consultori.mp4
FENASCOL VI,LSC1,3769,CRUZ ROJA,,Organización humanitaria internacional que presta auxilio médico y socorro. (RAE),,,NO,SI,NO,1 seña,Unimanual en contacto (tipo X),H,,,,,03769_cruzroja.mp4
FENASCOL VI,LSC1,3770,SALA DE URGENCIA,,Área hospitalaria destinada a la atención inmediata de pacientes en estado crítico o agudo. (Generada Gemini),,,NO,SI,SI,2 señas,Compuestas (tipo C),P,Bl,N,,,03770_saladeurge.mp4
FENASCOL VI,LSC1,3771,VÁRICES,,"Dilataciones permanentes y anómalas de las venas, principalmente en las piernas. (RAE)",,,SI,SI,SI,2 señas,Asimétrica (tipo III),V,P,,,,03771_varices.mp4
UEB,LSC0,3772,OLLA-Q,,Recipiente hermético para cocinar rápidamente mediante presión de vapor. (Generada Gemini),,,NO,SI,NO,1 seña,Asimétrica (tipo III),Q,U,,,,03772_ollaq.mp4
